dataset,pool,group,task_family,split,source_id,method,params,status,n,c,M,ACC,NMI,ARI,F1,runtime_seconds,spectral_seconds,objective,rounding_objective,eig_max,eig_min_topc,commutator_ratio,interaction_scale,solver,rounding,sweeps,moves,history_json,rounding_candidates_json,skip_reason
11_Tumors,0,NEW10,,formal,,AggregatePower,"{""q_after"": 6.0}",ok,174,11,20,0.5402298850574713,0.594343388947255,0.37625200403436543,0.4321958848422362,0.18539240000245627,0.0028331000066827983,,5.87616900648075,2.120937817326919,0.030009484929008665,,,spectral,kmeans_raw,0,0,[],"{""cluster_qr"": 5.760301914463793, ""kmeans_norm"": 4.809440650474205, ""kmeans_raw"": 5.87616900648075}",
11_Tumors,0,NEW10,,formal,,CA,{},ok,174,11,20,0.5402298850574713,0.594343388947255,0.37625200403436543,0.4321958848422362,0.14868980000028387,0.002453099994454533,,7.632724028317147,0.999999999999996,0.48316416198341805,,,spectral,kmeans_raw,0,0,[],"{""cluster_qr"": 7.435323387759279, ""kmeans_norm"": 6.453195630741413, ""kmeans_raw"": 7.632724028317147}",
11_Tumors,0,NEW10,,formal,,LinearPair,"{""lambda"": 3.0}",ok,174,11,20,0.5402298850574713,0.594343388947255,0.37625200403436543,0.4321958848422362,0.14467429999785963,0.002503299998352304,,27.809411628646973,5.064543603493832,1.2043786790268967,2.0306515524502005e-16,1.411103548431304,spectral,kmeans_raw,0,0,[],"{""cluster_qr"": 24.522038392055492, ""kmeans_norm"": 21.74844199496468, ""kmeans_raw"": 27.809411628646973}",
11_Tumors,0,NEW10,,formal,,PSF-CE,"{""lambda"": 0.665, ""q"": 0.72}",ok,174,11,20,0.5402298850574713,0.594343388947255,0.37625200403436543,0.4321958848422362,0.11667859999579377,0.002584100002422929,,12.127651606405239,1.8565390316958803,0.7052235318138471,0.0023591512603616145,1.4363408887209181,spectral,kmeans_raw,0,0,[],"{""cluster_qr"": 11.505342656586784, ""kmeans_norm"": 10.531668451191424, ""kmeans_raw"": 12.127651606405239}",
11_Tumors,0,NEW10,,formal,,Poly2,"{""eta"": 8.0}",ok,174,11,20,0.5402298850574713,0.594343388947255,0.37625200403436543,0.4321958848422362,0.1455833999934839,0.0025670000031823292,,46.50872251900418,8.703956016654262,1.988302214021381,,,spectral,kmeans_raw,0,0,[],"{""cluster_qr"": 41.904410175471114, ""kmeans_norm"": 36.116040332384514, ""kmeans_raw"": 46.50872251900418}",
11_Tumors,1,NEW10,,formal,,AggregatePower,"{""q_after"": 6.0}",ok,174,11,20,0.5632183908045977,0.595249034315122,0.37769173862950717,0.44984127199769885,0.2293437000043923,0.00305649999063462,,5.805233269856846,2.047630871461673,0.025343827876227687,,,spectral,kmeans_raw,0,0,[],"{""cluster_qr"": 5.746302407724972, ""kmeans_norm"": 5.491258301428623, ""kmeans_raw"": 5.805233269856846}",
11_Tumors,1,NEW10,,formal,,CA,{},ok,174,11,20,0.5632183908045977,0.595249034315122,0.37769173862950717,0.44984127199769885,0.13496260000101756,0.0028695000073639676,,7.512608908848846,0.9999999999999979,0.46080837741267944,,,spectral,kmeans_raw,0,0,[],"{""cluster_qr"": 7.230261865694047, ""kmeans_norm"": 6.983282523882608, ""kmeans_raw"": 7.512608908848846}",
11_Tumors,1,NEW10,,formal,,LinearPair,"{""lambda"": 3.0}",ok,174,11,20,0.5689655172413793,0.6054393183019544,0.3894899352966911,0.4531267052275456,0.15716940000129398,0.002759499999228865,,27.29555714159499,4.926323892245743,1.1493110384241878,1.8635396857184024e-16,1.444242060876155,spectral,kmeans_raw,0,0,[],"{""cluster_qr"": 25.62752104103929, ""kmeans_norm"": 22.945222398682528, ""kmeans_raw"": 27.29555714159499}",
11_Tumors,1,NEW10,,formal,,PSF-CE,"{""lambda"": 0.665, ""q"": 0.72}",ok,174,11,20,0.6149425287356322,0.6087792320568344,0.44566175550009834,0.5221591439829891,0.14940470000146888,0.002678999997442588,,11.728006998194218,1.8072221999404132,0.6640257075264275,0.0020633685049234432,1.468497291300043,spectral,cluster_qr,0,0,[],"{""cluster_qr"": 11.728006998194218, ""kmeans_norm"": 10.314308021305061, ""kmeans_raw"": 11.6902054777592}",
11_Tumors,1,NEW10,,formal,,Poly2,"{""eta"": 8.0}",ok,174,11,20,0.5689655172413793,0.6054393183019544,0.3894899352966911,0.4531267052275456,0.13096789999690372,0.004533699990133755,,44.81680914201935,8.301964709880991,1.86570330672094,,,spectral,kmeans_raw,0,0,[],"{""cluster_qr"": 39.7910922898805, ""kmeans_norm"": 37.525703782075134, ""kmeans_raw"": 44.81680914201935}",
3Sources,0,TEXT_MV,,formal,,AggregatePower,"{""q_after"": 6.0}",ok,169,6,20,0.40828402366863903,0.17726457577349483,0.0028995941058213154,0.20142309797482208,0.09373629999754485,0.0010018000029958785,,2.30819284554003,0.9999999999999984,0.03295661117348439,,,spectral,kmeans_raw,0,0,[],"{""cluster_qr"": 2.2048029953863337, ""kmeans_norm"": 2.012687663928836, ""kmeans_raw"": 2.30819284554003}",
3Sources,0,TEXT_MV,,formal,,CA,{},ok,169,6,20,0.40828402366863903,0.17726457577349483,0.0028995941058213154,0.20142309797482208,0.07315460000245366,0.0010450999980093911,,2.487398622988229,0.9999999999999984,0.24270294848096433,,,spectral,kmeans_raw,0,0,[],"{""cluster_qr"": 2.3731683188974295, ""kmeans_norm"": 1.9600637248927895, ""kmeans_raw"": 2.487398622988229}",
3Sources,0,TEXT_MV,,formal,,LinearPair,"{""lambda"": 3.0}",ok,169,6,20,0.40828402366863903,0.17726457577349483,0.0028995941058213154,0.20142309797482208,0.10543409999809228,0.002010700001846999,,7.900341956939007,2.571996481996614,0.8656458299286325,4.510529364783428e-16,4.217811492810384,spectral,kmeans_raw,0,0,[],"{""cluster_qr"": 7.343232767897572, ""kmeans_norm"": 5.335399344959913, ""kmeans_raw"": 7.900341956939007}",
3Sources,0,TEXT_MV,,formal,,PSF-CE,"{""lambda"": 0.665, ""q"": 0.72}",ok,169,6,20,0.40828402366863903,0.17726457577349483,0.0028995941058213154,0.20142309797482208,0.08998079999582842,0.0014413999888347462,,3.6843572081401823,0.9999999999999984,0.382478177354315,0.0049725413468847185,4.264984228191478,spectral,kmeans_raw,0,0,[],"{""cluster_qr"": 3.4723931439835924, ""kmeans_norm"": 2.866673662833062, ""kmeans_raw"": 3.6843572081401823}",
3Sources,0,TEXT_MV,,formal,,Poly2,"{""eta"": 8.0}",ok,169,6,20,0.40828402366863903,0.17726457577349483,0.0028995941058213154,0.20142309797482208,0.08391729999857489,0.0008985000022221357,,6.3335203876915935,1.8862019171448456,0.7139407180917923,,,spectral,kmeans_raw,0,0,[],"{""cluster_qr"": 5.377093624562351, ""kmeans_norm"": 4.3714084186784845, ""kmeans_raw"": 6.3335203876915935}",
11_Tumors,2,NEW10,,formal,,AggregatePower,"{""q_after"": 6.0}",ok,174,11,20,0.5747126436781609,0.6044992105517885,0.41157720495835776,0.45774333193688027,0.11773990000074264,0.0031053999991854653,,5.867395033264693,1.960262557783979,0.026155782056249334,,,spectral,cluster_qr,0,0,[],"{""cluster_qr"": 5.867395033264693, ""kmeans_norm"": 4.679329334023465, ""kmeans_raw"": 5.861642320455393}",
11_Tumors,2,NEW10,,formal,,CA,{},ok,174,11,20,0.5862068965517241,0.6152280179026425,0.41597139646129755,0.46412777493442525,0.1341893000062555,0.0021927000052528456,,7.597210151746967,0.9999999999999972,0.47069067192146585,,,spectral,kmeans_raw,0,0,[],"{""cluster_qr"": 7.557962555223387, ""kmeans_norm"": 6.697493169684881, ""kmeans_raw"": 7.597210151746967}",
11_Tumors,2,NEW10,,formal,,LinearPair,"{""lambda"": 3.0}",ok,174,11,20,0.5862068965517241,0.6152280179026425,0.41597139646129755,0.46412777493442525,0.15084220000426285,0.0022812999959569424,,27.567091315313807,4.921034677546971,0.9999999999999976,2.15824799202931e-16,1.4137837236267339,spectral,kmeans_raw,0,0,[],"{""cluster_qr"": 27.498705568784317, ""kmeans_norm"": 22.694273303685797, ""kmeans_raw"": 27.567091315313807}",
11_Tumors,2,NEW10,,formal,,PSF-CE,"{""lambda"": 0.665, ""q"": 0.72}",ok,174,11,20,0.5517241379310345,0.5994636533586034,0.3859058318522863,0.44027514848439614,0.1207187999971211,0.002184900004067458,,12.065491777099503,1.815480415676487,0.6786122215979247,0.0019783221001602345,1.4406436982950597,spectral,kmeans_raw,0,0,[],"{""cluster_qr"": 12.009912491430228, ""kmeans_norm"": 10.49786055662302, ""kmeans_raw"": 12.065491777099503}",
11_Tumors,2,NEW10,,formal,,Poly2,"{""eta"": 8.0}",ok,174,11,20,0.5229885057471264,0.5908078242719129,0.3698142498119907,0.41873549647844316,0.16557019999891054,0.002206000004662201,,46.01140158749619,8.439166166108224,1.5847531403897173,,,spectral,kmeans_raw,0,0,[],"{""cluster_qr"": 43.387085949966284, ""kmeans_norm"": 39.10346311369688, ""kmeans_raw"": 46.01140158749619}",
10X PBMC,0,BKCC_V2,,formal,,AggregatePower,"{""q_after"": 6.0}",ok,4271,8,20,0.7424490751580426,0.7569520411157957,0.6395566544365153,0.5619761647658187,0.37175390000629704,0.01748310000402853,,5.287306679837391,2.7971787798141565,0.12296810009376243,,,spectral,kmeans_raw,0,0,[],"{""cluster_qr"": 5.192279817613604, ""kmeans_norm"": 5.030021838733873, ""kmeans_raw"": 5.287306679837391}",
10X PBMC,0,BKCC_V2,,formal,,CA,{},ok,4271,8,20,0.7424490751580426,0.7569520411157957,0.6395566544365153,0.5619761647658187,0.28514439999707974,0.018022199990809895,,5.157897246131154,0.9999999999999915,0.5027696708400339,,,spectral,kmeans_raw,0,0,[],"{""cluster_qr"": 5.047394695366485, ""kmeans_norm"": 4.9454975570179815, ""kmeans_raw"": 5.157897246131154}",
10X PBMC,0,BKCC_V2,,formal,,LinearPair,"{""lambda"": 3.0}",ok,4271,8,20,0.7183329431046593,0.7227053903763736,0.5973763958786349,0.4505886946691784,0.3445023000094807,0.0159226999967359,,20.32356878111331,5.364568717036266,2.0085578750164994,3.6171302430464003e-16,2.1231212449976447,spectral,kmeans_raw,0,0,[],"{""cluster_qr"": 17.794775510311283, ""kmeans_norm"": 19.250545824780822, ""kmeans_raw"": 20.32356878111331}",
10X PBMC,0,BKCC_V2,,formal,,PSF-CE,"{""lambda"": 0.665, ""q"": 0.72}",ok,4271,8,20,0.7424490751580426,0.7569520411157957,0.6395566544365153,0.5619761647658187,0.26731170000857674,0.012758400000166148,,8.67125619517272,1.827999822353714,0.8461106764707154,0.0021577274385156855,2.136785630857521,spectral,kmeans_raw,0,0,[],"{""cluster_qr"": 8.411249429747352, ""kmeans_norm"": 8.209320369374854, ""kmeans_raw"": 8.67125619517272}",
10X PBMC,0,BKCC_V2,,formal,,Poly2,"{""eta"": 8.0}",ok,4271,8,20,0.7183329431046593,0.7227053903763736,0.5973763958786349,0.4505886946691784,0.3617045999999391,0.020965699994121678,,24.901879419057007,6.576071313163191,2.500029748767791,,,spectral,kmeans_raw,0,0,[],"{""cluster_qr"": 23.71406386294732, ""kmeans_norm"": 23.578822360608875, ""kmeans_raw"": 24.901879419057007}",
10X PBMC,1,BKCC_V2,,formal,,AggregatePower,"{""q_after"": 6.0}",ok,4271,8,20,0.7173963942870523,0.740645052997671,0.629163857434528,0.4452508563399037,0.3539126999967266,0.019686999992700294,,4.935867197814573,2.422817563847558,0.2064693638814417,,,spectral,kmeans_raw,0,0,[],"{""cluster_qr"": 4.8171869896037816, ""kmeans_norm"": 4.416296194415713, ""kmeans_raw"": 4.935867197814573}",
10X PBMC,1,BKCC_V2,,formal,,CA,{},ok,4271,8,20,0.7173963942870523,0.740645052997671,0.629163857434528,0.4452508563399037,0.2962502000009408,0.016463599997223355,,4.771183568080483,0.9999999999999951,0.4999015067001238,,,spectral,kmeans_raw,0,0,[],"{""cluster_qr"": 4.684286992985188, ""kmeans_norm"": 4.090020321813819, ""kmeans_raw"": 4.771183568080483}",
10X PBMC,1,BKCC_V2,,formal,,LinearPair,"{""lambda"": 3.0}",ok,4271,8,20,0.6506672910325451,0.656280910130514,0.4538400103931442,0.39754780048742644,0.3617616999981692,0.024694499996257946,,20.105562932287647,4.903164933501741,2.0349349893673785,3.098870109446961e-16,2.4783681356459533,spectral,kmeans_raw,0,0,[],"{""cluster_qr"": 17.887493940736302, ""kmeans_norm"": 16.081269161554733, ""kmeans_raw"": 20.105562932287647}",
10X PBMC,1,BKCC_V2,,formal,,PSF-CE,"{""lambda"": 0.665, ""q"": 0.72}",ok,4271,8,20,0.7173963942870523,0.7403312509320238,0.6291808120814397,0.44519658332120426,0.30267380000441335,0.015152099993429147,,8.127943330319638,1.6625874017927091,0.8899826181794426,0.0026223794155161686,2.4896273436568706,spectral,kmeans_raw,0,0,[],"{""cluster_qr"": 7.907128489724776, ""kmeans_norm"": 6.759814838599366, ""kmeans_raw"": 8.127943330319638}",
10X PBMC,1,BKCC_V2,,formal,,Poly2,"{""eta"": 8.0}",ok,4271,8,20,0.6506672910325451,0.656280910130514,0.4538400103931442,0.39754780048742644,0.3576808999932837,0.027013599989004433,,21.967733337869372,5.29662586068561,2.2585883324332072,,,spectral,kmeans_raw,0,0,[],"{""cluster_qr"": 19.58727908943462, ""kmeans_norm"": 17.58114905231278, ""kmeans_raw"": 21.967733337869372}",
10X PBMC,2,BKCC_V2,,formal,,AggregatePower,"{""q_after"": 6.0}",ok,4271,8,20,0.7120112385858113,0.7480145663599032,0.6451280121148394,0.4878584074130178,0.335682299992186,0.017456299989135005,,5.370378040306072,2.81792887914539,0.08164599174627474,,,spectral,kmeans_raw,0,0,[],"{""cluster_qr"": 5.275906929506329, ""kmeans_norm"": 5.0147254258802105, ""kmeans_raw"": 5.370378040306072}",
10X PBMC,2,BKCC_V2,,formal,,CA,{},ok,4271,8,20,0.7120112385858113,0.7480145663599032,0.6451280121148394,0.4878584074130178,0.31393129999923985,0.01998910000838805,,5.098324519072841,0.9999999999999922,0.46937171451797743,,,spectral,kmeans_raw,0,0,[],"{""cluster_qr"": 5.031000147997688, ""kmeans_norm"": 4.446492943623322, ""kmeans_raw"": 5.098324519072841}",
10X PBMC,2,BKCC_V2,,formal,,LinearPair,"{""lambda"": 3.0}",ok,4271,8,20,0.6504331538281433,0.6558438590180375,0.45390260497219104,0.39718222150069343,0.3130224000051385,0.023889800009783357,,21.376543722228774,5.757872753292914,1.7666867402663295,1.7779464822930972e-16,2.304067661977853,spectral,kmeans_raw,0,0,[],"{""cluster_qr"": 18.15776474077095, ""kmeans_norm"": 18.539411615995714, ""kmeans_raw"": 21.376543722228774}",
10X PBMC,2,BKCC_V2,,formal,,PSF-CE,"{""lambda"": 0.665, ""q"": 0.72}",ok,4271,8,20,0.7120112385858113,0.7480145663599032,0.6451280121148394,0.4878584074130178,0.3177902000024915,0.020833000002312474,,8.876359860820862,1.9162701874010306,0.792903166356764,0.0021341150770091345,2.323433571777043,spectral,kmeans_raw,0,0,[],"{""cluster_qr"": 8.707530871591432, ""kmeans_norm"": 7.633340345263344, ""kmeans_raw"": 8.876359860820862}",
10X PBMC,2,BKCC_V2,,formal,,Poly2,"{""eta"": 8.0}",ok,4271,8,20,0.6504331538281433,0.6558438590180375,0.45390260497219104,0.39718222150069343,0.29835260000254493,0.0203011000121478,,24.61346043571402,6.585308000444196,2.0779960658303915,,,spectral,kmeans_raw,0,0,[],"{""cluster_qr"": 21.959426122807017, ""kmeans_norm"": 21.31817198377378, ""kmeans_raw"": 24.61346043571402}",
3Sources,1,TEXT_MV,,formal,,AggregatePower,"{""q_after"": 6.0}",ok,169,6,20,0.4319526627218935,0.17378939266358248,0.013331221233781713,0.23907966632212463,0.11678870000469033,0.0009106000070460141,,2.034239223520956,1.0240246460600195,0.011659602693683182,,,spectral,kmeans_raw,0,0,[],"{""cluster_qr"": 1.9657916575559986, ""kmeans_norm"": 1.979002272699055, ""kmeans_raw"": 2.034239223520956}",
3Sources,1,TEXT_MV,,formal,,CA,{},ok,169,6,20,0.4319526627218935,0.17378939266358248,0.013331221233781713,0.23907966632212463,0.07298339999397285,0.0012189999979455024,,2.4235995797782066,0.9999999999999998,0.23125951419492682,,,spectral,kmeans_raw,0,0,[],"{""cluster_qr"": 2.237658588506228, ""kmeans_norm"": 2.2110988489609853, ""kmeans_raw"": 2.4235995797782066}",
3Sources,1,TEXT_MV,,formal,,LinearPair,"{""lambda"": 3.0}",ok,169,6,20,0.4319526627218935,0.17378939266358248,0.013331221233781713,0.23907966632212463,0.08616979999351315,0.0014422999956877902,,7.186832978132388,3.019038603458182,0.7286385852450462,2.210932339660651e-16,3.7574173531525816,spectral,kmeans_raw,0,0,[],"{""cluster_qr"": 6.684767056660003, ""kmeans_norm"": 6.280298635401166, ""kmeans_raw"": 7.186832978132388}",
3Sources,1,TEXT_MV,,formal,,PSF-CE,"{""lambda"": 0.665, ""q"": 0.72}",ok,169,6,20,0.4319526627218935,0.17378939266358248,0.013331221233781713,0.23907966632212463,0.1127241999929538,0.0014311999984784052,,3.481417264128429,1.0372625957125137,0.342049921736853,0.005172553710391735,3.8286308922980834,spectral,kmeans_raw,0,0,[],"{""cluster_qr"": 3.3110266301672713, ""kmeans_norm"": 3.0917564824034187, ""kmeans_raw"": 3.481417264128429}",
3Sources,1,TEXT_MV,,formal,,Poly2,"{""eta"": 8.0}",ok,169,6,20,0.4319526627218935,0.17378939266358248,0.013331221233781713,0.23907966632212463,0.09418670000741258,0.0011827999987872317,,6.204516021380664,2.3893700847022763,0.6591072174403141,,,spectral,kmeans_raw,0,0,[],"{""cluster_qr"": 5.898123458431441, ""kmeans_norm"": 5.439082288541619, ""kmeans_raw"": 6.204516021380664}",
3Sources,2,TEXT_MV,,formal,,AggregatePower,"{""q_after"": 6.0}",ok,169,6,20,0.41420118343195267,0.15538158673664232,-0.0028474053360781717,0.17637728125533006,0.08708559999649879,0.0012747999862767756,,2.043767339239517,1.0619289108367516,0.00914123409328996,,,spectral,kmeans_raw,0,0,[],"{""cluster_qr"": 1.8759340582935635, ""kmeans_norm"": 1.8385228683082953, ""kmeans_raw"": 2.043767339239517}",
3Sources,2,TEXT_MV,,formal,,CA,{},ok,169,6,20,0.41420118343195267,0.15538158673664232,-0.0028474053360781717,0.17637728125533006,0.10828690000926144,0.00117270000919234,,2.485520485393362,1.0000000000000002,0.23353624696781125,,,spectral,kmeans_raw,0,0,[],"{""cluster_qr"": 2.2766063299552397, ""kmeans_norm"": 2.0762479643516865, ""kmeans_raw"": 2.485520485393362}",
3Sources,2,TEXT_MV,,formal,,LinearPair,"{""lambda"": 3.0}",ok,169,6,20,0.41420118343195267,0.15538158673664232,-0.0028474053360781717,0.17637728125533006,0.08927769999718294,0.0010895000013988465,,7.351867476458144,3.1821043237944355,0.7090675608509692,4.688567486628962e-16,3.513219849111266,spectral,kmeans_raw,0,0,[],"{""cluster_qr"": 6.1620440571034365, ""kmeans_norm"": 5.561200863879328, ""kmeans_raw"": 7.351867476458144}",
3Sources,2,TEXT_MV,,formal,,PSF-CE,"{""lambda"": 0.665, ""q"": 0.72}",ok,169,6,20,0.40828402366863903,0.14784956490216203,-0.005314588208265346,0.1718566122388938,0.09678340000391472,0.001142900000559166,,3.564283092055245,1.1011675629619282,0.3372149156259734,0.004353999865226713,3.5645827613368435,spectral,kmeans_raw,0,0,[],"{""cluster_qr"": 2.949660833604358, ""kmeans_norm"": 2.7982119033723403, ""kmeans_raw"": 3.564283092055245}",
3Sources,2,TEXT_MV,,formal,,Poly2,"{""eta"": 8.0}",ok,169,6,20,0.41420118343195267,0.15538158673664232,-0.0028474053360781717,0.17637728125533006,0.09329910000087693,0.0012482000020099804,,6.588782929927157,2.6447986120712,0.6698496761502948,,,spectral,kmeans_raw,0,0,[],"{""cluster_qr"": 5.729477609071873, ""kmeans_norm"": 5.019697584350948, ""kmeans_raw"": 6.588782929927157}",
ACM,0,CONTENT_RELATION_8,,formal,,AggregatePower,"{""q_after"": 6.0}",ok,3025,3,20,0.6829752066115703,0.45318377445094077,0.4121622719497231,0.6897876511544193,0.11259720000089146,0.000906000001123175,,1.751599631324226,0.9999999999999988,0.07889150524659663,,,spectral,kmeans_raw,0,0,[],"{""cluster_qr"": 1.7514377834823227, ""kmeans_norm"": 1.7515403377846843, ""kmeans_raw"": 1.751599631324226}",
ACM,0,CONTENT_RELATION_8,,formal,,CA,{},ok,3025,3,20,0.6829752066115703,0.45318377445094077,0.4121622719497231,0.6897876511544193,0.11760630000208039,0.000902900006622076,,1.7751114547726927,0.9999999999999987,0.33882972591618976,,,spectral,kmeans_raw,0,0,[],"{""cluster_qr"": 1.7744063434550807, ""kmeans_norm"": 1.7749863369045191, ""kmeans_raw"": 1.7751114547726927}",
ACM,0,CONTENT_RELATION_8,,formal,,LinearPair,"{""lambda"": 3.0}",ok,3025,3,20,0.6829752066115703,0.45318377445094077,0.4121622719497231,0.6897876511544193,0.1018709000054514,0.0010463000071467832,,4.424695335342646,2.4775349361138606,0.9999999999999984,1.4343532000245698e-15,2.8907234657738927,spectral,kmeans_raw,0,0,[],"{""cluster_qr"": 4.42442806276407, ""kmeans_norm"": 4.424409901515177, ""kmeans_raw"": 4.424695335342646}",
ACM,0,CONTENT_RELATION_8,,formal,,PSF-CE,"{""lambda"": 0.665, ""q"": 0.72}",ok,3025,3,20,0.6833057851239669,0.45451051242889573,0.4126658819291506,0.6902058667697689,0.11623980000149459,0.0009656000038376078,,2.362666620939293,0.9999999999999988,0.5429405431044073,0.004565881723877677,2.920879147513209,spectral,kmeans_raw,0,0,[],"{""cluster_qr"": 2.362040269509226, ""kmeans_norm"": 2.362645131777558, ""kmeans_raw"": 2.362666620939293}",
ACM,0,CONTENT_RELATION_8,,formal,,Poly2,"{""eta"": 8.0}",ok,3025,3,20,0.6829752066115703,0.45318377445094077,0.4121622719497231,0.6897876511544193,0.10010900000634138,0.0007060000061756,,4.407162705110554,2.428877990204145,0.9999999999999984,,,spectral,kmeans_raw,0,0,[],"{""cluster_qr"": 4.405998421377543, ""kmeans_norm"": 4.406847044551917, ""kmeans_raw"": 4.407162705110554}",
ACM,1,CONTENT_RELATION_8,,formal,,AggregatePower,"{""q_after"": 6.0}",ok,3025,3,20,0.6813223140495868,0.4566254992741328,0.4116695499606394,0.6883559978928658,0.11906379999709316,0.0010774999973364174,,1.756003678128644,0.9999999999999999,0.09503076809109513,,,spectral,kmeans_norm,0,0,[],"{""cluster_qr"": 1.7484668934166017, ""kmeans_norm"": 1.756003678128644, ""kmeans_raw"": 1.7555398072240997}",
ACM,1,CONTENT_RELATION_8,,formal,,CA,{},ok,3025,3,20,0.6813223140495868,0.4566254992741328,0.4116695499606394,0.6883559978928658,0.1058474000019487,0.001214800009620376,,1.7911767867131574,0.9999999999999998,0.3565003970673315,,,spectral,kmeans_norm,0,0,[],"{""cluster_qr"": 1.7893134475030164, ""kmeans_norm"": 1.7911767867131574, ""kmeans_raw"": 1.7897659932189554}",
ACM,1,CONTENT_RELATION_8,,formal,,LinearPair,"{""lambda"": 3.0}",ok,3025,3,20,0.6813223140495868,0.4566254992741328,0.4116695499606394,0.6883559978928658,0.11045659999945201,0.0007043000077828765,,4.472000175995364,2.514119560772318,0.9999999999999996,4.8285421433238305e-15,2.791546199822709,spectral,kmeans_norm,0,0,[],"{""cluster_qr"": 4.460716443066442, ""kmeans_norm"": 4.472000175995364, ""kmeans_raw"": 4.469295138650212}",
ACM,1,CONTENT_RELATION_8,,formal,,PSF-CE,"{""lambda"": 0.665, ""q"": 0.72}",ok,3025,3,20,0.6813223140495868,0.45607252239356444,0.4111198093621884,0.6883781380667809,0.12199339999642689,0.0017137999966507778,,2.38665713220109,0.9999999999999999,0.5771097726870199,0.004874381791535719,2.8215392204130123,spectral,kmeans_norm,0,0,[],"{""cluster_qr"": 2.384199517472159, ""kmeans_norm"": 2.38665713220109, ""kmeans_raw"": 2.384133060879644}",
ACM,1,CONTENT_RELATION_8,,formal,,Poly2,"{""eta"": 8.0}",ok,3025,3,20,0.6816528925619835,0.45830220642808134,0.4120382148344165,0.6888314848884268,0.11514599999645725,0.001044199991156347,,4.540639976809689,2.5294226364608208,0.9999999999999998,,,spectral,cluster_qr,0,0,[],"{""cluster_qr"": 4.540639976809689, ""kmeans_norm"": 4.540499679621224, ""kmeans_raw"": 4.537350040043666}",
ACM,2,CONTENT_RELATION_8,,formal,,AggregatePower,"{""q_after"": 6.0}",ok,3025,3,20,0.6882644628099174,0.46712167719978587,0.4245191871185358,0.6942071062427532,0.12201180000556633,0.0008465999999316409,,1.7754841231026943,0.9999999999999996,0.16127766808089866,,,spectral,cluster_qr,0,0,[],"{""cluster_qr"": 1.7754841231026943, ""kmeans_norm"": 1.775270958683926, ""kmeans_raw"": 1.775371442297528}",
ACM,2,CONTENT_RELATION_8,,formal,,CA,{},ok,3025,3,20,0.6866115702479338,0.46163392226787797,0.42019531941369703,0.692706299791889,0.11775059999490622,0.0010999999940395355,,1.7227025342517004,0.9999999999999998,0.34793137692380305,,,spectral,kmeans_norm,0,0,[],"{""cluster_qr"": 1.7209788154529184, ""kmeans_norm"": 1.7227025342517004, ""kmeans_raw"": 1.7225771119468432}",
ACM,2,CONTENT_RELATION_8,,formal,,LinearPair,"{""lambda"": 3.0}",ok,3025,3,20,0.6885950413223141,0.4637111724694241,0.4227913302466134,0.6945360612721777,0.12202340000658296,0.0009212000004481524,,4.3058631384626,2.266918153778748,0.9999999999999993,4.30246751410403e-15,3.2725925616421,spectral,kmeans_raw,0,0,[],"{""cluster_qr"": 4.302633579218016, ""kmeans_norm"": 4.305731660396399, ""kmeans_raw"": 4.3058631384626}",
ACM,2,CONTENT_RELATION_8,,formal,,PSF-CE,"{""lambda"": 0.665, ""q"": 0.72}",ok,3025,3,20,0.6892561983471074,0.4646639750918023,0.4238158639774586,0.6951129801366972,0.10797620000084862,0.001034300003084354,,2.2928613195391216,0.9999999999999997,0.5928481451937097,0.006017018582737948,3.301920377041872,spectral,kmeans_raw,0,0,[],"{""cluster_qr"": 2.2699147826307144, ""kmeans_norm"": 2.2925520263246946, ""kmeans_raw"": 2.2928613195391216}",
ACM,2,CONTENT_RELATION_8,,formal,,Poly2,"{""eta"": 8.0}",ok,3025,3,20,0.6885950413223141,0.4637111724694241,0.4227913302466134,0.6945360612721777,0.11789709998993203,0.0009197999897878617,,4.01134500838679,2.0337046955036047,0.9999999999999994,,,spectral,kmeans_raw,0,0,[],"{""cluster_qr"": 4.0099337973466636, ""kmeans_norm"": 4.011321731510979, ""kmeans_raw"": 4.01134500838679}",
Actor,0,GRAPH_GEOMETRY_8,,formal,,AggregatePower,"{""q_after"": 6.0}",ok,7600,5,20,0.26092105263157894,0.0008765542957394089,0.0010622767247840008,0.11651627159088192,0.24166100000729784,0.0022052000131225213,,2.603805879386563,0.9999999999999987,0.06429901192592585,,,spectral,kmeans_raw,0,0,[],"{""cluster_qr"": 2.579267872078231, ""kmeans_norm"": 1.9713337910436635, ""kmeans_raw"": 2.603805879386563}",
Actor,0,GRAPH_GEOMETRY_8,,formal,,CA,{},ok,7600,5,20,0.26092105263157894,0.0008765542957394089,0.0010622767247840008,0.11651627159088192,0.3082518000010168,0.002598099992610514,,2.594813605915872,0.9999999999999987,0.3251684194508486,,,spectral,kmeans_raw,0,0,[],"{""cluster_qr"": 2.5319405024979837, ""kmeans_norm"": 2.3022425285244954, ""kmeans_raw"": 2.594813605915872}",
Actor,0,GRAPH_GEOMETRY_8,,formal,,LinearPair,"{""lambda"": 3.0}",ok,7600,5,20,0.26092105263157894,0.0008765542957394089,0.0010622767247840008,0.11651627159088192,0.3200211999937892,0.00206389999948442,,8.116505139475436,2.567013304583049,0.9999999999999987,3.999126676605778e-15,2.903994837703451,spectral,kmeans_raw,0,0,[],"{""cluster_qr"": 7.381657633535158, ""kmeans_norm"": 6.271886541240015, ""kmeans_raw"": 8.116505139475436}",
Actor,0,GRAPH_GEOMETRY_8,,formal,,PSF-CE,"{""lambda"": 0.665, ""q"": 0.72}",ok,7600,5,20,0.26092105263157894,0.0008765542957394089,0.0010622767247840008,0.11651627159088192,0.3798518999974476,0.0054404000111389905,,3.823798563529602,0.9999999999999986,0.5156775215425056,0.002166686857480817,2.9281015220966653,spectral,kmeans_raw,0,0,[],"{""cluster_qr"": 3.534749328281549, ""kmeans_norm"": 3.1905426409243502, ""kmeans_raw"": 3.823798563529602}",
Actor,0,GRAPH_GEOMETRY_8,,formal,,Poly2,"{""eta"": 8.0}",ok,7600,5,20,0.26092105263157894,0.0008765542957394089,0.0010622767247840008,0.11651627159088192,0.37174259999301285,0.0019308000046294183,,8.049650234465048,2.503381006306671,0.9999999999999987,,,spectral,kmeans_raw,0,0,[],"{""cluster_qr"": 7.701849240699426, ""kmeans_norm"": 6.28610420099829, ""kmeans_raw"": 8.049650234465048}",
Actor,1,GRAPH_GEOMETRY_8,,formal,,AggregatePower,"{""q_after"": 6.0}",ok,7600,5,20,0.26092105263157894,0.0008788946638479961,0.0010406981569974054,0.11662321873004969,0.3122860000003129,0.0021514000109164044,,2.646420611377385,1.0000000000000042,0.10216447900974855,,,spectral,kmeans_raw,0,0,[],"{""cluster_qr"": 2.623744606670485, ""kmeans_norm"": 1.930360518184518, ""kmeans_raw"": 2.646420611377385}",
Actor,1,GRAPH_GEOMETRY_8,,formal,,CA,{},ok,7600,5,20,0.26092105263157894,0.0008788946638479961,0.0010406981569974054,0.11662321873004969,0.31276590000197757,0.002062700004898943,,2.641518830895662,1.0000000000000042,0.35581089473032396,,,spectral,kmeans_raw,0,0,[],"{""cluster_qr"": 2.5730995216019146, ""kmeans_norm"": 2.2630357635710547, ""kmeans_raw"": 2.641518830895662}",
Actor,1,GRAPH_GEOMETRY_8,,formal,,LinearPair,"{""lambda"": 3.0}",ok,7600,5,20,0.26092105263157894,0.0008788946638479961,0.0010406981569974054,0.11662321873004969,0.3966608000046108,0.002352199997403659,,8.297938030014496,2.5073364270784784,1.0000000000000042,1.469667195406289e-15,2.820450871121017,spectral,kmeans_raw,0,0,[],"{""cluster_qr"": 8.032999333389599, ""kmeans_norm"": 6.039363666645954, ""kmeans_raw"": 8.297938030014496}",
Actor,1,GRAPH_GEOMETRY_8,,formal,,PSF-CE,"{""lambda"": 0.665, ""q"": 0.72}",ok,7600,5,20,0.26092105263157894,0.0008788946638479961,0.0010406981569974054,0.11662321873004969,0.3056284000049345,0.0021877000108361244,,3.901486300277521,1.0000000000000042,0.5822855696863439,0.0020535585029319756,2.8496259770581425,spectral,kmeans_raw,0,0,[],"{""cluster_qr"": 3.7858639798636293, ""kmeans_norm"": 3.250098458448337, ""kmeans_raw"": 3.901486300277521}",
Actor,1,GRAPH_GEOMETRY_8,,formal,,Poly2,"{""eta"": 8.0}",ok,7600,5,20,0.26092105263157894,0.0008788946638479961,0.0010406981569974054,0.11662321873004969,0.3497439999919152,0.0022838000004412606,,8.378730833679942,2.5031693346749067,1.0000000000000042,,,spectral,kmeans_raw,0,0,[],"{""cluster_qr"": 8.079491804912292, ""kmeans_norm"": 6.160153630380792, ""kmeans_raw"": 8.378730833679942}",
Actor,2,GRAPH_GEOMETRY_8,,formal,,AggregatePower,"{""q_after"": 6.0}",ok,7600,5,20,0.26092105263157894,0.0008772606957643117,0.0010861730826213297,0.1165129360360753,0.2838518000062322,0.002846200004569255,,2.5998817011274378,1.000000000000002,0.0729720260366315,,,spectral,kmeans_raw,0,0,[],"{""cluster_qr"": 2.5682299045590566, ""kmeans_norm"": 1.5278319325936796, ""kmeans_raw"": 2.5998817011274378}",
Actor,2,GRAPH_GEOMETRY_8,,formal,,CA,{},ok,7600,5,20,0.26092105263157894,0.0008772606957643117,0.0010861730826213297,0.1165129360360753,0.3694282999931602,0.0018976999999722466,,2.591293703883518,1.000000000000002,0.336021332197349,,,spectral,kmeans_raw,0,0,[],"{""cluster_qr"": 2.489469145473587, ""kmeans_norm"": 1.9907183359712382, ""kmeans_raw"": 2.591293703883518}",
Actor,2,GRAPH_GEOMETRY_8,,formal,,LinearPair,"{""lambda"": 3.0}",ok,7600,5,20,0.26092105263157894,0.0008772606957643117,0.0010861730826213297,0.1165129360360753,0.29443259999970905,0.0018434000085107982,,8.065071709618278,2.538854283218545,1.0000000000000018,3.789014916147185e-15,2.862293631344234,spectral,kmeans_raw,0,0,[],"{""cluster_qr"": 7.67667735226242, ""kmeans_norm"": 4.635851136555999, ""kmeans_raw"": 8.065071709618278}",
Actor,2,GRAPH_GEOMETRY_8,,formal,,PSF-CE,"{""lambda"": 0.665, ""q"": 0.72}",ok,7600,5,20,0.26092105263157894,0.0008772606957643117,0.0010861730826213297,0.1165129360360753,0.2956026000028942,0.0028708000027108938,,3.8116927435927037,1.000000000000002,0.5411599841223704,0.0017978225156563348,2.8936459506307095,spectral,kmeans_raw,0,0,[],"{""cluster_qr"": 3.6206951506091185, ""kmeans_norm"": 2.588515979825983, ""kmeans_raw"": 3.8116927435927037}",
Actor,2,GRAPH_GEOMETRY_8,,formal,,Poly2,"{""eta"": 8.0}",ok,7600,5,20,0.26092105263157894,0.0008772606957643117,0.0010861730826213297,0.1165129360360753,0.32240349998755846,0.002251399986562319,,8.072493830621163,2.5048058055947036,1.0000000000000016,,,spectral,kmeans_raw,0,0,[],"{""cluster_qr"": 7.7818973535695015, ""kmeans_norm"": 4.728136231331461, ""kmeans_raw"": 8.072493830621163}",
Amazon Computers,0,MULTI_RELATION_7,,formal,,AggregatePower,"{""q_after"": 6.0}",ok,13752,10,20,0.5363583478766725,0.4608807666253677,0.3132151587452422,0.5331743973205031,1.8781744000007166,0.006855899991933256,,3.966848593189048,1.6265155800034827,0.0531691011479404,,,spectral,kmeans_raw,0,0,[],"{""cluster_qr"": 3.9552094302890572, ""kmeans_norm"": 3.833739496087693, ""kmeans_raw"": 3.966848593189048}",
Amazon Computers,0,MULTI_RELATION_7,,formal,,CA,{},ok,13752,10,20,0.5363583478766725,0.4608807666253677,0.3132151587452422,0.5331743973205031,1.7869260000006761,0.012132200004998595,,4.90497415816793,0.9999999999999999,0.39501659993755056,,,spectral,kmeans_raw,0,0,[],"{""cluster_qr"": 4.659891882035807, ""kmeans_norm"": 4.517543466139478, ""kmeans_raw"": 4.90497415816793}",
Amazon Computers,0,MULTI_RELATION_7,,formal,,LinearPair,"{""lambda"": 3.0}",ok,13752,10,20,0.5152705061082025,0.46106039318434483,0.3080083748373647,0.5233642699847932,2.3787630000006175,0.008601599998655729,,17.653030491142705,3.8414447547978665,1.2126453258935905,9.38568672212627e-16,2.196598099482047,spectral,kmeans_raw,0,0,[],"{""cluster_qr"": 13.89310760088414, ""kmeans_norm"": 15.89196553420252, ""kmeans_raw"": 17.653030491142705}",
Amazon Computers,0,MULTI_RELATION_7,,formal,,PSF-CE,"{""lambda"": 0.665, ""q"": 0.72}",ok,13752,10,20,0.5357038976148923,0.46033354379805563,0.31230902657105675,0.5316033349540847,2.133695500000613,0.0106031999894185,,7.706235433738988,1.3762018956936248,0.6101444433994727,0.003463706712880201,2.2333951465972137,spectral,kmeans_raw,0,0,[],"{""cluster_qr"": 7.394650499750287, ""kmeans_norm"": 7.035882795942562, ""kmeans_raw"": 7.706235433738988}",
Amazon Computers,0,MULTI_RELATION_7,,formal,,Poly2,"{""eta"": 8.0}",ok,13752,10,20,0.5152705061082025,0.46106039318434483,0.3080083748373647,0.5233642699847932,2.0402620999957435,0.007048200001008809,,21.175228201735816,4.6026728746609935,1.4907278375262125,,,spectral,kmeans_raw,0,0,[],"{""cluster_qr"": 17.431717988337105, ""kmeans_norm"": 19.050632430747992, ""kmeans_raw"": 21.175228201735816}",
Amazon Computers,1,MULTI_RELATION_7,,formal,,AggregatePower,"{""q_after"": 6.0}",ok,13752,10,20,0.5006544502617801,0.44983088832236,0.2998434482248451,0.47789602884406285,1.867602700003772,0.007156399995437823,,3.9460884370253835,1.629659247534853,0.05151702406051553,,,spectral,kmeans_norm,0,0,[],"{""cluster_qr"": 3.884575684583516, ""kmeans_norm"": 3.9460884370253835, ""kmeans_raw"": 3.908052586982158}",
Amazon Computers,1,MULTI_RELATION_7,,formal,,CA,{},ok,13752,10,20,0.5170157068062827,0.45001893181700287,0.29533288171193023,0.5245782521087636,1.966125999999349,0.012690300005488098,,4.852554839408853,1.000000000000001,0.3903694094427519,,,spectral,kmeans_raw,0,0,[],"{""cluster_qr"": 4.767977877076659, ""kmeans_norm"": 4.783147320501121, ""kmeans_raw"": 4.852554839408853}",
Amazon Computers,1,MULTI_RELATION_7,,formal,,LinearPair,"{""lambda"": 3.0}",ok,13752,10,20,0.5028359511343804,0.4546943056258062,0.29685973304299995,0.5220565724217867,2.5116413999930955,0.014314000000013039,,17.378504862737145,3.8344451657028396,1.20466231373417,1.3146807485126297e-15,2.22343751240585,spectral,kmeans_raw,0,0,[],"{""cluster_qr"": 13.476306166760654, ""kmeans_norm"": 15.54169016276182, ""kmeans_raw"": 17.378504862737145}",
Amazon Computers,1,MULTI_RELATION_7,,formal,,PSF-CE,"{""lambda"": 0.665, ""q"": 0.72}",ok,13752,10,20,0.5171611401977894,0.4496399043031774,0.2939221321539476,0.5239315499950842,1.95278629999666,0.009189899996272288,,7.619072317012801,1.3700889471057172,0.6063316300409319,0.0036507312981324926,2.263383743888446,spectral,kmeans_raw,0,0,[],"{""cluster_qr"": 7.254518461920402, ""kmeans_norm"": 7.5194976372057285, ""kmeans_raw"": 7.619072317012801}",
Amazon Computers,1,MULTI_RELATION_7,,formal,,Poly2,"{""eta"": 8.0}",ok,13752,10,20,0.5028359511343804,0.4546943056258062,0.29685973304299995,0.5220565724217867,2.7096029999956954,0.009694699998362921,,20.666606795054207,4.549809253045178,1.4691433758660133,,,spectral,kmeans_raw,0,0,[],"{""cluster_qr"": 16.254614775235737, ""kmeans_norm"": 18.467016666678262, ""kmeans_raw"": 20.666606795054207}",
Amazon Photo,0,MULTI_RELATION_7,,formal,,AggregatePower,"{""q_after"": 6.0}",ok,7650,8,20,0.5922875816993464,0.5398441715495762,0.36949060229286484,0.5216020248703815,0.6190274999971734,0.00417149999702815,,4.0895204812498775,1.313945773857302,0.14237351194084497,,,spectral,kmeans_raw,0,0,[],"{""cluster_qr"": 4.0206674978705506, ""kmeans_norm"": 3.936777584567677, ""kmeans_raw"": 4.0895204812498775}",
Amazon Photo,0,MULTI_RELATION_7,,formal,,CA,{},ok,7650,8,20,0.5922875816993464,0.5398441715495762,0.36949060229286484,0.5216020248703815,0.5843080000049667,0.002980400007800199,,4.593693644812088,0.9999999999999999,0.469604503448976,,,spectral,kmeans_raw,0,0,[],"{""cluster_qr"": 4.470338630754852, ""kmeans_norm"": 4.3465963876255405, ""kmeans_raw"": 4.593693644812088}",
Amazon Photo,0,MULTI_RELATION_7,,formal,,LinearPair,"{""lambda"": 3.0}",ok,7650,8,20,0.5888888888888889,0.5517117147361913,0.3560871509311639,0.5230775247416932,0.6269209000020055,0.0038348000089172274,,16.27745849238074,3.4831651572526137,1.343842179826852,7.066861473920601e-16,2.0711550417301643,spectral,kmeans_raw,0,0,[],"{""cluster_qr"": 13.848945011254258, ""kmeans_norm"": 15.149464321935513, ""kmeans_raw"": 16.27745849238074}",
Amazon Photo,0,MULTI_RELATION_7,,formal,,PSF-CE,"{""lambda"": 0.665, ""q"": 0.72}",ok,7650,8,20,0.5922875816993464,0.5399050843004729,0.3694690627733385,0.5216195556138447,0.5681176999933086,0.0037656999920727685,,7.200411706245143,1.288743075220188,0.7627199553287244,0.0032393575935750043,2.088549502451838,spectral,kmeans_raw,0,0,[],"{""cluster_qr"": 6.810565862707426, ""kmeans_norm"": 6.7591950423366605, ""kmeans_raw"": 7.200411706245143}",
Amazon Photo,0,MULTI_RELATION_7,,formal,,Poly2,"{""eta"": 8.0}",ok,7650,8,20,0.5888888888888889,0.5517117147361913,0.3560871509311639,0.5230775247416932,0.6153802999906475,0.0034807999909389764,,20.32440612257517,4.380714058590121,1.715299895756249,,,spectral,kmeans_raw,0,0,[],"{""cluster_qr"": 17.485867325841973, ""kmeans_norm"": 18.899537786333756, ""kmeans_raw"": 20.32440612257517}",
Amazon Photo,1,MULTI_RELATION_7,,formal,,AggregatePower,"{""q_after"": 6.0}",ok,7650,8,20,0.5903267973856209,0.5407497161220028,0.37044417391923606,0.5224456062168243,0.5761058000061894,0.0033675000013317913,,4.328561997129291,1.2062286561561892,0.16909521700172042,,,spectral,cluster_qr,0,0,[],"{""cluster_qr"": 4.328561997129291, ""kmeans_norm"": 4.306986924021052, ""kmeans_raw"": 4.318576178776315}",
Amazon Photo,1,MULTI_RELATION_7,,formal,,CA,{},ok,7650,8,20,0.5916339869281045,0.5408217254596505,0.37047518330162915,0.5217184284529022,0.6041315000038594,0.004238500012434088,,4.648366138133812,0.9999999999999983,0.4777981412903012,,,spectral,kmeans_raw,0,0,[],"{""cluster_qr"": 4.239350403963055, ""kmeans_norm"": 4.560873464864285, ""kmeans_raw"": 4.648366138133812}",
Amazon Photo,1,MULTI_RELATION_7,,formal,,LinearPair,"{""lambda"": 3.0}",ok,7650,8,20,0.591764705882353,0.5411400296741303,0.37062339579505293,0.521448046437263,0.6144955999916419,0.00477149999642279,,16.60661171320899,3.308000733757538,1.3569404726311718,1.5725823299933353e-15,2.0614700032191418,spectral,kmeans_raw,0,0,[],"{""cluster_qr"": 14.037066124663681, ""kmeans_norm"": 15.228575257170533, ""kmeans_raw"": 16.60661171320899}",
Amazon Photo,1,MULTI_RELATION_7,,formal,,PSF-CE,"{""lambda"": 0.665, ""q"": 0.72}",ok,7650,8,20,0.5913725490196079,0.5401800271814077,0.37022304850973997,0.5213174658446589,0.5761325000057695,0.0035960999957751483,,7.30908576662865,1.2370879163750823,0.7830163762589724,0.0030832604104198127,2.077271206797332,spectral,kmeans_raw,0,0,[],"{""cluster_qr"": 7.105229887631274, ""kmeans_norm"": 7.172473228838182, ""kmeans_raw"": 7.30908576662865}",
Amazon Photo,1,MULTI_RELATION_7,,formal,,Poly2,"{""eta"": 8.0}",ok,7650,8,20,0.591764705882353,0.5411400296741303,0.37062339579505293,0.521448046437263,0.5716864999994868,0.0038292999961413443,,20.80372055920043,4.178618461910394,1.7372946922370058,,,spectral,kmeans_raw,0,0,[],"{""cluster_qr"": 17.445852910043463, ""kmeans_norm"": 19.057917882681174, ""kmeans_raw"": 20.80372055920043}",
Amazon Computers,2,MULTI_RELATION_7,,formal,,AggregatePower,"{""q_after"": 6.0}",ok,13752,10,20,0.5053083187899942,0.4510145592083864,0.3023548606240516,0.47971107921364375,1.9025306999974418,0.011205200004042126,,4.018974878275585,1.6109031444343256,0.05042026523029075,,,spectral,kmeans_norm,0,0,[],"{""cluster_qr"": 3.9484349561647942, ""kmeans_norm"": 4.018974878275585, ""kmeans_raw"": 3.965922846927994}",
Amazon Computers,2,MULTI_RELATION_7,,formal,,CA,{},ok,13752,10,20,0.5205788248981966,0.4457249839541755,0.29163788727295975,0.5252665769742129,1.8300369999924442,0.008876599997165613,,4.900553335675607,1.0000000000000007,0.3913937276871104,,,spectral,kmeans_raw,0,0,[],"{""cluster_qr"": 4.644803343265011, ""kmeans_norm"": 4.8438556313795065, ""kmeans_raw"": 4.900553335675607}",
Amazon Computers,2,MULTI_RELATION_7,,formal,,LinearPair,"{""lambda"": 3.0}",ok,13752,10,20,0.4944735311227458,0.4422803971403116,0.2860287993394788,0.5190532997617404,2.379165099991951,0.010046600000350736,,17.589758419640237,3.8357211679548877,1.1839924748567676,1.0791836852836876e-15,2.2025729358556783,spectral,kmeans_raw,0,0,[],"{""cluster_qr"": 14.184418863194052, ""kmeans_norm"": 15.734899631206067, ""kmeans_raw"": 17.589758419640237}",
Amazon Computers,2,MULTI_RELATION_7,,formal,,PSF-CE,"{""lambda"": 0.665, ""q"": 0.72}",ok,13752,10,20,0.5191244909831297,0.4441920005672818,0.28926344186435254,0.5235206569938478,1.9958916000032332,0.011344999991706572,,7.701043866660696,1.3734026019860996,0.6027258229598512,0.003607405683055477,2.23984510789606,spectral,kmeans_raw,0,0,[],"{""cluster_qr"": 7.541574060357347, ""kmeans_norm"": 7.627150157756252, ""kmeans_raw"": 7.701043866660696}",
Amazon Computers,2,MULTI_RELATION_7,,formal,,Poly2,"{""eta"": 8.0}",ok,13752,10,20,0.4944735311227458,0.4422803971403116,0.2860287993394788,0.5190532997617404,2.180243900002097,0.008467600011499599,,21.0570209787725,4.5859131338576296,1.4538180289958857,,,spectral,kmeans_raw,0,0,[],"{""cluster_qr"": 17.129714799148033, ""kmeans_norm"": 18.823469904768057, ""kmeans_raw"": 21.0570209787725}",
BBC News Sport,0,BKCC_V2,,formal,,AggregatePower,"{""q_after"": 6.0}",ok,737,5,20,0.3812754409769335,0.2321041064947627,0.10021374488440891,0.3015773740983036,0.11985750000167172,0.0034453999978723004,,4.708899987963736,1.6983744552869067,0.6625450742898171,,,spectral,kmeans_raw,0,0,[],"{""cluster_qr"": 4.61702948199196, ""kmeans_norm"": 3.634579155659496, ""kmeans_raw"": 4.708899987963736}",
BBC News Sport,0,BKCC_V2,,formal,,CA,{},ok,737,5,20,0.3812754409769335,0.2321041064947627,0.10021374488440891,0.3015773740983036,0.11618209999869578,0.004376799988676794,,3.763119387260952,0.999999999999999,0.7128782181477447,,,spectral,kmeans_raw,0,0,[],"{""cluster_qr"": 3.6989568540517963, ""kmeans_norm"": 3.3264787659585693, ""kmeans_raw"": 3.763119387260952}",
BBC News Sport,0,BKCC_V2,,formal,,LinearPair,"{""lambda"": 3.0}",ok,737,5,20,0.37449118046132973,0.18967445429725954,0.05094200232211933,0.31916291414646086,0.10958530000061728,0.0037148000119486824,,13.69580490676183,4.232562046490901,2.632550847997399,2.328373555419601e-16,1.6460712156370318,spectral,kmeans_raw,0,0,[],"{""cluster_qr"": 10.12524529243876, ""kmeans_norm"": 11.447451155185496, ""kmeans_raw"": 13.69580490676183}",
BBC News Sport,0,BKCC_V2,,formal,,PSF-CE,"{""lambda"": 0.665, ""q"": 0.72}",ok,737,5,20,0.37449118046132973,0.18967445429725954,0.05094200232211933,0.31916291414646086,0.1098828000103822,0.0038567000010516495,,5.932014868758095,1.5766196774145778,1.0909217209071478,0.002452934849962587,1.6636847672450976,spectral,kmeans_raw,0,0,[],"{""cluster_qr"": 5.045328557733726, ""kmeans_norm"": 5.181461887819181, ""kmeans_raw"": 5.932014868758095}",
BBC News Sport,0,BKCC_V2,,formal,,Poly2,"{""eta"": 8.0}",ok,737,5,20,0.37449118046132973,0.18967445429725954,0.05094200232211933,0.31916291414646086,0.1103374999947846,0.003719600004842505,,20.157536896557026,6.398052212629766,3.962014122578471,,,spectral,kmeans_raw,0,0,[],"{""cluster_qr"": 15.677171336211638, ""kmeans_norm"": 16.744455085304, ""kmeans_raw"": 20.157536896557026}",
BBC News Sport,1,BKCC_V2,,formal,,AggregatePower,"{""q_after"": 6.0}",ok,737,5,20,0.5020352781546812,0.33064483450412746,0.13718644100228064,0.5264122150172055,0.10923509999702219,0.004093199997441843,,4.311498408079503,1.9196510353497753,0.5708370748207843,,,spectral,kmeans_raw,0,0,[],"{""cluster_qr"": 4.263333594622276, ""kmeans_norm"": 4.261501257007156, ""kmeans_raw"": 4.311498408079503}",
BBC News Sport,1,BKCC_V2,,formal,,CA,{},ok,737,5,20,0.5020352781546812,0.33064483450412746,0.13718644100228064,0.5264122150172055,0.10654019999492448,0.004597999999532476,,3.611501878563929,0.999999999999999,0.6885415217768601,,,spectral,kmeans_raw,0,0,[],"{""cluster_qr"": 3.5693589421080913, ""kmeans_norm"": 3.609311748164254, ""kmeans_raw"": 3.611501878563929}",
BBC News Sport,1,BKCC_V2,,formal,,LinearPair,"{""lambda"": 3.0}",ok,737,5,20,0.4355495251017639,0.2667994590857898,0.083255310414426,0.4064837862727174,0.10893499999656342,0.005129600001964718,,13.170024878552018,4.400115965025329,2.70994389053088,1.716079038912859e-16,1.6860023690448032,spectral,kmeans_raw,0,0,[],"{""cluster_qr"": 11.335255225219127, ""kmeans_norm"": 12.509504357243777, ""kmeans_raw"": 13.170024878552018}",
BBC News Sport,1,BKCC_V2,,formal,,PSF-CE,"{""lambda"": 0.665, ""q"": 0.72}",ok,737,5,20,0.4355495251017639,0.2667994590857897,0.083255310414426,0.4064837862727174,0.10318829999596346,0.003852599998936057,,5.763703601609887,1.6192212216666433,1.111724450246701,0.0020132722566371377,1.6998225303730297,spectral,kmeans_raw,0,0,[],"{""cluster_qr"": 5.195824093819176, ""kmeans_norm"": 5.53303353788532, ""kmeans_raw"": 5.763703601609887}",
BBC News Sport,1,BKCC_V2,,formal,,Poly2,"{""eta"": 8.0}",ok,737,5,20,0.4355495251017639,0.2667994590857898,0.083255310414426,0.4064837862727174,0.09896740000112914,0.0039259999903151765,,19.01438271243986,6.525031265675724,4.005427345773005,,,spectral,kmeans_raw,0,0,[],"{""cluster_qr"": 16.862760403514667, ""kmeans_norm"": 18.032371764515354, ""kmeans_raw"": 19.01438271243986}",
Amazon Photo,2,MULTI_RELATION_7,,formal,,AggregatePower,"{""q_after"": 6.0}",ok,7650,8,20,0.5901960784313726,0.5394254804350345,0.36911742352698146,0.5198924034172916,0.6051919000019552,0.0038551000034203753,,4.259179207064884,1.2874648598092715,0.17418519361704432,,,spectral,kmeans_raw,0,0,[],"{""cluster_qr"": 4.254506498506475, ""kmeans_norm"": 4.242842885476364, ""kmeans_raw"": 4.259179207064884}",
Amazon Photo,2,MULTI_RELATION_7,,formal,,CA,{},ok,7650,8,20,0.5901960784313726,0.5394254804350345,0.36911742352698146,0.5198924034172916,0.6167583000060404,0.003674499996122904,,4.634859610889151,1.0000000000000038,0.47978152423274323,,,spectral,kmeans_raw,0,0,[],"{""cluster_qr"": 4.490849220999131, ""kmeans_norm"": 4.5487728875224285, ""kmeans_raw"": 4.634859610889151}",
Amazon Photo,2,MULTI_RELATION_7,,formal,,LinearPair,"{""lambda"": 3.0}",ok,7650,8,20,0.5904575163398693,0.5405169604834986,0.36914576368387153,0.5200419070156339,0.6677026999968803,0.0036487999896053225,,16.55685168868166,3.387556700093712,1.3522312733419923,4.051425248236334e-16,2.074350387198559,spectral,kmeans_raw,0,0,[],"{""cluster_qr"": 13.569983032232674, ""kmeans_norm"": 15.234967477328166, ""kmeans_raw"": 16.55685168868166}",
Amazon Photo,2,MULTI_RELATION_7,,formal,,PSF-CE,"{""lambda"": 0.665, ""q"": 0.72}",ok,7650,8,20,0.5901960784313726,0.5398403123581583,0.369214510282905,0.5199450448698687,0.6299499000015203,0.004821700000320561,,7.287894983500038,1.256689929358236,0.7882675080924288,0.003255661424837378,2.090853279733238,spectral,kmeans_raw,0,0,[],"{""cluster_qr"": 7.183536154023608, ""kmeans_norm"": 7.156446138363714, ""kmeans_raw"": 7.287894983500038}",
Amazon Photo,2,MULTI_RELATION_7,,formal,,Poly2,"{""eta"": 8.0}",ok,7650,8,20,0.5904575163398693,0.5405169604834986,0.36914576368387153,0.5200419070156339,0.6987137000105577,0.005108299999847077,,20.649190158279268,4.256792010925918,1.7239831526184886,,,spectral,kmeans_raw,0,0,[],"{""cluster_qr"": 17.538362681867575, ""kmeans_norm"": 18.98332593501616, ""kmeans_raw"": 20.649190158279268}",
BBC News Sport,2,BKCC_V2,,formal,,AggregatePower,"{""q_after"": 6.0}",ok,737,5,20,0.4871099050203528,0.33447281824036273,0.18617481243689962,0.44186384779851784,0.125575400001253,0.004433099995367229,,4.2509094376700665,2.044968095430568,0.48617936163947506,,,spectral,kmeans_raw,0,0,[],"{""cluster_qr"": 4.12976312510398, ""kmeans_norm"": 3.897986299041805, ""kmeans_raw"": 4.2509094376700665}",
BBC News Sport,2,BKCC_V2,,formal,,CA,{},ok,737,5,20,0.4871099050203528,0.33447281824036273,0.18617481243689962,0.44186384779851784,0.1246370000008028,0.004835799991269596,,3.553767703186294,0.9999999999999991,0.6565553621520207,,,spectral,kmeans_raw,0,0,[],"{""cluster_qr"": 3.4769685295001302, ""kmeans_norm"": 3.2112589328589607, ""kmeans_raw"": 3.553767703186294}",
BBC News Sport,2,BKCC_V2,,formal,,LinearPair,"{""lambda"": 3.0}",ok,737,5,20,0.5332428765264586,0.32723512445812825,0.18441578703673228,0.4966709616530672,0.12596879999910016,0.004901099993730895,,12.763056640820412,4.515434330163603,2.6604568717844406,1.4173719890109662e-16,1.7821247461354142,spectral,kmeans_raw,0,0,[],"{""cluster_qr"": 9.662029647614794, ""kmeans_norm"": 12.362074191080024, ""kmeans_raw"": 12.763056640820412}",
BBC News Sport,2,BKCC_V2,,formal,,PSF-CE,"{""lambda"": 0.665, ""q"": 0.72}",ok,737,5,20,0.3989145183175034,0.1690014928410016,0.05327858570834538,0.3086372969326066,0.12216240000270773,0.006131999994977377,,5.4807387780262,1.639358047174123,1.081281735638141,0.001979117783669693,1.7953026424562932,spectral,kmeans_raw,0,0,[],"{""cluster_qr"": 4.77893660858721, ""kmeans_norm"": 5.435125547095604, ""kmeans_raw"": 5.4807387780262}",
BBC News Sport,2,BKCC_V2,,formal,,Poly2,"{""eta"": 8.0}",ok,737,5,20,0.5332428765264586,0.32723512445812825,0.18441578703673228,0.4966709616530672,0.11045169999124482,0.004398299992317334,,17.666905335466403,6.40084414642331,3.768415073687597,,,spectral,kmeans_raw,0,0,[],"{""cluster_qr"": 13.241553731193918, ""kmeans_norm"": 17.098432563157328, ""kmeans_raw"": 17.666905335466403}",
BBC-MV,0,TEXT_MV,,formal,,AggregatePower,"{""q_after"": 6.0}",ok,685,5,20,0.32992700729927005,0.010685400113313715,-0.0006932623473820635,0.10590533826749035,0.11715869999898132,0.001107200005208142,,2.4799998400573355,1.0000000000000013,0.03549291379835866,,,spectral,kmeans_raw,0,0,[],"{""cluster_qr"": 2.1548472519132114, ""kmeans_norm"": 1.759044631248243, ""kmeans_raw"": 2.4799998400573355}",
BBC-MV,0,TEXT_MV,,formal,,CA,{},ok,685,5,20,0.32992700729927005,0.010685400113313715,-0.0006932623473820635,0.10590533826749035,0.12365439999848604,0.001044700009515509,,2.5412661965852594,1.0000000000000016,0.2862959842794235,,,spectral,kmeans_raw,0,0,[],"{""cluster_qr"": 2.2962965286242083, ""kmeans_norm"": 1.8914101407157768, ""kmeans_raw"": 2.5412661965852594}",
BBC-MV,0,TEXT_MV,,formal,,LinearPair,"{""lambda"": 3.0}",ok,685,5,20,0.32992700729927005,0.010685400113313715,-0.0006932623473820635,0.10590533826749035,0.10817239999596495,0.0010339000000385568,,7.855983378322072,2.5237209728594974,0.9439359964902445,2.1375600985848627e-16,3.0783569843518825,spectral,kmeans_raw,0,0,[],"{""cluster_qr"": 6.93929016601339, ""kmeans_norm"": 4.5893710980601865, ""kmeans_raw"": 7.855983378322072}",
BBC-MV,0,TEXT_MV,,formal,,PSF-CE,"{""lambda"": 0.665, ""q"": 0.72}",ok,685,5,20,0.32992700729927005,0.010685400113313715,-0.0006932623473820635,0.10590533826749035,0.11014299999806099,0.0010615000064717606,,3.715094657549679,1.0000000000000016,0.43231123717580944,0.004649828991546992,3.1039332036075544,spectral,kmeans_raw,0,0,[],"{""cluster_qr"": 2.9212992039026786, ""kmeans_norm"": 1.8403897085409946, ""kmeans_raw"": 3.715094657549679}",
BBC-MV,0,TEXT_MV,,formal,,Poly2,"{""eta"": 8.0}",ok,685,5,20,0.32992700729927005,0.010685400113313715,-0.0006932623473820635,0.10590533826749035,0.10279810000793077,0.0008577999979024753,,7.531518235651164,2.3560565621783423,0.942019109195614,,,spectral,kmeans_raw,0,0,[],"{""cluster_qr"": 5.582976564251668, ""kmeans_norm"": 4.468260687495494, ""kmeans_raw"": 7.531518235651164}",
BBC-MV,1,TEXT_MV,,formal,,AggregatePower,"{""q_after"": 6.0}",ok,685,5,20,0.32992700729927005,0.015401769711937381,0.0027410570017182877,0.11887055915971581,0.1047891000052914,0.0007347000064328313,,2.1620917374812945,0.9999999999999981,0.0038348723915409377,,,spectral,kmeans_raw,0,0,[],"{""cluster_qr"": 2.08213540074905, ""kmeans_norm"": 1.3275155005925938, ""kmeans_raw"": 2.1620917374812945}",
BBC-MV,1,TEXT_MV,,formal,,CA,{},ok,685,5,20,0.32992700729927005,0.015401769711937381,0.0027410570017182877,0.11887055915971581,0.13019910000730306,0.0011003999970853329,,2.4915349732422407,0.999999999999998,0.22265721273504493,,,spectral,kmeans_raw,0,0,[],"{""cluster_qr"": 2.131274188600975, ""kmeans_norm"": 1.6168003497080754, ""kmeans_raw"": 2.4915349732422407}",
BBC-MV,1,TEXT_MV,,formal,,LinearPair,"{""lambda"": 3.0}",ok,685,5,20,0.32992700729927005,0.015401769711937381,0.0027410570017182877,0.11887055915971581,0.13731200000620447,0.0010609000019030645,,7.359130622621705,3.0661312665305323,0.5585960165657707,2.8312477636482593e-16,2.7672030533900545,spectral,kmeans_raw,0,0,[],"{""cluster_qr"": 5.983218863112827, ""kmeans_norm"": 3.16851070563635, ""kmeans_raw"": 7.359130622621705}",
BBC-MV,1,TEXT_MV,,formal,,PSF-CE,"{""lambda"": 0.665, ""q"": 0.72}",ok,685,5,20,0.32992700729927005,0.015401769711937381,0.0027410570017182877,0.11887055915971581,0.12638290000904817,0.001030900006298907,,3.578725482866896,1.1100512772180287,0.3036697281859888,0.004327047962637615,2.8308319178530055,spectral,kmeans_raw,0,0,[],"{""cluster_qr"": 2.991619796207104, ""kmeans_norm"": 1.913772076164631, ""kmeans_raw"": 3.578725482866896}",
BBC-MV,1,TEXT_MV,,formal,,Poly2,"{""eta"": 8.0}",ok,685,5,20,0.32992700729927005,0.015401769711937381,0.0027410570017182877,0.11887055915971581,0.11260190000757575,0.001023500008159317,,7.544360550140017,3.0788126708702923,0.6192670877985578,,,spectral,kmeans_raw,0,0,[],"{""cluster_qr"": 6.110182055219279, ""kmeans_norm"": 3.2840882948833032, ""kmeans_raw"": 7.544360550140017}",
BBC-MV,2,TEXT_MV,,formal,,AggregatePower,"{""q_after"": 6.0}",ok,685,5,20,0.33138686131386863,0.01640568162771344,0.003470203934912134,0.11940480257076276,0.1001607999933185,0.0008827999990899116,,2.201235084020473,1.0000000000000007,0.007697399001454808,,,spectral,kmeans_raw,0,0,[],"{""cluster_qr"": 2.119739012411316, ""kmeans_norm"": 1.3893282821469397, ""kmeans_raw"": 2.201235084020473}",
BBC-MV,2,TEXT_MV,,formal,,CA,{},ok,685,5,20,0.33138686131386863,0.01640568162771344,0.003470203934912134,0.11940480257076276,0.11135370000556577,0.0010783000034280121,,2.529448426888689,1.0000000000000004,0.24951714338313943,,,spectral,kmeans_raw,0,0,[],"{""cluster_qr"": 2.283118255196385, ""kmeans_norm"": 1.6434236216540534, ""kmeans_raw"": 2.529448426888689}",
BBC-MV,2,TEXT_MV,,formal,,LinearPair,"{""lambda"": 3.0}",ok,685,5,20,0.33138686131386863,0.01640568162771344,0.003470203934912134,0.11940480257076276,0.11077600000135135,0.000995800000964664,,7.524563538103984,3.0623703884754887,0.6835391335551578,3.8057354092672854e-16,2.760790658495976,spectral,kmeans_raw,0,0,[],"{""cluster_qr"": 6.564598399707368, ""kmeans_norm"": 3.299053842552828, ""kmeans_raw"": 7.524563538103984}",
BBC-MV,2,TEXT_MV,,formal,,PSF-CE,"{""lambda"": 0.665, ""q"": 0.72}",ok,685,5,20,0.33138686131386863,0.01640568162771344,0.003470203934912134,0.11940480257076276,0.09420459999819286,0.0008757000032346696,,3.641468505873476,1.1120220113322257,0.3513773173953879,0.004960454651692324,2.804662376332581,spectral,kmeans_raw,0,0,[],"{""cluster_qr"": 3.2256265000721007, ""kmeans_norm"": 1.9995930277601632, ""kmeans_raw"": 3.641468505873476}",
BBC-MV,2,TEXT_MV,,formal,,Poly2,"{""eta"": 8.0}",ok,685,5,20,0.33138686131386863,0.01640568162771344,0.003470203934912134,0.11940480257076276,0.10622479999437928,0.0007752999954391271,,7.724803005035137,3.0807837591276153,0.7475875821197975,,,spectral,kmeans_raw,0,0,[],"{""cluster_qr"": 6.679324348763361, ""kmeans_norm"": 3.4200184463396024, ""kmeans_raw"": 7.724803005035137}",
BBCSport-MV,0,TEXT_MV,,formal,,AggregatePower,"{""q_after"": 6.0}",ok,544,5,20,0.4944852941176471,0.2607852314802768,0.09038206443561804,0.3526399328434481,0.11759039999742527,0.0011126999888801947,,2.12859967216465,1.0000000000000024,0.09151637184738892,,,spectral,kmeans_raw,0,0,[],"{""cluster_qr"": 2.0832874377672517, ""kmeans_norm"": 1.9064646953364779, ""kmeans_raw"": 2.12859967216465}",
BBCSport-MV,0,TEXT_MV,,formal,,CA,{},ok,544,5,20,0.4944852941176471,0.2607852314802768,0.09038206443561804,0.3526399328434481,0.1159380000026431,0.0011663999903248623,,2.120412971732738,1.0000000000000024,0.25534022997331796,,,spectral,kmeans_raw,0,0,[],"{""cluster_qr"": 2.0591331387065113, ""kmeans_norm"": 1.8247335394591824, ""kmeans_raw"": 2.120412971732738}",
BBCSport-MV,0,TEXT_MV,,formal,,LinearPair,"{""lambda"": 3.0}",ok,544,5,20,0.4944852941176471,0.2607852314802768,0.09038206443561804,0.3526399328434481,0.10652260000642855,0.0009288000001106411,,6.395247941398645,2.197144048337059,1.0000000000000024,6.993648023386613e-16,4.902743173870552,spectral,kmeans_raw,0,0,[],"{""cluster_qr"": 6.090426107829968, ""kmeans_norm"": 4.906969067019777, ""kmeans_raw"": 6.395247941398645}",
BBCSport-MV,0,TEXT_MV,,formal,,PSF-CE,"{""lambda"": 0.665, ""q"": 0.72}",ok,544,5,20,0.4944852941176471,0.2607852314802768,0.09038206443561804,0.3526399328434481,0.12010409998765681,0.0010578999936114997,,3.062753849862834,1.0000000000000024,0.4359518564790521,0.0056642590732950025,4.91004224265945,spectral,kmeans_raw,0,0,[],"{""cluster_qr"": 2.947426926652291, ""kmeans_norm"": 2.50159651717576, ""kmeans_raw"": 3.062753849862834}",
BBCSport-MV,0,TEXT_MV,,formal,,Poly2,"{""eta"": 8.0}",ok,544,5,20,0.4944852941176471,0.2607852314802768,0.09038206443561804,0.3526399328434481,0.10846540000056848,0.0010006999946199358,,4.777460318657269,1.4616660030048996,0.7769292943159332,,,spectral,kmeans_raw,0,0,[],"{""cluster_qr"": 4.635896735662064, ""kmeans_norm"": 3.747272077828194, ""kmeans_raw"": 4.777460318657269}",
BBCSport-MV,1,TEXT_MV,,formal,,AggregatePower,"{""q_after"": 6.0}",ok,544,5,20,0.48713235294117646,0.24876985318100764,0.08267901869072485,0.3465725185789578,0.0956304999999702,0.00114969999413006,,2.1582200170728805,1.0000000000000016,0.028645644847971434,,,spectral,kmeans_raw,0,0,[],"{""cluster_qr"": 2.1457529464779683, ""kmeans_norm"": 2.145685564727961, ""kmeans_raw"": 2.1582200170728805}",
BBCSport-MV,1,TEXT_MV,,formal,,CA,{},ok,544,5,20,0.48713235294117646,0.24876985318100764,0.08267901869072485,0.3465725185789578,0.09875629999442026,0.0011624999897321686,,2.235401666600724,1.0000000000000016,0.2455178028194255,,,spectral,kmeans_raw,0,0,[],"{""cluster_qr"": 2.1705577958705806, ""kmeans_norm"": 2.1778378101362534, ""kmeans_raw"": 2.235401666600724}",
BBCSport-MV,1,TEXT_MV,,formal,,LinearPair,"{""lambda"": 3.0}",ok,544,5,20,0.48713235294117646,0.24876985318100764,0.08267901869072485,0.3465725185789578,0.08346709999023005,0.0012423000007402152,,6.61672390850495,2.449826147706196,0.8312600702701254,1.0818418835257691e-15,3.8640222423787534,spectral,kmeans_raw,0,0,[],"{""cluster_qr"": 6.367933256392986, ""kmeans_norm"": 6.399449662467256, ""kmeans_raw"": 6.61672390850495}",
BBCSport-MV,1,TEXT_MV,,formal,,PSF-CE,"{""lambda"": 0.665, ""q"": 0.72}",ok,544,5,20,0.48713235294117646,0.24876985318100764,0.08267901869072485,0.3465725185789578,0.08464470000762958,0.0012123000051360577,,3.204896352087773,1.0000000000000016,0.37595726945529173,0.005322361618511848,3.9149389320705947,spectral,kmeans_raw,0,0,[],"{""cluster_qr"": 3.1338957659632736, ""kmeans_norm"": 3.1338957659632736, ""kmeans_raw"": 3.204896352087773}",
BBCSport-MV,1,TEXT_MV,,formal,,Poly2,"{""eta"": 8.0}",ok,544,5,20,0.48713235294117646,0.24876985318100764,0.08267901869072485,0.3465725185789578,0.09034179999434855,0.0011318999895593151,,5.60204830336777,1.9280128847124947,0.7277497348296524,,,spectral,kmeans_raw,0,0,[],"{""cluster_qr"": 5.444528272382996, ""kmeans_norm"": 5.4167494517817465, ""kmeans_raw"": 5.60204830336777}",
BBCSport-MV,2,TEXT_MV,,formal,,AggregatePower,"{""q_after"": 6.0}",ok,544,5,20,0.4852941176470588,0.25480334154568857,0.09013156952812464,0.3377445193276009,0.10265570000046864,0.0011605000036070123,,2.263039804806876,1.0000000000000033,0.04082941260206248,,,spectral,kmeans_raw,0,0,[],"{""cluster_qr"": 2.1641101308386363, ""kmeans_norm"": 2.181538007014306, ""kmeans_raw"": 2.263039804806876}",
BBCSport-MV,2,TEXT_MV,,formal,,CA,{},ok,544,5,20,0.4852941176470588,0.25480334154568857,0.09013156952812464,0.3377445193276009,0.10677739999664482,0.0012408999900799245,,2.2223297203972194,1.0000000000000033,0.24584853585135877,,,spectral,kmeans_raw,0,0,[],"{""cluster_qr"": 2.113881028447902, ""kmeans_norm"": 1.997115359431286, ""kmeans_raw"": 2.2223297203972194}",
BBCSport-MV,2,TEXT_MV,,formal,,LinearPair,"{""lambda"": 3.0}",ok,544,5,20,0.4852941176470588,0.25480334154568857,0.09013156952812464,0.3377445193276009,0.11008340000989847,0.0011608000058913603,,6.6777520448732535,2.2644443279341178,0.8625546590625619,6.652109687011956e-16,4.055950590024582,spectral,kmeans_raw,0,0,[],"{""cluster_qr"": 6.009236449126118, ""kmeans_norm"": 5.780254972296029, ""kmeans_raw"": 6.6777520448732535}",
BBCSport-MV,2,TEXT_MV,,formal,,PSF-CE,"{""lambda"": 0.665, ""q"": 0.72}",ok,544,5,20,0.4852941176470588,0.25480334154568857,0.09013156952812464,0.3377445193276009,0.10420159999921452,0.0013490000128513202,,3.2097237478702128,1.0000000000000033,0.3835079745760648,0.005648726993399077,4.103248374413362,spectral,kmeans_raw,0,0,[],"{""cluster_qr"": 2.855147523259038, ""kmeans_norm"": 2.8367400846367476, ""kmeans_raw"": 3.2097237478702128}",
BBCSport-MV,2,TEXT_MV,,formal,,Poly2,"{""eta"": 8.0}",ok,544,5,20,0.4852941176470588,0.25480334154568857,0.09013156952812464,0.3377445193276009,0.10539879999123514,0.0012424999877111986,,5.494103666946222,1.7296958383207377,0.7293805564934128,,,spectral,kmeans_raw,0,0,[],"{""cluster_qr"": 5.254638562824288, ""kmeans_norm"": 4.758898001862162, ""kmeans_raw"": 5.494103666946222}",
100Leaves,0,MULTI_RELATION_7,,formal,,AggregatePower,"{""q_after"": 6.0}",ok,1600,100,20,0.8325,0.9213136833960913,0.63872325344547,0.830025123046459,5.621726299999864,0.6922091000014916,,31.478145336207312,3.647174109606081,0.009678548506269685,,,spectral,kmeans_raw,0,0,[],"{""cluster_qr"": 31.369350557723692, ""kmeans_norm"": 31.34801224119829, ""kmeans_raw"": 31.478145336207312}",
100Leaves,0,MULTI_RELATION_7,,formal,,CA,{},ok,1600,100,20,0.8325,0.9213136833960913,0.63872325344547,0.830025123046459,5.248130799998762,0.6479824999987613,,47.96367068631808,1.0000000000000033,0.3468636896981747,,,spectral,kmeans_raw,0,0,[],"{""cluster_qr"": 47.004400083095824, ""kmeans_norm"": 46.95652602710805, ""kmeans_raw"": 47.96367068631808}",
100Leaves,0,MULTI_RELATION_7,,formal,,LinearPair,"{""lambda"": 3.0}",ok,1600,100,20,0.8325,0.9213136833960913,0.63872325344547,0.830025123046459,5.224500199998147,0.6883851999882609,,191.78829676977495,5.786714731034995,0.954675080556601,5.337849130247256e-17,1.869197816066933,spectral,kmeans_raw,0,0,[],"{""cluster_qr"": 188.54518896978817, ""kmeans_norm"": 188.13279234074582, ""kmeans_raw"": 191.78829676977495}",
100Leaves,0,MULTI_RELATION_7,,formal,,PSF-CE,"{""lambda"": 0.665, ""q"": 0.72}",ok,1600,100,20,0.824375,0.9244828979860216,0.6513472618076347,0.8196925820318722,5.2931164000037825,0.6561583000002429,,80.14081615527297,1.940025689661034,0.487560572543876,0.0009928211641087711,1.9159895831644944,spectral,kmeans_raw,0,0,[],"{""cluster_qr"": 78.17077873072763, ""kmeans_norm"": 78.7037551610201, ""kmeans_raw"": 80.14081615527297}",
100Leaves,0,MULTI_RELATION_7,,formal,,Poly2,"{""eta"": 8.0}",ok,1600,100,20,0.81125,0.9210486737924507,0.5895105323780879,0.8101087774995805,4.293670299986843,0.7362369999900693,,261.2841107275158,7.884429288702687,1.2827035067857908,,,spectral,kmeans_raw,0,0,[],"{""cluster_qr"": 256.6989266339443, ""kmeans_norm"": 257.40890109843303, ""kmeans_raw"": 261.2841107275158}",
100Leaves,1,MULTI_RELATION_7,,formal,,AggregatePower,"{""q_after"": 6.0}",ok,1600,100,20,0.896875,0.9492280675887069,0.8519207638122939,0.8850989669310972,6.054367400007322,0.6734178000042448,,31.758099150564153,3.7453345721647557,0.009486103692222605,,,spectral,kmeans_norm,0,0,[],"{""cluster_qr"": 30.908016724342176, ""kmeans_norm"": 31.758099150564153, ""kmeans_raw"": 31.250819399061946}",
100Leaves,1,MULTI_RELATION_7,,formal,,CA,{},ok,1600,100,20,0.8,0.9206201856854541,0.6356637735607239,0.784038821135885,5.872872100007953,0.6370221999968635,,47.35972290632042,0.9999999999999987,0.3442726922279756,,,spectral,kmeans_raw,0,0,[],"{""cluster_qr"": 46.30643810110029, ""kmeans_norm"": 46.7214655487915, ""kmeans_raw"": 47.35972290632042}",
100Leaves,1,MULTI_RELATION_7,,formal,,LinearPair,"{""lambda"": 3.0}",ok,1600,100,20,0.8,0.9206201856854541,0.6356637735607239,0.784038821135885,5.205669200004195,0.6436153000104241,,188.83680940903076,5.807994305804183,0.9445275383610428,5.212381555016443e-17,1.876227457377887,spectral,kmeans_raw,0,0,[],"{""cluster_qr"": 185.84355138682213, ""kmeans_norm"": 187.57693498779508, ""kmeans_raw"": 188.83680940903076}",
100Leaves,1,MULTI_RELATION_7,,formal,,PSF-CE,"{""lambda"": 0.665, ""q"": 0.72}",ok,1600,100,20,0.801875,0.920614936216084,0.6163326845331919,0.7928873893263646,5.562472900011926,0.6325596000096994,,79.08910817877619,1.9434144092426378,0.48396114990312405,0.0009940246820036975,1.9216646381994371,spectral,kmeans_raw,0,0,[],"{""cluster_qr"": 77.5500100255432, ""kmeans_norm"": 77.9020503352789, ""kmeans_raw"": 79.08910817877619}",
100Leaves,1,MULTI_RELATION_7,,formal,,Poly2,"{""eta"": 8.0}",ok,1600,100,20,0.81,0.9255293442929232,0.6585017168402943,0.8002903361618092,4.459860199989635,0.5103146999899764,,258.383882614446,7.888523658401077,1.275483913708388,,,spectral,kmeans_raw,0,0,[],"{""cluster_qr"": 251.84194198191798, ""kmeans_norm"": 254.95472512562384, ""kmeans_raw"": 258.383882614446}",
100Leaves,2,MULTI_RELATION_7,,formal,,AggregatePower,"{""q_after"": 6.0}",ok,1600,100,20,0.8225,0.9298380804230945,0.7133734964920379,0.814855118149775,5.665169200001401,0.6503236999997171,,31.703288078533397,3.519076611027587,0.010210050546296225,,,spectral,kmeans_raw,0,0,[],"{""cluster_qr"": 31.567605039882203, ""kmeans_norm"": 31.66994500573123, ""kmeans_raw"": 31.703288078533397}",
100Leaves,2,MULTI_RELATION_7,,formal,,CA,{},ok,1600,100,20,0.8225,0.9298380804230945,0.7133734964920379,0.814855118149775,5.564861499995459,0.6715774000040255,,47.78974863786185,0.9999999999999984,0.3475032189738728,,,spectral,kmeans_raw,0,0,[],"{""cluster_qr"": 46.97241449493878, ""kmeans_norm"": 47.22844538481884, ""kmeans_raw"": 47.78974863786185}",
100Leaves,2,MULTI_RELATION_7,,formal,,LinearPair,"{""lambda"": 3.0}",ok,1600,100,20,0.8225,0.9298380804230945,0.7133734964920379,0.814855118149775,5.373297099999036,0.6356866999994963,,191.2961294248768,5.675924829907475,0.9615737630297905,5.567356906747746e-17,1.8809190934420834,spectral,kmeans_raw,0,0,[],"{""cluster_qr"": 187.69809268941006, ""kmeans_norm"": 189.34544962522887, ""kmeans_raw"": 191.2961294248768}",
100Leaves,2,MULTI_RELATION_7,,formal,,PSF-CE,"{""lambda"": 0.665, ""q"": 0.72}",ok,1600,100,20,0.829375,0.9298803096743712,0.7061896158955697,0.8268460391584709,5.7963460000028135,0.5860093999945093,,79.70078793650336,1.90935644172591,0.49124331452895176,0.001008666768656616,1.9276370308687423,spectral,kmeans_raw,0,0,[],"{""cluster_qr"": 77.98710728398277, ""kmeans_norm"": 78.78491986063334, ""kmeans_raw"": 79.70078793650336}",
100Leaves,2,MULTI_RELATION_7,,formal,,Poly2,"{""eta"": 8.0}",ok,1600,100,20,0.83375,0.9308860672257488,0.6892127079902718,0.8279687740699468,5.386812299999292,0.3355158000049414,,260.1891781716252,7.6935694949253595,1.2985929908654978,,,spectral,kmeans_raw,0,0,[],"{""cluster_qr"": 253.33234980912306, ""kmeans_norm"": 257.7685063985155, ""kmeans_raw"": 260.1891781716252}",
COIL20,0,BKCC_V2,,formal,,AggregatePower,"{""q_after"": 6.0}",ok,1440,20,20,0.6798611111111111,0.8122435416874325,0.6456838827346848,0.6625780051413829,0.43839070000103675,0.010236699992674403,,10.252493965001893,1.907263224839561,0.00699267098115725,,,spectral,kmeans_raw,0,0,[],"{""cluster_qr"": 10.151095282024645, ""kmeans_norm"": 10.201089106209077, ""kmeans_raw"": 10.252493965001893}",
COIL20,0,BKCC_V2,,formal,,CA,{},ok,1440,20,20,0.6798611111111111,0.8122435416874325,0.6456838827346848,0.6625780051413829,0.4335194000013871,0.0114253999927314,,13.539006817792462,0.9999999999999998,0.38303900630238696,,,spectral,kmeans_raw,0,0,[],"{""cluster_qr"": 13.389258367855714, ""kmeans_norm"": 13.467135152741868, ""kmeans_raw"": 13.539006817792462}",
COIL20,0,BKCC_V2,,formal,,LinearPair,"{""lambda"": 3.0}",ok,1440,20,20,0.6798611111111111,0.8122435416874325,0.6456838827346848,0.6625780051413829,0.4647514000098454,0.011260800005402416,,50.20577839681356,4.81371681542196,0.9254356998784599,1.7458175022246575e-16,1.3464222500296705,spectral,kmeans_raw,0,0,[],"{""cluster_qr"": 49.684265262999446, ""kmeans_norm"": 49.899262179813554, ""kmeans_raw"": 50.20577839681356}",
COIL20,0,BKCC_V2,,formal,,PSF-CE,"{""lambda"": 0.665, ""q"": 0.72}",ok,1440,20,20,0.6805555555555556,0.8042433942649757,0.6333491417664486,0.6603706606000814,0.4958427999954438,0.011511099990457296,,21.636431494986887,1.8101383747615443,0.5092182905107414,0.0009559623983685153,1.3572850111426211,spectral,kmeans_raw,0,0,[],"{""cluster_qr"": 21.45661551720057, ""kmeans_norm"": 21.62347055265649, ""kmeans_raw"": 21.636431494986887}",
COIL20,0,BKCC_V2,,formal,,Poly2,"{""eta"": 8.0}",ok,1440,20,20,0.6791666666666667,0.8160636599133062,0.6543190539646488,0.6648891368617131,0.5271502999967197,0.015711899992311373,,87.32523185842386,8.58744348669884,1.544244070085373,,,spectral,kmeans_norm,0,0,[],"{""cluster_qr"": 83.72575797350963, ""kmeans_norm"": 87.32523185842386, ""kmeans_raw"": 86.45074248404083}",
COIL20,1,BKCC_V2,,formal,,AggregatePower,"{""q_after"": 6.0}",ok,1440,20,20,0.7236111111111111,0.8223975978323744,0.6754377997643961,0.7114904698464013,0.5740197999984957,0.019275400001788512,,9.93566375884718,1.9235710571483235,0.01151826572035448,,,spectral,kmeans_raw,0,0,[],"{""cluster_qr"": 9.681597599408596, ""kmeans_norm"": 9.916684822470542, ""kmeans_raw"": 9.93566375884718}",
COIL20,1,BKCC_V2,,formal,,CA,{},ok,1440,20,20,0.7236111111111111,0.8223975978323744,0.6754377997643961,0.7114904698464013,0.48393179998674896,0.009387799989781342,,13.49160256575949,0.9999999999999998,0.4187750693104787,,,spectral,kmeans_raw,0,0,[],"{""cluster_qr"": 13.45370049185845, ""kmeans_norm"": 13.470500038601275, ""kmeans_raw"": 13.49160256575949}",
COIL20,1,BKCC_V2,,formal,,LinearPair,"{""lambda"": 3.0}",ok,1440,20,20,0.7236111111111111,0.8223975978323744,0.6754377997643961,0.7114904698464013,0.48372699999890756,0.01487759999872651,,50.01096148815487,4.908090744546548,1.0,1.3540137512656106e-16,1.3560992314523523,spectral,kmeans_raw,0,0,[],"{""cluster_qr"": 49.224215673660524, ""kmeans_norm"": 49.92702665322188, ""kmeans_raw"": 50.01096148815487}",
COIL20,1,BKCC_V2,,formal,,PSF-CE,"{""lambda"": 0.665, ""q"": 0.72}",ok,1440,20,20,0.7236111111111111,0.8223975978323743,0.6754377997643961,0.7114904698464014,0.4281282000010833,0.011445299998740666,,21.611619709132526,1.8367583968930692,0.5676871678087212,0.0008443582863483874,1.3668964140443474,spectral,kmeans_raw,0,0,[],"{""cluster_qr"": 21.498924428039647, ""kmeans_norm"": 21.57634925438426, ""kmeans_raw"": 21.611619709132526}",
COIL20,1,BKCC_V2,,formal,,Poly2,"{""eta"": 8.0}",ok,1440,20,20,0.725,0.8226895541529039,0.6774345997683057,0.7149060634912294,0.42480650001380127,0.009656700000050478,,86.55824457557885,8.708800888421552,1.6338342165237987,,,spectral,kmeans_norm,0,0,[],"{""cluster_qr"": 82.31575690714226, ""kmeans_norm"": 86.55824457557885, ""kmeans_raw"": 85.29991633639327}",
COIL20,2,BKCC_V2,,formal,,AggregatePower,"{""q_after"": 6.0}",ok,1440,20,20,0.7069444444444445,0.8145300240272305,0.6499567789554465,0.6929871380254088,0.4008276999957161,0.013884400003007613,,10.268390777624901,2.068002410143787,0.03680955485957084,,,spectral,kmeans_norm,0,0,[],"{""cluster_qr"": 10.262581400602299, ""kmeans_norm"": 10.268390777624901, ""kmeans_raw"": 10.22360457241501}",
COIL20,2,BKCC_V2,,formal,,CA,{},ok,1440,20,20,0.6972222222222222,0.8072484721103235,0.6314226460833477,0.6821626470874873,0.43892139999661595,0.013343500002520159,,13.759874411183572,1.000000000000001,0.49902030076778764,,,spectral,kmeans_raw,0,0,[],"{""cluster_qr"": 13.702574096868808, ""kmeans_norm"": 13.735718246761463, ""kmeans_raw"": 13.759874411183572}",
COIL20,2,BKCC_V2,,formal,,LinearPair,"{""lambda"": 3.0}",ok,1440,20,20,0.6958333333333333,0.8131192212808804,0.6396704424460419,0.6807730512259053,0.3786935999960406,0.01189650000014808,,52.522538785849754,5.002944263064493,1.3997503662142132,1.2179622445599658e-16,1.4089787904740698,spectral,kmeans_raw,0,0,[],"{""cluster_qr"": 49.7420950579885, ""kmeans_norm"": 52.21863163037982, ""kmeans_raw"": 52.522538785849754}",
COIL20,2,BKCC_V2,,formal,,PSF-CE,"{""lambda"": 0.665, ""q"": 0.72}",ok,1440,20,20,0.6972222222222222,0.8072484721103235,0.6314226460833477,0.6821626470874873,0.4286673000024166,0.011252600001171231,,22.315091052622865,1.8552526709030834,0.7253144108800095,0.0008484988653322244,1.4198167200490388,spectral,kmeans_raw,0,0,[],"{""cluster_qr"": 22.082647598087966, ""kmeans_norm"": 22.2895855819846, ""kmeans_raw"": 22.315091052622865}",
COIL20,2,BKCC_V2,,formal,,Poly2,"{""eta"": 8.0}",ok,1440,20,20,0.6958333333333333,0.8131192212808804,0.6396704424460419,0.6807730512259053,0.39324049999413546,0.011781900000642054,,88.54087509508024,8.606576972537122,2.325594518649029,,,spectral,kmeans_raw,0,0,[],"{""cluster_qr"": 84.89180212000709, ""kmeans_norm"": 88.02673175107893, ""kmeans_raw"": 88.54087509508024}",
Caltech101-20,0,NEW10,,formal,,AggregatePower,"{""q_after"": 6.0}",ok,2386,20,20,0.26697401508801344,0.4063243639836919,0.16887027470016697,0.20711465966966397,0.4951722999976482,0.012830899999244139,,18.943488966233865,1.5459900135945026,0.35852499679786065,,,spectral,kmeans_raw,0,0,[],"{""cluster_qr"": 18.899263375015625, ""kmeans_norm"": 18.93568938539895, ""kmeans_raw"": 18.943488966233865}",
Caltech101-20,0,NEW10,,formal,,CA,{},ok,2386,20,20,0.26697401508801344,0.4063243639836919,0.16887027470016697,0.20711465966966397,0.5321638000023086,0.012542900003609248,,17.67997772318408,0.9999999999999992,0.7742887005110897,,,spectral,kmeans_raw,0,0,[],"{""cluster_qr"": 17.640864756478887, ""kmeans_norm"": 17.669541150482395, ""kmeans_raw"": 17.67997772318408}",
Caltech101-20,0,NEW10,,formal,,LinearPair,"{""lambda"": 3.0}",ok,2386,20,20,0.26110645431684826,0.4080888236169159,0.16741744699669334,0.2015102633041904,0.5957366999937221,0.014790500004892237,,71.54976283187433,4.515414918421748,2.6740713821211597,1.1184333125686238e-16,1.2057826244166732,spectral,kmeans_raw,0,0,[],"{""cluster_qr"": 70.51714769610018, ""kmeans_norm"": 70.70473033860551, ""kmeans_raw"": 71.54976283187433}",
Caltech101-20,0,NEW10,,formal,,PSF-CE,"{""lambda"": 0.665, ""q"": 0.72}",ok,2386,20,20,0.26110645431684826,0.40808882361691595,0.16741744699669334,0.2015102633041904,0.6062300000048708,0.017321200008154847,,29.567423480975535,1.7597944752339216,1.173887298859963,0.0005098010490170141,1.2111913776575718,spectral,kmeans_raw,0,0,[],"{""cluster_qr"": 29.08779085144693, ""kmeans_norm"": 29.284010387728994, ""kmeans_raw"": 29.567423480975535}",
Caltech101-20,0,NEW10,,formal,,Poly2,"{""eta"": 8.0}",ok,2386,20,20,0.26110645431684826,0.4080888236169159,0.16741744699669334,0.2015102633041904,0.550328699988313,0.013190799989388324,,137.5572275545037,8.79436816291088,5.100564212345832,,,spectral,kmeans_raw,0,0,[],"{""cluster_qr"": 135.3052111985899, ""kmeans_norm"": 135.8844460712782, ""kmeans_raw"": 137.5572275545037}",
Caltech101-20,1,NEW10,,formal,,AggregatePower,"{""q_after"": 6.0}",ok,2386,20,20,0.26487845766974016,0.39549008281215414,0.13980642880426944,0.20953408583893984,0.529317299995455,0.016448299997136928,,18.107477183151644,1.6204705556065688,0.30101953251144564,,,spectral,kmeans_raw,0,0,[],"{""cluster_qr"": 18.005540495755927, ""kmeans_norm"": 17.955175407207268, ""kmeans_raw"": 18.107477183151644}",
Caltech101-20,1,NEW10,,formal,,CA,{},ok,2386,20,20,0.26487845766974016,0.39549008281215414,0.13980642880426944,0.20953408583893984,0.5649234000011347,0.019333199990796857,,16.96394391928262,1.0000000000000007,0.7344743107322895,,,spectral,kmeans_raw,0,0,[],"{""cluster_qr"": 16.871670207156274, ""kmeans_norm"": 16.863042637100218, ""kmeans_raw"": 16.96394391928262}",
Caltech101-20,1,NEW10,,formal,,LinearPair,"{""lambda"": 3.0}",ok,2386,20,20,0.250628667225482,0.38776464265403776,0.12883631662042289,0.19649533377421166,0.5822998999938136,0.02236109999648761,,69.25338935031102,4.5413967196115435,2.5854461451672672,1.0217926381617325e-16,1.2602238198202047,spectral,kmeans_raw,0,0,[],"{""cluster_qr"": 67.32164588672181, ""kmeans_norm"": 69.1110328238752, ""kmeans_raw"": 69.25338935031102}",
Caltech101-20,1,NEW10,,formal,,PSF-CE,"{""lambda"": 0.665, ""q"": 0.72}",ok,2386,20,20,0.250628667225482,0.3877261158478567,0.12916990551387345,0.1963707562526034,0.5688086000009207,0.01732389999961015,,28.566874220964756,1.7536865517930327,1.1370320120621207,0.0005505719983956033,1.2664492492578532,spectral,kmeans_raw,0,0,[],"{""cluster_qr"": 27.903130105559526, ""kmeans_norm"": 28.523035840751174, ""kmeans_raw"": 28.566874220964756}",
Caltech101-20,1,NEW10,,formal,,Poly2,"{""eta"": 8.0}",ok,2386,20,20,0.250628667225482,0.38776464265403776,0.12883631662042289,0.19649533377421166,0.554631299994071,0.019247899996116757,,128.42519217958932,8.535883409258926,4.763068948673333,,,spectral,kmeans_raw,0,0,[],"{""cluster_qr"": 126.18863646639002, ""kmeans_norm"": 128.17197378944059, ""kmeans_raw"": 128.42519217958932}",
Caltech101-20,2,NEW10,,formal,,AggregatePower,"{""q_after"": 6.0}",ok,2386,20,20,0.268650461022632,0.4028551790827343,0.15955284676766388,0.21320351720261727,0.5123315000091679,0.019867800001520663,,18.998342336657846,1.6336191658068828,0.3675570661905654,,,spectral,kmeans_raw,0,0,[],"{""cluster_qr"": 18.809883874499167, ""kmeans_norm"": 18.83886318930544, ""kmeans_raw"": 18.998342336657846}",
Caltech101-20,2,NEW10,,formal,,CA,{},ok,2386,20,20,0.268650461022632,0.4028551790827343,0.15955284676766388,0.21320351720261727,0.5779364000045462,0.017529700009617954,,17.447359402179806,1.000000000000001,0.7687675701384,,,spectral,kmeans_raw,0,0,[],"{""cluster_qr"": 17.164670873452042, ""kmeans_norm"": 17.316937396400792, ""kmeans_raw"": 17.447359402179806}",
Caltech101-20,2,NEW10,,formal,,LinearPair,"{""lambda"": 3.0}",ok,2386,20,20,0.2707460184409053,0.40314554840979816,0.1557618693499553,0.2109841973653214,0.6606379000004381,0.026278999997884966,,71.56230762439937,4.586266991205372,2.8016408324720543,9.725394212621923e-17,1.236067757825236,spectral,kmeans_raw,0,0,[],"{""cluster_qr"": 69.40351041232067, ""kmeans_norm"": 70.94006688066057, ""kmeans_raw"": 71.56230762439937}",
Caltech101-20,2,NEW10,,formal,,PSF-CE,"{""lambda"": 0.665, ""q"": 0.72}",ok,2386,20,20,0.2707460184409053,0.40274965528449513,0.15836904617288686,0.2148806605860531,0.5406867999990936,0.019515099993441254,,29.334380063743026,1.773460316499421,1.2071223947870708,0.0004914791495620786,1.2422223825734002,spectral,kmeans_raw,0,0,[],"{""cluster_qr"": 28.591342111940314, ""kmeans_norm"": 28.987288643790464, ""kmeans_raw"": 29.334380063743026}",
Caltech101-20,2,NEW10,,formal,,Poly2,"{""eta"": 8.0}",ok,2386,20,20,0.2707460184409053,0.40314554840979816,0.1557618693499553,0.2109841973653214,0.5046269000013126,0.018105700000887737,,134.92916209221653,8.759346945715516,5.254627427160945,,,spectral,kmeans_raw,0,0,[],"{""cluster_qr"": 130.96033365162228, ""kmeans_norm"": 133.7341678132887, ""kmeans_raw"": 134.92916209221653}",
Caltech101-20-MV,0,TEXT_MV,,formal,,AggregatePower,"{""q_after"": 6.0}",ok,2386,20,20,0.45683151718357085,0.610035432886692,0.36217869538073616,0.4300920450400535,0.8508284000126878,0.02424510000855662,,5.558125806538249,2.0944033005361824,0.0018403566072498884,,,spectral,kmeans_raw,0,0,[],"{""cluster_qr"": 5.491228277393547, ""kmeans_norm"": 5.540996340622434, ""kmeans_raw"": 5.558125806538249}",
Caltech101-20-MV,0,TEXT_MV,,formal,,CA,{},ok,2386,20,20,0.45683151718357085,0.610035432886692,0.36217869538073616,0.4300920450400535,0.8171491999964928,0.031206800005747937,,8.253716925299953,0.9999999999999984,0.25856093295324034,,,spectral,kmeans_raw,0,0,[],"{""cluster_qr"": 7.925502487326885, ""kmeans_norm"": 8.04358086438003, ""kmeans_raw"": 8.253716925299953}",
Caltech101-20-MV,0,TEXT_MV,,formal,,LinearPair,"{""lambda"": 3.0}",ok,2386,20,20,0.45683151718357085,0.610035432886692,0.36217869538073616,0.4300920450400535,0.8144554999889806,0.028483899994171225,,29.488335171720458,4.809835680990804,0.5851652702559916,1.599228342159219e-16,1.917910917806582,spectral,kmeans_raw,0,0,[],"{""cluster_qr"": 28.1970801711786, ""kmeans_norm"": 28.879087088882276, ""kmeans_raw"": 29.488335171720458}",
Caltech101-20-MV,0,TEXT_MV,,formal,,PSF-CE,"{""lambda"": 0.665, ""q"": 0.72}",ok,2386,20,20,0.45683151718357085,0.6111724338916091,0.3604099229891142,0.43259638063969624,0.8502838999993401,0.024135400002705865,,13.034841742254422,1.6700438182705515,0.3431688353976036,0.0027995427486481378,2.0028389517640455,spectral,kmeans_raw,0,0,[],"{""cluster_qr"": 12.483758457294435, ""kmeans_norm"": 12.716348303213024, ""kmeans_raw"": 13.034841742254422}",
Caltech101-20-MV,0,TEXT_MV,,formal,,Poly2,"{""eta"": 8.0}",ok,2386,20,20,0.45683151718357085,0.610035432886692,0.36217869538073616,0.4300920450400535,0.8865340000047581,0.02817180000420194,,39.203621233908706,6.419323436467391,0.7933909813504398,,,spectral,kmeans_raw,0,0,[],"{""cluster_qr"": 37.394430574925586, ""kmeans_norm"": 38.38225100347605, ""kmeans_raw"": 39.203621233908706}",
Caltech101-20-MV,1,TEXT_MV,,formal,,AggregatePower,"{""q_after"": 6.0}",ok,2386,20,20,0.5041911148365466,0.6408844531225647,0.38293722734600183,0.47952839866835567,0.7955852999875788,0.03154229999927338,,5.789406952535611,2.003669580665537,0.001429115788617793,,,spectral,kmeans_raw,0,0,[],"{""cluster_qr"": 5.721760734344409, ""kmeans_norm"": 5.73470156552392, ""kmeans_raw"": 5.789406952535611}",
Caltech101-20-MV,1,TEXT_MV,,formal,,CA,{},ok,2386,20,20,0.5041911148365466,0.6408844531225647,0.38293722734600183,0.47952839866835567,0.836629700002959,0.02342920000955928,,8.42422106779614,1.0000000000000016,0.2456298518413461,,,spectral,kmeans_raw,0,0,[],"{""cluster_qr"": 7.827136859101512, ""kmeans_norm"": 8.097953607359155, ""kmeans_raw"": 8.42422106779614}",
Caltech101-20-MV,1,TEXT_MV,,formal,,LinearPair,"{""lambda"": 3.0}",ok,2386,20,20,0.5041911148365466,0.6408844531225647,0.38293722734600183,0.47952839866835567,0.7640936999960104,0.03202789998613298,,30.252916439505864,4.671243717665658,0.5373059011953454,1.3743542932981112e-16,1.922148102648799,spectral,kmeans_raw,0,0,[],"{""cluster_qr"": 28.446070549143318, ""kmeans_norm"": 29.207413197079912, ""kmeans_raw"": 30.252916439505864}",
Caltech101-20-MV,1,TEXT_MV,,formal,,PSF-CE,"{""lambda"": 0.665, ""q"": 0.72}",ok,2386,20,20,0.5041911148365466,0.6401056026637912,0.3818150347128303,0.47855920968905313,0.8598976000066614,0.026361700001871213,,13.346196386482175,1.633043636358111,0.32086697111265355,0.0026930330314743705,2.0039130430354364,spectral,kmeans_raw,0,0,[],"{""cluster_qr"": 12.675892948112164, ""kmeans_norm"": 12.401207161705846, ""kmeans_raw"": 13.346196386482175}",
Caltech101-20-MV,1,TEXT_MV,,formal,,Poly2,"{""eta"": 8.0}",ok,2386,20,20,0.5041911148365466,0.6408844531225647,0.38293722734600183,0.47952839866835567,0.8477470000070753,0.024523900006897748,,40.163472845483966,6.223967020048501,0.728302044766159,,,spectral,kmeans_raw,0,0,[],"{""cluster_qr"": 38.27770080526365, ""kmeans_norm"": 38.75876729268761, ""kmeans_raw"": 40.163472845483966}",
Cardiotocography,0,NEW10,,formal,,AggregatePower,"{""q_after"": 6.0}",ok,2126,10,20,0.40545625587958606,0.36227733174399224,0.18205436221253596,0.3539486698773683,0.343029600000591,0.004083600011654198,,4.9088161653193705,1.6373571026992328,0.015174790386749366,,,spectral,kmeans_raw,0,0,[],"{""cluster_qr"": 4.8867040963043324, ""kmeans_norm"": 4.120478974818504, ""kmeans_raw"": 4.9088161653193705}",
Cardiotocography,0,NEW10,,formal,,CA,{},ok,2126,10,20,0.40545625587958606,0.36227733174399224,0.18205436221253596,0.3539486698773683,0.29950590000953525,0.0038711000088369474,,5.8598255128101595,1.000000000000001,0.39034298276865964,,,spectral,kmeans_raw,0,0,[],"{""cluster_qr"": 5.803962056170137, ""kmeans_norm"": 5.26970568762575, ""kmeans_raw"": 5.8598255128101595}",
Cardiotocography,0,NEW10,,formal,,LinearPair,"{""lambda"": 3.0}",ok,2126,10,20,0.40545625587958606,0.36227733174399224,0.18205436221253596,0.3539486698773683,0.35171590000391006,0.005458700004965067,,20.671550410853246,4.258017125605288,1.0000000000000009,2.584073817527705e-16,1.579781266020734,spectral,kmeans_raw,0,0,[],"{""cluster_qr"": 20.488866090249566, ""kmeans_norm"": 17.610378813044917, ""kmeans_raw"": 20.671550410853246}",
Cardiotocography,0,NEW10,,formal,,PSF-CE,"{""lambda"": 0.665, ""q"": 0.72}",ok,2126,10,20,0.4063969896519285,0.36244758021652146,0.18247002250846117,0.35453851311275825,0.3301437999907648,0.004528799996478483,,9.17401919255945,1.5883023919262138,0.5524583829494181,0.0030097893506825274,1.621363748496878,spectral,kmeans_raw,0,0,[],"{""cluster_qr"": 9.105187873760238, ""kmeans_norm"": 8.06219940136662, ""kmeans_raw"": 9.17401919255945}",
Cardiotocography,0,NEW10,,formal,,Poly2,"{""eta"": 8.0}",ok,2126,10,20,0.4153339604891816,0.36730405507035563,0.19007452676255138,0.3609341359429247,0.33044380000501405,0.004046700007165782,,31.474756122055737,6.65474311497042,1.106703118558169,,,spectral,kmeans_raw,0,0,[],"{""cluster_qr"": 28.22237401011077, ""kmeans_norm"": 26.659666203249987, ""kmeans_raw"": 31.474756122055737}",
Caltech101-20-MV,2,TEXT_MV,,formal,,AggregatePower,"{""q_after"": 6.0}",ok,2386,20,20,0.47946353730092206,0.6221931126857088,0.34437438604319764,0.43567009374584814,0.940515599999344,0.02988119999645278,,5.783134400204779,1.9918306963463288,0.0013332646807968419,,,spectral,kmeans_raw,0,0,[],"{""cluster_qr"": 5.639655987280554, ""kmeans_norm"": 5.624112026613755, ""kmeans_raw"": 5.783134400204779}",
Caltech101-20-MV,2,TEXT_MV,,formal,,CA,{},ok,2386,20,20,0.47946353730092206,0.6221931126857088,0.34437438604319764,0.43567009374584814,0.98312459999579,0.02850380000018049,,8.400610224061499,1.0000000000000016,0.24426498379218994,,,spectral,kmeans_raw,0,0,[],"{""cluster_qr"": 7.685235947286682, ""kmeans_norm"": 7.863252780438101, ""kmeans_raw"": 8.400610224061499}",
Caltech101-20-MV,2,TEXT_MV,,formal,,LinearPair,"{""lambda"": 3.0}",ok,2386,20,20,0.47946353730092206,0.6221931126857088,0.34437438604319764,0.43567009374584814,0.8915135999995982,0.028657799994107336,,30.07686065445258,4.671291261810383,0.5290298505175917,1.5315947661495896e-16,1.9003474702945489,spectral,kmeans_raw,0,0,[],"{""cluster_qr"": 28.697534078466596, ""kmeans_norm"": 28.035578422060745, ""kmeans_raw"": 30.07686065445258}",
Caltech101-20-MV,2,TEXT_MV,,formal,,PSF-CE,"{""lambda"": 0.665, ""q"": 0.72}",ok,2386,20,20,0.4790444258172674,0.6198725700629439,0.3438758945897225,0.43394279609308156,0.9472646000067471,0.03125949999957811,,13.28687631451288,1.6363756444535675,0.31531847415267117,0.0028325375902011215,1.9817314575402316,spectral,kmeans_raw,0,0,[],"{""cluster_qr"": 12.496283662076376, ""kmeans_norm"": 12.68878037532043, ""kmeans_raw"": 13.28687631451288}",
Caltech101-20-MV,2,TEXT_MV,,formal,,Poly2,"{""eta"": 8.0}",ok,2386,20,20,0.47946353730092206,0.6221931126857088,0.34437438604319764,0.43567009374584814,0.9532859999890206,0.031440199993085116,,40.257237009677645,6.28250956138961,0.7215880422481796,,,spectral,kmeans_raw,0,0,[],"{""cluster_qr"": 37.750694963765234, ""kmeans_norm"": 37.50007018508196, ""kmeans_raw"": 40.257237009677645}",
Cardiotocography,1,NEW10,,formal,,AggregatePower,"{""q_after"": 6.0}",ok,2126,10,20,0.4063969896519285,0.356552362539216,0.17688687862231012,0.35913328315894233,0.3349523000069894,0.0044544000120367855,,4.904027029058369,1.5091974698232915,0.012639637351361841,,,spectral,kmeans_raw,0,0,[],"{""cluster_qr"": 4.833509375867461, ""kmeans_norm"": 3.5835671210180395, ""kmeans_raw"": 4.904027029058369}",
Cardiotocography,1,NEW10,,formal,,CA,{},ok,2126,10,20,0.4063969896519285,0.356552362539216,0.17688687862231012,0.35913328315894233,0.33828820000053383,0.005103400006191805,,5.949986669985591,1.0000000000000018,0.39546430023096546,,,spectral,kmeans_raw,0,0,[],"{""cluster_qr"": 5.751606555588603, ""kmeans_norm"": 5.2944508292006525, ""kmeans_raw"": 5.949986669985591}",
Cardiotocography,1,NEW10,,formal,,LinearPair,"{""lambda"": 3.0}",ok,2126,10,20,0.4063969896519285,0.356552362539216,0.17688687862231012,0.35913328315894233,0.3375613000098383,0.004234100008034147,,20.705850381565405,4.292612171144072,1.0000000000000013,2.1439206924988673e-16,1.4891059728463343,spectral,kmeans_raw,0,0,[],"{""cluster_qr"": 20.343405858385143, ""kmeans_norm"": 17.077313871048325, ""kmeans_raw"": 20.705850381565405}",
Cardiotocography,1,NEW10,,formal,,PSF-CE,"{""lambda"": 0.665, ""q"": 0.72}",ok,2126,10,20,0.40545625587958606,0.3561025320509147,0.17654768359817577,0.358353346672339,0.34020830001099966,0.005158400002983399,,9.265318424226356,1.610734374290849,0.556655051608461,0.0026279694541172607,1.5364314278247055,spectral,kmeans_raw,0,0,[],"{""cluster_qr"": 9.091046132472592, ""kmeans_norm"": 7.944210447330503, ""kmeans_raw"": 9.265318424226356}",
Cardiotocography,1,NEW10,,formal,,Poly2,"{""eta"": 8.0}",ok,2126,10,20,0.4063969896519285,0.356552362539216,0.17688687862231012,0.35913328315894233,0.3497963000118034,0.005042500008130446,,33.03331319233832,7.0384232776613045,1.0000000000000018,,,spectral,kmeans_raw,0,0,[],"{""cluster_qr"": 32.2594346859028, ""kmeans_norm"": 27.057762003093465, ""kmeans_raw"": 33.03331319233832}",
Chameleon,0,GRAPH_GEOMETRY_8,,formal,,AggregatePower,"{""q_after"": 6.0}",ok,2277,5,20,0.3227931488801054,0.06452153508842659,0.04731928782586333,0.2713430424915679,0.1306077000044752,0.0013058000040473416,,2.9593715053987175,1.0000000000000029,0.210114924798612,,,spectral,cluster_qr,0,0,[],"{""cluster_qr"": 2.9593715053987175, ""kmeans_norm"": 2.9590670173455855, ""kmeans_raw"": 2.9593715053987175}",
Chameleon,0,GRAPH_GEOMETRY_8,,formal,,CA,{},ok,2277,5,20,0.3227931488801054,0.06452153508842659,0.04731928782586333,0.2713430424915679,0.1296208999992814,0.001363100003800355,,2.938234740386534,1.0000000000000029,0.4377275307365828,,,spectral,cluster_qr,0,0,[],"{""cluster_qr"": 2.938234740386534, ""kmeans_norm"": 2.938051282693835, ""kmeans_raw"": 2.938234740386534}",
Chameleon,0,GRAPH_GEOMETRY_8,,formal,,LinearPair,"{""lambda"": 3.0}",ok,2277,5,20,0.3227931488801054,0.0645215350884266,0.04731928782586333,0.2713430424915679,0.1379832999955397,0.0013649000029545277,,9.497829103712693,2.784600219438388,1.0000000000000024,1.5679199426706035e-15,2.3938659004934273,spectral,kmeans_raw,0,0,[],"{""cluster_qr"": 9.496930181221247, ""kmeans_norm"": 9.496930181221247, ""kmeans_raw"": 9.497829103712693}",
Chameleon,0,GRAPH_GEOMETRY_8,,formal,,PSF-CE,"{""lambda"": 0.665, ""q"": 0.72}",ok,2277,5,20,0.3227931488801054,0.0645215350884266,0.04731928782586333,0.2713430424915679,0.13232409999181982,0.0013872999988961965,,4.394719867456433,1.0534313836559939,0.725133533502664,0.003780832430645554,2.4012971083878942,spectral,kmeans_raw,0,0,[],"{""cluster_qr"": 4.390390561011937, ""kmeans_norm"": 4.394380189571822, ""kmeans_raw"": 4.394719867456433}",
Chameleon,0,GRAPH_GEOMETRY_8,,formal,,Poly2,"{""eta"": 8.0}",ok,2277,5,20,0.32367149758454106,0.06482654853217104,0.048061125388580185,0.2729566557367926,0.13202959999034647,0.0010857999877771363,,10.575355693375192,3.1406575729594643,1.0475708977469194,,,spectral,kmeans_norm,0,0,[],"{""cluster_qr"": 8.852821785776174, ""kmeans_norm"": 10.575355693375192, ""kmeans_raw"": 9.381805248380605}",
Cardiotocography,2,NEW10,,formal,,AggregatePower,"{""q_after"": 6.0}",ok,2126,10,20,0.4134524929444967,0.35571012846943595,0.18114948630990255,0.36395846982906555,0.2815883000002941,0.005328200000803918,,4.925486814593194,1.5426797151530443,0.00930488074048162,,,spectral,kmeans_raw,0,0,[],"{""cluster_qr"": 4.831578290462874, ""kmeans_norm"": 3.9148043322415975, ""kmeans_raw"": 4.925486814593194}",
Cardiotocography,2,NEW10,,formal,,CA,{},ok,2126,10,20,0.4134524929444967,0.35571012846943595,0.18114948630990255,0.36395846982906555,0.29125749999366235,0.005355899993446656,,5.917904422663724,0.9999999999999999,0.3656024431883328,,,spectral,kmeans_raw,0,0,[],"{""cluster_qr"": 5.635558429111632, ""kmeans_norm"": 5.247471893562618, ""kmeans_raw"": 5.917904422663724}",
Cardiotocography,2,NEW10,,formal,,LinearPair,"{""lambda"": 3.0}",ok,2126,10,20,0.4134524929444967,0.35571012846943595,0.18114948630990255,0.36395846982906555,0.3244593999988865,0.004239300003973767,,20.734719667959645,4.216641846810732,0.9262508288751563,2.2710979574505565e-16,1.5386628943880676,spectral,kmeans_raw,0,0,[],"{""cluster_qr"": 20.506423921978545, ""kmeans_norm"": 17.287804805395858, ""kmeans_raw"": 20.734719667959645}",
Cardiotocography,2,NEW10,,formal,,PSF-CE,"{""lambda"": 0.665, ""q"": 0.72}",ok,2126,10,20,0.4134524929444967,0.35571012846943595,0.18114948630990255,0.36395846982906555,0.35245549998944625,0.004081099992617965,,9.23715087118728,1.5825779973593521,0.5059177399815645,0.0030207725185664126,1.5799716413875649,spectral,kmeans_raw,0,0,[],"{""cluster_qr"": 8.888293518410071, ""kmeans_norm"": 7.98161522764352, ""kmeans_raw"": 9.23715087118728}",
Cardiotocography,2,NEW10,,formal,,Poly2,"{""eta"": 8.0}",ok,2126,10,20,0.4134524929444967,0.35571012846943595,0.18114948630990255,0.36395846982906555,0.32420299999648705,0.004438299991306849,,32.280229090408085,6.731307786473874,0.9999999999999998,,,spectral,kmeans_raw,0,0,[],"{""cluster_qr"": 31.92094432763852, ""kmeans_norm"": 26.770280944066464, ""kmeans_raw"": 32.280229090408085}",
Chameleon,1,GRAPH_GEOMETRY_8,,formal,,AggregatePower,"{""q_after"": 6.0}",ok,2277,5,20,0.3227931488801054,0.0645215350884266,0.04731928782586333,0.2713430424915679,0.12225520001084078,0.0011280000035185367,,2.977503495551064,1.000000000000002,0.21585044112695795,,,spectral,kmeans_raw,0,0,[],"{""cluster_qr"": 2.9738685585392526, ""kmeans_norm"": 2.9774496097666567, ""kmeans_raw"": 2.977503495551064}",
Chameleon,1,GRAPH_GEOMETRY_8,,formal,,CA,{},ok,2277,5,20,0.3227931488801054,0.0645215350884266,0.04731928782586333,0.2713430424915679,0.10361330000159796,0.001166599991847761,,2.9337933233171265,1.0000000000000018,0.4374807106721099,,,spectral,kmeans_raw,0,0,[],"{""cluster_qr"": 2.9291552949750033, ""kmeans_norm"": 2.933701381861297, ""kmeans_raw"": 2.9337933233171265}",
Chameleon,1,GRAPH_GEOMETRY_8,,formal,,LinearPair,"{""lambda"": 3.0}",ok,2277,5,20,0.3227931488801054,0.0645215350884266,0.04731928782586333,0.2713430424915679,0.12388810000265948,0.0010886000090977177,,9.494887216907753,2.757867883430467,1.0000000000000016,1.6488972068611632e-15,2.4068426219646684,spectral,kmeans_raw,0,0,[],"{""cluster_qr"": 9.494575648913747, ""kmeans_norm"": 9.494575648913747, ""kmeans_raw"": 9.494887216907753}",
Chameleon,1,GRAPH_GEOMETRY_8,,formal,,PSF-CE,"{""lambda"": 0.665, ""q"": 0.72}",ok,2277,5,20,0.3227931488801054,0.0645215350884266,0.04731928782586333,0.2713430424915679,0.12756269999954384,0.0012241999938851222,,4.390407855506851,1.0445062138078371,0.7258102390253772,0.003755726632524063,2.4140163733808384,spectral,kmeans_raw,0,0,[],"{""cluster_qr"": 4.390257671997441, ""kmeans_norm"": 4.390257671997441, ""kmeans_raw"": 4.390407855506851}",
Chameleon,1,GRAPH_GEOMETRY_8,,formal,,Poly2,"{""eta"": 8.0}",ok,2277,5,20,0.32367149758454106,0.06482654853217104,0.048061125388580185,0.2729566557367926,0.1058441000059247,0.0009293000039178878,,10.533524033941722,3.0984063414332743,1.0511055770848268,,,spectral,kmeans_norm,0,0,[],"{""cluster_qr"": 7.89237338681556, ""kmeans_norm"": 10.533524033941722, ""kmeans_raw"": 9.351145080241832}",
Chameleon,2,GRAPH_GEOMETRY_8,,formal,,AggregatePower,"{""q_after"": 6.0}",ok,2277,5,20,0.3227931488801054,0.0645215350884266,0.04731928782586333,0.2713430424915679,0.10073209999245591,0.0009483000030741096,,2.9492679798474355,1.004688278696033,0.2065321491238159,,,spectral,kmeans_raw,0,0,[],"{""cluster_qr"": 2.949144788569658, ""kmeans_norm"": 2.949144788569658, ""kmeans_raw"": 2.9492679798474355}",
Chameleon,2,GRAPH_GEOMETRY_8,,formal,,CA,{},ok,2277,5,20,0.3227931488801054,0.0645215350884266,0.04731928782586333,0.2713430424915679,0.12700819999736268,0.0013249000039650127,,2.9373438603591855,0.9999999999999999,0.4372837857472539,,,spectral,kmeans_raw,0,0,[],"{""cluster_qr"": 2.9372267415363638, ""kmeans_norm"": 2.9372267415363638, ""kmeans_raw"": 2.9373438603591855}",
Chameleon,2,GRAPH_GEOMETRY_8,,formal,,LinearPair,"{""lambda"": 3.0}",ok,2277,5,20,0.3227931488801054,0.0645215350884266,0.04731928782586333,0.2713430424915679,0.12162209999223705,0.0013654999929713085,,9.49940897921065,2.8043529734961985,0.9999999999999998,2.0243642143071415e-15,2.3949501718258897,spectral,kmeans_raw,0,0,[],"{""cluster_qr"": 9.498939869348384, ""kmeans_norm"": 9.498939869348384, ""kmeans_raw"": 9.49940897921065}",
Chameleon,2,GRAPH_GEOMETRY_8,,formal,,PSF-CE,"{""lambda"": 0.665, ""q"": 0.72}",ok,2277,5,20,0.3227931488801054,0.0645215350884266,0.04731928782586333,0.2713430424915679,0.12591560000146274,0.0013309000059962273,,4.394237566095099,1.0599608573785078,0.7238987181304971,0.0036413071196260303,2.40201371716932,spectral,kmeans_raw,0,0,[],"{""cluster_qr"": 4.394037476660721, ""kmeans_norm"": 4.394037476660721, ""kmeans_raw"": 4.394237566095099}",
Chameleon,2,GRAPH_GEOMETRY_8,,formal,,Poly2,"{""eta"": 8.0}",ok,2277,5,20,0.32367149758454106,0.06482654853217104,0.048061125388580185,0.2729566557367926,0.13077740000153426,0.0013151000021025538,,10.574729090794246,3.1611854408049824,1.0477033709681818,,,spectral,kmeans_norm,0,0,[],"{""cluster_qr"": 9.315897423375421, ""kmeans_norm"": 10.574729090794246, ""kmeans_raw"": 9.515150968433119}",
CiteSeer,0,CONTENT_RELATION_8,,formal,,AggregatePower,"{""q_after"": 6.0}",ok,3312,6,20,0.38768115942028986,0.15075106441415834,0.1621997844455341,0.3212054279307047,0.1849036000057822,0.001814100003684871,,3.159327089541739,0.9999999999999997,0.055941694517389,,,spectral,kmeans_raw,0,0,[],"{""cluster_qr"": 3.1525558054527973, ""kmeans_norm"": 3.1508493833882296, ""kmeans_raw"": 3.159327089541739}",
CiteSeer,0,CONTENT_RELATION_8,,formal,,CA,{},ok,3312,6,20,0.38768115942028986,0.15075106441415834,0.1621997844455341,0.3212054279307047,0.1738642999989679,0.0024228999973274767,,3.08011624594656,0.9999999999999996,0.3173384733789629,,,spectral,kmeans_raw,0,0,[],"{""cluster_qr"": 3.0770807394364583, ""kmeans_norm"": 3.075282166231268, ""kmeans_raw"": 3.08011624594656}",
CiteSeer,0,CONTENT_RELATION_8,,formal,,LinearPair,"{""lambda"": 3.0}",ok,3312,6,20,0.38768115942028986,0.15075106441415834,0.1621997844455341,0.3212054279307047,0.17279579999740236,0.0016192000039154664,,10.062447770577206,2.3301117985139803,0.9999999999999993,1.5481828598135452e-15,2.729237155351635,spectral,kmeans_raw,0,0,[],"{""cluster_qr"": 10.046918541604393, ""kmeans_norm"": 10.037789302556607, ""kmeans_raw"": 10.062447770577206}",
CiteSeer,0,CONTENT_RELATION_8,,formal,,PSF-CE,"{""lambda"": 0.665, ""q"": 0.72}",ok,3312,6,20,0.38768115942028986,0.15075106441415828,0.1621997844455341,0.3212054279307047,0.18493479999597184,0.0016203999985009432,,4.629486935645475,0.9999999999999996,0.481802236048851,0.0020320557492266426,2.7368017812425074,spectral,kmeans_raw,0,0,[],"{""cluster_qr"": 4.623752468002935, ""kmeans_norm"": 4.6203582211003615, ""kmeans_raw"": 4.629486935645475}",
CiteSeer,0,CONTENT_RELATION_8,,formal,,Poly2,"{""eta"": 8.0}",ok,3312,6,20,0.38768115942028986,0.15075106441415834,0.1621997844455341,0.3212054279307047,0.18357310000283178,0.002032500007771887,,10.393304612501165,2.3930818080570124,0.9999999999999996,,,spectral,kmeans_raw,0,0,[],"{""cluster_qr"": 10.360703303843627, ""kmeans_norm"": 10.368135501223552, ""kmeans_raw"": 10.393304612501165}",
CiteSeer,1,CONTENT_RELATION_8,,formal,,AggregatePower,"{""q_after"": 6.0}",ok,3312,6,20,0.3774154589371981,0.1482827618820251,0.15837249121297844,0.30419888056202216,0.21747940000204835,0.0019090999994659796,,3.22912021910289,1.0000000000000016,0.06704036084620174,,,spectral,kmeans_raw,0,0,[],"{""cluster_qr"": 3.2224606427806934, ""kmeans_norm"": 3.2225480926855616, ""kmeans_raw"": 3.22912021910289}",
CiteSeer,1,CONTENT_RELATION_8,,formal,,CA,{},ok,3312,6,20,0.3774154589371981,0.1482827618820251,0.15837249121297844,0.30419888056202216,0.19744589999027085,0.0021099000005051494,,3.127722575548775,1.0000000000000016,0.33175850369303017,,,spectral,kmeans_raw,0,0,[],"{""cluster_qr"": 3.126281868170937, ""kmeans_norm"": 3.1264636056756507, ""kmeans_raw"": 3.127722575548775}",
CiteSeer,1,CONTENT_RELATION_8,,formal,,LinearPair,"{""lambda"": 3.0}",ok,3312,6,20,0.3774154589371981,0.1482827618820251,0.15837249121297844,0.30419888056202216,0.2030757999891648,0.0019431999971857294,,10.271997404881084,2.340739019878878,1.0000000000000016,1.1872083831957725e-15,2.674158924767412,spectral,kmeans_raw,0,0,[],"{""cluster_qr"": 10.271532921867031, ""kmeans_norm"": 10.252580205775754, ""kmeans_raw"": 10.271997404881084}",
CiteSeer,1,CONTENT_RELATION_8,,formal,,PSF-CE,"{""lambda"": 0.665, ""q"": 0.72}",ok,3312,6,20,0.3774154589371981,0.14828276188202513,0.15837249121297844,0.30712162221753386,0.1892534000071464,0.0014579999988200143,,4.711861346438694,1.0000000000000016,0.5074104541768624,0.0018700004146704463,2.6800348531310525,spectral,kmeans_raw,0,0,[],"{""cluster_qr"": 4.706046983511696, ""kmeans_norm"": 4.706596399390037, ""kmeans_raw"": 4.711861346438694}",
CiteSeer,1,CONTENT_RELATION_8,,formal,,Poly2,"{""eta"": 8.0}",ok,3312,6,20,0.3774154589371981,0.1482827618820251,0.15837249121297844,0.30419888056202216,0.18459890001395252,0.001443100001779385,,10.746857214432332,2.440807968506029,1.0000000000000016,,,spectral,kmeans_raw,0,0,[],"{""cluster_qr"": 10.740942476921662, ""kmeans_norm"": 10.72789266948712, ""kmeans_raw"": 10.746857214432332}",
CiteSeer,2,CONTENT_RELATION_8,,formal,,AggregatePower,"{""q_after"": 6.0}",ok,3312,6,20,0.3713768115942029,0.13972711426790835,0.1490828086566087,0.3024993790670865,0.17340040000271983,0.0016166999994311482,,3.1653849375331524,0.9999999999999983,0.07071443754098472,,,spectral,kmeans_raw,0,0,[],"{""cluster_qr"": 3.1501257343892455, ""kmeans_norm"": 3.1488682943355966, ""kmeans_raw"": 3.1653849375331524}",
CiteSeer,2,CONTENT_RELATION_8,,formal,,CA,{},ok,3312,6,20,0.3713768115942029,0.13972711426790835,0.1490828086566087,0.3024993790670865,0.1747797999996692,0.0020958999957656488,,3.1126840837960823,0.9999999999999982,0.3342762229368028,,,spectral,kmeans_raw,0,0,[],"{""cluster_qr"": 3.1003831766523744, ""kmeans_norm"": 3.1115117178407026, ""kmeans_raw"": 3.1126840837960823}",
CiteSeer,2,CONTENT_RELATION_8,,formal,,LinearPair,"{""lambda"": 3.0}",ok,3312,6,20,0.3713768115942029,0.13972711426790835,0.1490828086566087,0.3024993790670865,0.16540330000862014,0.0022985000105109066,,10.208509524753461,2.3894094520955593,0.9999999999999982,5.59155505878723e-16,2.688806215669953,spectral,kmeans_raw,0,0,[],"{""cluster_qr"": 10.154861766178495, ""kmeans_norm"": 10.17553212518228, ""kmeans_raw"": 10.208509524753461}",
CiteSeer,2,CONTENT_RELATION_8,,formal,,PSF-CE,"{""lambda"": 0.665, ""q"": 0.72}",ok,3312,6,20,0.3713768115942029,0.1397271142679083,0.1490828086566087,0.3024993790670865,0.18324179999763146,0.002332500007469207,,4.685974095945792,0.9999999999999984,0.513675864831011,0.0022334366785624546,2.6979629168573034,spectral,kmeans_raw,0,0,[],"{""cluster_qr"": 4.6644627743869265, ""kmeans_norm"": 4.67754664196096, ""kmeans_raw"": 4.685974095945792}",
CiteSeer,2,CONTENT_RELATION_8,,formal,,Poly2,"{""eta"": 8.0}",ok,3312,6,20,0.3713768115942029,0.13972711426790835,0.1490828086566087,0.3024993790670865,0.17127679999975953,0.001624900003662333,,10.64328641489417,2.479093821936947,0.9999999999999984,,,spectral,kmeans_raw,0,0,[],"{""cluster_qr"": 10.611679108221637, ""kmeans_norm"": 10.611679108221637, ""kmeans_raw"": 10.64328641489417}",
Coauthor CS,1,GRAPH_GEOMETRY_8,,formal,,AggregatePower,"{""q_after"": 6.0}",ok,18333,15,20,0.6137020673103147,0.6176016562133255,0.4982354650004488,0.5700550374962351,3.245069099997636,0.016640399990137666,,4.7442633616626955,1.9107999290333206,0.008358165194837067,,,spectral,kmeans_raw,0,0,[],"{""cluster_qr"": 4.733054042250734, ""kmeans_norm"": 4.599712589886568, ""kmeans_raw"": 4.7442633616626955}",
Coauthor CS,1,GRAPH_GEOMETRY_8,,formal,,CA,{},ok,18333,15,20,0.6137020673103147,0.6176016562133255,0.4982354650004488,0.5700550374962351,3.3507440999965183,0.019852999990689568,,7.071072018250622,1.0000000000000013,0.30880837009259676,,,spectral,kmeans_raw,0,0,[],"{""cluster_qr"": 7.003627812329876, ""kmeans_norm"": 6.742490209793791, ""kmeans_raw"": 7.071072018250622}",
Coauthor CS,1,GRAPH_GEOMETRY_8,,formal,,LinearPair,"{""lambda"": 3.0}",ok,18333,15,20,0.6137020673103147,0.6176016562133255,0.4982354650004488,0.5700550374962351,3.439018599994597,0.026785099995322526,,25.69431760227366,4.356521135107191,0.8357686698761049,5.889215992854025e-16,2.087915254157971,spectral,kmeans_raw,0,0,[],"{""cluster_qr"": 25.51072154265783, ""kmeans_norm"": 24.161379532025727, ""kmeans_raw"": 25.69431760227366}",
Coauthor CS,1,GRAPH_GEOMETRY_8,,formal,,PSF-CE,"{""lambda"": 0.665, ""q"": 0.72}",ok,18333,15,20,0.6133747886325206,0.6162306967545872,0.4963151397265523,0.5690856415515161,2.9593738000112353,0.0188351000106195,,11.266713098065223,1.5144138702074734,0.4374292617709228,0.003501984048077135,2.1460886037819904,spectral,kmeans_raw,0,0,[],"{""cluster_qr"": 11.197455114564304, ""kmeans_norm"": 10.67435464201859, ""kmeans_raw"": 11.266713098065223}",
Coauthor CS,1,GRAPH_GEOMETRY_8,,formal,,Poly2,"{""eta"": 8.0}",ok,18333,15,20,0.6137020673103147,0.6176016562133255,0.4982354650004488,0.5700550374962351,3.1766346999938833,0.020622899988666177,,32.09567120119431,5.428446725497966,1.0000000000000007,,,spectral,kmeans_raw,0,0,[],"{""cluster_qr"": 31.82910834000861, ""kmeans_norm"": 30.174373287700185, ""kmeans_raw"": 32.09567120119431}",
Coauthor CS,0,GRAPH_GEOMETRY_8,,formal,,AggregatePower,"{""q_after"": 6.0}",ok,18333,15,20,0.6070474008618338,0.6097483379516607,0.493431505310873,0.5625805369648886,3.203102300001774,0.018417499988572672,,4.682732670136027,1.93610365988544,0.006998799601153077,,,spectral,kmeans_raw,0,0,[],"{""cluster_qr"": 4.6768565779326545, ""kmeans_norm"": 4.567269890797191, ""kmeans_raw"": 4.682732670136027}",
Coauthor CS,0,GRAPH_GEOMETRY_8,,formal,,CA,{},ok,18333,15,20,0.6070474008618338,0.6097483379516607,0.493431505310873,0.5625805369648886,3.308755599995493,0.02017329999944195,,7.125351876890015,1.0000000000000016,0.30492779076516313,,,spectral,kmeans_raw,0,0,[],"{""cluster_qr"": 7.070793294681368, ""kmeans_norm"": 6.747846615337204, ""kmeans_raw"": 7.125351876890015}",
Coauthor CS,0,GRAPH_GEOMETRY_8,,formal,,LinearPair,"{""lambda"": 3.0}",ok,18333,15,20,0.6070474008618338,0.6097483379516607,0.493431505310873,0.5625805369648886,3.9184415000054287,0.02268710000498686,,25.820872641640914,4.4665542542038486,0.8106358174764523,8.671076357693231e-16,2.060098604231615,spectral,kmeans_raw,0,0,[],"{""cluster_qr"": 25.693798252498272, ""kmeans_norm"": 24.199411540501668, ""kmeans_raw"": 25.820872641640914}",
Coauthor CS,0,GRAPH_GEOMETRY_8,,formal,,PSF-CE,"{""lambda"": 0.665, ""q"": 0.72}",ok,18333,15,20,0.607538318878525,0.6091011800093719,0.4920840888007572,0.5627207667160506,3.8208700000104727,0.02120709999871906,,11.339428067273548,1.549680443084011,0.4291419762380646,0.00375832692824702,2.1178697282178267,spectral,kmeans_raw,0,0,[],"{""cluster_qr"": 11.275023270667253, ""kmeans_norm"": 10.68564464422706, ""kmeans_raw"": 11.339428067273548}",
Coauthor CS,0,GRAPH_GEOMETRY_8,,formal,,Poly2,"{""eta"": 8.0}",ok,18333,15,20,0.6070474008618338,0.6097483379516607,0.493431505310873,0.5625805369648886,3.179051899991464,0.020506599990767427,,32.56564748726461,5.625130531323216,1.000000000000001,,,spectral,kmeans_raw,0,0,[],"{""cluster_qr"": 32.390337722484034, ""kmeans_norm"": 30.50742946202525, ""kmeans_raw"": 32.56564748726461}",
Coauthor Physics,0,GRAPH_GEOMETRY_8,,formal,,AggregatePower,"{""q_after"": 6.0}",ok,34493,5,20,0.7803902241034413,0.6011826156559515,0.6965987809660112,0.6934521362301406,0.1324248000018997,0.0075527000008150935,,2.4093393787837547,1.1536008931172397,0.023154936247086314,,,spectral,cluster_qr,0,0,[],"{""cluster_qr"": 2.4093393787837547, ""kmeans_norm"": 2.408202843647468}",
Coauthor Physics,0,GRAPH_GEOMETRY_8,,formal,,CA,{},ok,34493,5,20,0.7787087235091178,0.5992865600614794,0.6950582917925983,0.6912614999124568,0.11658970000280533,0.008246600002166815,,2.875693476228266,0.9999999999999993,0.36457471024055643,,,spectral,kmeans_norm,0,0,[],"{""cluster_qr"": 2.8704943789195165, ""kmeans_norm"": 2.875693476228266}",
Coauthor Physics,0,GRAPH_GEOMETRY_8,,formal,,LinearPair,"{""lambda"": 3.0}",ok,34493,5,20,0.7787087235091178,0.5992865600614794,0.6950582917925983,0.6912614999124568,0.09806459999526851,0.00573679999797605,,8.654596088040963,3.5392345269785883,0.9999999999999991,7.006615215338372e-15,1.9803577057362731,spectral,kmeans_norm,0,0,[],"{""cluster_qr"": 8.61443679610056, ""kmeans_norm"": 8.654596088040963}",
Coauthor Physics,0,GRAPH_GEOMETRY_8,,formal,,PSF-CE,"{""lambda"": 0.665, ""q"": 0.72}",ok,34493,5,20,0.7789696460151335,0.5992695092026049,0.6950981821860172,0.6916699651467941,0.10753120000299532,0.007096399989677593,,4.171493369737107,1.3141313944633788,0.5364639981575453,0.00547477574922391,2.022485912750331,spectral,kmeans_norm,0,0,[],"{""cluster_qr"": 4.15810364809795, ""kmeans_norm"": 4.171493369737107}",
Coauthor Physics,0,GRAPH_GEOMETRY_8,,formal,,Poly2,"{""eta"": 8.0}",ok,34493,5,20,0.7787087235091178,0.5992865600614794,0.6950582917925983,0.6912614999124568,0.1324140999931842,0.0082918999978574,,11.018517462815053,4.611954803981642,0.9999999999999989,,,spectral,kmeans_norm,0,0,[],"{""cluster_qr"": 10.81225704282077, ""kmeans_norm"": 11.018517462815053}",
Coauthor Physics,1,GRAPH_GEOMETRY_8,,formal,,AggregatePower,"{""q_after"": 6.0}",ok,34493,5,20,0.7767373090192213,0.5917700009019585,0.687189263784634,0.689860163617699,0.11385300000256393,0.00822219999099616,,2.3886675920347265,1.1632300711070798,0.025707030593079994,,,spectral,cluster_qr,0,0,[],"{""cluster_qr"": 2.3886675920347265, ""kmeans_norm"": 2.387616652025823}",
Coauthor Physics,1,GRAPH_GEOMETRY_8,,formal,,CA,{},ok,34493,5,20,0.7779259559910706,0.5936794780640863,0.6841261813290886,0.6630137717556851,0.11785900000541005,0.005694899999070913,,2.8531560722009277,0.9999999999999976,0.36529430107483657,,,spectral,cluster_qr,0,0,[],"{""cluster_qr"": 2.8531560722009277, ""kmeans_norm"": 2.8329833404666847}",
Coauthor Physics,1,GRAPH_GEOMETRY_8,,formal,,LinearPair,"{""lambda"": 3.0}",ok,34493,5,20,0.7783028440553156,0.5902567855259186,0.6860874935939275,0.6927294721620941,0.13564649999898393,0.005943500000284985,,8.565303046230849,3.5434087259620037,0.9999999999999977,1.2540395047788672e-14,2.0491085872803354,spectral,kmeans_norm,0,0,[],"{""cluster_qr"": 8.561513729022996, ""kmeans_norm"": 8.565303046230849}",
Coauthor Physics,1,GRAPH_GEOMETRY_8,,formal,,PSF-CE,"{""lambda"": 0.665, ""q"": 0.72}",ok,34493,5,20,0.7792305685211492,0.5923297681606755,0.6902326495532127,0.6919556220237972,0.12046489999920595,0.007377200003247708,,4.1208325544833055,1.3076247329301844,0.543966887825574,0.0052714234575855275,2.091145466280294,spectral,cluster_qr,0,0,[],"{""cluster_qr"": 4.1208325544833055, ""kmeans_norm"": 4.11888243420081}",
Coauthor Physics,1,GRAPH_GEOMETRY_8,,formal,,Poly2,"{""eta"": 8.0}",ok,34493,5,20,0.7770852056939089,0.5907979882086573,0.6850808320420624,0.6915478861209043,0.13123369999811985,0.008679500009748153,,10.655563899227872,4.4936272505829615,0.9999999999999978,,,spectral,cluster_qr,0,0,[],"{""cluster_qr"": 10.655563899227872, ""kmeans_norm"": 10.653100560570078}",
Coauthor Physics,2,GRAPH_GEOMETRY_8,,formal,,AggregatePower,"{""q_after"": 6.0}",ok,34493,5,20,0.7754616878787001,0.5946030142815667,0.6890670661210943,0.6854847806073827,0.10786829999415204,0.007232599993585609,,2.3695061781352305,1.15331711167875,0.019840093904294615,,,spectral,cluster_qr,0,0,[],"{""cluster_qr"": 2.3695061781352305, ""kmeans_norm"": 2.369129977915679}",
Coauthor Physics,2,GRAPH_GEOMETRY_8,,formal,,CA,{},ok,34493,5,20,0.77911460296292,0.5977372574619886,0.6947928373074558,0.6904686420610574,0.11584870000660885,0.005960800001048483,,2.849411985643796,0.9999999999999947,0.3531969663233018,,,spectral,kmeans_norm,0,0,[],"{""cluster_qr"": 2.846128492622509, ""kmeans_norm"": 2.849411985643796}",
Coauthor Physics,2,GRAPH_GEOMETRY_8,,formal,,LinearPair,"{""lambda"": 3.0}",ok,34493,5,20,0.7789986374046908,0.5977694625503572,0.6942263083576304,0.6903262535867121,0.12090619999798946,0.0056388999946648255,,8.563551476133961,3.546946513651283,0.9999999999999949,2.614951765285347e-15,2.013575267393485,spectral,cluster_qr,0,0,[],"{""cluster_qr"": 8.563551476133961, ""kmeans_norm"": 8.557869939703094}",
Coauthor Physics,2,GRAPH_GEOMETRY_8,,formal,,PSF-CE,"{""lambda"": 0.665, ""q"": 0.72}",ok,34493,5,20,0.777954947380628,0.5982829278529324,0.6951476711966965,0.6884263381365869,0.12034389999462292,0.007373200001893565,,4.134225444852609,1.3136446566526543,0.5179079096859767,0.005230707779808762,2.0563242096254264,spectral,cluster_qr,0,0,[],"{""cluster_qr"": 4.134225444852609, ""kmeans_norm"": 4.131591432600328}",
Coauthor Physics,2,GRAPH_GEOMETRY_8,,formal,,Poly2,"{""eta"": 8.0}",ok,34493,5,20,0.77911460296292,0.5977372574619886,0.6947928373074558,0.6904686420610574,0.13355220000084955,0.007179100008215755,,10.771141641671878,4.561133431954382,0.9999999999999948,,,spectral,kmeans_norm,0,0,[],"{""cluster_qr"": 10.762121953094779, ""kmeans_norm"": 10.771141641671878}",
Cora,0,CONTENT_RELATION_8,,formal,,AggregatePower,"{""q_after"": 6.0}",ok,2708,7,20,0.48559822747415066,0.3628934280935303,0.26063119792092176,0.35515709644242544,0.2052410000032978,0.002741100004641339,,3.568928277096691,1.043488894827769,0.14262014134387135,,,spectral,kmeans_raw,0,0,[],"{""cluster_qr"": 3.5567650458992497, ""kmeans_norm"": 3.548975486761387, ""kmeans_raw"": 3.568928277096691}",
Cora,0,CONTENT_RELATION_8,,formal,,CA,{},ok,2708,7,20,0.48559822747415066,0.3628934280935303,0.26063119792092176,0.35515709644242544,0.20367849999456666,0.0024719999928493053,,3.6684513402451846,0.9999999999999979,0.40428281208925104,,,spectral,kmeans_raw,0,0,[],"{""cluster_qr"": 3.650315388381249, ""kmeans_norm"": 3.6439644554120667, ""kmeans_raw"": 3.6684513402451846}",
Cora,0,CONTENT_RELATION_8,,formal,,LinearPair,"{""lambda"": 3.0}",ok,2708,7,20,0.48559822747415066,0.3628934280935303,0.26063119792092176,0.35515709644242544,0.2073114000086207,0.0028968999977223575,,12.628560191085851,2.8416533278056817,0.9999999999999978,8.513277343889793e-16,2.495285113722352,spectral,kmeans_raw,0,0,[],"{""cluster_qr"": 12.567152174594035, ""kmeans_norm"": 12.53253421863023, ""kmeans_raw"": 12.628560191085851}",
Cora,0,CONTENT_RELATION_8,,formal,,PSF-CE,"{""lambda"": 0.665, ""q"": 0.72}",ok,2708,7,20,0.48559822747415066,0.36353174426275797,0.2614215620640168,0.35504830902984336,0.18235180000192486,0.002417099996819161,,5.6571763023828865,1.0568871055541005,0.6596237569557467,0.0036079984389048823,2.5140917375963294,spectral,kmeans_raw,0,0,[],"{""cluster_qr"": 5.629846584160482, ""kmeans_norm"": 5.625798598437689, ""kmeans_raw"": 5.6571763023828865}",
Cora,0,CONTENT_RELATION_8,,formal,,Poly2,"{""eta"": 8.0}",ok,2708,7,20,0.48559822747415066,0.3628934280935303,0.26063119792092176,0.35515709644242544,0.21691920000012033,0.002064200001768768,,13.83256486982008,3.1017121090459447,0.999999999999998,,,spectral,kmeans_raw,0,0,[],"{""cluster_qr"": 13.710210668486376, ""kmeans_norm"": 13.725653312206497, ""kmeans_raw"": 13.83256486982008}",
Cora,1,CONTENT_RELATION_8,,formal,,AggregatePower,"{""q_after"": 6.0}",ok,2708,7,20,0.48005908419497784,0.3586841893828535,0.25043811133350313,0.3577692960237785,0.21637589999591,0.0017875000048661605,,3.901847001567871,1.0116644352952282,0.16073648813104502,,,spectral,kmeans_raw,0,0,[],"{""cluster_qr"": 3.8851906881468197, ""kmeans_norm"": 3.8872496873669506, ""kmeans_raw"": 3.901847001567871}",
Cora,1,CONTENT_RELATION_8,,formal,,CA,{},ok,2708,7,20,0.48005908419497784,0.3586841893828535,0.25043811133350313,0.3577692960237785,0.20514790000743233,0.0024456000101054087,,3.8826218359514724,1.0000000000000018,0.42690251889416275,,,spectral,kmeans_raw,0,0,[],"{""cluster_qr"": 3.870320787366094, ""kmeans_norm"": 3.871280754500801, ""kmeans_raw"": 3.8826218359514724}",
Cora,1,CONTENT_RELATION_8,,formal,,LinearPair,"{""lambda"": 3.0}",ok,2708,7,20,0.48005908419497784,0.3586841893828535,0.25043811133350313,0.3577692960237785,0.21352190000470728,0.0018350000027567148,,13.538149228019618,2.829645554822639,1.0000000000000013,2.7290223223267037e-16,2.316779206480264,spectral,kmeans_raw,0,0,[],"{""cluster_qr"": 13.453606740362616, ""kmeans_norm"": 13.484642725335167, ""kmeans_raw"": 13.538149228019618}",
Cora,1,CONTENT_RELATION_8,,formal,,PSF-CE,"{""lambda"": 0.665, ""q"": 0.72}",ok,2708,7,20,0.48005908419497784,0.3586841893828535,0.25043811133350313,0.3577692960237785,0.22238979999383446,0.0025873999984469265,,6.025767293824811,1.0704810993922598,0.6918436543792488,0.0036360728578647126,2.329728718515122,spectral,kmeans_raw,0,0,[],"{""cluster_qr"": 6.001152381914131, ""kmeans_norm"": 6.001328498730113, ""kmeans_raw"": 6.025767293824811}",
Cora,1,CONTENT_RELATION_8,,formal,,Poly2,"{""eta"": 8.0}",ok,2708,7,20,0.48005908419497784,0.3586841893828535,0.25043811133350313,0.3577692960237785,0.20559070000308566,0.0023376000026473776,,15.59372000586754,3.271946828499485,1.0000000000000022,,,spectral,kmeans_raw,0,0,[],"{""cluster_qr"": 15.538925871829985, ""kmeans_norm"": 15.531735781785512, ""kmeans_raw"": 15.59372000586754}",
Cora,2,CONTENT_RELATION_8,,formal,,AggregatePower,"{""q_after"": 6.0}",ok,2708,7,20,0.48559822747415066,0.36189259266282503,0.2629263842027741,0.35530726774518717,0.2074550000106683,0.002456500005791895,,3.443837911561696,1.1116976193079842,0.08506248398116817,,,spectral,kmeans_raw,0,0,[],"{""cluster_qr"": 3.408386034077612, ""kmeans_norm"": 3.4311307557790314, ""kmeans_raw"": 3.443837911561696}",
Cora,2,CONTENT_RELATION_8,,formal,,CA,{},ok,2708,7,20,0.48559822747415066,0.36189259266282503,0.2629263842027741,0.35530726774518717,0.22530689999985043,0.0027458000113256276,,3.581976900328635,1.0000000000000002,0.3719743564998379,,,spectral,kmeans_raw,0,0,[],"{""cluster_qr"": 3.540821718355239, ""kmeans_norm"": 3.540037269909139, ""kmeans_raw"": 3.581976900328635}",
Cora,2,CONTENT_RELATION_8,,formal,,LinearPair,"{""lambda"": 3.0}",ok,2708,7,20,0.48559822747415066,0.36189259266282503,0.2629263842027741,0.35530726774518717,0.22290999999677297,0.001970400000573136,,12.246392508450004,2.944028664401521,1.0000000000000002,3.524044415978689e-16,2.5270994550295276,spectral,kmeans_raw,0,0,[],"{""cluster_qr"": 12.10005198948967, ""kmeans_norm"": 12.117078074888251, ""kmeans_raw"": 12.246392508450004}",
Cora,2,CONTENT_RELATION_8,,formal,,PSF-CE,"{""lambda"": 0.665, ""q"": 0.72}",ok,2708,7,20,0.48559822747415066,0.36189259266282503,0.2629263842027741,0.35530726774518717,0.1855706999922404,0.0021132999972905964,,5.5053853785408675,1.0832986754846436,0.5958091145822757,0.0038304337954008574,2.5503301833833474,spectral,kmeans_raw,0,0,[],"{""cluster_qr"": 5.433957491819001, ""kmeans_norm"": 5.447129771586565, ""kmeans_raw"": 5.5053853785408675}",
Cora,2,CONTENT_RELATION_8,,formal,,Poly2,"{""eta"": 8.0}",ok,2708,7,20,0.4896602658788774,0.36456087797345743,0.26589760264455087,0.3580408461295603,0.1981965000013588,0.002463600001647137,,13.308400687375215,3.178239796196814,1.0123544328346217,,,spectral,kmeans_raw,0,0,[],"{""cluster_qr"": 12.041008394430254, ""kmeans_norm"": 12.821746070546368, ""kmeans_raw"": 13.308400687375215}",
Coauthor CS,2,GRAPH_GEOMETRY_8,,formal,,AggregatePower,"{""q_after"": 6.0}",ok,18333,15,20,0.6171384934271532,0.614609404544796,0.4979388365871828,0.5709141403597893,2.721372900006827,0.01822569999785628,,4.783852391490537,1.8946711465087147,0.007137411499389668,,,spectral,kmeans_raw,0,0,[],"{""cluster_qr"": 4.772803771951747, ""kmeans_norm"": 4.632672760820275, ""kmeans_raw"": 4.783852391490537}",
Coauthor CS,2,GRAPH_GEOMETRY_8,,formal,,CA,{},ok,18333,15,20,0.6171384934271532,0.614609404544796,0.4979388365871828,0.5709141403597893,2.6258342000073753,0.02215750000323169,,7.125864491210152,0.9999999999999989,0.30318482033539856,,,spectral,kmeans_raw,0,0,[],"{""cluster_qr"": 7.093348657145117, ""kmeans_norm"": 6.757094111563368, ""kmeans_raw"": 7.125864491210152}",
Coauthor CS,2,GRAPH_GEOMETRY_8,,formal,,LinearPair,"{""lambda"": 3.0}",ok,18333,15,20,0.6171384934271532,0.614609404544796,0.4979388365871828,0.5709141403597893,2.70618779999495,0.020227800006978214,,25.822568556282345,4.3620907076561055,0.8025986020659959,6.742786767309188e-16,2.060239720322078,spectral,kmeans_raw,0,0,[],"{""cluster_qr"": 25.667470585236956, ""kmeans_norm"": 24.17085227645573, ""kmeans_raw"": 25.822568556282345}",
Coauthor CS,2,GRAPH_GEOMETRY_8,,formal,,PSF-CE,"{""lambda"": 0.665, ""q"": 0.72}",ok,18333,15,20,0.6170839469808542,0.6140836711542128,0.49708759040490147,0.5705464538789761,2.881993799994234,0.022490599993034266,,11.336233865338347,1.52263811875911,0.4255972830432797,0.003589466150930397,2.1150231980173344,spectral,kmeans_raw,0,0,[],"{""cluster_qr"": 11.280707468038035, ""kmeans_norm"": 10.685799226640578, ""kmeans_raw"": 11.336233865338347}",
Coauthor CS,2,GRAPH_GEOMETRY_8,,formal,,Poly2,"{""eta"": 8.0}",ok,18333,15,20,0.6171384934271532,0.614609404544796,0.4979388365871828,0.5709141403597893,2.8228364000096917,0.019582699998863973,,32.56624545899538,5.494707101240634,0.9999999999999987,,,spectral,kmeans_raw,0,0,[],"{""cluster_qr"": 32.25208233029631, ""kmeans_norm"": 30.472417683229697, ""kmeans_raw"": 32.56624545899538}",
COIL100,1,NEW10,,formal,,AggregatePower,"{""q_after"": 6.0}",ok,7200,100,20,0.5269444444444444,0.7810616153910576,0.4057125325778142,0.5036591193070207,22.60809280000103,1.2932696999923792,,53.375851058294835,2.0037554299066467,0.012871113796895355,,,spectral,kmeans_raw,0,0,[],"{""cluster_qr"": 53.2800399364627, ""kmeans_norm"": 52.579017979831725, ""kmeans_raw"": 53.375851058294835}",
COIL100,1,NEW10,,formal,,CA,{},ok,7200,100,20,0.5269444444444444,0.7810616153910576,0.4057125325778142,0.5036591193070207,23.72923090000404,1.3493832999956794,,67.55536221148185,1.0,0.43115017789821836,,,spectral,kmeans_raw,0,0,[],"{""cluster_qr"": 66.25526418872477, ""kmeans_norm"": 65.55701656226972, ""kmeans_raw"": 67.55536221148185}",
COIL100,1,NEW10,,formal,,LinearPair,"{""lambda"": 3.0}",ok,7200,100,20,0.5240277777777778,0.7794757853502313,0.391093396262857,0.5028515377966871,22.78813739999896,1.3302583000040613,,266.75345919145195,4.980945954221004,1.096697184831823,5.1861359607611164e-17,1.326981984740336,spectral,kmeans_raw,0,0,[],"{""cluster_qr"": 261.9941242420011, ""kmeans_norm"": 254.4377947074023, ""kmeans_raw"": 266.75345919145195}",
COIL100,1,NEW10,,formal,,PSF-CE,"{""lambda"": 0.665, ""q"": 0.72}",ok,7200,100,20,0.5283333333333333,0.7838741341007074,0.4225288209840257,0.5084830339974298,22.960246999995434,1.3576993999886326,,111.95042630359653,1.8548208827731818,0.595116596398481,0.00047335775888684945,1.3495684455791819,spectral,kmeans_raw,0,0,[],"{""cluster_qr"": 109.87118777210455, ""kmeans_norm"": 107.96737868935152, ""kmeans_raw"": 111.95042630359653}",
COIL100,1,NEW10,,formal,,Poly2,"{""eta"": 8.0}",ok,7200,100,20,0.5240277777777778,0.7794757853502313,0.391093396262857,0.5028515377966871,23.30075819999911,1.5428384999977425,,474.4681467586352,8.999999999999998,1.8768841476596663,,,spectral,kmeans_raw,0,0,[],"{""cluster_qr"": 466.9398596114189, ""kmeans_norm"": 452.51192675440683, ""kmeans_raw"": 474.4681467586352}",
COIL100,0,NEW10,,formal,,AggregatePower,"{""q_after"": 6.0}",ok,7200,100,20,0.5166666666666667,0.787651989442337,0.43517194933302655,0.49591406261703486,22.064816600002814,1.2424511999997776,,53.772806879113816,1.929105719586892,0.013541087539056432,,,spectral,kmeans_raw,0,0,[],"{""cluster_qr"": 53.504051586725694, ""kmeans_norm"": 52.58798231657882, ""kmeans_raw"": 53.772806879113816}",
COIL100,0,NEW10,,formal,,CA,{},ok,7200,100,20,0.5166666666666667,0.787651989442337,0.43517194933302655,0.49591406261703486,22.47758539998904,1.3011578999867197,,67.74088573177761,0.999999999999999,0.43757206269749704,,,spectral,kmeans_raw,0,0,[],"{""cluster_qr"": 66.31574126868311, ""kmeans_norm"": 65.43373920815304, ""kmeans_raw"": 67.74088573177761}",
COIL100,0,NEW10,,formal,,LinearPair,"{""lambda"": 3.0}",ok,7200,100,20,0.5125,0.7869548250902013,0.4296704254304716,0.4902037891491776,24.418357499991544,1.3265785999974469,,267.1637673181229,4.939917275383336,1.133298393882634,5.3810720105144514e-17,1.313305758461119,spectral,kmeans_raw,0,0,[],"{""cluster_qr"": 260.59664195927957, ""kmeans_norm"": 251.82968131203174, ""kmeans_raw"": 267.1637673181229}",
COIL100,0,NEW10,,formal,,PSF-CE,"{""lambda"": 0.665, ""q"": 0.72}",ok,7200,100,20,0.5126388888888889,0.7837791962454173,0.4259846985724946,0.49225210978527456,23.958533199998783,1.3312192000012146,,112.13495308962084,1.8466222131233985,0.60533022548184,0.00045259014283921447,1.3362407053575485,spectral,kmeans_raw,0,0,[],"{""cluster_qr"": 109.76912981625117, ""kmeans_norm"": 107.05657562990365, ""kmeans_raw"": 112.13495308962084}",
COIL100,0,NEW10,,formal,,Poly2,"{""eta"": 8.0}",ok,7200,100,20,0.5125,0.7869548250902013,0.4296704254304716,0.4902037891491776,25.627042399995844,1.5651483999972697,,479.14060573041576,8.999999999999956,1.9555515187470411,,,spectral,kmeans_raw,0,0,[],"{""cluster_qr"": 467.55397687216134, ""kmeans_norm"": 451.46191325389816, ""kmeans_raw"": 479.14060573041576}",
DBLP,0,MULTI_RELATION_7,,formal,,AggregatePower,"{""q_after"": 6.0}",ok,4057,4,20,0.8843973379344343,0.6677629377194271,0.729246492422971,0.878154326653255,0.18008830001053866,0.001780000005965121,,1.9765191396242012,0.9999999999999988,0.05452658886845164,,,spectral,kmeans_raw,0,0,[],"{""cluster_qr"": 1.8837703971432167, ""kmeans_norm"": 1.9745051934113167, ""kmeans_raw"": 1.9765191396242012}",
DBLP,0,MULTI_RELATION_7,,formal,,CA,{},ok,4057,4,20,0.8843973379344343,0.6677629377194271,0.729246492422971,0.878154326653255,0.22687690000748262,0.001215500000398606,,1.9487411228778908,0.9999999999999989,0.3000997141647569,,,spectral,kmeans_raw,0,0,[],"{""cluster_qr"": 1.9104140251729076, ""kmeans_norm"": 1.9487011380843104, ""kmeans_raw"": 1.9487411228778908}",
DBLP,0,MULTI_RELATION_7,,formal,,LinearPair,"{""lambda"": 3.0}",ok,4057,4,20,0.8843973379344343,0.6677629377194271,0.729246492422971,0.878154326653255,0.22187560000747908,0.0014700000028824434,,5.332644684714792,2.535396574606072,0.9999999999999987,2.6525199755643092e-15,3.2225127000519977,spectral,kmeans_raw,0,0,[],"{""cluster_qr"": 5.207666155896185, ""kmeans_norm"": 5.32897233205029, ""kmeans_raw"": 5.332644684714792}",
DBLP,0,MULTI_RELATION_7,,formal,,PSF-CE,"{""lambda"": 0.665, ""q"": 0.72}",ok,4057,4,20,0.8851368005915701,0.6689009330605071,0.7306975371666914,0.8789157713376501,0.1661582999950042,0.0010686000023270026,,2.7026149872461227,0.9999999999999988,0.47854452799895575,0.0032066022565849,3.251581562537376,spectral,kmeans_raw,0,0,[],"{""cluster_qr"": 2.6806523344177267, ""kmeans_norm"": 2.701190001133032, ""kmeans_raw"": 2.7026149872461227}",
DBLP,0,MULTI_RELATION_7,,formal,,Poly2,"{""eta"": 8.0}",ok,4057,4,20,0.8843973379344343,0.6677629377194271,0.729246492422971,0.878154326653255,0.2161777000001166,0.0016717999969841912,,4.988446076358135,2.2851170278221047,0.9999999999999984,,,spectral,kmeans_raw,0,0,[],"{""cluster_qr"": 4.517709036071546, ""kmeans_norm"": 4.985534562397815, ""kmeans_raw"": 4.988446076358135}",
DBLP,1,MULTI_RELATION_7,,formal,,AggregatePower,"{""q_after"": 6.0}",ok,4057,4,20,0.8831649001725412,0.6668507705910195,0.727039508408898,0.8769603458054575,0.19460329999856185,0.0014537999959429726,,1.9572644844803126,1.0000000000000009,0.048666077783658175,,,spectral,kmeans_raw,0,0,[],"{""cluster_qr"": 1.9181215991854002, ""kmeans_norm"": 1.9554446675940225, ""kmeans_raw"": 1.9572644844803126}",
DBLP,1,MULTI_RELATION_7,,formal,,CA,{},ok,4057,4,20,0.8819324624106483,0.664996211609379,0.7232993312008311,0.876286926541539,0.2157630000001518,0.001509900001110509,,1.9471168938383057,1.0000000000000009,0.29612773921511126,,,spectral,kmeans_norm,0,0,[],"{""cluster_qr"": 1.9372271450866883, ""kmeans_norm"": 1.9471168938383057, ""kmeans_raw"": 1.9469755855678348}",
DBLP,1,MULTI_RELATION_7,,formal,,LinearPair,"{""lambda"": 3.0}",ok,4057,4,20,0.8831649001725412,0.6668507705910195,0.727039508408898,0.8769603458054575,0.20657809999829624,0.0012915999977849424,,5.307864985474454,2.5630038076846398,1.0000000000000004,1.7276500220836189e-15,3.2098789545716486,spectral,kmeans_raw,0,0,[],"{""cluster_qr"": 5.209455672569231, ""kmeans_norm"": 5.3047830551916295, ""kmeans_raw"": 5.307864985474454}",
DBLP,1,MULTI_RELATION_7,,formal,,PSF-CE,"{""lambda"": 0.665, ""q"": 0.72}",ok,4057,4,20,0.8851368005915701,0.6694737496026916,0.7306709996565505,0.879060922009312,0.1755118000000948,0.001424399990355596,,2.696991333462076,1.0000000000000007,0.46822354317730674,0.003280459506015375,3.242468000900262,spectral,kmeans_raw,0,0,[],"{""cluster_qr"": 2.6444789212929622, ""kmeans_norm"": 2.69553361614947, ""kmeans_raw"": 2.696991333462076}",
DBLP,1,MULTI_RELATION_7,,formal,,Poly2,"{""eta"": 8.0}",ok,4057,4,20,0.8831649001725412,0.6668507705910195,0.727039508408898,0.8769603458054575,0.16959200000565033,0.001048100006300956,,4.978281153528576,2.315421687222997,0.9976608426763351,,,spectral,kmeans_raw,0,0,[],"{""cluster_qr"": 4.431745449024093, ""kmeans_norm"": 4.975935107975446, ""kmeans_raw"": 4.978281153528576}",
DBLP,2,MULTI_RELATION_7,,formal,,AggregatePower,"{""q_after"": 6.0}",ok,4057,4,20,0.8873551885629776,0.6714398157617154,0.734112009464702,0.8815514882425747,0.2258365000016056,0.0015596000012010336,,1.9788559439573128,1.0000000000000013,0.05231849102096918,,,spectral,kmeans_raw,0,0,[],"{""cluster_qr"": 1.9542988121590505, ""kmeans_norm"": 1.9760880580860536, ""kmeans_raw"": 1.9788559439573128}",
DBLP,2,MULTI_RELATION_7,,formal,,CA,{},ok,4057,4,20,0.888341138772492,0.6769404530640456,0.7359349722295963,0.8831924049341422,0.21008530000108294,0.0014126000023679808,,1.9484386550126673,1.0000000000000013,0.29719339841990555,,,spectral,kmeans_norm,0,0,[],"{""cluster_qr"": 1.9356873548978246, ""kmeans_norm"": 1.9484386550126673, ""kmeans_raw"": 1.9475795072030841}",
DBLP,2,MULTI_RELATION_7,,formal,,LinearPair,"{""lambda"": 3.0}",ok,4057,4,20,0.8873551885629776,0.6714398157617154,0.734112009464702,0.8815514882425747,0.20561599999200553,0.0014350999990710989,,5.330990375251519,2.5307079555826157,1.0000000000000009,2.5897308854194975e-15,3.2360800529622034,spectral,kmeans_raw,0,0,[],"{""cluster_qr"": 5.237818256681364, ""kmeans_norm"": 5.328255831295465, ""kmeans_raw"": 5.330990375251519}",
DBLP,2,MULTI_RELATION_7,,formal,,PSF-CE,"{""lambda"": 0.665, ""q"": 0.72}",ok,4057,4,20,0.8880946512201133,0.6762762938933973,0.7352733506030495,0.8829864396738296,0.1783078000007663,0.001040499992086552,,2.7002730111748563,1.0000000000000016,0.47216107511973293,0.003003550052686544,3.264362634213538,spectral,kmeans_norm,0,0,[],"{""cluster_qr"": 2.627286386878527, ""kmeans_norm"": 2.7002730111748563, ""kmeans_raw"": 2.700145334198252}",
DBLP,2,MULTI_RELATION_7,,formal,,Poly2,"{""eta"": 8.0}",ok,4057,4,20,0.8873551885629776,0.6714398157617154,0.734112009464702,0.8815514882425747,0.2228703000000678,0.0014527000021189451,,4.975281118034057,2.2738489771698176,1.000000000000001,,,spectral,kmeans_raw,0,0,[],"{""cluster_qr"": 4.967964520218446, ""kmeans_norm"": 4.973670638834057, ""kmeans_raw"": 4.975281118034057}",
COIL100,2,NEW10,,formal,,AggregatePower,"{""q_after"": 6.0}",ok,7200,100,20,0.52625,0.7870923052846232,0.43350726388995164,0.5007305235767112,23.870029699988663,1.3230135999911,,53.886487531695415,1.9361289643868143,0.012381428397024444,,,spectral,kmeans_raw,0,0,[],"{""cluster_qr"": 53.68994105872339, ""kmeans_norm"": 52.66381769378775, ""kmeans_raw"": 53.886487531695415}",
COIL100,2,NEW10,,formal,,CA,{},ok,7200,100,20,0.52625,0.7870923052846232,0.43350726388995164,0.5007305235767112,24.605114999998477,1.3126790999958757,,67.53920620807477,1.000000000000001,0.43083014001976594,,,spectral,kmeans_raw,0,0,[],"{""cluster_qr"": 66.23002032453847, ""kmeans_norm"": 65.07568813294331, ""kmeans_raw"": 67.53920620807477}",
COIL100,2,NEW10,,formal,,LinearPair,"{""lambda"": 3.0}",ok,7200,100,20,0.5209722222222222,0.7792517196566686,0.3837894587629591,0.49751383892238793,23.446745099994587,1.2973224999877857,,265.31527640958944,4.938122367982719,1.074716991998522,7.04670369194856e-17,1.3127074559942573,spectral,kmeans_raw,0,0,[],"{""cluster_qr"": 261.4555624144826, ""kmeans_norm"": 252.7794648282314, ""kmeans_raw"": 265.31527640958944}",
COIL100,2,NEW10,,formal,,PSF-CE,"{""lambda"": 0.665, ""q"": 0.72}",ok,7200,100,20,0.5313888888888889,0.7882853690214967,0.4341865191867758,0.5035627226870747,23.919476900002337,1.2926245999988168,,111.87717272307478,1.8468933912038858,0.5945759282141865,0.00046076279538192653,1.3359632888925697,spectral,kmeans_raw,0,0,[],"{""cluster_qr"": 109.92940345518116, ""kmeans_norm"": 107.57049024924342, ""kmeans_raw"": 111.87717272307478}",
COIL100,2,NEW10,,formal,,Poly2,"{""eta"": 8.0}",ok,7200,100,20,0.5209722222222222,0.7792517196566686,0.3837894587629591,0.49751383892238793,23.108551999990596,1.3434068999922602,,475.9314384910727,8.999999999999952,1.8502068058242678,,,spectral,kmeans_raw,0,0,[],"{""cluster_qr"": 470.06680302652245, ""kmeans_norm"": 453.31968496510774, ""kmeans_raw"": 475.9314384910727}",
Extended Yale-B,0,NEW10,,formal,,AggregatePower,"{""q_after"": 6.0}",ok,2414,38,20,0.0932062966031483,0.12751502476922685,0.013258493626473373,0.09882378748237955,1.5608852000004845,0.11143990000709891,,20.400068601884357,1.920604700005486,0.004642522559122784,,,spectral,kmeans_raw,0,0,[],"{""cluster_qr"": 20.28301778893463, ""kmeans_norm"": 20.372301132322622, ""kmeans_raw"": 20.400068601884357}",
Extended Yale-B,0,NEW10,,formal,,CA,{},ok,2414,38,20,0.0932062966031483,0.12751502476922685,0.013258493626473373,0.09882378748237955,1.5025847000069916,0.10995510000793729,,25.145442355926978,1.0000000000000002,0.3600651258595191,,,spectral,kmeans_raw,0,0,[],"{""cluster_qr"": 24.891435398874656, ""kmeans_norm"": 25.091968337346614, ""kmeans_raw"": 25.145442355926978}",
Extended Yale-B,0,NEW10,,formal,,LinearPair,"{""lambda"": 3.0}",ok,2414,38,20,0.0932062966031483,0.12751502476922685,0.013258493626473373,0.09882378748237955,1.4932647999958135,0.10795160000270698,,96.4939018094944,4.745491050476325,0.8182171720519791,1.0815376445724654e-16,1.2995051321878928,spectral,kmeans_raw,0,0,[],"{""cluster_qr"": 96.11100722469214, ""kmeans_norm"": 96.30626145560807, ""kmeans_raw"": 96.4939018094944}",
Extended Yale-B,0,NEW10,,formal,,PSF-CE,"{""lambda"": 0.665, ""q"": 0.72}",ok,2414,38,20,0.0936205468102734,0.12753269032069228,0.013157643203313979,0.0994707237464951,1.5907752000057371,0.11424100000294857,,41.0691392025635,1.7836473127706074,0.47092136527746703,0.0007546851141162053,1.318888097719189,spectral,kmeans_raw,0,0,[],"{""cluster_qr"": 40.80252458889753, ""kmeans_norm"": 40.97424382881499, ""kmeans_raw"": 41.0691392025635}",
Extended Yale-B,0,NEW10,,formal,,Poly2,"{""eta"": 8.0}",ok,2414,38,20,0.09444904722452362,0.1270019511198036,0.013552624873357033,0.09953653893300214,1.8271647000074154,0.10984239999379497,,173.45114385448565,8.71109867718072,1.3738215991868232,,,spectral,kmeans_raw,0,0,[],"{""cluster_qr"": 171.25010253714288, ""kmeans_norm"": 168.76618480165874, ""kmeans_raw"": 173.45114385448565}",
Extended Yale-B,1,NEW10,,formal,,AggregatePower,"{""q_after"": 6.0}",ok,2414,38,20,0.09900579950289976,0.12354938018432449,0.01511639036021898,0.10400604562405076,1.6110914000018965,0.1009734999970533,,20.68824769422901,1.9541760418545728,0.007926277618129505,,,spectral,kmeans_norm,0,0,[],"{""cluster_qr"": 20.63081578983966, ""kmeans_norm"": 20.68824769422901, ""kmeans_raw"": 20.68290998074667}",
Extended Yale-B,1,NEW10,,formal,,CA,{},ok,2414,38,20,0.09817729908864954,0.12373655058629178,0.013866856915234331,0.103968291786234,1.606335799995577,0.1053814000042621,,25.23883742726209,0.9999999999999987,0.3921048054293201,,,spectral,kmeans_raw,0,0,[],"{""cluster_qr"": 24.98600102174459, ""kmeans_norm"": 25.234041993784555, ""kmeans_raw"": 25.23883742726209}",
Extended Yale-B,1,NEW10,,formal,,LinearPair,"{""lambda"": 3.0}",ok,2414,38,20,0.09900579950289976,0.12354938018432449,0.01511639036021898,0.10400604562405076,1.5605570000043372,0.10405639999953564,,97.29837537922529,4.75050421195581,0.9446176618516842,1.0219470230820333e-16,1.3043177341799188,spectral,kmeans_norm,0,0,[],"{""cluster_qr"": 96.93097866678544, ""kmeans_norm"": 97.29837537922529, ""kmeans_raw"": 97.28866867807741}",
Extended Yale-B,1,NEW10,,formal,,PSF-CE,"{""lambda"": 0.665, ""q"": 0.72}",ok,2414,38,20,0.09776304888152444,0.12299954890451964,0.01370549527656319,0.10378491714047726,1.5060472000041045,0.10605740000028163,,41.30562177188312,1.783057191538734,0.5295298921661489,0.0007154728399597289,1.3227254581889922,spectral,kmeans_raw,0,0,[],"{""cluster_qr"": 40.899283745583425, ""kmeans_norm"": 41.30206799742126, ""kmeans_raw"": 41.30562177188312}",
Extended Yale-B,1,NEW10,,formal,,Poly2,"{""eta"": 8.0}",ok,2414,38,20,0.09734879867439934,0.12074639492036926,0.013647412974728306,0.103340882032378,1.729403999997885,0.09990220000327099,,175.25276289036498,8.694315364446778,1.4497605722781657,,,spectral,kmeans_raw,0,0,[],"{""cluster_qr"": 171.31655684315933, ""kmeans_norm"": 174.7054794014391, ""kmeans_raw"": 175.25276289036498}",
Extended Yale-B,2,NEW10,,formal,,AggregatePower,"{""q_after"": 6.0}",ok,2414,38,20,0.09734879867439934,0.12381649832606378,0.016147901178232758,0.10288962106971251,1.600924500002293,0.10655570001108572,,20.668935662448334,1.9212877819542822,0.009706061391800417,,,spectral,kmeans_raw,0,0,[],"{""cluster_qr"": 20.573871162789548, ""kmeans_norm"": 20.642048039397455, ""kmeans_raw"": 20.668935662448334}",
Extended Yale-B,2,NEW10,,formal,,CA,{},ok,2414,38,20,0.09734879867439934,0.12381649832606378,0.016147901178232758,0.10288962106971251,1.5783879999944475,0.108186299999943,,25.477034802827117,1.0000000000000002,0.40701190792734665,,,spectral,kmeans_raw,0,0,[],"{""cluster_qr"": 25.01179175191499, ""kmeans_norm"": 25.354587832810473, ""kmeans_raw"": 25.477034802827117}",
Extended Yale-B,2,NEW10,,formal,,LinearPair,"{""lambda"": 3.0}",ok,2414,38,20,0.09734879867439934,0.12381649832606378,0.016147901178232758,0.10288962106971251,1.6105220000026748,0.1040900999942096,,98.31816725687993,4.75906981509736,1.0000000000000004,8.607858635286488e-17,1.3050964400479141,spectral,kmeans_raw,0,0,[],"{""cluster_qr"": 97.64704972437225, ""kmeans_norm"": 97.92577646141069, ""kmeans_raw"": 98.31816725687993}",
Extended Yale-B,2,NEW10,,formal,,PSF-CE,"{""lambda"": 0.665, ""q"": 0.72}",ok,2414,38,20,0.09734879867439934,0.1236697333718271,0.01606578827515479,0.10275306499875685,1.654347699994105,0.10960929999419022,,41.70048039068658,1.7855999599978585,0.5498946291050519,0.0007372787402852128,1.324442447956139,spectral,kmeans_raw,0,0,[],"{""cluster_qr"": 41.28377925708778, ""kmeans_norm"": 41.541479573489354, ""kmeans_raw"": 41.70048039068658}",
Extended Yale-B,2,NEW10,,formal,,Poly2,"{""eta"": 8.0}",ok,2414,38,20,0.1035625517812759,0.128606956583019,0.016461887775897053,0.11227211594660695,1.5917000999907032,0.11617959999421146,,176.07215132856075,8.706190300186753,1.5648343142345804,,,spectral,kmeans_raw,0,0,[],"{""cluster_qr"": 174.39650444800222, ""kmeans_norm"": 175.6125699899623, ""kmeans_raw"": 176.07215132856075}",
Handwritten,0,TEXT_MV,,formal,,AggregatePower,"{""q_after"": 6.0}",ok,2000,10,20,0.952,0.9088620021674926,0.8976065962684697,0.9523200293098755,0.2219803000043612,0.006018100000801496,,4.3612740626381274,1.8119360782748999,0.009237809445758428,,,spectral,kmeans_norm,0,0,[],"{""cluster_qr"": 4.342604965872353, ""kmeans_norm"": 4.3612740626381274, ""kmeans_raw"": 4.360701554718439}",
Handwritten,0,TEXT_MV,,formal,,CA,{},ok,2000,10,20,0.9485,0.9062326231665452,0.8904037807275109,0.948942941969803,0.2628328999999212,0.006528700003400445,,5.880245919554985,1.0000000000000002,0.3617732455901179,,,spectral,kmeans_raw,0,0,[],"{""cluster_qr"": 5.633336819861872, ""kmeans_norm"": 5.880170319560203, ""kmeans_raw"": 5.880245919554985}",
Handwritten,0,TEXT_MV,,formal,,LinearPair,"{""lambda"": 3.0}",ok,2000,10,20,0.952,0.9088620021674926,0.8976065962684697,0.9523200293098755,0.277624399997876,0.005096599998068996,,20.4197973555999,4.538595715200425,0.9386913128821752,3.264697402086298e-16,1.6197246826257592,spectral,kmeans_norm,0,0,[],"{""cluster_qr"": 20.408045261904178, ""kmeans_norm"": 20.4197973555999, ""kmeans_raw"": 20.41825315913433}",
Handwritten,0,TEXT_MV,,formal,,PSF-CE,"{""lambda"": 0.665, ""q"": 0.72}",ok,2000,10,20,0.952,0.9088620021674924,0.8976065962684697,0.9523200293098755,0.2530603999912273,0.007069300001603551,,9.12794405790471,1.6523425701987655,0.5022964079191834,0.003632290904557589,1.6567747957208165,spectral,kmeans_norm,0,0,[],"{""cluster_qr"": 9.100188702915165, ""kmeans_norm"": 9.12794405790471, ""kmeans_raw"": 9.127455861848103}",
Handwritten,0,TEXT_MV,,formal,,Poly2,"{""eta"": 8.0}",ok,2000,10,20,0.952,0.9087931548660808,0.8973855456252668,0.9523505513984517,0.24116249999497086,0.00456780000240542,,30.576274585751133,6.955540550738628,1.1474302405364516,,,spectral,kmeans_norm,0,0,[],"{""cluster_qr"": 26.72676719266868, ""kmeans_norm"": 30.576274585751133, ""kmeans_raw"": 30.568047023099588}",
Handwritten,1,TEXT_MV,,formal,,AggregatePower,"{""q_after"": 6.0}",ok,2000,10,20,0.9515,0.9080928402948534,0.8969219691343323,0.9518591188723804,0.2598557000019355,0.006233499996596947,,4.147023996084222,1.8725045321943312,0.008671630945592566,,,spectral,kmeans_norm,0,0,[],"{""cluster_qr"": 4.145837342757446, ""kmeans_norm"": 4.147023996084222, ""kmeans_raw"": 4.1467950340821655}",
Handwritten,1,TEXT_MV,,formal,,CA,{},ok,2000,10,20,0.9515,0.9080928402948534,0.8969219691343323,0.9518591188723804,0.2762351999990642,0.005674600004567765,,5.885495836718692,0.999999999999999,0.3629986379661644,,,spectral,kmeans_norm,0,0,[],"{""cluster_qr"": 5.878278292134964, ""kmeans_norm"": 5.885495836718692, ""kmeans_raw"": 5.885219348153436}",
Handwritten,1,TEXT_MV,,formal,,LinearPair,"{""lambda"": 3.0}",ok,2000,10,20,0.9515,0.9080928402948534,0.8969219691343323,0.9518591188723804,0.27705730000161566,0.005627999998978339,,20.423777237034177,4.710899250269569,0.9450113778029469,2.1994560747081908e-16,1.6221365074176786,spectral,kmeans_norm,0,0,[],"{""cluster_qr"": 20.41340412881034, ""kmeans_norm"": 20.423777237034177, ""kmeans_raw"": 20.42033108801629}",
Handwritten,1,TEXT_MV,,formal,,PSF-CE,"{""lambda"": 0.665, ""q"": 0.72}",ok,2000,10,20,0.9515,0.9081480400854566,0.897117825729445,0.9518308314334435,0.2503328999882797,0.005503699998371303,,9.139263008034536,1.7014362602584254,0.497532712099121,0.003769069452938686,1.6631919914790343,spectral,kmeans_norm,0,0,[],"{""cluster_qr"": 9.118514025798076, ""kmeans_norm"": 9.139263008034536, ""kmeans_raw"": 9.13873127456265}",
Handwritten,1,TEXT_MV,,formal,,Poly2,"{""eta"": 8.0}",ok,2000,10,20,0.9515,0.9080928402948534,0.8969219691343323,0.9518591188723804,0.25452580000273883,0.005128199991304427,,30.544511375372768,7.213341937679133,0.9999999999999987,,,spectral,kmeans_norm,0,0,[],"{""cluster_qr"": 30.49265206522828, ""kmeans_norm"": 30.544511375372768, ""kmeans_raw"": 30.539174149119468}",
Handwritten,2,TEXT_MV,,formal,,AggregatePower,"{""q_after"": 6.0}",ok,2000,10,20,0.942,0.8966843568583854,0.8758787255329347,0.9427729973532724,0.23115279999910854,0.006042599998181686,,4.189718072919086,1.8572078134008814,0.015473855052392623,,,spectral,kmeans_raw,0,0,[],"{""cluster_qr"": 4.184074571224914, ""kmeans_norm"": 4.185488273496604, ""kmeans_raw"": 4.189718072919086}",
Handwritten,2,TEXT_MV,,formal,,CA,{},ok,2000,10,20,0.9455,0.9007652906426836,0.8843330032787458,0.9458758556813646,0.26572789999772795,0.0063516999944113195,,5.9028622062508616,0.9999999999999996,0.396240607093574,,,spectral,kmeans_norm,0,0,[],"{""cluster_qr"": 5.8804990644061235, ""kmeans_norm"": 5.9028622062508616, ""kmeans_raw"": 5.902355345063271}",
Handwritten,2,TEXT_MV,,formal,,LinearPair,"{""lambda"": 3.0}",ok,2000,10,20,0.942,0.8966843568583854,0.8758787255329347,0.9427729973532724,0.22929370000201743,0.006547800003318116,,20.54885740513843,4.647177093023221,0.9999999999999993,3.6665703578109557e-16,1.633096364273213,spectral,kmeans_raw,0,0,[],"{""cluster_qr"": 20.53055851538674, ""kmeans_norm"": 20.53802039845676, ""kmeans_raw"": 20.54885740513843}",
Handwritten,2,TEXT_MV,,formal,,PSF-CE,"{""lambda"": 0.665, ""q"": 0.72}",ok,2000,10,20,0.942,0.8966843568583855,0.8758787255329347,0.9427729973532724,0.223935200003325,0.004474899993510917,,9.18068158125806,1.6797741526039578,0.5608362444804463,0.0036313990688450182,1.6713923313020382,spectral,kmeans_raw,0,0,[],"{""cluster_qr"": 9.083637407433635, ""kmeans_norm"": 9.178867200284321, ""kmeans_raw"": 9.18068158125806}",
Handwritten,2,TEXT_MV,,formal,,Poly2,"{""eta"": 8.0}",ok,2000,10,20,0.942,0.8966843568583854,0.8758787255329347,0.9427729973532724,0.24588719999883324,0.004535599990049377,,30.583617420875317,7.075810270826128,0.9999999999999997,,,spectral,kmeans_raw,0,0,[],"{""cluster_qr"": 30.516581268470897, ""kmeans_norm"": 30.56672990292, ""kmeans_raw"": 30.583617420875317}",
Human Kidney,0,BKCC_V2,,formal,,AggregatePower,"{""q_after"": 6.0}",ok,2100,11,20,0.35714285714285715,0.27346996729207423,0.11308172491971191,0.24809195135502096,0.3089884999935748,0.005703199989511631,,10.749246515331961,1.8584646001453284,0.3868108311971875,,,spectral,kmeans_raw,0,0,[],"{""cluster_qr"": 10.509068031526343, ""kmeans_norm"": 8.029641770797546, ""kmeans_raw"": 10.749246515331961}",
Human Kidney,0,BKCC_V2,,formal,,CA,{},ok,2100,11,20,0.35714285714285715,0.27346996729207423,0.11308172491971191,0.24809195135502096,0.2786830999975791,0.005682699993485585,,9.411823701261135,1.0000000000000022,0.7632079846993522,,,spectral,kmeans_raw,0,0,[],"{""cluster_qr"": 9.346675333696737, ""kmeans_norm"": 7.681788614745992, ""kmeans_raw"": 9.411823701261135}",
Human Kidney,0,BKCC_V2,,formal,,LinearPair,"{""lambda"": 3.0}",ok,2100,11,20,0.3557142857142857,0.2721677764796576,0.11500265721586178,0.24645795748511398,0.327720400004182,0.00728059999528341,,38.28055732133839,4.8226117393040075,2.6891201295001435,1.3655176723216624e-16,1.2998937041685317,spectral,kmeans_raw,0,0,[],"{""cluster_qr"": 33.10846366767638, ""kmeans_norm"": 32.10674464939691, ""kmeans_raw"": 38.28055732133839}",
Human Kidney,0,BKCC_V2,,formal,,PSF-CE,"{""lambda"": 0.665, ""q"": 0.72}",ok,2100,11,20,0.3566666666666667,0.273096148505623,0.11327062683150053,0.24760052603357738,0.263732199993683,0.005800200000521727,,15.767902585290315,1.8217494782369077,1.1732817415609869,0.0008710044553008617,1.3090898014972068,spectral,kmeans_raw,0,0,[],"{""cluster_qr"": 14.466186261066209, ""kmeans_norm"": 13.611986311134318, ""kmeans_raw"": 15.767902585290315}",
Human Kidney,0,BKCC_V2,,formal,,Poly2,"{""eta"": 8.0}",ok,2100,11,20,0.3557142857142857,0.2721677764796576,0.11500265721586178,0.24645795748511398,0.32614119999925606,0.006901500004460104,,69.03476993075815,8.85451749738891,4.846482730931767,,,spectral,kmeans_raw,0,0,[],"{""cluster_qr"": 59.052435872527106, ""kmeans_norm"": 57.59416877063485, ""kmeans_raw"": 69.03476993075815}",
Human Kidney,1,BKCC_V2,,formal,,AggregatePower,"{""q_after"": 6.0}",ok,2100,11,20,0.3523809523809524,0.2668406068208934,0.10016412617164294,0.2442639495606854,0.25173370000266004,0.0087511000019731,,10.139962404316831,1.9405356966379446,0.24127253772356944,,,spectral,kmeans_raw,0,0,[],"{""cluster_qr"": 9.769083056721197, ""kmeans_norm"": 7.448407084656248, ""kmeans_raw"": 10.139962404316831}",
Human Kidney,1,BKCC_V2,,formal,,CA,{},ok,2100,11,20,0.3523809523809524,0.2668406068208934,0.10016412617164294,0.2442639495606854,0.3028048999985913,0.006815700005972758,,9.136709182306014,1.0000000000000029,0.7002999249694734,,,spectral,kmeans_raw,0,0,[],"{""cluster_qr"": 8.57460915314132, ""kmeans_norm"": 7.758277406569948, ""kmeans_raw"": 9.136709182306014}",
Human Kidney,1,BKCC_V2,,formal,,LinearPair,"{""lambda"": 3.0}",ok,2100,11,20,0.36142857142857143,0.2724141399753332,0.09812308993002804,0.2515977613659153,0.28597569999692496,0.006957000005058944,,37.34979080128248,4.971875280961311,2.452983228896312,1.5068120179308616e-16,1.3510087437639207,spectral,kmeans_raw,0,0,[],"{""cluster_qr"": 32.71377054141581, ""kmeans_norm"": 26.597579878008336, ""kmeans_raw"": 37.34979080128248}",
Human Kidney,1,BKCC_V2,,formal,,PSF-CE,"{""lambda"": 0.665, ""q"": 0.72}",ok,2100,11,20,0.36095238095238097,0.27212862614869093,0.09784866180856462,0.2513051579992824,0.261682699987432,0.006418399992980994,,15.37405978742673,1.8555519926961563,1.0788413271669668,0.0007954437112132592,1.3624627364752442,spectral,kmeans_raw,0,0,[],"{""cluster_qr"": 13.825732044782836, ""kmeans_norm"": 11.44111545315852, ""kmeans_raw"": 15.37405978742673}",
Human Kidney,1,BKCC_V2,,formal,,Poly2,"{""eta"": 8.0}",ok,2100,11,20,0.36142857142857143,0.2724141399753332,0.09812308993002804,0.2515977613659153,0.28897049999795854,0.008925700007239357,,65.28793141883996,8.851984494096593,4.280562758964029,,,spectral,kmeans_raw,0,0,[],"{""cluster_qr"": 58.49820395192709, ""kmeans_norm"": 46.07466416217181, ""kmeans_raw"": 65.28793141883996}",
IMDB,0,MULTI_RELATION_7,,formal,,AggregatePower,"{""q_after"": 6.0}",ok,4278,3,20,0.35647498831229546,0.003991549782330513,3.915249018072575e-05,0.32737862285637254,0.1198597000038717,0.001213900002767332,,1.7182469729046497,0.9999999999999994,0.4036345505156108,,,spectral,kmeans_raw,0,0,[],"{""cluster_qr"": 1.6751270813726746, ""kmeans_norm"": 1.6011483824360508, ""kmeans_raw"": 1.7182469729046497}",
IMDB,0,MULTI_RELATION_7,,formal,,CA,{},ok,4278,3,20,0.35647498831229546,0.003991549782330513,3.915249018072575e-05,0.32737862285637254,0.08632209998904727,0.0007757999992463738,,1.5188015908112171,0.9999999999999996,0.29954117566409644,,,spectral,kmeans_raw,0,0,[],"{""cluster_qr"": 1.4831548891373152, ""kmeans_norm"": 1.4679883464927084, ""kmeans_raw"": 1.5188015908112171}",
IMDB,0,MULTI_RELATION_7,,formal,,LinearPair,"{""lambda"": 3.0}",ok,4278,3,20,0.35647498831229546,0.003991549782330513,3.915249018072575e-05,0.32737862285637254,0.1259796000085771,0.0011695000139297917,,3.5174433621471106,1.5610868551697459,0.9999999999999994,1.1114314635050998e-14,4.946074781595863,spectral,kmeans_raw,0,0,[],"{""cluster_qr"": 3.5033400998879944, ""kmeans_norm"": 3.2013978008968276, ""kmeans_raw"": 3.5174433621471106}",
IMDB,0,MULTI_RELATION_7,,formal,,PSF-CE,"{""lambda"": 0.665, ""q"": 0.72}",ok,4278,3,20,0.35647498831229546,0.003991549782330513,3.915249018072575e-05,0.32737862285637254,0.12895080000453163,0.0010920000058831647,,1.961619874867996,0.9999999999999994,0.5561685628559757,0.003495512966289031,4.95992024599903,spectral,kmeans_raw,0,0,[],"{""cluster_qr"": 1.9596336828447685, ""kmeans_norm"": 1.8528126825568825, ""kmeans_raw"": 1.961619874867996}",
IMDB,0,MULTI_RELATION_7,,formal,,Poly2,"{""eta"": 8.0}",ok,4278,3,20,0.35647498831229546,0.003991549782330513,3.915249018072575e-05,0.32737862285637254,0.13072099999408238,0.0009081000025616959,,2.750007885823607,1.0740931211666143,0.9999999999999994,,,spectral,kmeans_raw,0,0,[],"{""cluster_qr"": 2.7416524985550623, ""kmeans_norm"": 2.543019826891962, ""kmeans_raw"": 2.750007885823607}",
IMDB,1,MULTI_RELATION_7,,formal,,AggregatePower,"{""q_after"": 6.0}",ok,4278,3,20,0.35834502103786814,0.0033287185948011142,-0.002120520203011994,0.29477847441165944,0.1249478999961866,0.000985999999102205,,1.7119271095288258,0.9999999999999966,0.2061595331029375,,,spectral,kmeans_raw,0,0,[],"{""cluster_qr"": 1.6733027669686882, ""kmeans_norm"": 1.6851386566282187, ""kmeans_raw"": 1.7119271095288258}",
IMDB,1,MULTI_RELATION_7,,formal,,CA,{},ok,4278,3,20,0.35834502103786814,0.0033287185948011142,-0.002120520203011994,0.29477847441165944,0.1426019000064116,0.0010326000046916306,,1.5599999761418308,0.9999999999999964,0.28353286768651426,,,spectral,kmeans_raw,0,0,[],"{""cluster_qr"": 1.5309544132010273, ""kmeans_norm"": 1.5419576386001639, ""kmeans_raw"": 1.5599999761418308}",
IMDB,1,MULTI_RELATION_7,,formal,,LinearPair,"{""lambda"": 3.0}",ok,4278,3,20,0.35834502103786814,0.0033287185948011142,-0.002120520203011994,0.29477847441165944,0.14254099999379832,0.001109699995140545,,3.7399025311477954,1.816686501524455,0.9999999999999964,8.757991371606388e-15,4.770241459798655,spectral,kmeans_raw,0,0,[],"{""cluster_qr"": 3.598016673409199, ""kmeans_norm"": 3.649940202165789, ""kmeans_raw"": 3.7399025311477954}",
IMDB,1,MULTI_RELATION_7,,formal,,PSF-CE,"{""lambda"": 0.665, ""q"": 0.72}",ok,4278,3,20,0.35834502103786814,0.0033184306431232207,-0.0020957912788087236,0.294681264501168,0.10052700000233017,0.0010814999986905605,,2.0418900734576,0.9999999999999966,0.5047847835178828,0.0027328164976341295,4.787911171667992,spectral,kmeans_raw,0,0,[],"{""cluster_qr"": 1.9870373082856112, ""kmeans_norm"": 2.008491820870486, ""kmeans_raw"": 2.0418900734576}",
IMDB,1,MULTI_RELATION_7,,formal,,Poly2,"{""eta"": 8.0}",ok,4278,3,20,0.35834502103786814,0.0033287185948011142,-0.002120520203011994,0.29477847441165944,0.13766799999575596,0.0007710999925620854,,2.9416813654450373,1.2595097440932455,0.9266599641548227,,,spectral,kmeans_raw,0,0,[],"{""cluster_qr"": 2.838455852713332, ""kmeans_norm"": 2.8782275249210483, ""kmeans_raw"": 2.9416813654450373}",
Human Kidney,2,BKCC_V2,,formal,,AggregatePower,"{""q_after"": 6.0}",ok,2100,11,20,0.34714285714285714,0.26041463269656046,0.10700329217574914,0.23247596022696546,0.3177462000021478,0.007894199996371754,,9.912692520028678,2.301045396122826,0.2934304954862982,,,spectral,kmeans_raw,0,0,[],"{""cluster_qr"": 9.783055786575574, ""kmeans_norm"": 7.227685517309393, ""kmeans_raw"": 9.912692520028678}",
Human Kidney,2,BKCC_V2,,formal,,CA,{},ok,2100,11,20,0.34714285714285714,0.26041463269656046,0.10700329217574914,0.23247596022696546,0.29087779999827035,0.010829399994690903,,8.908234571578793,1.0000000000000009,0.7094634231616835,,,spectral,kmeans_raw,0,0,[],"{""cluster_qr"": 8.711708743417702, ""kmeans_norm"": 8.038157102740547, ""kmeans_raw"": 8.908234571578793}",
Human Kidney,2,BKCC_V2,,formal,,LinearPair,"{""lambda"": 3.0}",ok,2100,11,20,0.3314285714285714,0.2586325073388826,0.10582015281223754,0.21666600033273176,0.2455331999954069,0.008336200000485405,,36.349290402997,5.255227823429585,2.5994874539227344,1.0687494206518132e-16,1.4184092744765244,spectral,kmeans_raw,0,0,[],"{""cluster_qr"": 30.156178763060005, ""kmeans_norm"": 28.879894655588522, ""kmeans_raw"": 36.349290402997}",
Human Kidney,2,BKCC_V2,,formal,,PSF-CE,"{""lambda"": 0.665, ""q"": 0.72}",ok,2100,11,20,0.3319047619047619,0.2602636877896977,0.10591685034303157,0.22183651351408085,0.3030360999982804,0.008000699992408045,,14.907650180408204,1.9241199731164251,1.1129281278320555,0.0007729068388757659,1.4310817314172377,spectral,kmeans_raw,0,0,[],"{""cluster_qr"": 13.365412514742973, ""kmeans_norm"": 12.325653021869966, ""kmeans_raw"": 14.907650180408204}",
Human Kidney,2,BKCC_V2,,formal,,Poly2,"{""eta"": 8.0}",ok,2100,11,20,0.3314285714285714,0.2586325073388826,0.10582015281223754,0.21666600033273176,0.3159369000059087,0.010876899992581457,,61.105817067453785,9.000000000000012,4.380244238359713,,,spectral,kmeans_raw,0,0,[],"{""cluster_qr"": 52.10049490968279, ""kmeans_norm"": 48.24874723716495, ""kmeans_raw"": 61.105817067453785}",
Isolet,0,BKCC_V2,,formal,,AggregatePower,"{""q_after"": 6.0}",ok,1560,2,20,0.541025641025641,0.016206433616772483,0.006474738269439868,0.4607173826137169,0.07408179999038111,0.006885999988298863,,2.6264158787434124,1.6460589219756476,1.5183212539784312,,,spectral,kmeans_raw,0,0,[],"{""cluster_qr"": 2.1082948318459165, ""kmeans_norm"": 2.4564196368382945, ""kmeans_raw"": 2.6264158787434124}",
Isolet,0,BKCC_V2,,formal,,CA,{},ok,1560,2,20,0.541025641025641,0.016206433616772483,0.006474738269439868,0.4607173826137169,0.05982299998868257,0.007206199996289797,,1.9862182879955892,0.9999999999999993,0.9906748678570081,,,spectral,kmeans_raw,0,0,[],"{""cluster_qr"": 1.9454776716719462, ""kmeans_norm"": 1.9820600352247506, ""kmeans_raw"": 1.9862182879955892}",
Isolet,0,BKCC_V2,,formal,,LinearPair,"{""lambda"": 3.0}",ok,1560,2,20,0.541025641025641,0.016206433616772483,0.006474738269439868,0.4607173826137169,0.05777079999097623,0.007017899988568388,,5.649837599494051,4.67707002227121,4.563300363479847,1.6369866819550981e-16,1.2526609826163684,spectral,kmeans_raw,0,0,[],"{""cluster_qr"": 5.363591438604457, ""kmeans_norm"": 5.440494262976182, ""kmeans_raw"": 5.649837599494051}",
Isolet,0,BKCC_V2,,formal,,PSF-CE,"{""lambda"": 0.665, ""q"": 0.72}",ok,1560,2,20,0.541025641025641,0.016206433616772483,0.006474738269439868,0.4607173826137169,0.07223299999895971,0.005264099992928095,,2.787782107307172,1.7968252874696322,1.7642708481797205,0.0006014383491767727,1.261803228103324,spectral,kmeans_raw,0,0,[],"{""cluster_qr"": 2.4788396588337616, ""kmeans_norm"": 2.7215890163274628, ""kmeans_raw"": 2.787782107307172}",
Isolet,0,BKCC_V2,,formal,,Poly2,"{""eta"": 8.0}",ok,1560,2,20,0.541025641025641,0.016206433616772483,0.006474738269439868,0.4607173826137169,0.0748159999930067,0.005530199996428564,,9.789868218826413,8.842168418285013,8.620330195985948,,,spectral,kmeans_raw,0,0,[],"{""cluster_qr"": 7.392131638389704, ""kmeans_norm"": 9.384252279493577, ""kmeans_raw"": 9.789868218826413}",
IMDB,2,MULTI_RELATION_7,,formal,,AggregatePower,"{""q_after"": 6.0}",ok,4278,3,20,0.34969611968209446,0.002784422904283213,-0.001016569412832644,0.3008275728469225,0.1367237000085879,0.0010174000053666532,,1.7362941366186313,0.9999999999999939,0.20200884543461217,,,spectral,kmeans_raw,0,0,[],"{""cluster_qr"": 1.7347106437165818, ""kmeans_norm"": 1.6546625284768164, ""kmeans_raw"": 1.7362941366186313}",
IMDB,2,MULTI_RELATION_7,,formal,,CA,{},ok,4278,3,20,0.34969611968209446,0.002784422904283213,-0.001016569412832644,0.3008275728469225,0.14095109999470878,0.0012356999941403046,,1.58421245496811,0.9999999999999938,0.29202227506794676,,,spectral,kmeans_raw,0,0,[],"{""cluster_qr"": 1.5570050293122815, ""kmeans_norm"": 1.5571980121274553, ""kmeans_raw"": 1.58421245496811}",
IMDB,2,MULTI_RELATION_7,,formal,,LinearPair,"{""lambda"": 3.0}",ok,4278,3,20,0.34969611968209446,0.002784422904283213,-0.001016569412832644,0.3008275728469225,0.1410658999957377,0.0009418999979970977,,3.796286652606682,1.8585252368742187,0.9999999999999938,1.5735003982625946e-14,4.449631197186416,spectral,kmeans_raw,0,0,[],"{""cluster_qr"": 3.6080709140986897, ""kmeans_norm"": 3.609071004114756, ""kmeans_raw"": 3.796286652606682}",
IMDB,2,MULTI_RELATION_7,,formal,,PSF-CE,"{""lambda"": 0.665, ""q"": 0.72}",ok,4278,3,20,0.34969611968209446,0.002784422904283213,-0.001016569412832644,0.3008275728469225,0.16261899999517482,0.001072400002158247,,2.074053771666261,0.999999999999994,0.5112149310846336,0.0021804583451442454,4.457665524393347,spectral,kmeans_raw,0,0,[],"{""cluster_qr"": 2.0113673264318326, ""kmeans_norm"": 2.0117324695361334, ""kmeans_raw"": 2.074053771666261}",
IMDB,2,MULTI_RELATION_7,,formal,,Poly2,"{""eta"": 8.0}",ok,4278,3,20,0.34969611968209446,0.002784422904283213,-0.001016569412832644,0.3008275728469225,0.15555390001100022,0.001061900009517558,,3.0773099707913842,1.3515599152528652,0.9742383481548222,,,spectral,kmeans_raw,0,0,[],"{""cluster_qr"": 2.881617215410876, ""kmeans_norm"": 2.9482815053820928, ""kmeans_raw"": 3.0773099707913842}",
Isolet,1,BKCC_V2,,formal,,AggregatePower,"{""q_after"": 6.0}",ok,1560,2,20,0.6929487179487179,0.11026215916998752,0.1483705726426782,0.6929475823998363,0.07076060000690632,0.008515499997884035,,2.65791420774642,1.78031642606766,1.565034852026795,,,spectral,kmeans_norm,0,0,[],"{""cluster_qr"": 2.398502729727294, ""kmeans_norm"": 2.65791420774642, ""kmeans_raw"": 2.615752342748523}",
Isolet,1,BKCC_V2,,formal,,CA,{},ok,1560,2,20,0.6871794871794872,0.10360669632302046,0.13959277746831059,0.6871748595886527,0.06059200000890996,0.008447900007013232,,1.9531517571248724,0.9999999999999989,0.9772545920805724,,,spectral,kmeans_norm,0,0,[],"{""cluster_qr"": 1.9502818202141727, ""kmeans_norm"": 1.9531517571248724, ""kmeans_raw"": 1.9531517571248724}",
Isolet,1,BKCC_V2,,formal,,LinearPair,"{""lambda"": 3.0}",ok,1560,2,20,0.6929487179487179,0.11026215916998752,0.1483705726426782,0.6929475823998363,0.07096470000396948,0.007678300011320971,,5.59479939399267,4.757311260486627,4.573347416088814,1.484171896867733e-16,1.320973023027915,spectral,kmeans_norm,0,0,[],"{""cluster_qr"": 5.316495356403928, ""kmeans_norm"": 5.59479939399267, ""kmeans_raw"": 5.564763547086734}",
Isolet,1,BKCC_V2,,formal,,PSF-CE,"{""lambda"": 0.665, ""q"": 0.72}",ok,1560,2,20,0.6929487179487179,0.11026215916998752,0.1483705726426782,0.6929475823998363,0.06264639999426436,0.00757099999464117,,2.7513344658189482,1.8049969929500764,1.7520675697712529,0.0007038560188653061,1.333172858974911,spectral,kmeans_norm,0,0,[],"{""cluster_qr"": 2.5262398316848707, ""kmeans_norm"": 2.7513344658189482, ""kmeans_raw"": 2.7445365060601796}",
Isolet,1,BKCC_V2,,formal,,Poly2,"{""eta"": 8.0}",ok,1560,2,20,0.6929487179487179,0.11026215916998752,0.1483705726426782,0.6929475823998363,0.06515690000378527,0.009167600001092069,,9.318015857694466,8.617466894021094,8.275418288294295,,,spectral,kmeans_norm,0,0,[],"{""cluster_qr"": 8.766523235498955, ""kmeans_norm"": 9.318015857694466, ""kmeans_raw"": 9.261817431087902}",
Isolet,2,BKCC_V2,,formal,,AggregatePower,"{""q_after"": 6.0}",ok,1560,2,20,0.592948717948718,0.02651801022339869,0.033962674089021365,0.5888901569778904,0.0745481999911135,0.00879549999081064,,3.0493653979858113,2.1427852602526163,1.4349041343883704,,,spectral,kmeans_raw,0,0,[],"{""cluster_qr"": 2.2299893620305604, ""kmeans_norm"": 2.9139251331169165, ""kmeans_raw"": 3.0493653979858113}",
Isolet,2,BKCC_V2,,formal,,CA,{},ok,1560,2,20,0.5935897435897436,0.026867969967794877,0.03444095795179133,0.5895902043417858,0.06917119999707211,0.007409300000290386,,1.9586578592204194,1.0000000000000007,0.9735907497791807,,,spectral,kmeans_raw,0,0,[],"{""cluster_qr"": 1.9578573965268542, ""kmeans_norm"": 1.958581753720726, ""kmeans_raw"": 1.9586578592204194}",
Isolet,2,BKCC_V2,,formal,,LinearPair,"{""lambda"": 3.0}",ok,1560,2,20,0.592948717948718,0.02651801022339869,0.033962674089021365,0.5888901569778904,0.07917820000147913,0.009069699997780845,,5.860305178641404,4.972360902756766,4.395997960997792,2.490653315811731e-16,1.4082273633961009,spectral,kmeans_raw,0,0,[],"{""cluster_qr"": 5.092599954514711, ""kmeans_norm"": 5.738781140720919, ""kmeans_raw"": 5.860305178641404}",
Isolet,2,BKCC_V2,,formal,,PSF-CE,"{""lambda"": 0.665, ""q"": 0.72}",ok,1560,2,20,0.592948717948718,0.02651801022339869,0.033962674089021365,0.5888901569778904,0.06572719999530818,0.009636000002501532,,2.8168183735225503,1.8529015410365983,1.6806091211775371,0.000519074901600595,1.4230063308782206,spectral,kmeans_raw,0,0,[],"{""cluster_qr"": 2.579471875301933, ""kmeans_norm"": 2.77821601594457, ""kmeans_raw"": 2.8168183735225503}",
Isolet,2,BKCC_V2,,formal,,Poly2,"{""eta"": 8.0}",ok,1560,2,20,0.592948717948718,0.02651801022339869,0.033962674089021365,0.5888901569778904,0.08886180000263266,0.009355799993500113,,9.361128433103534,8.556622334223869,7.544884289207855,,,spectral,kmeans_raw,0,0,[],"{""cluster_qr"": 8.215066459971483, ""kmeans_norm"": 9.148468848941691, ""kmeans_raw"": 9.361128433103534}",
LandUse-21,0,NEW10,,formal,,AggregatePower,"{""q_after"": 6.0}",ok,2100,21,20,0.22523809523809524,0.3201503354463587,0.10162662113412141,0.18808262539705362,0.97246200000518,0.03642980000586249,,6.776818781603018,1.9023707659457318,0.005820728101742192,,,spectral,kmeans_raw,0,0,[],"{""cluster_qr"": 6.628568448969045, ""kmeans_norm"": 5.629081572722958, ""kmeans_raw"": 6.776818781603018}",
LandUse-21,0,NEW10,,formal,,CA,{},ok,2100,21,20,0.22523809523809524,0.3201503354463587,0.10162662113412141,0.18808262539705362,0.8039382999995723,0.026808700000401586,,9.958579588228876,0.9999999999999998,0.32981525647452503,,,spectral,kmeans_raw,0,0,[],"{""cluster_qr"": 9.602975702939261, ""kmeans_norm"": 8.082643488474083, ""kmeans_raw"": 9.958579588228876}",
LandUse-21,0,NEW10,,formal,,LinearPair,"{""lambda"": 3.0}",ok,2100,21,20,0.22523809523809524,0.3201503354463587,0.10162662113412141,0.18808262539705362,0.8900322999979835,0.02690670000447426,,36.57664483825194,4.810523658929551,0.8454848413387558,2.092974428805555e-16,1.7694232764182773,spectral,kmeans_raw,0,0,[],"{""cluster_qr"": 34.698272567463725, ""kmeans_norm"": 28.138852011417633, ""kmeans_raw"": 36.57664483825194}",
LandUse-21,0,NEW10,,formal,,PSF-CE,"{""lambda"": 0.665, ""q"": 0.72}",ok,2100,21,20,0.22714285714285715,0.3177570225901814,0.10223284889569717,0.18816069505808,0.8830555000022287,0.021924599990597926,,15.894154715944522,1.7071058803675125,0.45524383319695655,0.002310719302327015,1.8300031164134294,spectral,kmeans_raw,0,0,[],"{""cluster_qr"": 14.93009517035934, ""kmeans_norm"": 11.761437333527006, ""kmeans_raw"": 15.894154715944522}",
LandUse-21,0,NEW10,,formal,,Poly2,"{""eta"": 8.0}",ok,2100,21,20,0.23142857142857143,0.3231060905385634,0.10435441322492531,0.1918600883452727,0.8316748999932315,0.026138799992622808,,51.64235785865615,6.859898331779847,1.1788328279381064,,,spectral,kmeans_raw,0,0,[],"{""cluster_qr"": 46.42523153759368, ""kmeans_norm"": 38.12055171061699, ""kmeans_raw"": 51.64235785865615}",
LandUse-21,1,NEW10,,formal,,AggregatePower,"{""q_after"": 6.0}",ok,2100,21,20,0.21714285714285714,0.3098591555229085,0.09919110417691746,0.1636087545336944,0.9953212999971583,0.023355599987553433,,6.481922500488134,2.062341548298497,0.005258731879281619,,,spectral,kmeans_raw,0,0,[],"{""cluster_qr"": 6.3515917462993015, ""kmeans_norm"": 4.824805773947004, ""kmeans_raw"": 6.481922500488134}",
LandUse-21,1,NEW10,,formal,,CA,{},ok,2100,21,20,0.21714285714285714,0.3098591555229085,0.09919110417691746,0.1636087545336944,0.9903816000005463,0.02667920000385493,,9.854593959118418,0.9999999999999999,0.326461477776954,,,spectral,kmeans_raw,0,0,[],"{""cluster_qr"": 9.194982027119273, ""kmeans_norm"": 7.527450100234871, ""kmeans_raw"": 9.854593959118418}",
LandUse-21,1,NEW10,,formal,,LinearPair,"{""lambda"": 3.0}",ok,2100,21,20,0.21714285714285714,0.3098591555229085,0.09919110417691746,0.1636087545336944,0.9731873999990057,0.02863939999951981,,35.73921188695917,4.997888733046573,0.8310657611149669,1.7385032587387762e-16,1.770462432769679,spectral,kmeans_raw,0,0,[],"{""cluster_qr"": 32.25910646639674, ""kmeans_norm"": 25.36854505547726, ""kmeans_raw"": 35.73921188695917}",
LandUse-21,1,NEW10,,formal,,PSF-CE,"{""lambda"": 0.665, ""q"": 0.72}",ok,2100,21,20,0.21761904761904763,0.3106917928080583,0.09920067398057351,0.16462255337863788,0.903219200001331,0.028353200003039092,,15.707092480317904,1.7568748252274429,0.4497736963429979,0.002215396117831205,1.834234076252672,spectral,kmeans_raw,0,0,[],"{""cluster_qr"": 14.49740120354079, ""kmeans_norm"": 12.47091079513684, ""kmeans_raw"": 15.707092480317904}",
LandUse-21,1,NEW10,,formal,,Poly2,"{""eta"": 8.0}",ok,2100,21,20,0.21333333333333335,0.30189462913494114,0.09539364879990322,0.15893145532019903,0.9395313999993959,0.027290300000458956,,49.94874151879733,7.12413723848162,1.1256932958012342,,,spectral,kmeans_raw,0,0,[],"{""cluster_qr"": 44.78252836555365, ""kmeans_norm"": 37.57109088951787, ""kmeans_raw"": 49.94874151879733}",
LandUse-21,2,NEW10,,formal,,AggregatePower,"{""q_after"": 6.0}",ok,2100,21,20,0.20476190476190476,0.30798990592597025,0.09422733576733174,0.16353295229204431,0.9619871000031708,0.027723899998818524,,7.087224818095811,1.9084356222142873,0.005629387166171623,,,spectral,kmeans_raw,0,0,[],"{""cluster_qr"": 6.923259907733021, ""kmeans_norm"": 4.6160341242298095, ""kmeans_raw"": 7.087224818095811}",
LandUse-21,2,NEW10,,formal,,CA,{},ok,2100,21,20,0.20476190476190476,0.30798990592597025,0.09422733576733174,0.16353295229204431,0.9583731000020634,0.02928700001211837,,10.247151865575695,1.000000000000001,0.33611170342794744,,,spectral,kmeans_raw,0,0,[],"{""cluster_qr"": 9.67460262684917, ""kmeans_norm"": 7.658018263276805, ""kmeans_raw"": 10.247151865575695}",
LandUse-21,2,NEW10,,formal,,LinearPair,"{""lambda"": 3.0}",ok,2100,21,20,0.20476190476190476,0.30798990592597025,0.09422733576733174,0.16353295229204431,1.0126301999989664,0.022105800002464093,,37.43170364442124,4.867794543266309,0.8510322129074036,1.5159324145636046e-16,1.6955995121251828,spectral,kmeans_raw,0,0,[],"{""cluster_qr"": 35.26640117578713, ""kmeans_norm"": 24.987370019813007, ""kmeans_raw"": 37.43170364442124}",
LandUse-21,2,NEW10,,formal,,PSF-CE,"{""lambda"": 0.665, ""q"": 0.72}",ok,2100,21,20,0.2019047619047619,0.30824935565850825,0.09768210600385709,0.1578757376834373,0.9480048999976134,0.02774689999932889,,16.28268348952045,1.7386508863203958,0.4601831054105373,0.002114212264835413,1.7529426698834578,spectral,kmeans_raw,0,0,[],"{""cluster_qr"": 15.198461685303535, ""kmeans_norm"": 11.676828778206467, ""kmeans_raw"": 16.28268348952045}",
LandUse-21,2,NEW10,,formal,,Poly2,"{""eta"": 8.0}",ok,2100,21,20,0.21142857142857144,0.30696535272939823,0.0949445444190467,0.16548260376139207,0.9948863000026904,0.015300000013667159,,54.116093254367605,7.18930931554623,1.2027688438254427,,,spectral,kmeans_raw,0,0,[],"{""cluster_qr"": 49.2153019618337, ""kmeans_norm"": 38.32728753690874, ""kmeans_raw"": 54.116093254367605}",
ALOI,0,MULTI_RELATION_7,,formal,,AggregatePower,"{""q_after"": 6.0}",ok,10800,100,20,0.6946296296296296,0.8094160687542088,0.3099550594520877,0.7132327552264465,39.39884190000885,1.876501400009147,,28.288589149342787,3.0427509129459227,0.004233542349637117,,,spectral,kmeans_raw,0,0,[],"{""cluster_qr"": 27.724415322723015, ""kmeans_norm"": 27.750044237014563, ""kmeans_raw"": 28.288589149342787}",
ALOI,0,MULTI_RELATION_7,,formal,,CA,{},ok,10800,100,20,0.6946296296296296,0.8094160687542088,0.3099550594520877,0.7132327552264465,36.27120889999787,1.8052301999996416,,44.53613755511409,1.0000000000000029,0.29639043769495454,,,spectral,kmeans_raw,0,0,[],"{""cluster_qr"": 41.88155969857155, ""kmeans_norm"": 41.96249600842732, ""kmeans_raw"": 44.53613755511409}",
ALOI,0,MULTI_RELATION_7,,formal,,LinearPair,"{""lambda"": 3.0}",ok,10800,100,20,0.6946296296296296,0.8094160687542088,0.3099550594520877,0.7132327552264465,37.893043399992166,1.791569699998945,,174.79119354126834,5.374993257391368,0.7377714926250775,5.034873495132426e-16,1.913938602011469,spectral,kmeans_raw,0,0,[],"{""cluster_qr"": 166.47524977650536, ""kmeans_norm"": 165.89303074621174, ""kmeans_raw"": 174.79119354126834}",
ALOI,0,MULTI_RELATION_7,,formal,,PSF-CE,"{""lambda"": 0.665, ""q"": 0.72}",ok,10800,100,20,0.6853703703703704,0.8068173567899035,0.24175661432814421,0.7110840293080665,40.070840500004124,1.9874883000011323,,73.63181567999047,1.8314386354239294,0.40212911757090514,0.0011090006086754358,1.9666609086246725,spectral,kmeans_raw,0,0,[],"{""cluster_qr"": 69.54627778006619, ""kmeans_norm"": 70.172639406515, ""kmeans_raw"": 73.63181567999047}",
ALOI,0,MULTI_RELATION_7,,formal,,Poly2,"{""eta"": 8.0}",ok,10800,100,20,0.6946296296296296,0.8094160687542088,0.3099550594520877,0.7132327552264465,36.16414879998774,1.698336699992069,,234.359192737128,7.182216872742667,0.9991687701510094,,,spectral,kmeans_raw,0,0,[],"{""cluster_qr"": 223.14422337064724, ""kmeans_norm"": 222.38481219153155, ""kmeans_raw"": 234.359192737128}",
ALOI,1,MULTI_RELATION_7,,formal,,AggregatePower,"{""q_after"": 6.0}",ok,10800,100,20,0.6951851851851852,0.8028280374871037,0.2731442802313872,0.7238061464599507,39.84497399999236,2.1286710999993375,,29.430475520383865,2.6574773771330995,0.005159747793387433,,,spectral,kmeans_raw,0,0,[],"{""cluster_qr"": 28.848583853280743, ""kmeans_norm"": 29.035317771737304, ""kmeans_raw"": 29.430475520383865}",
ALOI,1,MULTI_RELATION_7,,formal,,CA,{},ok,10800,100,20,0.6951851851851852,0.8028280374871037,0.2731442802313872,0.7238061464599507,36.89000400000077,2.080849499994656,,44.878003224451504,1.0000000000000004,0.30246480425083055,,,spectral,kmeans_raw,0,0,[],"{""cluster_qr"": 42.58103689915439, ""kmeans_norm"": 42.43300557836617, ""kmeans_raw"": 44.878003224451504}",
ALOI,1,MULTI_RELATION_7,,formal,,LinearPair,"{""lambda"": 3.0}",ok,10800,100,20,0.6951851851851852,0.8028280374871037,0.2731442802313872,0.7238061464599507,38.9262216000061,1.7260387999995146,,177.08144728150884,5.064630504925026,0.7678495398169973,7.629652100933164e-17,1.9299177331919903,spectral,kmeans_raw,0,0,[],"{""cluster_qr"": 168.91343350870414, ""kmeans_norm"": 168.77079645336948, ""kmeans_raw"": 177.08144728150884}",
ALOI,1,MULTI_RELATION_7,,formal,,PSF-CE,"{""lambda"": 0.665, ""q"": 0.72}",ok,10800,100,20,0.6893518518518519,0.8059707033607436,0.2492274640785305,0.7186555007211749,39.0391668999946,1.852844399996684,,74.36787519480211,1.743929219109598,0.41380125021621156,0.0010652358773491355,1.9820617040539923,spectral,kmeans_raw,0,0,[],"{""cluster_qr"": 70.56414393226274, ""kmeans_norm"": 70.7410245229333, ""kmeans_raw"": 74.36787519480211}",
ALOI,1,MULTI_RELATION_7,,formal,,Poly2,"{""eta"": 8.0}",ok,10800,100,20,0.6862962962962963,0.7999673157279921,0.19242006799007744,0.7227607301453338,36.78577309999673,1.8371018999896478,,236.10303442316626,6.722947382868924,1.0168043680080097,,,spectral,kmeans_raw,0,0,[],"{""cluster_qr"": 224.93672042513808, ""kmeans_norm"": 225.02629623697354, ""kmeans_raw"": 236.10303442316626}",
Leukemia,0,BKCC_V2,,formal,,AggregatePower,"{""q_after"": 6.0}",ok,72,2,20,0.7083333333333334,0.12531250648530332,0.16207751501386602,0.6950998185117967,0.03634030000830535,0.0004057000041939318,,2.205301507537736,1.3234733213045586,0.9999999999999987,,,spectral,cluster_qr,0,0,[],"{""cluster_qr"": 2.205301507537736, ""kmeans_norm"": 2.205301507537736, ""kmeans_raw"": 2.205301507537736}",
Leukemia,0,BKCC_V2,,formal,,CA,{},ok,72,2,20,0.7083333333333334,0.12531250648530332,0.16207751501386602,0.6950998185117967,0.038272899997537024,0.0005081999988760799,,1.8399901606029883,0.9999999999999986,0.8923193199757911,,,spectral,cluster_qr,0,0,[],"{""cluster_qr"": 1.8399901606029883, ""kmeans_norm"": 1.8399901606029883, ""kmeans_raw"": 1.8399901606029883}",
Leukemia,0,BKCC_V2,,formal,,LinearPair,"{""lambda"": 3.0}",ok,72,2,20,0.7083333333333334,0.12531250648530332,0.16207751501386602,0.6950998185117967,0.03917429999273736,0.0006054999976186082,,4.9493031279975135,4.240107826270228,2.971357451167437,3.5083762826909183e-16,1.4104682233966723,spectral,kmeans_norm,0,0,[],"{""cluster_qr"": 3.15374546349011, ""kmeans_norm"": 4.9493031279975135, ""kmeans_raw"": 4.9493031279975135}",
Leukemia,0,BKCC_V2,,formal,,PSF-CE,"{""lambda"": 0.665, ""q"": 0.72}",ok,72,2,20,0.7083333333333334,0.12531250648530332,0.16207751501386602,0.6950998185117967,0.03289550000044983,0.0005358999915188178,,2.521017332092824,1.6247406434728724,1.2379290521320725,0.002851671022406386,1.4309748719328181,spectral,kmeans_norm,0,0,[],"{""cluster_qr"": 1.9582619795684346, ""kmeans_norm"": 2.521017332092824, ""kmeans_raw"": 2.521017332092824}",
Leukemia,0,BKCC_V2,,formal,,Poly2,"{""eta"": 8.0}",ok,72,2,20,0.7083333333333334,0.12531250648530332,0.16207751501386602,0.6950998185117967,0.033596099994610995,0.0003843000013148412,,7.760604193122127,7.262189470392257,5.046042038286822,,,spectral,kmeans_norm,0,0,[],"{""cluster_qr"": 3.7574514094403626, ""kmeans_norm"": 7.760604193122127, ""kmeans_raw"": 7.760604193122127}",
Leukemia,1,BKCC_V2,,formal,,AggregatePower,"{""q_after"": 6.0}",ok,72,2,20,0.7083333333333334,0.12531250648530332,0.16207751501386602,0.6950998185117967,0.03193559999635909,0.0004678999976022169,,2.1881627817292895,1.279533039618035,0.9999999999999991,,,spectral,cluster_qr,0,0,[],"{""cluster_qr"": 2.1881627817292895, ""kmeans_norm"": 2.1881627817292895, ""kmeans_raw"": 2.1881627817292895}",
Leukemia,1,BKCC_V2,,formal,,CA,{},ok,72,2,20,0.7083333333333334,0.12531250648530332,0.16207751501386602,0.6950998185117967,0.035096399995381944,0.0005795000033685938,,1.8277920816364324,0.9999999999999992,0.8743087796326423,,,spectral,cluster_qr,0,0,[],"{""cluster_qr"": 1.8277920816364324, ""kmeans_norm"": 1.8277920816364324, ""kmeans_raw"": 1.8277920816364324}",
Leukemia,1,BKCC_V2,,formal,,LinearPair,"{""lambda"": 3.0}",ok,72,2,20,0.7083333333333334,0.12531250648530332,0.16207751501386602,0.6950998185117967,0.0438945999921998,0.00044979999074712396,,5.019177158308597,4.279231414851901,2.191563142586225,1.5894291103934243e-16,1.4960800582648823,spectral,kmeans_norm,0,0,[],"{""cluster_qr"": 3.549293887770503, ""kmeans_norm"": 5.019177158308597, ""kmeans_raw"": 5.019177158308597}",
Leukemia,1,BKCC_V2,,formal,,PSF-CE,"{""lambda"": 0.665, ""q"": 0.72}",ok,72,2,20,0.7083333333333334,0.12531250648530332,0.16207751501386602,0.6950998185117967,0.050338899993221276,0.0005841999955009669,,2.5273128134141203,1.6205449040381468,0.999999999999999,0.003188387551094187,1.528907660828535,spectral,cluster_qr,0,0,[],"{""cluster_qr"": 2.5273128134141203, ""kmeans_norm"": 2.5273128134141203, ""kmeans_raw"": 2.5273128134141203}",
Leukemia,1,BKCC_V2,,formal,,Poly2,"{""eta"": 8.0}",ok,72,2,20,0.7083333333333334,0.12531250648530332,0.16207751501386602,0.6950998185117967,0.04342829999222886,0.001072700004442595,,7.562925998518933,6.989635516774388,3.533540263594799,,,spectral,kmeans_norm,0,0,[],"{""cluster_qr"": 4.049054001715746, ""kmeans_norm"": 7.562925998518933, ""kmeans_raw"": 7.562925998518933}",
Leukemia,2,BKCC_V2,,formal,,AggregatePower,"{""q_after"": 6.0}",ok,72,2,20,0.7083333333333334,0.12531250648530332,0.16207751501386602,0.6950998185117967,0.034204400013550185,0.00047990000166464597,,2.2393606282059917,1.3737052273173902,0.9999999999999992,,,spectral,cluster_qr,0,0,[],"{""cluster_qr"": 2.2393606282059917, ""kmeans_norm"": 2.2393606282059917, ""kmeans_raw"": 2.2393606282059917}",
Leukemia,2,BKCC_V2,,formal,,CA,{},ok,72,2,20,0.7083333333333334,0.12531250648530332,0.16207751501386602,0.6950998185117967,0.03875989999505691,0.0006254999898374081,,1.8152240555036345,0.9999999999999993,0.8692606270511626,,,spectral,cluster_qr,0,0,[],"{""cluster_qr"": 1.8152240555036345, ""kmeans_norm"": 1.8152240555036345, ""kmeans_raw"": 1.8152240555036345}",
Leukemia,2,BKCC_V2,,formal,,LinearPair,"{""lambda"": 3.0}",ok,72,2,20,0.7083333333333334,0.12531250648530332,0.16207751501386602,0.6950998185117967,0.039421599998604506,0.0004676999960793182,,4.982903355331986,4.305445788903287,2.787367281000592,5.114047507227725e-16,1.5279418149962942,spectral,kmeans_norm,0,0,[],"{""cluster_qr"": 2.810015154009073, ""kmeans_norm"": 4.982903355331986, ""kmeans_raw"": 4.982903355331986}",
Leukemia,2,BKCC_V2,,formal,,PSF-CE,"{""lambda"": 0.665, ""q"": 0.72}",ok,72,2,20,0.7083333333333334,0.12531250648530332,0.16207751501386602,0.6950998185117967,0.04433390000485815,0.0005230000097071752,,2.512508870284239,1.6244735507696455,1.1548538256257452,0.0024186459224397627,1.5496581422277822,spectral,kmeans_norm,0,0,[],"{""cluster_qr"": 1.802989621093709, ""kmeans_norm"": 2.512508870284239, ""kmeans_raw"": 2.512508870284239}",
Leukemia,2,BKCC_V2,,formal,,Poly2,"{""eta"": 8.0}",ok,72,2,20,0.7083333333333334,0.12531250648530332,0.16207751501386602,0.6950998185117967,0.03859550000925083,0.0004290000069886446,,7.393337989628663,6.9141729289822065,4.444607693788634,,,spectral,kmeans_norm,0,0,[],"{""cluster_qr"": 4.097457705873841, ""kmeans_norm"": 7.393337989628663, ""kmeans_raw"": 7.393337989628663}",
Leukemia2,0,NEW10,,formal,,AggregatePower,"{""q_after"": 6.0}",ok,72,3,20,0.6111111111111112,0.489053040886391,0.3709599322861673,0.5006802721088436,0.04946880000352394,0.0002702000056160614,,2.403556361333478,1.2998653747993931,0.1153592198672725,,,spectral,cluster_qr,0,0,[],"{""cluster_qr"": 2.403556361333478, ""kmeans_norm"": 2.403556361333478, ""kmeans_raw"": 2.403556361333478}",
Leukemia2,0,NEW10,,formal,,CA,{},ok,72,3,20,0.6111111111111112,0.489053040886391,0.3709599322861673,0.5006802721088436,0.04781679999723565,0.00031879999733064324,,2.60627804417459,0.9999999999999998,0.6678705945891944,,,spectral,cluster_qr,0,0,[],"{""cluster_qr"": 2.60627804417459, ""kmeans_norm"": 2.60627804417459, ""kmeans_raw"": 2.60627804417459}",
Leukemia2,0,NEW10,,formal,,LinearPair,"{""lambda"": 3.0}",ok,72,3,20,0.6111111111111112,0.489053040886391,0.3709599322861673,0.5006802721088436,0.041933100001187995,0.00042630000098142773,,7.553407019349024,4.5572672328053185,1.0000000000000002,2.973879579104632e-16,1.1857557442684383,spectral,cluster_qr,0,0,[],"{""cluster_qr"": 7.553407019349024, ""kmeans_norm"": 7.553407019349024, ""kmeans_raw"": 7.553407019349024}",
Leukemia2,0,NEW10,,formal,,PSF-CE,"{""lambda"": 0.665, ""q"": 0.72}",ok,72,3,20,0.6111111111111112,0.489053040886391,0.3709599322861673,0.5006802721088436,0.04182820000278298,0.0003096000000368804,,3.7069959281734555,1.78228206023694,0.9999999999999997,0.0011247927821810505,1.1974578678833236,spectral,cluster_qr,0,0,[],"{""cluster_qr"": 3.7069959281734555, ""kmeans_norm"": 3.7069959281734555, ""kmeans_raw"": 3.7069959281734555}",
Leukemia2,0,NEW10,,formal,,Poly2,"{""eta"": 8.0}",ok,72,3,20,0.5694444444444444,0.323546280215676,0.23587613878535493,0.46078431372549017,0.05196770001202822,0.0003338000096846372,,12.431712480792235,9.000000000000009,1.624059608241972,,,spectral,kmeans_raw,0,0,[],"{""cluster_qr"": 11.184364127521487, ""kmeans_norm"": 7.311667780879361, ""kmeans_raw"": 12.431712480792235}",
Leukemia2,1,NEW10,,formal,,AggregatePower,"{""q_after"": 6.0}",ok,72,3,20,0.5833333333333334,0.42419207107531653,0.291439196763541,0.47754137115839246,0.04785719999927096,0.0003361999988555908,,2.328878901343363,1.2508204637903726,0.08830526660078472,,,spectral,cluster_qr,0,0,[],"{""cluster_qr"": 2.328878901343363, ""kmeans_norm"": 2.328878901343363, ""kmeans_raw"": 2.328878901343363}",
Leukemia2,1,NEW10,,formal,,CA,{},ok,72,3,20,0.5833333333333334,0.42419207107531653,0.291439196763541,0.47754137115839246,0.05253830000583548,0.0004334999975981191,,2.5172418411202546,0.9999999999999997,0.617798494505864,,,spectral,cluster_qr,0,0,[],"{""cluster_qr"": 2.5172418411202546, ""kmeans_norm"": 2.5172418411202546, ""kmeans_raw"": 2.5172418411202546}",
Leukemia2,1,NEW10,,formal,,LinearPair,"{""lambda"": 3.0}",ok,72,3,20,0.5694444444444444,0.323546280215676,0.23587613878535493,0.46078431372549017,0.05186120000144001,0.0005012999899918213,,6.767173982294345,4.388584404090206,1.1684634369014364,3.4589916868683193e-16,1.2398482891699336,spectral,kmeans_raw,0,0,[],"{""cluster_qr"": 6.09464411617096, ""kmeans_norm"": 4.33261313887989, ""kmeans_raw"": 6.767173982294345}",
Leukemia2,1,NEW10,,formal,,PSF-CE,"{""lambda"": 0.665, ""q"": 0.72}",ok,72,3,20,0.5833333333333334,0.42419207107531653,0.291439196763541,0.47754137115839246,0.04988380000577308,0.0003995000006398186,,3.5521145927748163,1.7129498496987343,0.9348280367914411,0.0019811434298825613,1.2573160650779094,spectral,cluster_qr,0,0,[],"{""cluster_qr"": 3.5521145927748163, ""kmeans_norm"": 3.5521145927748163, ""kmeans_raw"": 3.5521145927748163}",
Leukemia2,1,NEW10,,formal,,Poly2,"{""eta"": 8.0}",ok,72,3,20,0.5694444444444444,0.323546280215676,0.23587613878535493,0.46078431372549017,0.048584899996058084,0.00041459999920334667,,11.856474805371668,8.348860717714826,2.0959766202213963,,,spectral,kmeans_raw,0,0,[],"{""cluster_qr"": 10.793155998543028, ""kmeans_norm"": 7.13264869776667, ""kmeans_raw"": 11.856474805371668}",
Leukemia2,2,NEW10,,formal,,AggregatePower,"{""q_after"": 6.0}",ok,72,3,20,0.6111111111111112,0.489053040886391,0.3709599322861673,0.5006802721088436,0.06209780000790488,0.00033209999673999846,,2.41105032043908,1.2265016643081472,0.2028009101109975,,,spectral,kmeans_norm,0,0,[],"{""cluster_qr"": 2.4110503204390796, ""kmeans_norm"": 2.41105032043908, ""kmeans_raw"": 2.41105032043908}",
Leukemia2,2,NEW10,,formal,,CA,{},ok,72,3,20,0.6111111111111112,0.489053040886391,0.3709599322861673,0.5006802721088436,0.046895100007532164,0.0004609000025084242,,2.539510459558942,0.9999999999999994,0.6774972868434112,,,spectral,cluster_qr,0,0,[],"{""cluster_qr"": 2.539510459558942, ""kmeans_norm"": 2.539510459558942, ""kmeans_raw"": 2.539510459558942}",
Leukemia2,2,NEW10,,formal,,LinearPair,"{""lambda"": 3.0}",ok,72,3,20,0.6111111111111112,0.489053040886391,0.3709599322861673,0.5006802721088436,0.05470880000211764,0.0004369999951450154,,7.370695450829075,4.152305322178088,1.0253878854386427,4.828795396306209e-16,1.2969620059645182,spectral,kmeans_raw,0,0,[],"{""cluster_qr"": 5.892790070857297, ""kmeans_norm"": 4.266569504966807, ""kmeans_raw"": 7.370695450829075}",
Leukemia2,2,NEW10,,formal,,PSF-CE,"{""lambda"": 0.665, ""q"": 0.72}",ok,72,3,20,0.6111111111111112,0.489053040886391,0.3709599322861673,0.5006802721088436,0.05192729999544099,0.000378400000045076,,3.612890350013367,1.6229662285057225,0.9999999999999994,0.0012147838508593885,1.3127780698290625,spectral,cluster_qr,0,0,[],"{""cluster_qr"": 3.612890350013367, ""kmeans_norm"": 3.612890350013367, ""kmeans_raw"": 3.612890350013367}",
Leukemia2,2,NEW10,,formal,,Poly2,"{""eta"": 8.0}",ok,72,3,20,0.6111111111111112,0.489053040886391,0.3709599322861673,0.5006802721088436,0.05346459998690989,0.00038329999370034784,,12.59198427718765,7.60466022268232,1.7745826396360387,,,spectral,kmeans_raw,0,0,[],"{""cluster_qr"": 10.174051413134588, ""kmeans_norm"": 6.827152220990158, ""kmeans_raw"": 12.59198427718765}",
ALOI,2,MULTI_RELATION_7,,formal,,AggregatePower,"{""q_after"": 6.0}",ok,10800,100,20,0.6888888888888889,0.8071209249193406,0.25550379141993207,0.7150941622710283,40.3721293000126,2.065833600005135,,28.53451087573914,2.6201117031619563,0.004514815687746344,,,spectral,kmeans_raw,0,0,[],"{""cluster_qr"": 28.04434939693293, ""kmeans_norm"": 28.26307148707227, ""kmeans_raw"": 28.53451087573914}",
ALOI,2,MULTI_RELATION_7,,formal,,CA,{},ok,10800,100,20,0.6888888888888889,0.8071209249193406,0.25550379141993207,0.7150941622710283,36.53356860000349,1.8309975000011036,,44.48845267382735,1.0000000000000016,0.2940986726036744,,,spectral,kmeans_raw,0,0,[],"{""cluster_qr"": 41.35856455688843, ""kmeans_norm"": 41.883885542239696, ""kmeans_raw"": 44.48845267382735}",
ALOI,2,MULTI_RELATION_7,,formal,,LinearPair,"{""lambda"": 3.0}",ok,10800,100,20,0.6888888888888889,0.8071209249193406,0.25550379141993207,0.7150941622710283,39.94727099999727,1.7663219999958528,,175.41085518857096,5.047935604501437,0.7380069816008372,6.633229998044211e-17,1.9581102582036962,spectral,kmeans_raw,0,0,[],"{""cluster_qr"": 164.96065967092977, ""kmeans_norm"": 166.8453021909563, ""kmeans_raw"": 175.41085518857096}",
ALOI,2,MULTI_RELATION_7,,formal,,PSF-CE,"{""lambda"": 0.665, ""q"": 0.72}",ok,10800,100,20,0.6753703703703704,0.7950163721442877,0.1910886831199422,0.7096555192836356,40.561982900006115,1.7851128000038443,,73.49400978082863,1.7352583479351877,0.4017464788462441,0.001136266501754626,2.0127251050164445,spectral,kmeans_raw,0,0,[],"{""cluster_qr"": 69.14124280510225, ""kmeans_norm"": 69.72761028488911, ""kmeans_raw"": 73.49400978082863}",
ALOI,2,MULTI_RELATION_7,,formal,,Poly2,"{""eta"": 8.0}",ok,10800,100,20,0.6888888888888889,0.8071209249193406,0.25550379141993207,0.7150941622710283,37.62198690000514,1.743324399998528,,231.2665766104257,6.621074650865503,0.986050906421621,,,spectral,kmeans_raw,0,0,[],"{""cluster_qr"": 217.87085249058316, ""kmeans_norm"": 219.90807135429318, ""kmeans_raw"": 231.2665766104257}",
MFeat-pix,0,BKCC_V2,,formal,,AggregatePower,"{""q_after"": 6.0}",ok,2000,10,20,0.865,0.8048976610412653,0.7561368166219208,0.8639174863623257,0.2250177999958396,0.017910599999595433,,10.232806215953731,1.5808462307340105,0.38726558832239,,,spectral,kmeans_norm,0,0,[],"{""cluster_qr"": 10.15069834590258, ""kmeans_norm"": 10.232806215953731, ""kmeans_raw"": 10.22057155484573}",
MFeat-pix,0,BKCC_V2,,formal,,CA,{},ok,2000,10,20,0.865,0.8048976610412653,0.7561368166219208,0.8639174863623257,0.257710899997619,0.019870699994498864,,8.72059581463402,0.9999999999999993,0.7689921702418063,,,spectral,kmeans_norm,0,0,[],"{""cluster_qr"": 8.683139946272306, ""kmeans_norm"": 8.72059581463402, ""kmeans_raw"": 8.70630932355111}",
MFeat-pix,0,BKCC_V2,,formal,,LinearPair,"{""lambda"": 3.0}",ok,2000,10,20,0.8955,0.8168901194550022,0.7808190072119567,0.8973062125619083,0.2433214000047883,0.018190600007073954,,35.33848578227872,4.58781755498334,2.877116646279187,1.2819910025818467e-16,1.2771771344211738,spectral,kmeans_raw,0,0,[],"{""cluster_qr"": 33.859621498548826, ""kmeans_norm"": 35.31714811733758, ""kmeans_raw"": 35.33848578227872}",
MFeat-pix,0,BKCC_V2,,formal,,PSF-CE,"{""lambda"": 0.665, ""q"": 0.72}",ok,2000,10,20,0.895,0.8165243250623998,0.7799721948090417,0.8968015225474074,0.24247340000874829,0.015701399999670684,,14.615647059436867,1.7602266244599705,1.2282966117364948,0.000628243304727367,1.2878348246734785,spectral,kmeans_raw,0,0,[],"{""cluster_qr"": 14.043581894254972, ""kmeans_norm"": 14.6060260066305, ""kmeans_raw"": 14.615647059436867}",
MFeat-pix,0,BKCC_V2,,formal,,Poly2,"{""eta"": 8.0}",ok,2000,10,20,0.8955,0.8168901194550022,0.7808190072119567,0.8973062125619083,0.2677449000038905,0.017506799995317124,,64.58840717233379,8.532832454766249,5.268398150377432,,,spectral,kmeans_raw,0,0,[],"{""cluster_qr"": 62.10396528613394, ""kmeans_norm"": 64.54435361729037, ""kmeans_raw"": 64.58840717233379}",
MFeat-pix,1,BKCC_V2,,formal,,AggregatePower,"{""q_after"": 6.0}",ok,2000,10,20,0.753,0.7949385514245959,0.6982220155856999,0.7492152010235369,0.25998690001142677,0.019126400002278388,,9.88168676483741,1.6591580677925477,0.43202761040462095,,,spectral,kmeans_raw,0,0,[],"{""cluster_qr"": 9.841741754926971, ""kmeans_norm"": 9.864120881817332, ""kmeans_raw"": 9.88168676483741}",
MFeat-pix,1,BKCC_V2,,formal,,CA,{},ok,2000,10,20,0.753,0.7949385514245959,0.6982220155856999,0.7492152010235369,0.27084269998886157,0.019531099998857826,,8.586154235907207,0.9999999999999999,0.776135406727719,,,spectral,kmeans_raw,0,0,[],"{""cluster_qr"": 8.505298970994188, ""kmeans_norm"": 8.563283144965293, ""kmeans_raw"": 8.586154235907207}",
MFeat-pix,1,BKCC_V2,,formal,,LinearPair,"{""lambda"": 3.0}",ok,2000,10,20,0.875,0.8185630510576054,0.7684440824051157,0.8739207659091948,0.2459344999952009,0.02069580000534188,,34.57792736543277,4.665844837110597,3.015775158465024,1.4401004796043194e-16,1.3075395264320981,spectral,kmeans_norm,0,0,[],"{""cluster_qr"": 32.87806503588587, ""kmeans_norm"": 34.57792736543277, ""kmeans_raw"": 34.1951123562182}",
MFeat-pix,1,BKCC_V2,,formal,,PSF-CE,"{""lambda"": 0.665, ""q"": 0.72}",ok,2000,10,20,0.875,0.8185630510576054,0.7684440824051157,0.8739207659091948,0.22949250000237953,0.01795470000070054,,14.296270999770357,1.7771925262850912,1.264943252046032,0.0006773432628676611,1.3201473759906268,spectral,kmeans_norm,0,0,[],"{""cluster_qr"": 13.78570729992351, ""kmeans_norm"": 14.296270999770357, ""kmeans_raw"": 14.178832378806655}",
MFeat-pix,1,BKCC_V2,,formal,,Poly2,"{""eta"": 8.0}",ok,2000,10,20,0.875,0.8185630510576054,0.7684440824051157,0.8739207659091948,0.1950873000023421,0.019525300012901425,,61.99279822886132,8.51795525772207,5.432418885910498,,,spectral,kmeans_norm,0,0,[],"{""cluster_qr"": 59.52918816410368, ""kmeans_norm"": 61.99279822886132, ""kmeans_raw"": 61.28233594180243}",
MSRC-v1,0,TEXT_MV,,formal,,AggregatePower,"{""q_after"": 6.0}",ok,210,7,20,0.7285714285714285,0.6773588555847249,0.590524694484844,0.6849441817591464,0.08815460000187159,0.001703700007055886,,2.9938942452408037,1.3855859616703785,0.03246769840695689,,,spectral,kmeans_raw,0,0,[],"{""cluster_qr"": 2.9579076037733025, ""kmeans_norm"": 2.970480936357225, ""kmeans_raw"": 2.9938942452408037}",
MSRC-v1,0,TEXT_MV,,formal,,CA,{},ok,210,7,20,0.7285714285714285,0.6773588555847249,0.590524694484844,0.6849441817591464,0.06562310000299476,0.0017335000011371449,,3.559781336819238,0.9999999999999997,0.36364907954966214,,,spectral,kmeans_raw,0,0,[],"{""cluster_qr"": 3.5279533499112685, ""kmeans_norm"": 3.5098638418884045, ""kmeans_raw"": 3.559781336819238}",
MSRC-v1,0,TEXT_MV,,formal,,LinearPair,"{""lambda"": 3.0}",ok,210,7,20,0.7333333333333333,0.6926317793721773,0.5966235552499057,0.6901064787319964,0.06746510000084527,0.0018693000019993633,,11.786813038756438,3.6604524306949706,1.0444142761841433,5.960548635948025e-16,2.204619931783068,spectral,kmeans_raw,0,0,[],"{""cluster_qr"": 9.231914921454226, ""kmeans_norm"": 11.627036884000962, ""kmeans_raw"": 11.786813038756438}",
MSRC-v1,0,TEXT_MV,,formal,,PSF-CE,"{""lambda"": 0.665, ""q"": 0.72}",ok,210,7,20,0.7333333333333333,0.6879863054030626,0.59970412525593,0.6891562894729883,0.06511879999015946,0.0017093999922508374,,5.390253520019292,1.320929427899826,0.5505759178302069,0.0037036824129903665,2.2520900789891782,spectral,kmeans_raw,0,0,[],"{""cluster_qr"": 5.283077166699516, ""kmeans_norm"": 5.3109087995014725, ""kmeans_raw"": 5.390253520019292}",
MSRC-v1,0,TEXT_MV,,formal,,Poly2,"{""eta"": 8.0}",ok,210,7,20,0.7333333333333333,0.6926317793721773,0.5966235552499057,0.6901064787319964,0.06532500000321306,0.001691099998424761,,14.037863143027554,4.376793229600751,1.2862772037891168,,,spectral,kmeans_raw,0,0,[],"{""cluster_qr"": 10.20015059499066, ""kmeans_norm"": 13.844381980204771, ""kmeans_raw"": 14.037863143027554}",
MFeat-pix,2,BKCC_V2,,formal,,AggregatePower,"{""q_after"": 6.0}",ok,2000,10,20,0.7485,0.7982717982455864,0.6973023971294082,0.7398872104719737,0.21233670000219718,0.02790380000078585,,9.46269605432725,1.9422763320383838,0.27792540508967756,,,spectral,kmeans_raw,0,0,[],"{""cluster_qr"": 9.318883881443744, ""kmeans_norm"": 9.453111774493298, ""kmeans_raw"": 9.46269605432725}",
MFeat-pix,2,BKCC_V2,,formal,,CA,{},ok,2000,10,20,0.7485,0.7982717982455864,0.6973023971294082,0.7398872104719737,0.18641129999014083,0.022985299990978092,,8.187144463760916,0.9999999999999999,0.6998776085385259,,,spectral,kmeans_raw,0,0,[],"{""cluster_qr"": 8.11308315512767, ""kmeans_norm"": 8.167523245989333, ""kmeans_raw"": 8.187144463760916}",
MFeat-pix,2,BKCC_V2,,formal,,LinearPair,"{""lambda"": 3.0}",ok,2000,10,20,0.7515,0.800494570888913,0.7023605657190882,0.7428866609627318,0.19602670001040678,0.023634600001969375,,33.86359223592971,4.945675711241804,2.454286122467233,1.1257003601462273e-16,1.4183906040396406,spectral,kmeans_raw,0,0,[],"{""cluster_qr"": 32.16661612698967, ""kmeans_norm"": 33.82748821830992, ""kmeans_raw"": 33.86359223592971}",
MFeat-pix,2,BKCC_V2,,formal,,PSF-CE,"{""lambda"": 0.665, ""q"": 0.72}",ok,2000,10,20,0.751,0.7995136531451608,0.7014719881497337,0.7422064123202337,0.2061052000062773,0.023009700002148747,,13.856918463076353,1.8369227163341115,1.0626408613511702,0.0007506946608825995,1.436199611717265,spectral,kmeans_raw,0,0,[],"{""cluster_qr"": 13.568082217511652, ""kmeans_norm"": 13.839349944186184, ""kmeans_raw"": 13.856918463076353}",
MFeat-pix,2,BKCC_V2,,formal,,Poly2,"{""eta"": 8.0}",ok,2000,10,20,0.7515,0.800494570888913,0.7023605657190882,0.7428866609627318,0.19675610000558663,0.023719899996649474,,56.91850141891005,8.4596804538329,4.129226556950797,,,spectral,kmeans_raw,0,0,[],"{""cluster_qr"": 54.71870554170335, ""kmeans_norm"": 56.85813382283385, ""kmeans_raw"": 56.91850141891005}",
MSRC-v1,1,TEXT_MV,,formal,,AggregatePower,"{""q_after"": 6.0}",ok,210,7,20,0.7380952380952381,0.6694724557164371,0.6061965455837331,0.6992395766336409,0.07464770000660792,0.001764600005117245,,2.916585199536201,1.3897452360327145,0.04335156568425165,,,spectral,kmeans_norm,0,0,[],"{""cluster_qr"": 2.909678651824899, ""kmeans_norm"": 2.916585199536201, ""kmeans_raw"": 2.915339802098121}",
MSRC-v1,1,TEXT_MV,,formal,,CA,{},ok,210,7,20,0.7380952380952381,0.6780094757389566,0.6027601324225382,0.6940381919679102,0.0648263000039151,0.0018291000014869496,,3.5120896045312535,1.000000000000001,0.38283583018134065,,,spectral,kmeans_raw,0,0,[],"{""cluster_qr"": 3.4781788614109317, ""kmeans_norm"": 3.491850736748019, ""kmeans_raw"": 3.5120896045312535}",
MSRC-v1,1,TEXT_MV,,formal,,LinearPair,"{""lambda"": 3.0}",ok,210,7,20,0.7476190476190476,0.7000181270163408,0.6217098250159896,0.7027469178020768,0.06785270001273602,0.0017911000031745061,,11.60365716912052,3.6803774063644195,1.0042758299804313,1.4475968258229093e-16,2.200328743018476,spectral,kmeans_raw,0,0,[],"{""cluster_qr"": 8.366934057194054, ""kmeans_norm"": 11.060794196696778, ""kmeans_raw"": 11.60365716912052}",
MSRC-v1,1,TEXT_MV,,formal,,PSF-CE,"{""lambda"": 0.665, ""q"": 0.72}",ok,210,7,20,0.7380952380952381,0.6780094757389568,0.6027601324225382,0.6940381919679102,0.10809880000306293,0.002118699994753115,,5.306762712520436,1.3260679764387848,0.5908597105455914,0.0040474734721266045,2.2459116879416623,spectral,kmeans_raw,0,0,[],"{""cluster_qr"": 5.17070272138977, ""kmeans_norm"": 5.276009968802956, ""kmeans_raw"": 5.306762712520436}",
MSRC-v1,1,TEXT_MV,,formal,,Poly2,"{""eta"": 8.0}",ok,210,7,20,0.7476190476190476,0.7000181270163408,0.6217098250159896,0.7027469178020768,0.11232939999899827,0.002296799997566268,,13.838235899746033,4.40704576250823,1.2398410143411809,,,spectral,kmeans_raw,0,0,[],"{""cluster_qr"": 9.786512927806186, ""kmeans_norm"": 13.184273846387615, ""kmeans_raw"": 13.838235899746033}",
MSRC-v1,2,TEXT_MV,,formal,,AggregatePower,"{""q_after"": 6.0}",ok,210,7,20,0.7428571428571429,0.6744866496152505,0.5828475770396693,0.7316711807584115,0.12189290000242181,0.0025252000050386414,,2.9663705106664273,1.3819214744630024,0.016088502939726558,,,spectral,kmeans_raw,0,0,[],"{""cluster_qr"": 2.599734060854974, ""kmeans_norm"": 2.940570116722981, ""kmeans_raw"": 2.9663705106664273}",
MSRC-v1,2,TEXT_MV,,formal,,CA,{},ok,210,7,20,0.7428571428571429,0.6744866496152505,0.5828475770396693,0.7316711807584115,0.12038290000054985,0.0028811999945901334,,3.4995581011473305,1.0000000000000007,0.3313576221025598,,,spectral,kmeans_raw,0,0,[],"{""cluster_qr"": 3.3684312189384498, ""kmeans_norm"": 3.4756680928931236, ""kmeans_raw"": 3.4995581011473305}",
MSRC-v1,2,TEXT_MV,,formal,,LinearPair,"{""lambda"": 3.0}",ok,210,7,20,0.7428571428571429,0.6744866496152505,0.5828475770396693,0.7316711807584115,0.11868690000846982,0.0023721000034129247,,11.457087327691566,3.7264391365577216,0.9596810915789843,3.667039132126126e-16,2.1341747765422,spectral,kmeans_raw,0,0,[],"{""cluster_qr"": 11.044521507295956, ""kmeans_norm"": 11.35349841373937, ""kmeans_raw"": 11.457087327691566}",
MSRC-v1,2,TEXT_MV,,formal,,PSF-CE,"{""lambda"": 0.665, ""q"": 0.72}",ok,210,7,20,0.7428571428571429,0.6744866496152505,0.5828475770396693,0.7316711807584115,0.11183530000562314,0.0023541000118711963,,5.275006902153569,1.3478821294632992,0.47899488411653124,0.0037185893493577775,2.181860831139969,spectral,kmeans_raw,0,0,[],"{""cluster_qr"": 4.708258165201396, ""kmeans_norm"": 5.234431730279727, ""kmeans_raw"": 5.275006902153569}",
MSRC-v1,2,TEXT_MV,,formal,,Poly2,"{""eta"": 8.0}",ok,210,7,20,0.7285714285714285,0.6666883668152664,0.5918635398605238,0.6867978681479329,0.10692750000453088,0.0022997000050963834,,14.05326316412179,4.57163298466721,1.0946924360154018,,,spectral,kmeans_raw,0,0,[],"{""cluster_qr"": 10.705613713188479, ""kmeans_norm"": 13.801253843402893, ""kmeans_raw"": 14.05326316412179}",
Movies617,0,CONTENT_RELATION_8,,formal,,AggregatePower,"{""q_after"": 6.0}",ok,617,17,20,0.12317666126418152,0.1037377369189307,0.006621988651551587,0.0664493288668817,0.3200996999948984,0.008763999998336658,,5.939163573644508,1.5068327173941867,0.06793085484608115,,,spectral,kmeans_raw,0,0,[],"{""cluster_qr"": 5.248925949581432, ""kmeans_norm"": 3.579376242315036, ""kmeans_raw"": 5.939163573644508}",
Movies617,0,CONTENT_RELATION_8,,formal,,CA,{},ok,617,17,20,0.12317666126418152,0.1037377369189307,0.006621988651551587,0.0664493288668817,0.3215386999945622,0.008307299998705275,,6.162612688328654,0.9999999999999969,0.2740604077372847,,,spectral,kmeans_raw,0,0,[],"{""cluster_qr"": 5.584971877045394, ""kmeans_norm"": 4.082077304026731, ""kmeans_raw"": 6.162612688328654}",
Movies617,0,CONTENT_RELATION_8,,formal,,LinearPair,"{""lambda"": 3.0}",ok,617,17,20,0.12317666126418152,0.1037377369189307,0.006621988651551587,0.0664493288668817,0.3373018999991473,0.008237300004111603,,25.10065674711055,2.8251414936273247,0.9999999999999967,2.1562256203522697e-16,3.9834365534042657,spectral,kmeans_raw,0,0,[],"{""cluster_qr"": 22.41199246822594, ""kmeans_norm"": 13.829661493619515, ""kmeans_raw"": 25.10065674711055}",
Movies617,0,CONTENT_RELATION_8,,formal,,PSF-CE,"{""lambda"": 0.665, ""q"": 0.72}",ok,617,17,20,0.12317666126418152,0.10461715690425737,0.006318066511422831,0.06881285070760222,0.30794549999700394,0.00908740000159014,,10.357032413593267,0.9999999999999967,0.4472183444822796,0.0029064189280361918,4.044601031332748,spectral,kmeans_raw,0,0,[],"{""cluster_qr"": 9.301957121605467, ""kmeans_norm"": 6.07352425748897, ""kmeans_raw"": 10.357032413593267}",
Movies617,0,CONTENT_RELATION_8,,formal,,Poly2,"{""eta"": 8.0}",ok,617,17,20,0.12317666126418152,0.1037377369189307,0.006621988651551587,0.0664493288668817,0.31904750000103377,0.009101200004806742,,20.271624735155275,2.14768355500235,0.8749332644503014,,,spectral,kmeans_raw,0,0,[],"{""cluster_qr"": 17.826688415455177, ""kmeans_norm"": 11.514047992496486, ""kmeans_raw"": 20.271624735155275}",
Movies617,1,CONTENT_RELATION_8,,formal,,AggregatePower,"{""q_after"": 6.0}",ok,617,17,20,0.12641815235008103,0.10794660870299566,0.00729707810963346,0.06488781640571525,0.3279715000098804,0.009315800009062514,,6.285591657736464,1.2551827072288895,0.04460118311711142,,,spectral,kmeans_raw,0,0,[],"{""cluster_qr"": 5.019033526378067, ""kmeans_norm"": 3.020322361548828, ""kmeans_raw"": 6.285591657736464}",
Movies617,1,CONTENT_RELATION_8,,formal,,CA,{},ok,617,17,20,0.12641815235008103,0.10794660870299566,0.00729707810963346,0.06488781640571525,0.32029449999390636,0.008750199995120056,,6.467078260699857,1.0000000000000002,0.27033506075864866,,,spectral,kmeans_raw,0,0,[],"{""cluster_qr"": 5.204334477725309, ""kmeans_norm"": 4.017981758260713, ""kmeans_raw"": 6.467078260699857}",
Movies617,1,CONTENT_RELATION_8,,formal,,LinearPair,"{""lambda"": 3.0}",ok,617,17,20,0.12641815235008103,0.10794660870299565,0.00729707810963346,0.06497149141199088,0.32698930001060944,0.009019500008434989,,26.11994305086647,2.7529654587930525,0.9541920915416928,1.4452075769889793e-16,3.635646777745235,spectral,kmeans_raw,0,0,[],"{""cluster_qr"": 21.0325401140818, ""kmeans_norm"": 12.5782752545269, ""kmeans_raw"": 26.11994305086647}",
Movies617,1,CONTENT_RELATION_8,,formal,,PSF-CE,"{""lambda"": 0.665, ""q"": 0.72}",ok,617,17,20,0.12641815235008103,0.10857498673650988,0.007431279225782751,0.06516958337367085,0.35718639999686275,0.010191599998506717,,10.818989991201207,1.0000000000000002,0.4306659870260587,0.002730678211879044,3.699289640367319,spectral,kmeans_raw,0,0,[],"{""cluster_qr"": 8.730152048101672, ""kmeans_norm"": 6.029884952913144, ""kmeans_raw"": 10.818989991201207}",
Movies617,1,CONTENT_RELATION_8,,formal,,Poly2,"{""eta"": 8.0}",ok,617,17,20,0.12641815235008103,0.10794660870299566,0.00729707810963346,0.06488781640571525,0.3206359000032535,0.008735600000363775,,22.348104989349203,2.2498196514616855,0.8549834213617071,,,spectral,kmeans_raw,0,0,[],"{""cluster_qr"": 18.054344374432734, ""kmeans_norm"": 11.190021484095894, ""kmeans_raw"": 22.348104989349203}",
NGs,0,TEXT_MV,,formal,,AggregatePower,"{""q_after"": 6.0}",ok,500,5,20,0.21,0.02299490091482457,0.00011056189768457511,0.08691134485616847,0.0872910000034608,0.000833400001283735,,2.654690345579004,1.0000000000000016,0.27382351668488825,,,spectral,kmeans_raw,0,0,[],"{""cluster_qr"": 2.2903621154359817, ""kmeans_norm"": 1.837728008381033, ""kmeans_raw"": 2.654690345579004}",
NGs,0,TEXT_MV,,formal,,CA,{},ok,500,5,20,0.21,0.02299490091482457,0.00011056189768457511,0.08691134485616847,0.08743879999383353,0.0008335000020451844,,2.1656358964345745,1.0000000000000013,0.2796287584910834,,,spectral,kmeans_raw,0,0,[],"{""cluster_qr"": 1.9732999380595564, ""kmeans_norm"": 1.6899135487153363, ""kmeans_raw"": 2.1656358964345745}",
NGs,0,TEXT_MV,,formal,,LinearPair,"{""lambda"": 3.0}",ok,500,5,20,0.21,0.02299490091482457,0.00011056189768457511,0.08691134485616847,0.08636970000225119,0.0009103999909712002,,6.516427285797852,1.7031785986084287,1.0365915209243328,2.796139414903469e-16,4.947162493289075,spectral,kmeans_raw,0,0,[],"{""cluster_qr"": 3.7763649457357302, ""kmeans_norm"": 3.007692569693507, ""kmeans_raw"": 6.516427285797852}",
NGs,0,TEXT_MV,,formal,,PSF-CE,"{""lambda"": 0.665, ""q"": 0.72}",ok,500,5,20,0.21,0.02299490091482457,0.00011056189768457511,0.08691134485616847,0.08574330000556074,0.0009150999976554886,,3.158042945535098,1.0000000000000013,0.5012460689899508,0.0023091059576230756,4.96610184111037,spectral,kmeans_raw,0,0,[],"{""cluster_qr"": 2.770303263151599, ""kmeans_norm"": 2.208005542269224, ""kmeans_raw"": 3.158042945535098}",
NGs,0,TEXT_MV,,formal,,Poly2,"{""eta"": 8.0}",ok,500,5,20,0.21,0.02299490091482457,0.00011056189768457511,0.08691134485616847,0.08193590000155382,0.0008056000078795478,,4.935687968654394,1.159182266171807,0.9051666990932007,,,spectral,kmeans_raw,0,0,[],"{""cluster_qr"": 4.206673297604544, ""kmeans_norm"": 3.1594937698366783, ""kmeans_raw"": 4.935687968654394}",
NGs,1,TEXT_MV,,formal,,AggregatePower,"{""q_after"": 6.0}",ok,500,5,20,0.206,0.015480269156409545,-3.853876421598665e-06,0.07899528207854344,0.0847001999936765,0.0008360000065295026,,2.146820287697359,1.0000000000000007,0.0552983075788647,,,spectral,kmeans_raw,0,0,[],"{""cluster_qr"": 1.914705656758788, ""kmeans_norm"": 1.8707472538966465, ""kmeans_raw"": 2.146820287697359}",
NGs,1,TEXT_MV,,formal,,CA,{},ok,500,5,20,0.206,0.015480269156409545,-3.853876421598665e-06,0.07899528207854344,0.08449249999830499,0.0008854000043356791,,2.187852886747768,1.0000000000000007,0.25068911427819074,,,spectral,kmeans_raw,0,0,[],"{""cluster_qr"": 2.056687022206777, ""kmeans_norm"": 1.8841456781553192, ""kmeans_raw"": 2.187852886747768}",
NGs,1,TEXT_MV,,formal,,LinearPair,"{""lambda"": 3.0}",ok,500,5,20,0.206,0.015480269156409545,-3.853876421598665e-06,0.07899528207854344,0.08232059999136254,0.0009751999896252528,,6.670358977200299,2.41122328828112,0.9721949529071552,3.2880448321834277e-16,4.541328398229566,spectral,kmeans_raw,0,0,[],"{""cluster_qr"": 5.853630629096551, ""kmeans_norm"": 5.083192327091073, ""kmeans_raw"": 6.670358977200299}",
NGs,1,TEXT_MV,,formal,,PSF-CE,"{""lambda"": 0.665, ""q"": 0.72}",ok,500,5,20,0.206,0.015480269156409545,-3.853876421598665e-06,0.07899528207854344,0.07764400000451133,0.0009126000077230856,,3.1766999649219865,1.0000000000000007,0.40924018840561444,0.001824748659437842,4.567905677293629,spectral,kmeans_raw,0,0,[],"{""cluster_qr"": 2.895658574311427, ""kmeans_norm"": 2.591157800904685, ""kmeans_raw"": 3.1766999649219865}",
NGs,1,TEXT_MV,,formal,,Poly2,"{""eta"": 8.0}",ok,500,5,20,0.206,0.015480269156409545,-3.853876421598665e-06,0.07899528207854344,0.08410259999800473,0.0008627999923191965,,5.16351395545267,1.6821892976014574,0.7534493704188614,,,spectral,kmeans_raw,0,0,[],"{""cluster_qr"": 4.597447765564228, ""kmeans_norm"": 4.0223592160651265, ""kmeans_raw"": 5.16351395545267}",
Movies617,2,CONTENT_RELATION_8,,formal,,AggregatePower,"{""q_after"": 6.0}",ok,617,17,20,0.11507293354943274,0.08688249131305115,0.0065506887106408585,0.048724933068664336,0.304861600001459,0.00994080000964459,,6.027328428896371,1.4688324784600237,0.05545564343611604,,,spectral,kmeans_raw,0,0,[],"{""cluster_qr"": 5.094642411145502, ""kmeans_norm"": 2.868887771195792, ""kmeans_raw"": 6.027328428896371}",
Movies617,2,CONTENT_RELATION_8,,formal,,CA,{},ok,617,17,20,0.11507293354943274,0.08688249131305115,0.0065506887106408585,0.048724933068664336,0.3420490999997128,0.007990999991307035,,6.352367750361527,0.9999999999999969,0.2721078258796076,,,spectral,kmeans_raw,0,0,[],"{""cluster_qr"": 5.78000233768786, ""kmeans_norm"": 4.142088262363443, ""kmeans_raw"": 6.352367750361527}",
Movies617,2,CONTENT_RELATION_8,,formal,,LinearPair,"{""lambda"": 3.0}",ok,617,17,20,0.11507293354943274,0.08688249131305115,0.0065506887106408585,0.048724933068664336,0.358324899993022,0.009790099997189827,,25.834760540046382,2.858297422123212,0.9999999999999971,1.5375221549582896e-16,3.8350740181037986,spectral,kmeans_raw,0,0,[],"{""cluster_qr"": 21.05654533644162, ""kmeans_norm"": 13.239379307046946, ""kmeans_raw"": 25.834760540046382}",
Movies617,2,CONTENT_RELATION_8,,formal,,PSF-CE,"{""lambda"": 0.665, ""q"": 0.72}",ok,617,17,20,0.1166936790923825,0.08653145613056905,0.006774248092798288,0.04923689741476417,0.33376680000219494,0.008435600000666454,,10.641423414197192,0.999999999999997,0.4390385493491451,0.0030727354099194543,3.907982601679802,spectral,kmeans_raw,0,0,[],"{""cluster_qr"": 8.93715522720512, ""kmeans_norm"": 6.205185592171246, ""kmeans_raw"": 10.641423414197192}",
Movies617,2,CONTENT_RELATION_8,,formal,,Poly2,"{""eta"": 8.0}",ok,617,17,20,0.11507293354943274,0.08688249131305115,0.0065506887106408585,0.048724933068664336,0.3374102999950992,0.008819900001981296,,21.362791380610975,2.2354880863490343,0.8644491771190221,,,spectral,kmeans_raw,0,0,[],"{""cluster_qr"": 18.401188881969464, ""kmeans_norm"": 11.408317528869588, ""kmeans_raw"": 21.362791380610975}",
NGs,2,TEXT_MV,,formal,,AggregatePower,"{""q_after"": 6.0}",ok,500,5,20,0.208,0.019246563491445046,3.690568721115807e-05,0.0829908200904124,0.08358669999870472,0.0006140000041341409,,2.5149800345851445,1.000000000000002,0.1981542279134051,,,spectral,kmeans_raw,0,0,[],"{""cluster_qr"": 2.155468897628245, ""kmeans_norm"": 1.6045812013173972, ""kmeans_raw"": 2.5149800345851445}",
NGs,2,TEXT_MV,,formal,,CA,{},ok,500,5,20,0.208,0.019246563491445046,3.690568721115807e-05,0.0829908200904124,0.08655230001022574,0.0006891000084578991,,2.072951297808684,1.000000000000002,0.25012204633802504,,,spectral,kmeans_raw,0,0,[],"{""cluster_qr"": 1.9281033118561395, ""kmeans_norm"": 1.6691488815410287, ""kmeans_raw"": 2.072951297808684}",
NGs,2,TEXT_MV,,formal,,LinearPair,"{""lambda"": 3.0}",ok,500,5,20,0.208,0.019246563491445046,3.690568721115807e-05,0.0829908200904124,0.08053960000688676,0.0009175000013783574,,6.243590602220499,1.635634158691567,1.000000000000002,3.7204596150996333e-16,5.47114978841814,spectral,kmeans_raw,0,0,[],"{""cluster_qr"": 5.31618438379557, ""kmeans_norm"": 3.8219347301295254, ""kmeans_raw"": 6.243590602220499}",
NGs,2,TEXT_MV,,formal,,PSF-CE,"{""lambda"": 0.665, ""q"": 0.72}",ok,500,5,20,0.208,0.019246563491445046,3.690568721115807e-05,0.0829908200904124,0.0887057000072673,0.0009196000028168783,,2.989409032340145,1.000000000000002,0.4409623771795057,0.002574285581253559,5.509410458001919,spectral,kmeans_raw,0,0,[],"{""cluster_qr"": 2.7120006003974764, ""kmeans_norm"": 2.1486519604722867, ""kmeans_raw"": 2.989409032340145}",
NGs,2,TEXT_MV,,formal,,Poly2,"{""eta"": 8.0}",ok,500,5,20,0.208,0.019246563491445046,3.690568721115807e-05,0.0829908200904124,0.0838474999909522,0.0009218999912263826,,4.4332833992819864,1.0419771959595956,0.7506103508525931,,,spectral,kmeans_raw,0,0,[],"{""cluster_qr"": 3.928116086032216, ""kmeans_norm"": 2.933623429298408, ""kmeans_raw"": 4.4332833992819864}",
NUSWIDE-Object-2000,0,TEXT_MV,,formal,,AggregatePower,"{""q_after"": 6.0}",ok,2000,31,20,0.177,0.17309031361798075,0.053594778850025365,0.10792062586884343,1.799475000007078,0.08131809999758843,,4.728565494982394,1.903341966416128,0.008940371295493816,,,spectral,kmeans_raw,0,0,[],"{""cluster_qr"": 4.446604511143847, ""kmeans_norm"": 4.670599502745009, ""kmeans_raw"": 4.728565494982394}",
NUSWIDE-Object-2000,0,TEXT_MV,,formal,,CA,{},ok,2000,31,20,0.177,0.17309031361798075,0.053594778850025365,0.10792062586884343,1.6591015000012703,0.07469019999552984,,7.2913123882450614,0.9999999999999982,0.2116517472238749,,,spectral,kmeans_raw,0,0,[],"{""cluster_qr"": 5.744044324842572, ""kmeans_norm"": 6.197436031311579, ""kmeans_raw"": 7.2913123882450614}",
NUSWIDE-Object-2000,0,TEXT_MV,,formal,,LinearPair,"{""lambda"": 3.0}",ok,2000,31,20,0.177,0.17309031361798075,0.053594778850025365,0.10792062586884343,1.711290999999619,0.07711270000436343,,27.894265058920617,3.800617673465277,0.6765834811478051,1.4837776424692458e-16,4.303177688018287,spectral,kmeans_raw,0,0,[],"{""cluster_qr"": 22.4192193561038, ""kmeans_norm"": 24.14691514206548, ""kmeans_raw"": 27.894265058920617}",
NUSWIDE-Object-2000,0,TEXT_MV,,formal,,PSF-CE,"{""lambda"": 0.665, ""q"": 0.72}",ok,2000,31,20,0.1735,0.1760437668306544,0.05010143778567166,0.11259280251166624,1.6025985999876866,0.07365199999185279,,11.567320827548594,1.2049292265891498,0.32053245470644665,0.0023420041811916294,4.489762158163073,spectral,kmeans_raw,0,0,[],"{""cluster_qr"": 9.850354356232195, ""kmeans_norm"": 9.886298321948455, ""kmeans_raw"": 11.567320827548594}",
NUSWIDE-Object-2000,0,TEXT_MV,,formal,,Poly2,"{""eta"": 8.0}",ok,2000,31,20,0.177,0.17309031361798075,0.053594778850025365,0.10792062586884343,1.8166159999964293,0.07634269999107346,,21.937047557436948,2.6570586918171784,0.5700234440472265,,,spectral,kmeans_raw,0,0,[],"{""cluster_qr"": 17.390931654259695, ""kmeans_norm"": 18.84348832069336, ""kmeans_raw"": 21.937047557436948}",
NUSWIDE-Object-2000,1,TEXT_MV,,formal,,AggregatePower,"{""q_after"": 6.0}",ok,2000,31,20,0.17,0.1741801566023067,0.04273500242267408,0.10989041621796296,1.7890932000009343,0.07721269999456126,,4.73230577932545,1.9545556150160486,0.008275063694265603,,,spectral,kmeans_raw,0,0,[],"{""cluster_qr"": 4.397845973638499, ""kmeans_norm"": 4.5166313858585445, ""kmeans_raw"": 4.73230577932545}",
NUSWIDE-Object-2000,1,TEXT_MV,,formal,,CA,{},ok,2000,31,20,0.17,0.1741801566023067,0.04273500242267408,0.10989041621796296,1.603958200008492,0.06759400000737514,,7.159705781943354,0.9999999999999992,0.21002986318102174,,,spectral,kmeans_raw,0,0,[],"{""cluster_qr"": 5.840916555720222, ""kmeans_norm"": 6.13654483152161, ""kmeans_raw"": 7.159705781943354}",
NUSWIDE-Object-2000,1,TEXT_MV,,formal,,LinearPair,"{""lambda"": 3.0}",ok,2000,31,20,0.17,0.1741801566023067,0.04273500242267408,0.10989041621796296,1.6061836999870138,0.07475689999409951,,27.64968660372183,3.8469747515940327,0.6632439702564559,1.3494367756611338e-16,4.269958820869193,spectral,kmeans_raw,0,0,[],"{""cluster_qr"": 22.802434636876672, ""kmeans_norm"": 23.78747791567821, ""kmeans_raw"": 27.64968660372183}",
NUSWIDE-Object-2000,1,TEXT_MV,,formal,,PSF-CE,"{""lambda"": 0.665, ""q"": 0.72}",ok,2000,31,20,0.1755,0.16652137379934112,0.04516466689247189,0.10989163525738285,1.6307346999965375,0.07461250000051223,,11.849491225752299,1.217405811958893,0.31698421350943307,0.002346992993542674,4.457276316483478,spectral,kmeans_raw,0,0,[],"{""cluster_qr"": 10.009146358423859, ""kmeans_norm"": 10.231865319494624, ""kmeans_raw"": 11.849491225752299}",
NUSWIDE-Object-2000,1,TEXT_MV,,formal,,Poly2,"{""eta"": 8.0}",ok,2000,31,20,0.17,0.1741801566023067,0.04273500242267408,0.10989041621796296,1.7987560000037774,0.07516310000210069,,21.78013423316935,2.7036335696064184,0.5629302106037319,,,spectral,kmeans_raw,0,0,[],"{""cluster_qr"": 17.92559623922814, ""kmeans_norm"": 18.663323977485405, ""kmeans_raw"": 21.78013423316935}",
ORL,0,MULTI_RELATION_7,,formal,,AggregatePower,"{""q_after"": 6.0}",ok,400,40,20,0.665,0.8329115955945778,0.46629659491690406,0.6648769125653139,0.5200646000012057,0.016538600000785664,,25.64551969330885,2.0055012063270072,0.0513819834200521,,,spectral,kmeans_raw,0,0,[],"{""cluster_qr"": 25.586956423772932, ""kmeans_norm"": 25.043149819815127, ""kmeans_raw"": 25.64551969330885}",
ORL,0,MULTI_RELATION_7,,formal,,CA,{},ok,400,40,20,0.665,0.8329115955945778,0.46629659491690406,0.6648769125653139,0.5216722999903141,0.01680669999041129,,30.12866798396299,0.9999999999999998,0.5401624310724564,,,spectral,kmeans_raw,0,0,[],"{""cluster_qr"": 29.82962828894054, ""kmeans_norm"": 29.62312920967535, ""kmeans_raw"": 30.12866798396299}",
ORL,0,MULTI_RELATION_7,,formal,,LinearPair,"{""lambda"": 3.0}",ok,400,40,20,0.6475,0.8483270283658487,0.41685789214882807,0.6532957978172116,0.5343560000037542,0.013787799995043315,,120.73036400391206,4.918588630894514,1.6059287770573634,1.0851243846455374e-16,1.3218344659559567,spectral,kmeans_raw,0,0,[],"{""cluster_qr"": 118.71393023016655, ""kmeans_norm"": 116.756688073634, ""kmeans_raw"": 120.73036400391206}",
ORL,0,MULTI_RELATION_7,,formal,,PSF-CE,"{""lambda"": 0.665, ""q"": 0.72}",ok,400,40,20,0.675,0.8351457799801179,0.4724590118124844,0.675590253969277,0.5325082000053953,0.017132900000433438,,50.180454450044294,1.8431157246631578,0.7963268440063852,0.0006885549167900085,1.336727359201072,spectral,kmeans_raw,0,0,[],"{""cluster_qr"": 49.66580371797866, ""kmeans_norm"": 49.005894072877155, ""kmeans_raw"": 50.180454450044294}",
ORL,0,MULTI_RELATION_7,,formal,,Poly2,"{""eta"": 8.0}",ok,400,40,20,0.6475,0.8483270283658487,0.41685789214882807,0.6532957978172116,0.4946773999981815,0.015886199995293282,,215.3710500756703,8.912744134506141,2.802663796736084,,,spectral,kmeans_raw,0,0,[],"{""cluster_qr"": 211.51946121002, ""kmeans_norm"": 208.21126515877302, ""kmeans_raw"": 215.3710500756703}",
Letter,0,BKCC_V2,,formal,,AggregatePower,"{""q_after"": 6.0}",ok,20000,26,20,0.2634,0.39220294708042897,0.12803491712394344,0.27795965253865507,7.332635899991146,0.29655620000266936,,24.295506898540925,2.327824489343817,0.4485863580028763,,,spectral,kmeans_raw,0,0,[],"{""cluster_qr"": 23.937058061948022, ""kmeans_norm"": 24.12883293026158, ""kmeans_raw"": 24.295506898540925}",
Letter,0,BKCC_V2,,formal,,CA,{},ok,20000,26,20,0.2634,0.39220294708042897,0.12803491712394344,0.27795965253865507,3.5266510999936145,0.3060036999959266,,20.205801108775308,1.000000000000001,0.7573640363979787,,,spectral,kmeans_raw,0,0,[],"{""cluster_qr"": 19.8783319063294, ""kmeans_norm"": 20.06505134842478, ""kmeans_raw"": 20.205801108775308}",
Letter,0,BKCC_V2,,formal,,LinearPair,"{""lambda"": 3.0}",ok,20000,26,20,0.26935,0.38289144972546996,0.12207522161078815,0.27825447808678583,6.7744855000055395,0.2943290999974124,,88.29252745147659,5.117456283307839,2.933132569526989,7.817786383383797e-17,1.3834907769356732,spectral,kmeans_raw,0,0,[],"{""cluster_qr"": 83.08043704562779, ""kmeans_norm"": 85.9257568846704, ""kmeans_raw"": 88.29252745147659}",
Letter,0,BKCC_V2,,formal,,PSF-CE,"{""lambda"": 0.665, ""q"": 0.72}",ok,20000,26,20,0.26195,0.3786219043506095,0.11842358258746057,0.27191701807249263,7.212064699997427,0.3018733999924734,,35.27409633390768,1.876479975550402,1.233385274399823,0.0005746461541388054,1.3990873439175213,spectral,kmeans_raw,0,0,[],"{""cluster_qr"": 33.64088215797534, ""kmeans_norm"": 34.263074841810365, ""kmeans_raw"": 35.27409633390768}",
Letter,0,BKCC_V2,,formal,,Poly2,"{""eta"": 8.0}",ok,20000,26,20,0.26935,0.38289144972546996,0.12207522161078815,0.27825447808678583,7.043949999992037,0.27833990000362974,,152.5030209745432,8.941041385601144,5.054127972274919,,,spectral,kmeans_raw,0,0,[],"{""cluster_qr"": 148.77226757504383, ""kmeans_norm"": 148.35594116090482, ""kmeans_raw"": 152.5030209745432}",
ORL,1,MULTI_RELATION_7,,formal,,AggregatePower,"{""q_after"": 6.0}",ok,400,40,20,0.6375,0.8403656060232769,0.45982810926008955,0.6308756795996603,0.5740065999998478,0.01763030000438448,,26.12066924183703,1.869902527323478,0.05307852040726124,,,spectral,kmeans_raw,0,0,[],"{""cluster_qr"": 26.019217258247323, ""kmeans_norm"": 25.801550733330494, ""kmeans_raw"": 26.12066924183703}",
ORL,1,MULTI_RELATION_7,,formal,,CA,{},ok,400,40,20,0.6375,0.8403656060232769,0.45982810926008955,0.6308756795996603,0.48776300001190975,0.01788010000018403,,30.411275259577188,0.9999999999999988,0.5449352103988696,,,spectral,kmeans_raw,0,0,[],"{""cluster_qr"": 30.05726733124274, ""kmeans_norm"": 29.911484343600954, ""kmeans_raw"": 30.411275259577188}",
ORL,1,MULTI_RELATION_7,,formal,,LinearPair,"{""lambda"": 3.0}",ok,400,40,20,0.6375,0.837924965291606,0.43292129874471486,0.637344692500044,0.583156599997892,0.02096390000951942,,121.40739401626898,4.80919871021855,1.531053149646104,6.886074687649976e-17,1.3098408151676657,spectral,kmeans_raw,0,0,[],"{""cluster_qr"": 118.3453024436134, ""kmeans_norm"": 115.79963233220104, ""kmeans_raw"": 121.40739401626898}",
ORL,1,MULTI_RELATION_7,,formal,,PSF-CE,"{""lambda"": 0.665, ""q"": 0.72}",ok,400,40,20,0.6375,0.8405616761634674,0.4472031287034842,0.6345685248969831,0.5356701999990037,0.02079369999410119,,50.60840832302045,1.8154958235506748,0.8033199710351688,0.0006943073076489857,1.3243511326024129,spectral,kmeans_raw,0,0,[],"{""cluster_qr"": 50.10353299237056, ""kmeans_norm"": 49.15015785418414, ""kmeans_raw"": 50.60840832302045}",
ORL,1,MULTI_RELATION_7,,formal,,Poly2,"{""eta"": 8.0}",ok,400,40,20,0.6375,0.837924965291606,0.43292129874471486,0.637344692500044,0.6226315000094473,0.018533100010245107,,218.16796165991894,8.774416419899998,2.6834410890586895,,,spectral,kmeans_raw,0,0,[],"{""cluster_qr"": 211.90587897651943, ""kmeans_norm"": 207.93387994112157, ""kmeans_raw"": 218.16796165991894}",
ORL,2,MULTI_RELATION_7,,formal,,AggregatePower,"{""q_after"": 6.0}",ok,400,40,20,0.665,0.8394223089183186,0.4767931641582025,0.6566011980734027,0.5498450999875786,0.014008400001330301,,26.119774930459634,1.9367073043772074,0.0561353772497858,,,spectral,kmeans_raw,0,0,[],"{""cluster_qr"": 25.910685022015738, ""kmeans_norm"": 25.859692193632945, ""kmeans_raw"": 26.119774930459634}",
ORL,2,MULTI_RELATION_7,,formal,,CA,{},ok,400,40,20,0.665,0.8394223089183186,0.4767931641582025,0.6566011980734027,0.5034235000057379,0.018018999995547347,,30.416674414826996,1.0000000000000007,0.5511897957669062,,,spectral,kmeans_raw,0,0,[],"{""cluster_qr"": 30.03056433832497, ""kmeans_norm"": 29.880898360111743, ""kmeans_raw"": 30.416674414826996}",
ORL,2,MULTI_RELATION_7,,formal,,LinearPair,"{""lambda"": 3.0}",ok,400,40,20,0.67,0.8509594729216122,0.4925242932024547,0.6621517965153446,0.5325043000048026,0.016168100002687424,,121.52375364382839,4.877106769344237,1.5173179640944103,6.326877273141327e-17,1.30893126199252,spectral,kmeans_raw,0,0,[],"{""cluster_qr"": 119.32898006724193, ""kmeans_norm"": 120.01730150643218, ""kmeans_raw"": 121.52375364382839}",
ORL,2,MULTI_RELATION_7,,formal,,PSF-CE,"{""lambda"": 0.665, ""q"": 0.72}",ok,400,40,20,0.665,0.8394223089183184,0.4767931641582025,0.6566011980734027,0.4837067000044044,0.016478000005008653,,50.67603367990536,1.8341762531729429,0.8167383325092512,0.0006946509945443261,1.3231457682103511,spectral,kmeans_raw,0,0,[],"{""cluster_qr"": 49.9997096317268, ""kmeans_norm"": 49.987219857506005, ""kmeans_raw"": 50.67603367990536}",
ORL,2,MULTI_RELATION_7,,formal,,Poly2,"{""eta"": 8.0}",ok,400,40,20,0.67,0.8509594729216122,0.4925242932024547,0.6621517965153446,0.5212631000031251,0.016711399992345832,,218.50666508933517,8.906778359471426,2.659589688108624,,,spectral,kmeans_raw,0,0,[],"{""cluster_qr"": 213.8647556580114, ""kmeans_norm"": 215.78558092167924, ""kmeans_raw"": 218.50666508933517}",
Letter,1,BKCC_V2,,formal,,AggregatePower,"{""q_after"": 6.0}",ok,20000,26,20,0.27015,0.3891004062067152,0.12821543618174047,0.2812296930570743,3.9793196999962674,0.330357599988929,,23.476153701218795,2.4608164890081037,0.3282288916026724,,,spectral,kmeans_raw,0,0,[],"{""cluster_qr"": 23.113119077210094, ""kmeans_norm"": 23.153379531223443, ""kmeans_raw"": 23.476153701218795}",
Letter,1,BKCC_V2,,formal,,CA,{},ok,20000,26,20,0.27015,0.3891004062067152,0.12821543618174047,0.2812296930570743,5.339691100001801,0.15896139999676961,,20.20405679830463,1.0000000000000013,0.7120251814101558,,,spectral,kmeans_raw,0,0,[],"{""cluster_qr"": 19.609479092219413, ""kmeans_norm"": 19.765308834958397, ""kmeans_raw"": 20.20405679830463}",
Letter,1,BKCC_V2,,formal,,LinearPair,"{""lambda"": 3.0}",ok,20000,26,20,0.27255,0.39345758738636155,0.1322219421829075,0.2829045910817899,7.324016000013216,0.3207488000043668,,88.26673850564484,5.2506149417657495,2.7963935659902845,8.303141044340587e-17,1.429521636436949,spectral,kmeans_raw,0,0,[],"{""cluster_qr"": 82.53775728040887, ""kmeans_norm"": 85.258824862324, ""kmeans_raw"": 88.26673850564484}",
Letter,1,BKCC_V2,,formal,,PSF-CE,"{""lambda"": 0.665, ""q"": 0.72}",ok,20000,26,20,0.27255,0.3921067992648468,0.13139640787059897,0.28301185854949873,7.1374515000061365,0.3168073999986518,,35.18859561867684,1.9060210773258186,1.1806750150343948,0.0005237869807902732,1.4461140432299024,spectral,kmeans_raw,0,0,[],"{""cluster_qr"": 33.36629124216522, ""kmeans_norm"": 33.74327424123865, ""kmeans_raw"": 35.18859561867684}",
Letter,1,BKCC_V2,,formal,,Poly2,"{""eta"": 8.0}",ok,20000,26,20,0.27255,0.39345758738636155,0.1322219421829075,0.2829045910817899,6.498588899994502,0.300611900005606,,148.49680893775755,8.93419009878454,4.692917816336456,,,spectral,kmeans_raw,0,0,[],"{""cluster_qr"": 142.6436865308097, ""kmeans_norm"": 143.38792525372332, ""kmeans_raw"": 148.49680893775755}",
NUSWIDE-Object-2000,2,TEXT_MV,,formal,,AggregatePower,"{""q_after"": 6.0}",ok,2000,31,20,0.159,0.1640739642884618,0.038179646913554056,0.11561303786659903,1.7097133999923244,0.06849049999436829,,4.7398866636402435,1.9142552713884426,0.007736524138660619,,,spectral,kmeans_raw,0,0,[],"{""cluster_qr"": 4.358702789060466, ""kmeans_norm"": 4.710893371455786, ""kmeans_raw"": 4.7398866636402435}",
NUSWIDE-Object-2000,2,TEXT_MV,,formal,,CA,{},ok,2000,31,20,0.159,0.1640739642884618,0.038179646913554056,0.11561303786659903,1.582874499988975,0.07015619998855982,,7.043613129429739,1.0000000000000007,0.20858319523097743,,,spectral,kmeans_raw,0,0,[],"{""cluster_qr"": 5.890354886721325, ""kmeans_norm"": 6.2115212769725, ""kmeans_raw"": 7.043613129429739}",
NUSWIDE-Object-2000,2,TEXT_MV,,formal,,LinearPair,"{""lambda"": 3.0}",ok,2000,31,20,0.159,0.1640739642884618,0.038179646913554056,0.11561303786659903,1.6700068999925861,0.07964240000001155,,27.18111021561166,3.828580483694236,0.6513049304958782,9.80790399040459e-17,4.23834899443277,spectral,kmeans_raw,0,0,[],"{""cluster_qr"": 23.153084797984086, ""kmeans_norm"": 24.289461709416937, ""kmeans_raw"": 27.18111021561166}",
NUSWIDE-Object-2000,2,TEXT_MV,,formal,,PSF-CE,"{""lambda"": 0.665, ""q"": 0.72}",ok,2000,31,20,0.1575,0.16363623452434548,0.03673627657992415,0.1110142218096351,1.573708900003112,0.07403700001304969,,11.68288936832868,1.2152520213001996,0.3122296769610341,0.002330234133531218,4.427838939873606,spectral,kmeans_raw,0,0,[],"{""cluster_qr"": 9.708218260435729, ""kmeans_norm"": 9.896393752336857, ""kmeans_raw"": 11.68288936832868}",
NUSWIDE-Object-2000,2,TEXT_MV,,formal,,Poly2,"{""eta"": 8.0}",ok,2000,31,20,0.159,0.1640739642884618,0.038179646913554056,0.11561303786659903,1.6322481000097468,0.06939780000539031,,21.497583142456,2.7076990565645382,0.5566387898930892,,,spectral,kmeans_raw,0,0,[],"{""cluster_qr"": 18.358464043347016, ""kmeans_norm"": 19.10162248212965, ""kmeans_raw"": 21.497583142456}",
PubMed,0,GRAPH_GEOMETRY_8,,formal,,AggregatePower,"{""q_after"": 6.0}",ok,19717,3,20,0.5157985494750723,0.1589690154431408,0.11190279706310928,0.43637971612569637,0.3881056999962311,0.003188000002410263,,1.9614440265968138,1.0000000000000038,0.22109552292859624,,,spectral,kmeans_raw,0,0,[],"{""cluster_qr"": 1.953934225038579, ""kmeans_norm"": 1.954220428412445, ""kmeans_raw"": 1.9614440265968138}",
PubMed,0,GRAPH_GEOMETRY_8,,formal,,CA,{},ok,19717,3,20,0.5157985494750723,0.1589690154431408,0.11190279706310928,0.43637971612569637,0.3901292999944417,0.0032193999941227958,,1.9050506319880585,1.0000000000000038,0.4184568238284239,,,spectral,kmeans_raw,0,0,[],"{""cluster_qr"": 1.8985153181571492, ""kmeans_norm"": 1.8927046887849654, ""kmeans_raw"": 1.9050506319880585}",
PubMed,0,GRAPH_GEOMETRY_8,,formal,,LinearPair,"{""lambda"": 3.0}",ok,19717,3,20,0.5157985494750723,0.1589690154431408,0.11190279706310928,0.43637971612569637,0.34347549999074545,0.0022535999887622893,,4.999144401608143,2.458318060566189,1.0000000000000033,1.5036667162565128e-14,2.5699565552437544,spectral,kmeans_raw,0,0,[],"{""cluster_qr"": 4.945074276507114, ""kmeans_norm"": 4.9472736843016, ""kmeans_raw"": 4.999144401608143}",
PubMed,0,GRAPH_GEOMETRY_8,,formal,,PSF-CE,"{""lambda"": 0.665, ""q"": 0.72}",ok,19717,3,20,0.5158492671298879,0.15896487390331,0.11191908962096773,0.43640751712196174,0.3402598999964539,0.0033106999908341095,,2.592379129261528,1.0000000000000038,0.7003401114131173,0.0028126183535107873,2.575960049617616,spectral,kmeans_raw,0,0,[],"{""cluster_qr"": 2.5836467508085845, ""kmeans_norm"": 2.5711510194820852, ""kmeans_raw"": 2.592379129261528}",
PubMed,0,GRAPH_GEOMETRY_8,,formal,,Poly2,"{""eta"": 8.0}",ok,19717,3,20,0.5977582796571487,0.1864774406736207,0.1793368354569084,0.5867187925690182,0.4630773000098998,0.0030152000108500943,,4.73991147176924,2.636616539065186,1.0448493679240844,,,spectral,kmeans_norm,0,0,[],"{""cluster_qr"": 4.1711167984827355, ""kmeans_norm"": 4.73991147176924, ""kmeans_raw"": 4.676452794112129}",
Reuters,0,NEW10,,formal,,AggregatePower,"{""q_after"": 6.0}",ok,1500,6,20,0.47333333333333333,0.17994259337418683,0.17970747888507604,0.20696567174495525,0.19196490000467747,0.0012721999955829233,,2.4627263735497182,0.9999999999999979,0.0034768844469618,,,spectral,kmeans_raw,0,0,[],"{""cluster_qr"": 2.252088853928644, ""kmeans_norm"": 1.5696113326783645, ""kmeans_raw"": 2.4627263735497182}",
Reuters,0,NEW10,,formal,,CA,{},ok,1500,6,20,0.47333333333333333,0.17994259337418683,0.17970747888507604,0.20696567174495525,0.21667300000262912,0.001566799997817725,,2.430374352872186,0.9999999999999979,0.16951650659433248,,,spectral,kmeans_raw,0,0,[],"{""cluster_qr"": 2.1974708438877775, ""kmeans_norm"": 1.6777960015680042, ""kmeans_raw"": 2.430374352872186}",
Reuters,0,NEW10,,formal,,LinearPair,"{""lambda"": 3.0}",ok,1500,6,20,0.47333333333333333,0.17994259337418683,0.17970747888507604,0.20696567174495525,0.22462870000163093,0.0017520999972475693,,7.429248707018368,2.2883951938318474,0.41620292181344126,2.4938090224553942e-15,3.8557396391665746,spectral,kmeans_raw,0,0,[],"{""cluster_qr"": 6.477437671975372, ""kmeans_norm"": 3.811005385565032, ""kmeans_raw"": 7.429248707018368}",
Reuters,0,NEW10,,formal,,PSF-CE,"{""lambda"": 0.665, ""q"": 0.72}",ok,1500,6,20,0.47333333333333333,0.17963913305911494,0.17919541410467157,0.2070303562767116,0.22788380000565667,0.0015586999943479896,,3.539502085585147,0.9999999999999978,0.22556848715423536,0.0061524745472671906,3.895324685229311,spectral,kmeans_raw,0,0,[],"{""cluster_qr"": 3.1315241380035372, ""kmeans_norm"": 2.154986540757383, ""kmeans_raw"": 3.539502085585147}",
Reuters,0,NEW10,,formal,,Poly2,"{""eta"": 8.0}",ok,1500,6,20,0.47333333333333333,0.17994259337418683,0.17970747888507604,0.20696567174495525,0.18681780000042636,0.0015810999902896583,,6.286930256165601,1.8139235488010474,0.3994032746579027,,,spectral,kmeans_raw,0,0,[],"{""cluster_qr"": 5.460957840508502, ""kmeans_norm"": 3.350495148095169, ""kmeans_raw"": 6.286930256165601}",
Reuters,1,NEW10,,formal,,AggregatePower,"{""q_after"": 6.0}",ok,1500,6,20,0.4806666666666667,0.219467866316778,0.18007223975777437,0.21467569012136076,0.20165420000557788,0.0015973000117810443,,2.5068385955447745,1.0000000000000002,0.004004560099555956,,,spectral,kmeans_raw,0,0,[],"{""cluster_qr"": 2.4901607079118686, ""kmeans_norm"": 1.5967259085096788, ""kmeans_raw"": 2.5068385955447745}",
Reuters,1,NEW10,,formal,,CA,{},ok,1500,6,20,0.4806666666666667,0.219467866316778,0.18007223975777437,0.21467569012136076,0.22408159999758936,0.0015864000015426427,,2.403459182124579,1.0000000000000004,0.16138287645609317,,,spectral,kmeans_raw,0,0,[],"{""cluster_qr"": 2.3192254415303, ""kmeans_norm"": 1.5594076328870412, ""kmeans_raw"": 2.403459182124579}",
Reuters,1,NEW10,,formal,,LinearPair,"{""lambda"": 3.0}",ok,1500,6,20,0.4806666666666667,0.219467866316778,0.18007223975777437,0.21467569012136076,0.19269329999224283,0.0013365999911911786,,7.458499559099711,2.058903988528717,0.40370632929196915,3.6771625887629126e-15,4.268958351963843,spectral,kmeans_raw,0,0,[],"{""cluster_qr"": 7.200518940628825, ""kmeans_norm"": 3.431768751251768, ""kmeans_raw"": 7.458499559099711}",
Reuters,1,NEW10,,formal,,PSF-CE,"{""lambda"": 0.665, ""q"": 0.72}",ok,1500,6,20,0.4806666666666667,0.2207559594179249,0.18073628220376545,0.2148127463088093,0.20356229999742936,0.00159939999866765,,3.5250749613076993,1.0000000000000004,0.21743591857388203,0.006751277826329024,4.306196026468265,spectral,kmeans_raw,0,0,[],"{""cluster_qr"": 3.42298251836336, ""kmeans_norm"": 1.9688460626508169, ""kmeans_raw"": 3.5250749613076993}",
Reuters,1,NEW10,,formal,,Poly2,"{""eta"": 8.0}",ok,1500,6,20,0.4806666666666667,0.219467866316778,0.18007223975777437,0.21467569012136076,0.18610029999399558,0.0013161999959265813,,5.964661834807233,1.5274275544759135,0.3697383389620344,,,spectral,kmeans_raw,0,0,[],"{""cluster_qr"": 5.694976280340611, ""kmeans_norm"": 2.894288303530108, ""kmeans_raw"": 5.964661834807233}",
PubMed,1,GRAPH_GEOMETRY_8,,formal,,AggregatePower,"{""q_after"": 6.0}",ok,19717,3,20,0.5161535730587817,0.1587019665842166,0.11198318626725552,0.4365827775424343,0.3658184999949299,0.003688600001623854,,1.9466109931069981,1.000000000000002,0.2034894134475842,,,spectral,kmeans_raw,0,0,[],"{""cluster_qr"": 1.9424582341980576, ""kmeans_norm"": 1.9399739351853347, ""kmeans_raw"": 1.9466109931069981}",
PubMed,1,GRAPH_GEOMETRY_8,,formal,,CA,{},ok,19717,3,20,0.5161535730587817,0.1587019665842166,0.11198318626725552,0.4365827775424343,0.3535835000075167,0.002368800007388927,,1.903518306776798,1.0000000000000018,0.41524502220251436,,,spectral,kmeans_raw,0,0,[],"{""cluster_qr"": 1.9006009664452048, ""kmeans_norm"": 1.8913470437334876, ""kmeans_raw"": 1.903518306776798}",
PubMed,1,GRAPH_GEOMETRY_8,,formal,,LinearPair,"{""lambda"": 3.0}",ok,19717,3,20,0.5161535730587817,0.1587019665842166,0.11198318626725552,0.4365827775424343,0.373194899992086,0.0031556999892927706,,4.9780979095553715,2.47880974410671,1.000000000000002,5.0216829971980815e-15,2.5528897148327383,spectral,kmeans_raw,0,0,[],"{""cluster_qr"": 4.944882812664967, ""kmeans_norm"": 4.92806661641331, ""kmeans_raw"": 4.9780979095553715}",
PubMed,1,GRAPH_GEOMETRY_8,,formal,,PSF-CE,"{""lambda"": 0.665, ""q"": 0.72}",ok,19717,3,20,0.5161535730587817,0.1587019665842166,0.11198318626725552,0.4365827775424343,0.395831999994698,0.0022878000017954037,,2.5866585990628335,1.000000000000002,0.6910332218106296,0.0031748426424456164,2.560508153431351,spectral,kmeans_raw,0,0,[],"{""cluster_qr"": 2.5815330590224606, ""kmeans_norm"": 2.5659840871198982, ""kmeans_raw"": 2.5866585990628335}",
PubMed,1,GRAPH_GEOMETRY_8,,formal,,Poly2,"{""eta"": 8.0}",ok,19717,3,20,0.6000912917786682,0.1877739490859478,0.18165300113521227,0.5888861981655626,0.43505040000309236,0.0031921999907353893,,4.758377120604971,2.6712824535927333,1.0577389376866433,,,spectral,kmeans_norm,0,0,[],"{""cluster_qr"": 4.186423420237799, ""kmeans_norm"": 4.758377120604971, ""kmeans_raw"": 4.703784259044904}",
PubMed,2,GRAPH_GEOMETRY_8,,formal,,AggregatePower,"{""q_after"": 6.0}",ok,19717,3,20,0.5159507024395192,0.1588981128270284,0.1119178414132861,0.43645036427104705,0.39986550000321586,0.0029766000079689547,,1.9495388182617297,1.0000000000000047,0.21009315465416245,,,spectral,kmeans_raw,0,0,[],"{""cluster_qr"": 1.9460087172053073, ""kmeans_norm"": 1.9422444580883693, ""kmeans_raw"": 1.9495388182617297}",
PubMed,2,GRAPH_GEOMETRY_8,,formal,,CA,{},ok,19717,3,20,0.5159507024395192,0.1588981128270284,0.1119178414132861,0.43645036427104705,0.3942650999961188,0.003248999986681156,,1.9019925769951587,1.0000000000000047,0.4157586850813631,,,spectral,kmeans_raw,0,0,[],"{""cluster_qr"": 1.896185567970575, ""kmeans_norm"": 1.889439539197894, ""kmeans_raw"": 1.9019925769951587}",
PubMed,2,GRAPH_GEOMETRY_8,,formal,,LinearPair,"{""lambda"": 3.0}",ok,19717,3,20,0.5159507024395192,0.1588981128270284,0.1119178414132861,0.43645036427104705,0.39009010000154376,0.002380500009167008,,4.977723627258149,2.466876705024221,1.0000000000000042,1.4085589213289288e-14,2.566533297149182,spectral,kmeans_raw,0,0,[],"{""cluster_qr"": 4.924536987376365, ""kmeans_norm"": 4.92539677981299, ""kmeans_raw"": 4.977723627258149}",
PubMed,2,GRAPH_GEOMETRY_8,,formal,,PSF-CE,"{""lambda"": 0.665, ""q"": 0.72}",ok,19717,3,20,0.5159507024395192,0.1588981128270284,0.1119178414132861,0.43645036427104705,0.4262983000080567,0.0026052000030176714,,2.5853166824942395,1.0000000000000047,0.6936643294798721,0.0030689424383405803,2.5742738557058185,spectral,kmeans_raw,0,0,[],"{""cluster_qr"": 2.5709598359997963, ""kmeans_norm"": 2.5637028595747204, ""kmeans_raw"": 2.5853166824942395}",
PubMed,2,GRAPH_GEOMETRY_8,,formal,,Poly2,"{""eta"": 8.0}",ok,19717,3,20,0.599685550540143,0.187774930629796,0.1812618909182222,0.5884778850546623,0.4727586999943014,0.0032664000027580187,,4.732143909458542,2.6481337367098825,1.03955146995355,,,spectral,kmeans_norm,0,0,[],"{""cluster_qr"": 4.317150585019448, ""kmeans_norm"": 4.732143909458542, ""kmeans_raw"": 4.660455594019254}",
Reuters,2,NEW10,,formal,,AggregatePower,"{""q_after"": 6.0}",ok,1500,6,20,0.464,0.22217729573888853,0.14607091389300444,0.21114466730131634,0.18957940000109375,0.0012378999963402748,,2.486493731681206,0.9999999999999999,0.0026032316838968295,,,spectral,kmeans_raw,0,0,[],"{""cluster_qr"": 2.3557983171964096, ""kmeans_norm"": 1.245243513923353, ""kmeans_raw"": 2.486493731681206}",
Reuters,2,NEW10,,formal,,CA,{},ok,1500,6,20,0.464,0.22217729573888853,0.14607091389300444,0.21114466730131634,0.2228181999962544,0.0016108999989228323,,2.43462413683704,0.9999999999999999,0.15869026605571385,,,spectral,kmeans_raw,0,0,[],"{""cluster_qr"": 2.2112605747813787, ""kmeans_norm"": 1.5187046484520283, ""kmeans_raw"": 2.43462413683704}",
Reuters,2,NEW10,,formal,,LinearPair,"{""lambda"": 3.0}",ok,1500,6,20,0.464,0.22217729573888853,0.14607091389300444,0.21114466730131634,0.2249932999984594,0.0016290000057779253,,7.491301319576845,2.178115551507083,0.37452506338395064,6.783142047808339e-16,3.9626240798365155,spectral,kmeans_raw,0,0,[],"{""cluster_qr"": 6.705673005115601, ""kmeans_norm"": 2.8712902468297585, ""kmeans_raw"": 7.491301319576845}",
Reuters,2,NEW10,,formal,,PSF-CE,"{""lambda"": 0.665, ""q"": 0.72}",ok,1500,6,20,0.4633333333333333,0.22244005350006482,0.1448800146823354,0.21100939050110165,0.2477158999972744,0.0017546000017318875,,3.5580611815625964,0.9999999999999998,0.20756324501203074,0.005621022989547344,4.007663810398816,spectral,kmeans_raw,0,0,[],"{""cluster_qr"": 3.26107278916548, ""kmeans_norm"": 1.8216335359144653, ""kmeans_raw"": 3.5580611815625964}",
Reuters,2,NEW10,,formal,,Poly2,"{""eta"": 8.0}",ok,1500,6,20,0.464,0.22217729573888853,0.14607091389300444,0.21114466730131634,0.2184893999947235,0.0016075000021373853,,6.24124293768509,1.6986763822218525,0.3601510703823795,,,spectral,kmeans_raw,0,0,[],"{""cluster_qr"": 5.453519295583163, ""kmeans_norm"": 2.590903956049195, ""kmeans_raw"": 6.24124293768509}",
Squirrel,0,GRAPH_GEOMETRY_8,,formal,,AggregatePower,"{""q_after"": 6.0}",ok,5201,5,20,0.23380119207844646,0.01038142952876126,0.004176431773128755,0.19045570163455056,0.28196310000203084,0.0020927000005031005,,2.512408690209555,1.0000000000000002,0.10802925986150272,,,spectral,kmeans_raw,0,0,[],"{""cluster_qr"": 2.494680885559305, ""kmeans_norm"": 2.4803857488918686, ""kmeans_raw"": 2.512408690209555}",
Squirrel,0,GRAPH_GEOMETRY_8,,formal,,CA,{},ok,5201,5,20,0.23380119207844646,0.01038142952876126,0.004176431773128755,0.19045570163455056,0.2840890999941621,0.0022280999983195215,,2.6324141028735886,1.0,0.37229187621099424,,,spectral,kmeans_raw,0,0,[],"{""cluster_qr"": 2.5510573303227266, ""kmeans_norm"": 2.5698632622292354, ""kmeans_raw"": 2.6324141028735886}",
Squirrel,0,GRAPH_GEOMETRY_8,,formal,,LinearPair,"{""lambda"": 3.0}",ok,5201,5,20,0.23380119207844646,0.01038142952876126,0.004176431773128755,0.19045570163455056,0.2310799999977462,0.0017250000091735274,,8.118045328075452,2.718470232866878,0.9999999999999998,4.174003880015892e-15,2.66654752101703,spectral,kmeans_raw,0,0,[],"{""cluster_qr"": 7.852457951855268, ""kmeans_norm"": 7.857025623474518, ""kmeans_raw"": 8.118045328075452}",
Squirrel,0,GRAPH_GEOMETRY_8,,formal,,PSF-CE,"{""lambda"": 0.665, ""q"": 0.72}",ok,5201,5,20,0.23380119207844646,0.01038142952876126,0.004176431773128755,0.19045570163455056,0.28886010000132956,0.002205500000854954,,3.8535044199217836,1.0086927059876878,0.6045890428479898,0.0035769487047135526,2.695259426665737,spectral,kmeans_raw,0,0,[],"{""cluster_qr"": 3.7178167179462545, ""kmeans_norm"": 3.7467749352516773, ""kmeans_raw"": 3.8535044199217836}",
Squirrel,0,GRAPH_GEOMETRY_8,,formal,,Poly2,"{""eta"": 8.0}",ok,5201,5,20,0.23380119207844646,0.01038142952876126,0.004176431773128755,0.19045570163455056,0.2539717000036035,0.0021909000060986727,,8.49696225948396,2.8233197234018577,1.0000000000000002,,,spectral,kmeans_raw,0,0,[],"{""cluster_qr"": 8.182734587592478, ""kmeans_norm"": 8.220837237309224, ""kmeans_raw"": 8.49696225948396}",
Squirrel,1,GRAPH_GEOMETRY_8,,formal,,AggregatePower,"{""q_after"": 6.0}",ok,5201,5,20,0.23399346279561622,0.010641256519998336,0.004274441126862363,0.190614139962541,0.23343950000707991,0.0019394999981159344,,2.4895515935289803,0.9999999999999982,0.08454173476454038,,,spectral,kmeans_raw,0,0,[],"{""cluster_qr"": 2.486812581604238, ""kmeans_norm"": 2.486972999762272, ""kmeans_raw"": 2.4895515935289803}",
Squirrel,1,GRAPH_GEOMETRY_8,,formal,,CA,{},ok,5201,5,20,0.23399346279561622,0.010641256519998336,0.004274441126862363,0.190614139962541,0.2350027000065893,0.0019742000004043803,,2.644952240578627,0.9999999999999984,0.3633251360790691,,,spectral,kmeans_raw,0,0,[],"{""cluster_qr"": 2.616322826522696, ""kmeans_norm"": 2.617424299571599, ""kmeans_raw"": 2.644952240578627}",
Squirrel,1,GRAPH_GEOMETRY_8,,formal,,LinearPair,"{""lambda"": 3.0}",ok,5201,5,20,0.23399346279561622,0.010641256519998336,0.004274441126862363,0.190614139962541,0.22561819999828003,0.0019494999869493768,,8.123783413555648,2.7789271199802816,0.9999999999999982,5.1912286607220404e-15,2.614018397054278,spectral,kmeans_raw,0,0,[],"{""cluster_qr"": 7.987514174627796, ""kmeans_norm"": 8.021184431202084, ""kmeans_raw"": 8.123783413555648}",
Squirrel,1,GRAPH_GEOMETRY_8,,formal,,PSF-CE,"{""lambda"": 0.665, ""q"": 0.72}",ok,5201,5,20,0.23399346279561622,0.010641256519998336,0.004274441126862363,0.190614139962541,0.21424770000157878,0.0015300000086426735,,3.8646000463992545,1.0308705681552301,0.5798601698461204,0.003767248487679931,2.641942296507282,spectral,kmeans_raw,0,0,[],"{""cluster_qr"": 3.81907110720704, ""kmeans_norm"": 3.8202521991417515, ""kmeans_raw"": 3.8646000463992545}",
Squirrel,1,GRAPH_GEOMETRY_8,,formal,,Poly2,"{""eta"": 8.0}",ok,5201,5,20,0.23399346279561622,0.010641256519998336,0.004274441126862363,0.190614139962541,0.21232469999813475,0.001980300003197044,,8.61265308899152,2.928288076391048,0.9999999999999982,,,spectral,kmeans_raw,0,0,[],"{""cluster_qr"": 8.515675852400957, ""kmeans_norm"": 8.501360095164618, ""kmeans_raw"": 8.61265308899152}",
Squirrel,2,GRAPH_GEOMETRY_8,,formal,,AggregatePower,"{""q_after"": 6.0}",ok,5201,5,20,0.23514708709863488,0.010808323493831672,0.004462248130590495,0.1911833873669179,0.2172982000047341,0.0020407999982126057,,2.4913651464467867,0.9999999999999994,0.09426348281995708,,,spectral,kmeans_raw,0,0,[],"{""cluster_qr"": 2.489589535530728, ""kmeans_norm"": 2.488628372264464, ""kmeans_raw"": 2.4913651464467867}",
Squirrel,2,GRAPH_GEOMETRY_8,,formal,,CA,{},ok,5201,5,20,0.23514708709863488,0.010808323493831672,0.004462248130590495,0.1911833873669179,0.22522409999510273,0.001577599992742762,,2.6330510009050876,0.9999999999999994,0.3683079694731214,,,spectral,kmeans_raw,0,0,[],"{""cluster_qr"": 2.607144926275925, ""kmeans_norm"": 2.605655688672155, ""kmeans_raw"": 2.6330510009050876}",
Squirrel,2,GRAPH_GEOMETRY_8,,formal,,LinearPair,"{""lambda"": 3.0}",ok,5201,5,20,0.23514708709863488,0.010808323493831672,0.004462248130590495,0.1911833873669179,0.1844281000085175,0.001560600008815527,,8.08951469997972,2.7625791682179073,0.9999999999999993,2.3268592090504744e-15,2.6281561276136793,spectral,kmeans_raw,0,0,[],"{""cluster_qr"": 7.960600542695577, ""kmeans_norm"": 7.985465113699345, ""kmeans_raw"": 8.08951469997972}",
Squirrel,2,GRAPH_GEOMETRY_8,,formal,,PSF-CE,"{""lambda"": 0.665, ""q"": 0.72}",ok,5201,5,20,0.23533935781580465,0.009164115236858488,0.004290714008197676,0.19052086421187794,0.1862844999996014,0.001454599987482652,,3.836312196731833,1.0248642101606704,0.59188052005815,0.003796479497696941,2.656155512075349,spectral,kmeans_raw,0,0,[],"{""cluster_qr"": 3.7884438869055312, ""kmeans_norm"": 3.8042421336972474, ""kmeans_raw"": 3.836312196731833}",
Squirrel,2,GRAPH_GEOMETRY_8,,formal,,Poly2,"{""eta"": 8.0}",ok,5201,5,20,0.23514708709863488,0.010808323493831672,0.004462248130590495,0.1911833873669179,0.22026430000551045,0.0014685000060126185,,8.545868129845106,2.8995989292032864,0.9999999999999993,,,spectral,kmeans_raw,0,0,[],"{""cluster_qr"": 8.437922084081281, ""kmeans_norm"": 8.433626073414189, ""kmeans_raw"": 8.545868129845106}",
Scene15,0,NEW10,,formal,,AggregatePower,"{""q_after"": 6.0}",ok,4485,15,20,0.4180602006688963,0.4161702058502843,0.24380127449888803,0.4099161214163788,1.3430741999909515,0.014228200001525693,,3.3038498858503194,1.7838256250015452,0.0009983963349864304,,,spectral,kmeans_norm,0,0,[],"{""cluster_qr"": 3.255938602307887, ""kmeans_norm"": 3.3038498858503194, ""kmeans_raw"": 3.2923527263815906}",
Scene15,0,NEW10,,formal,,CA,{},ok,4485,15,20,0.40490523968784836,0.41783120015580055,0.2266887951256313,0.40290771007857795,1.2842908000020543,0.015493300001253374,,5.114392664537722,0.9999999999999989,0.22669267140346808,,,spectral,kmeans_raw,0,0,[],"{""cluster_qr"": 4.821253443758485, ""kmeans_norm"": 5.074844673399731, ""kmeans_raw"": 5.114392664537722}",
Scene15,0,NEW10,,formal,,LinearPair,"{""lambda"": 3.0}",ok,4485,15,20,0.40490523968784836,0.41783120015580055,0.2266887951256313,0.40290771007857795,1.3296308999997564,0.012819499999750406,,16.927298183900472,4.757122368051675,0.4987647147890312,2.492192387422198e-16,2.1509496862975057,spectral,kmeans_raw,0,0,[],"{""cluster_qr"": 16.233300166084135, ""kmeans_norm"": 16.86522788323, ""kmeans_raw"": 16.927298183900472}",
Scene15,0,NEW10,,formal,,PSF-CE,"{""lambda"": 0.665, ""q"": 0.72}",ok,4485,15,20,0.40267558528428093,0.41605927424355843,0.22543415186686808,0.40066743143734684,1.2965820000099484,0.014018800007761456,,7.81309242762852,1.6277884518424572,0.29473690093269833,0.003932810974433631,2.281676573837405,spectral,kmeans_raw,0,0,[],"{""cluster_qr"": 7.437821201648679, ""kmeans_norm"": 7.768679349264449, ""kmeans_raw"": 7.81309242762852}",
Scene15,0,NEW10,,formal,,Poly2,"{""eta"": 8.0}",ok,4485,15,20,0.40490523968784836,0.41783120015580055,0.2266887951256313,0.40290771007857795,1.3021762999997009,0.01497669999662321,,20.673086656009843,5.778301600214409,0.6378092095477936,,,spectral,kmeans_raw,0,0,[],"{""cluster_qr"": 19.193337725618523, ""kmeans_norm"": 20.591193270316445, ""kmeans_raw"": 20.673086656009843}",
UMIST,0,NEW10,,formal,,AggregatePower,"{""q_after"": 6.0}",ok,575,20,20,0.42086956521739133,0.6130150374409099,0.3106924055036838,0.40381213369305646,0.2904960000014398,0.008767899998929352,,10.832346593041137,1.648907593654417,0.010384522335725227,,,spectral,kmeans_raw,0,0,[],"{""cluster_qr"": 10.790246138621438, ""kmeans_norm"": 10.815532859019532, ""kmeans_raw"": 10.832346593041137}",
UMIST,0,NEW10,,formal,,CA,{},ok,575,20,20,0.42086956521739133,0.6130150374409099,0.3106924055036838,0.40381213369305646,0.3022023000085028,0.009215800004312769,,13.31543291113764,1.0000000000000004,0.4094721999580234,,,spectral,kmeans_raw,0,0,[],"{""cluster_qr"": 13.091099215269821, ""kmeans_norm"": 13.230347810215738, ""kmeans_raw"": 13.31543291113764}",
UMIST,0,NEW10,,formal,,LinearPair,"{""lambda"": 3.0}",ok,575,20,20,0.42086956521739133,0.6130150374409099,0.3106924055036838,0.40381213369305646,0.2753484999993816,0.007414000006974675,,49.54376350382486,4.5473398210328115,0.9999999999999998,1.4798507742183733e-16,1.3231099969226827,spectral,kmeans_raw,0,0,[],"{""cluster_qr"": 48.99604475813398, ""kmeans_norm"": 49.30834293428661, ""kmeans_raw"": 49.54376350382486}",
UMIST,0,NEW10,,formal,,PSF-CE,"{""lambda"": 0.665, ""q"": 0.72}",ok,575,20,20,0.42086956521739133,0.6130150374409099,0.3106924055036838,0.40381213369305646,0.3093900000094436,0.008768300001975149,,21.39018832119854,1.7282985791225776,0.556182806363319,0.0010776108905698155,1.3388147329541498,spectral,kmeans_raw,0,0,[],"{""cluster_qr"": 21.09593176153873, ""kmeans_norm"": 21.30427773640936, ""kmeans_raw"": 21.39018832119854}",
UMIST,0,NEW10,,formal,,Poly2,"{""eta"": 8.0}",ok,575,20,20,0.4226086956521739,0.6149530640864361,0.3116955290282714,0.4057035214643691,0.2639589000027627,0.009701300004962832,,87.61154438139438,8.216289005014206,1.5715046039216882,,,spectral,kmeans_raw,0,0,[],"{""cluster_qr"": 82.72751559824653, ""kmeans_norm"": 85.69171552754545, ""kmeans_raw"": 87.61154438139438}",
Scene15,2,NEW10,,formal,,AggregatePower,"{""q_after"": 6.0}",ok,4485,15,20,0.41739130434782606,0.428478433286879,0.2515147222393914,0.40177067209504097,1.216200499999104,0.015379699994809926,,3.362738251450195,1.788556872645074,0.0008623269847361515,,,spectral,kmeans_norm,0,0,[],"{""cluster_qr"": 3.3284633773340238, ""kmeans_norm"": 3.362738251450195, ""kmeans_raw"": 3.3560587541245046}",
Scene15,2,NEW10,,formal,,CA,{},ok,4485,15,20,0.41226309921962095,0.4223996129155638,0.22694862802756371,0.40159325917871924,1.3266962000052445,0.01241440000012517,,5.262130986375443,0.9999999999999998,0.22158377620247469,,,spectral,kmeans_raw,0,0,[],"{""cluster_qr"": 4.8696488128059965, ""kmeans_norm"": 5.205261426852692, ""kmeans_raw"": 5.262130986375443}",
Scene15,2,NEW10,,formal,,LinearPair,"{""lambda"": 3.0}",ok,4485,15,20,0.41226309921962095,0.4223996129155638,0.22694862802756371,0.40159325917871924,1.2938269000005675,0.013271899995743297,,17.487418103169947,4.743315765235345,0.4777331639604643,3.0982024978449117e-16,2.1334451997787736,spectral,kmeans_raw,0,0,[],"{""cluster_qr"": 16.063468942255408, ""kmeans_norm"": 17.380498930777637, ""kmeans_raw"": 17.487418103169947}",
Scene15,2,NEW10,,formal,,PSF-CE,"{""lambda"": 0.665, ""q"": 0.72}",ok,4485,15,20,0.41181716833890747,0.4230869374555775,0.22653787104380466,0.4015076164860251,1.3585309000045527,0.014305400007287972,,8.060073592756934,1.6244422396927125,0.2875235729915321,0.00395003781633555,2.259990594664184,spectral,kmeans_raw,0,0,[],"{""cluster_qr"": 7.622506863435203, ""kmeans_norm"": 7.98487234852423, ""kmeans_raw"": 8.060073592756934}",
Scene15,2,NEW10,,formal,,Poly2,"{""eta"": 8.0}",ok,4485,15,20,0.41226309921962095,0.4223996129155638,0.22694862802756371,0.40159325917871924,1.2434407999971882,0.012321999995037913,,21.48375061064287,5.8005933892833434,0.6143787352116614,,,spectral,kmeans_raw,0,0,[],"{""cluster_qr"": 20.418333561696002, ""kmeans_norm"": 21.344702428424785, ""kmeans_raw"": 21.48375061064287}",
Scene15,1,NEW10,,formal,,AggregatePower,"{""q_after"": 6.0}",ok,4485,15,20,0.4,0.42191489026401513,0.23245183719121576,0.3806513658503023,1.3203095999924699,0.01500780000060331,,3.3898821441044187,1.819095300367449,0.0012716743741135574,,,spectral,kmeans_raw,0,0,[],"{""cluster_qr"": 3.3072925953584047, ""kmeans_norm"": 3.375637831900905, ""kmeans_raw"": 3.3898821441044187}",
Scene15,1,NEW10,,formal,,CA,{},ok,4485,15,20,0.4,0.42191489026401513,0.23245183719121576,0.3806513658503023,1.2935250000009546,0.013306299995747395,,5.333045829237936,0.9999999999999989,0.23849630061056976,,,spectral,kmeans_raw,0,0,[],"{""cluster_qr"": 4.750260168864509, ""kmeans_norm"": 5.214347605959069, ""kmeans_raw"": 5.333045829237936}",
Scene15,1,NEW10,,formal,,LinearPair,"{""lambda"": 3.0}",ok,4485,15,20,0.4,0.42191489026401513,0.23245183719121576,0.3806513658503023,1.4306614000088302,0.016254600006504916,,17.838375450009597,4.821202585226151,0.5393105073929587,2.894652842208784e-16,2.1189280763568257,spectral,kmeans_raw,0,0,[],"{""cluster_qr"": 16.13170988150136, ""kmeans_norm"": 17.485417931253203, ""kmeans_raw"": 17.838375450009597}",
Scene15,1,NEW10,,formal,,PSF-CE,"{""lambda"": 0.665, ""q"": 0.72}",ok,4485,15,20,0.4013377926421405,0.422071857146791,0.23326381408569644,0.38166453643546844,1.3366110000060871,0.013275699995574541,,8.183288206750099,1.6494532463040044,0.3161130986132283,0.0040005061195523715,2.2424041848264986,spectral,kmeans_raw,0,0,[],"{""cluster_qr"": 7.6571393430940375, ""kmeans_norm"": 8.011222394480908, ""kmeans_raw"": 8.183288206750099}",
Scene15,1,NEW10,,formal,,Poly2,"{""eta"": 8.0}",ok,4485,15,20,0.4,0.42191489026401513,0.23245183719121576,0.3806513658503023,1.356483700001263,0.02319300000090152,,22.017299416028106,5.927756358854855,0.6935401838499868,,,spectral,kmeans_raw,0,0,[],"{""cluster_qr"": 20.09255644800145, ""kmeans_norm"": 21.57104779969713, ""kmeans_raw"": 22.017299416028106}",
UMIST,1,NEW10,,formal,,AggregatePower,"{""q_after"": 6.0}",ok,575,20,20,0.3982608695652174,0.5965273719827276,0.28767069149920377,0.403209666950105,0.2934380999940913,0.00959119999606628,,10.747256913947812,1.6525669401578875,0.012706985148738848,,,spectral,kmeans_norm,0,0,[],"{""cluster_qr"": 10.695401159749833, ""kmeans_norm"": 10.747256913947812, ""kmeans_raw"": 10.744498025676092}",
UMIST,1,NEW10,,formal,,CA,{},ok,575,20,20,0.40869565217391307,0.5925573556405034,0.277258650330543,0.41407230187442934,0.3029901999980211,0.010496000002603978,,13.288348723162349,1.0,0.4203154684407036,,,spectral,kmeans_raw,0,0,[],"{""cluster_qr"": 12.87367491760211, ""kmeans_norm"": 13.17146200615933, ""kmeans_raw"": 13.288348723162349}",
UMIST,1,NEW10,,formal,,LinearPair,"{""lambda"": 3.0}",ok,575,20,20,0.40869565217391307,0.5925573556405034,0.277258650330543,0.41407230187442934,0.2980747999972664,0.00809990000561811,,49.496154793301976,4.531282801725125,1.0,1.1930354107003e-16,1.3391857222311225,spectral,kmeans_raw,0,0,[],"{""cluster_qr"": 48.86342825458375, ""kmeans_norm"": 49.16842400952833, ""kmeans_raw"": 49.496154793301976}",
UMIST,1,NEW10,,formal,,PSF-CE,"{""lambda"": 0.665, ""q"": 0.72}",ok,575,20,20,0.4052173913043478,0.5896276678568672,0.2751571999602907,0.41011231706827933,0.27717410000332166,0.009832299998379312,,21.325067707807012,1.7190597745227825,0.5757308382434245,0.0012163804357553573,1.3543500865800457,spectral,kmeans_raw,0,0,[],"{""cluster_qr"": 21.00059083399762, ""kmeans_norm"": 21.185308650256417, ""kmeans_raw"": 21.325067707807012}",
UMIST,1,NEW10,,formal,,Poly2,"{""eta"": 8.0}",ok,575,20,20,0.39304347826086955,0.5837368319550613,0.26496595069795337,0.39852069421593866,0.27422110000043176,0.010774100010166876,,86.6217707310084,8.106628348268808,1.5729466195766317,,,spectral,kmeans_norm,0,0,[],"{""cluster_qr"": 80.51706273011968, ""kmeans_norm"": 86.6217707310084, ""kmeans_raw"": 86.29144900357603}",
UMIST,2,NEW10,,formal,,AggregatePower,"{""q_after"": 6.0}",ok,575,20,20,0.43478260869565216,0.6232042827191833,0.31438329972577855,0.4365124439674262,0.27720379999664146,0.009690899998531677,,10.657269452637731,1.6906434910206964,0.01738589700621969,,,spectral,kmeans_norm,0,0,[],"{""cluster_qr"": 10.649732162904415, ""kmeans_norm"": 10.657269452637731, ""kmeans_raw"": 10.64474460949757}",
UMIST,2,NEW10,,formal,,CA,{},ok,575,20,20,0.43478260869565216,0.6232042827191833,0.31438329972577855,0.4365124439674262,0.26805899999453686,0.007892800000263378,,13.440818829969778,1.000000000000001,0.4419369364912446,,,spectral,kmeans_norm,0,0,[],"{""cluster_qr"": 13.253191729466893, ""kmeans_norm"": 13.440818829969778, ""kmeans_raw"": 13.437586324752148}",
UMIST,2,NEW10,,formal,,LinearPair,"{""lambda"": 3.0}",ok,575,20,20,0.40869565217391307,0.6199371370555752,0.2953043665422406,0.4055714503364201,0.3018456999998307,0.009502100001554936,,50.49566735119303,4.578589436597743,1.0239973849414001,1.3142011988080097e-16,1.3515016133440654,spectral,kmeans_raw,0,0,[],"{""cluster_qr"": 48.47228277470756, ""kmeans_norm"": 50.39081525862674, ""kmeans_raw"": 50.49566735119303}",
UMIST,2,NEW10,,formal,,PSF-CE,"{""lambda"": 0.665, ""q"": 0.72}",ok,575,20,20,0.42086956521739133,0.6138326277680415,0.30483652516292115,0.418988995360141,0.23933719999331515,0.008397600002354011,,21.662816228072877,1.7311205918584047,0.6134422292153814,0.001222287123362753,1.3677470458630894,spectral,kmeans_raw,0,0,[],"{""cluster_qr"": 21.48878647932666, ""kmeans_norm"": 21.659160570647874, ""kmeans_raw"": 21.662816228072877}",
UMIST,2,NEW10,,formal,,Poly2,"{""eta"": 8.0}",ok,575,20,20,0.40869565217391307,0.6199371370555752,0.2953043665422406,0.4055714503364201,0.28442930000892375,0.009561200000462122,,87.85663208504151,8.132732091542204,1.7266839895209811,,,spectral,kmeans_raw,0,0,[],"{""cluster_qr"": 84.2148751158831, ""kmeans_norm"": 87.68027779751706, ""kmeans_raw"": 87.85663208504151}",
USPS3568,0,BKCC_V2,,formal,,AggregatePower,"{""q_after"": 6.0}",ok,3082,4,20,0.6735885788449059,0.652908970284973,0.5345693942291219,0.6110411710857689,0.17497380000713747,0.02707030001329258,,5.499281735649783,2.109087390092279,1.0249415010207235,,,spectral,kmeans_raw,0,0,[],"{""cluster_qr"": 4.315406898441302, ""kmeans_norm"": 5.27700456538707, ""kmeans_raw"": 5.499281735649783}",
USPS3568,0,BKCC_V2,,formal,,CA,{},ok,3082,4,20,0.6745619727449708,0.6484801886410382,0.5361017782709967,0.6111770647711269,0.20081490000302438,0.023204400000395253,,3.582040484456593,1.000000000000001,0.8850049710348432,,,spectral,kmeans_raw,0,0,[],"{""cluster_qr"": 3.461331664578715, ""kmeans_norm"": 3.4883136112514017, ""kmeans_raw"": 3.582040484456593}",
USPS3568,0,BKCC_V2,,formal,,LinearPair,"{""lambda"": 3.0}",ok,3082,4,20,0.6735885788449059,0.652908970284973,0.5345693942291219,0.6110411710857689,0.16898499999660999,0.021477000002050772,,13.87000055948786,5.028008062989321,4.027886863037493,1.7186645142045785e-16,1.4518992557402364,spectral,kmeans_raw,0,0,[],"{""cluster_qr"": 10.648833422917516, ""kmeans_norm"": 13.49790447044382, ""kmeans_raw"": 13.87000055948786}",
USPS3568,0,BKCC_V2,,formal,,PSF-CE,"{""lambda"": 0.665, ""q"": 0.72}",ok,3082,4,20,0.6739130434782609,0.6530873193759982,0.5352242156013612,0.6112192140089004,0.20017510000616312,0.027418500001658686,,5.799744900949278,1.8294717524921649,1.5531360541186199,0.0009074678835138087,1.4797485359410882,spectral,kmeans_raw,0,0,[],"{""cluster_qr"": 5.0822369885113, ""kmeans_norm"": 5.680445822713978, ""kmeans_raw"": 5.799744900949278}",
USPS3568,0,BKCC_V2,,formal,,Poly2,"{""eta"": 8.0}",ok,3082,4,20,0.6735885788449059,0.652908970284973,0.5345693942291219,0.6110411710857689,0.19238020000921097,0.02696730000025127,,22.563760968568296,8.439779432027803,6.732495629040355,,,spectral,kmeans_raw,0,0,[],"{""cluster_qr"": 18.35138801455716, ""kmeans_norm"": 21.933700039092543, ""kmeans_raw"": 22.563760968568296}",
USPS3568,1,BKCC_V2,,formal,,AggregatePower,"{""q_after"": 6.0}",ok,3082,4,20,0.673264114211551,0.6343884956642671,0.5298365020722546,0.6095902462727341,0.1660736000048928,0.022706700008711778,,5.564317894247539,2.1680499894473217,0.9999999999999987,,,spectral,kmeans_raw,0,0,[],"{""cluster_qr"": 5.3379822917974336, ""kmeans_norm"": 5.455435693502211, ""kmeans_raw"": 5.564317894247539}",
USPS3568,1,BKCC_V2,,formal,,CA,{},ok,3082,4,20,0.673264114211551,0.6343884956642671,0.5298365020722546,0.6095902462727341,0.21010099998966325,0.027745999992475845,,3.572607477558539,0.999999999999999,0.8814057582918767,,,spectral,kmeans_raw,0,0,[],"{""cluster_qr"": 3.4577922643028676, ""kmeans_norm"": 3.486701629452115, ""kmeans_raw"": 3.572607477558539}",
USPS3568,1,BKCC_V2,,formal,,LinearPair,"{""lambda"": 3.0}",ok,3082,4,20,0.6742375081116159,0.6458793302099508,0.5362000250967713,0.61161811000441,0.15078349999384955,0.027462099998956546,,14.157840812198975,5.156396543908305,3.979328256041572,1.186059793341398e-16,1.5120631757104026,spectral,kmeans_raw,0,0,[],"{""cluster_qr"": 11.154786683257726, ""kmeans_norm"": 13.403510607134752, ""kmeans_raw"": 14.157840812198975}",
USPS3568,1,BKCC_V2,,formal,,PSF-CE,"{""lambda"": 0.665, ""q"": 0.72}",ok,3082,4,20,0.6742375081116159,0.6458793302099508,0.5362000250967713,0.61161811000441,0.19769069999165367,0.026917499999399297,,5.8620863093673865,1.8571758495237825,1.5315308549225195,0.0009950332005229689,1.5452703580900258,spectral,kmeans_raw,0,0,[],"{""cluster_qr"": 5.028613901429305, ""kmeans_norm"": 5.629231277787317, ""kmeans_raw"": 5.8620863093673865}",
USPS3568,1,BKCC_V2,,formal,,Poly2,"{""eta"": 8.0}",ok,3082,4,20,0.6742375081116159,0.6458793302099508,0.5362000250967713,0.61161811000441,0.2036915000062436,0.02553009999974165,,22.33487911283934,8.374012786648931,6.436598718773493,,,spectral,kmeans_raw,0,0,[],"{""cluster_qr"": 16.505098201180925, ""kmeans_norm"": 21.104717048905258, ""kmeans_raw"": 22.33487911283934}",
WebKB,0,TEXT_MV,,formal,,AggregatePower,"{""q_after"": 6.0}",ok,1051,2,20,0.780209324452902,0.0008822294415695806,-0.0013674461502060072,0.43826830571886694,0.05062470000120811,0.00039090000791475177,,1.4082464586832895,0.9999999999999936,0.4083387218369867,,,spectral,cluster_qr,0,0,[],"{""cluster_qr"": 1.4082464586832895, ""kmeans_norm"": 1.4082464586832895, ""kmeans_raw"": 1.4082464586832895}",
WebKB,0,TEXT_MV,,formal,,CA,{},ok,1051,2,20,0.780209324452902,0.0008822294415695806,-0.0013674461502060072,0.43826830571886694,0.04123550000076648,0.0004216999950585887,,1.250198427720628,0.9999999999999936,0.25024205613347067,,,spectral,cluster_qr,0,0,[],"{""cluster_qr"": 1.250198427720628, ""kmeans_norm"": 1.250198427720628, ""kmeans_raw"": 1.250198427720628}",
WebKB,0,TEXT_MV,,formal,,LinearPair,"{""lambda"": 3.0}",ok,1051,2,20,0.780209324452902,0.0008822294415695806,-0.0013674461502060072,0.43826830571886694,0.05613519999315031,0.0005010999884689227,,2.2853397059884872,1.2856095478186678,0.9999999999999936,1.2992392050312037e-15,6.543065677411625,spectral,cluster_qr,0,0,[],"{""cluster_qr"": 2.2853397059884872, ""kmeans_norm"": 2.2853397059884872, ""kmeans_raw"": 2.2853397059884872}",
WebKB,0,TEXT_MV,,formal,,PSF-CE,"{""lambda"": 0.665, ""q"": 0.72}",ok,1051,2,20,0.780209324452902,0.0008822294415695806,-0.0013674461502060072,0.43826830571886694,0.04152790000080131,0.00031909999961499125,,1.4798177163628323,0.9999999999999937,0.47991197351722736,0.00046568584098889546,6.547709320477482,spectral,cluster_qr,0,0,[],"{""cluster_qr"": 1.4798177163628323, ""kmeans_norm"": 1.4798177163628323, ""kmeans_raw"": 1.4798177163628323}",
WebKB,0,TEXT_MV,,formal,,Poly2,"{""eta"": 8.0}",ok,1051,2,20,0.780209324452902,0.0008822294415695806,-0.0013674461502060072,0.43826830571886694,0.04118110000854358,0.0003369000041857362,,1.751062084682446,0.9999999999999937,0.7512107493967272,,,spectral,cluster_qr,0,0,[],"{""cluster_qr"": 1.751062084682446, ""kmeans_norm"": 1.751062084682446, ""kmeans_raw"": 1.751062084682446}",
WebKB,1,TEXT_MV,,formal,,AggregatePower,"{""q_after"": 6.0}",ok,1051,2,20,0.780209324452902,0.0008822294415695806,-0.0013674461502060072,0.43826830571886694,0.0552946000098018,0.0002775000029942021,,1.38984707606309,0.9999999999999938,0.39035012869585695,,,spectral,cluster_qr,0,0,[],"{""cluster_qr"": 1.38984707606309, ""kmeans_norm"": 1.38984707606309, ""kmeans_raw"": 1.38984707606309}",
WebKB,1,TEXT_MV,,formal,,CA,{},ok,1051,2,20,0.780209324452902,0.0008822294415695806,-0.0013674461502060072,0.43826830571886694,0.05284199999005068,0.0004140999953961,,1.2507754179296682,0.9999999999999938,0.25097476947914527,,,spectral,cluster_qr,0,0,[],"{""cluster_qr"": 1.2507754179296682, ""kmeans_norm"": 1.2507754179296682, ""kmeans_raw"": 1.2507754179296682}",
WebKB,1,TEXT_MV,,formal,,LinearPair,"{""lambda"": 3.0}",ok,1051,2,20,0.780209324452902,0.0008822294415695806,-0.0013674461502060072,0.43826830571886694,0.06582830000843387,0.0008850000012898818,,2.270144691468544,1.2714775629772717,0.9999999999999939,1.423253113452309e-15,6.40685573918298,spectral,cluster_qr,0,0,[],"{""cluster_qr"": 2.270144691468544, ""kmeans_norm"": 2.270144691468544, ""kmeans_raw"": 2.270144691468544}",
WebKB,1,TEXT_MV,,formal,,PSF-CE,"{""lambda"": 0.665, ""q"": 0.72}",ok,1051,2,20,0.780209324452902,0.0008822294415695806,-0.0013674461502060072,0.43826830571886694,0.055027299997163936,0.00037989999691490084,,1.476788457689267,0.9999999999999939,0.47723497615028043,0.000578909486649961,6.408396945850518,spectral,cluster_qr,0,0,[],"{""cluster_qr"": 1.476788457689267, ""kmeans_norm"": 1.476788457689267, ""kmeans_raw"": 1.476788457689267}",
WebKB,1,TEXT_MV,,formal,,Poly2,"{""eta"": 8.0}",ok,1051,2,20,0.780209324452902,0.0008822294415695806,-0.0013674461502060072,0.43826830571886694,0.057410699999309145,0.00042209999810438603,,1.7541541517680792,0.9999999999999939,0.7548814488000258,,,spectral,cluster_qr,0,0,[],"{""cluster_qr"": 1.7541541517680792, ""kmeans_norm"": 1.7541541517680792, ""kmeans_raw"": 1.7541541517680792}",
WebKB,2,TEXT_MV,,formal,,AggregatePower,"{""q_after"": 6.0}",ok,1051,2,20,0.780209324452902,0.0008822294415695806,-0.0013674461502060072,0.43826830571886694,0.038315700003295206,0.0003480000013951212,,1.4270926894551337,0.9999999999999931,0.42714735908079515,,,spectral,cluster_qr,0,0,[],"{""cluster_qr"": 1.4270926894551337, ""kmeans_norm"": 1.4270926894551337, ""kmeans_raw"": 1.4270926894551337}",
WebKB,2,TEXT_MV,,formal,,CA,{},ok,1051,2,20,0.780209324452902,0.0008822294415695806,-0.0013674461502060072,0.43826830571886694,0.046077699997113086,0.00046299998939502984,,1.3001846208242613,0.9999999999999931,0.3002166503642059,,,spectral,cluster_qr,0,0,[],"{""cluster_qr"": 1.3001846208242613, ""kmeans_norm"": 1.3001846208242613, ""kmeans_raw"": 1.3001846208242613}",
WebKB,2,TEXT_MV,,formal,,LinearPair,"{""lambda"": 3.0}",ok,1051,2,20,0.780209324452902,0.0008822294415695806,-0.0013674461502060072,0.43826830571886694,0.04081639999640174,0.000527299998793751,,2.558606042180041,1.5587984789347207,0.999999999999993,1.0921510490369188e-15,5.305579502643959,spectral,cluster_qr,0,0,[],"{""cluster_qr"": 2.558606042180041, ""kmeans_norm"": 2.558606042180041, ""kmeans_raw"": 2.558606042180041}",
WebKB,2,TEXT_MV,,formal,,PSF-CE,"{""lambda"": 0.665, ""q"": 0.72}",ok,1051,2,20,0.780209324452902,0.0008822294415695806,-0.0013674461502060072,0.43826830571886694,0.07378710000193678,0.0003947999939555302,,1.579144867749116,0.9999999999999931,0.5792125695510725,0.00030881993361359637,5.305766160208603,spectral,cluster_qr,0,0,[],"{""cluster_qr"": 1.579144867749116, ""kmeans_norm"": 1.579144867749116, ""kmeans_raw"": 1.579144867749116}",
WebKB,2,TEXT_MV,,formal,,Poly2,"{""eta"": 8.0}",ok,1051,2,20,0.780209324452902,0.0008822294415695806,-0.0013674461502060072,0.43826830571886694,0.04882209999777842,0.00043649999133776873,,2.02113551425576,1.0212569476114373,0.9999999999999931,,,spectral,cluster_qr,0,0,[],"{""cluster_qr"": 2.02113551425576, ""kmeans_norm"": 2.02113551425576, ""kmeans_raw"": 2.02113551425576}",
WebKB-Cornell,0,CONTENT_RELATION_8,,formal,,AggregatePower,"{""q_after"": 6.0}",ok,195,5,20,0.3333333333333333,0.08701412483895352,0.03225868722445745,0.2863138910346196,0.060748700008844025,0.0005959000118309632,,3.0757521575889872,0.9999999999999988,0.3198189830756766,,,spectral,kmeans_raw,0,0,[],"{""cluster_qr"": 3.075077780850224, ""kmeans_norm"": 3.0739315400201783, ""kmeans_raw"": 3.0757521575889872}",
WebKB-Cornell,0,CONTENT_RELATION_8,,formal,,CA,{},ok,195,5,20,0.3333333333333333,0.08701412483895352,0.03225868722445745,0.2863138910346196,0.05858129999251105,0.0005430999881355092,,2.7963687661438055,0.9999999999999988,0.4451377942665262,,,spectral,kmeans_raw,0,0,[],"{""cluster_qr"": 2.7897957862337277, ""kmeans_norm"": 2.789605958348197, ""kmeans_raw"": 2.7963687661438055}",
WebKB-Cornell,0,CONTENT_RELATION_8,,formal,,LinearPair,"{""lambda"": 3.0}",ok,195,5,20,0.3282051282051282,0.08259379689790407,0.026220407439719734,0.2873813060343732,0.07243709999602288,0.0007517000049119815,,9.067246759929528,2.628893256914744,1.2865388897602528,2.1467413911521865e-16,2.589859818602971,spectral,kmeans_norm,0,0,[],"{""cluster_qr"": 7.9075232349318565, ""kmeans_norm"": 9.067246759929528, ""kmeans_raw"": 8.66392073445072}",
WebKB-Cornell,0,CONTENT_RELATION_8,,formal,,PSF-CE,"{""lambda"": 0.665, ""q"": 0.72}",ok,195,5,20,0.3333333333333333,0.08701412483895352,0.03225868722445745,0.2863138910346196,0.05902839999180287,0.0004993999900761992,,4.194392956854874,0.9999999999999988,0.7689191405713455,0.0029152671613460568,2.5944698776735837,spectral,kmeans_raw,0,0,[],"{""cluster_qr"": 4.194314584498703, ""kmeans_norm"": 4.1836017762979365, ""kmeans_raw"": 4.194392956854874}",
WebKB-Cornell,0,CONTENT_RELATION_8,,formal,,Poly2,"{""eta"": 8.0}",ok,195,5,20,0.3282051282051282,0.08259379689790407,0.026220407439719734,0.2873813060343732,0.06878040000447072,0.0005032000044593588,,9.646072858545693,2.7959139687362238,1.4112133159902984,,,spectral,kmeans_norm,0,0,[],"{""cluster_qr"": 8.375950378650225, ""kmeans_norm"": 9.646072858545693, ""kmeans_raw"": 9.233744516312061}",
WebKB-Cornell,1,CONTENT_RELATION_8,,formal,,AggregatePower,"{""q_after"": 6.0}",ok,195,5,20,0.3384615384615385,0.08405269758927573,0.023194914814477947,0.2859550291299533,0.06676139999763109,0.0006120999896666035,,3.004646869370137,0.9999999999999977,0.20449184077403076,,,spectral,kmeans_raw,0,0,[],"{""cluster_qr"": 2.9938004020877975, ""kmeans_norm"": 2.9870993496859324, ""kmeans_raw"": 3.004646869370137}",
WebKB-Cornell,1,CONTENT_RELATION_8,,formal,,CA,{},ok,195,5,20,0.3230769230769231,0.07710886529262996,0.021152270628157527,0.2795075915127464,0.07037829999171663,0.0004985999985365197,,2.7462806086501477,0.9999999999999976,0.41180682852714107,,,spectral,kmeans_norm,0,0,[],"{""cluster_qr"": 2.73845841431725, ""kmeans_norm"": 2.7462806086501477, ""kmeans_raw"": 2.7445551034353075}",
WebKB-Cornell,1,CONTENT_RELATION_8,,formal,,LinearPair,"{""lambda"": 3.0}",ok,195,5,20,0.3230769230769231,0.07710886529262996,0.021152270628157527,0.2795075915127464,0.06738659999973606,0.0006779999966965988,,8.963145351502497,2.713113734387329,1.0633461855203838,1.8443613142373639e-16,2.6691191576981224,spectral,kmeans_norm,0,0,[],"{""cluster_qr"": 7.5102673196374905, ""kmeans_norm"": 8.963145351502497, ""kmeans_raw"": 8.700413262691125}",
WebKB-Cornell,1,CONTENT_RELATION_8,,formal,,PSF-CE,"{""lambda"": 0.665, ""q"": 0.72}",ok,195,5,20,0.3384615384615385,0.08405269758927573,0.023194914814477947,0.2859550291299533,0.06858979999378789,0.0005438999942271039,,4.129458418468632,1.0106952952058657,0.6975590665120031,0.002799673318052572,2.674210670084858,spectral,kmeans_raw,0,0,[],"{""cluster_qr"": 4.109529563925184, ""kmeans_norm"": 4.126129932781781, ""kmeans_raw"": 4.129458418468632}",
WebKB-Cornell,1,CONTENT_RELATION_8,,formal,,Poly2,"{""eta"": 8.0}",ok,195,5,20,0.3230769230769231,0.07710886529262996,0.021152270628157527,0.2795075915127464,0.07755389998783357,0.0005080999981146306,,9.345387674364245,2.815886046087559,1.1546656590278568,,,spectral,kmeans_norm,0,0,[],"{""cluster_qr"": 8.461953458999115, ""kmeans_norm"": 9.345387674364245, ""kmeans_raw"": 9.088870257883318}",
WebKB-Cornell,2,CONTENT_RELATION_8,,formal,,AggregatePower,"{""q_after"": 6.0}",ok,195,5,20,0.3487179487179487,0.08359194755741518,0.015471233775878295,0.2703519287221449,0.07635540000046603,0.0005768999981228262,,3.114194682626479,1.0000000000000002,0.30023243423447765,,,spectral,kmeans_raw,0,0,[],"{""cluster_qr"": 3.0889526106020937, ""kmeans_norm"": 3.108402479759967, ""kmeans_raw"": 3.114194682626479}",
WebKB-Cornell,2,CONTENT_RELATION_8,,formal,,CA,{},ok,195,5,20,0.3487179487179487,0.08359194755741518,0.015471233775878295,0.2703519287221449,0.07297819999803323,0.0005937999958405271,,2.805823445847639,1.0000000000000002,0.4377503191395767,,,spectral,kmeans_raw,0,0,[],"{""cluster_qr"": 2.7946259699156992, ""kmeans_norm"": 2.794625969915699, ""kmeans_raw"": 2.805823445847639}",
WebKB-Cornell,2,CONTENT_RELATION_8,,formal,,LinearPair,"{""lambda"": 3.0}",ok,195,5,20,0.35384615384615387,0.08391883488367353,0.018584212645373466,0.27295553404545425,0.06373430001258384,0.0005180000007385388,,9.240851116681462,2.6425327916942547,1.0955905803987742,1.6123947256195386e-16,2.6414022789725746,spectral,kmeans_raw,0,0,[],"{""cluster_qr"": 7.609605035689109, ""kmeans_norm"": 8.555143662944399, ""kmeans_raw"": 9.240851116681462}",
WebKB-Cornell,2,CONTENT_RELATION_8,,formal,,PSF-CE,"{""lambda"": 0.665, ""q"": 0.72}",ok,195,5,20,0.3487179487179487,0.08359194755741518,0.015471233775878295,0.2703519287221449,0.06833639999968,0.0005875000060768798,,4.23402134249516,1.0000000000000002,0.7567172498910512,0.0025720328704892546,2.646367191087155,spectral,kmeans_raw,0,0,[],"{""cluster_qr"": 4.216471061292952, ""kmeans_norm"": 4.216471061292952, ""kmeans_raw"": 4.23402134249516}",
WebKB-Cornell,2,CONTENT_RELATION_8,,formal,,Poly2,"{""eta"": 8.0}",ok,195,5,20,0.35384615384615387,0.08391883488367353,0.018584212645373466,0.27295553404545425,0.07620229999884032,0.0005801999941468239,,9.70038852187981,2.7676575383083044,1.195894729184351,,,spectral,kmeans_raw,0,0,[],"{""cluster_qr"": 7.282095894446601, ""kmeans_norm"": 8.99321434342143, ""kmeans_raw"": 9.70038852187981}",
WebKB-Texas,0,CONTENT_RELATION_8,,formal,,AggregatePower,"{""q_after"": 6.0}",ok,187,5,20,0.42245989304812837,0.06938464227674201,0.08650979299276508,0.25793103448275867,0.07559050001145806,0.0005737000028602779,,2.9819257341009537,0.9999999999999988,0.31277367476681484,,,spectral,kmeans_norm,0,0,[],"{""cluster_qr"": 2.9754424642695843, ""kmeans_norm"": 2.9819257341009537, ""kmeans_raw"": 2.9812688410290393}",
WebKB-Texas,0,CONTENT_RELATION_8,,formal,,CA,{},ok,187,5,20,0.42245989304812837,0.06938464227674203,0.08650979299276508,0.25793103448275867,0.06186979998892639,0.0006747000006726012,,2.6798235933810624,0.9999999999999987,0.42098096914591815,,,spectral,cluster_qr,0,0,[],"{""cluster_qr"": 2.6798235933810624, ""kmeans_norm"": 2.6798235933810624, ""kmeans_raw"": 2.678631068521389}",
WebKB-Texas,0,CONTENT_RELATION_8,,formal,,LinearPair,"{""lambda"": 3.0}",ok,187,5,20,0.4117647058823529,0.05925875200273469,0.08017578968168393,0.24918435994385363,0.07023779999872204,0.0005978999979561195,,8.428164413113201,2.5069934315835476,1.2054757241135194,1.7804703416635755e-16,2.7957951674364807,spectral,kmeans_norm,0,0,[],"{""cluster_qr"": 7.509257515267899, ""kmeans_norm"": 8.428164413113201, ""kmeans_raw"": 8.396650926282078}",
WebKB-Texas,0,CONTENT_RELATION_8,,formal,,PSF-CE,"{""lambda"": 0.665, ""q"": 0.72}",ok,187,5,20,0.42245989304812837,0.06938464227674201,0.08650979299276508,0.25793103448275867,0.07013290000031702,0.0005426999996416271,,3.992357929829736,0.9999999999999987,0.7323970882443923,0.0022695461298108226,2.8020399536882206,spectral,kmeans_norm,0,0,[],"{""cluster_qr"": 3.984630855957576, ""kmeans_norm"": 3.992357929829736, ""kmeans_raw"": 3.9898026934621575}",
WebKB-Texas,0,CONTENT_RELATION_8,,formal,,Poly2,"{""eta"": 8.0}",ok,187,5,20,0.4117647058823529,0.05925875200273469,0.08017578968168393,0.24918435994385363,0.06615749999764375,0.0006418999982997775,,8.549972085112518,2.5196589135468357,1.2598469507835885,,,spectral,kmeans_norm,0,0,[],"{""cluster_qr"": 7.27789848803338, ""kmeans_norm"": 8.549972085112518, ""kmeans_raw"": 8.525544117367833}",
WebKB-Texas,1,CONTENT_RELATION_8,,formal,,AggregatePower,"{""q_after"": 6.0}",ok,187,5,20,0.42245989304812837,0.020229332885190188,0.003576286114902955,0.19736951720777435,0.0716792000021087,0.0005526000022655353,,3.114896752195939,1.0,0.2508194121940115,,,spectral,kmeans_raw,0,0,[],"{""cluster_qr"": 2.9249535398308826, ""kmeans_norm"": 2.9256237003711787, ""kmeans_raw"": 3.114896752195939}",
WebKB-Texas,1,CONTENT_RELATION_8,,formal,,CA,{},ok,187,5,20,0.42245989304812837,0.020229332885190188,0.003576286114902955,0.19736951720777435,0.0580342000030214,0.0006783999997423962,,2.784673762289187,0.9999999999999999,0.41594118959377757,,,spectral,kmeans_raw,0,0,[],"{""cluster_qr"": 2.7394025578494645, ""kmeans_norm"": 2.699119035319968, ""kmeans_raw"": 2.784673762289187}",
WebKB-Texas,1,CONTENT_RELATION_8,,formal,,LinearPair,"{""lambda"": 3.0}",ok,187,5,20,0.42245989304812837,0.020811105775315877,0.00698079257178079,0.19729139362166886,0.07991790000232868,0.0006581999914487824,,9.066429414560215,2.484598217719481,1.3711253580817309,5.297639592277197e-16,2.670490203929513,spectral,kmeans_raw,0,0,[],"{""cluster_qr"": 7.986686625366732, ""kmeans_norm"": 8.412606922446788, ""kmeans_raw"": 9.066429414560215}",
WebKB-Texas,1,CONTENT_RELATION_8,,formal,,PSF-CE,"{""lambda"": 0.665, ""q"": 0.72}",ok,187,5,20,0.42245989304812837,0.02081110577531588,0.00698079257178079,0.2024585551106694,0.07606490000034682,0.0005453999910969287,,4.17309671930682,1.0,0.705378581227086,0.0026892104019490214,2.6805047095120282,spectral,kmeans_raw,0,0,[],"{""cluster_qr"": 3.8533863961147237, ""kmeans_norm"": 4.000772699757514, ""kmeans_raw"": 4.17309671930682}",
WebKB-Texas,1,CONTENT_RELATION_8,,formal,,Poly2,"{""eta"": 8.0}",ok,187,5,20,0.42245989304812837,0.020811105775315877,0.00698079257178079,0.19729139362166886,0.06366050000360701,0.0006966000073589385,,9.458982658984397,2.586994924534317,1.4678822470762662,,,spectral,kmeans_raw,0,0,[],"{""cluster_qr"": 7.738970657251111, ""kmeans_norm"": 8.79225681109496, ""kmeans_raw"": 9.458982658984397}",
WebKB-Texas,2,CONTENT_RELATION_8,,formal,,AggregatePower,"{""q_after"": 6.0}",ok,187,5,20,0.43315508021390375,0.029957651496173385,0.013796342585889455,0.20188644688644689,0.07718320000276435,0.0005588999920291826,,3.04579038753411,0.9999999999999981,0.41361804525239754,,,spectral,kmeans_raw,0,0,[],"{""cluster_qr"": 2.889809328314141, ""kmeans_norm"": 2.9351422750651794, ""kmeans_raw"": 3.04579038753411}",
WebKB-Texas,2,CONTENT_RELATION_8,,formal,,CA,{},ok,187,5,20,0.43315508021390375,0.029957651496173385,0.013796342585889455,0.20188644688644689,0.07113930000923574,0.0006228999991435558,,2.7295064391448376,0.9999999999999981,0.4473242256801947,,,spectral,kmeans_raw,0,0,[],"{""cluster_qr"": 2.6769576304142024, ""kmeans_norm"": 2.679547853499679, ""kmeans_raw"": 2.7295064391448376}",
WebKB-Texas,2,CONTENT_RELATION_8,,formal,,LinearPair,"{""lambda"": 3.0}",ok,187,5,20,0.43315508021390375,0.02114207080650974,0.007605359937998587,0.20133204633204632,0.0591056999983266,0.0005032000044593588,,8.59387739007412,2.473926406133636,1.3424613859517918,2.2590499142741834e-16,2.6887822509529866,spectral,kmeans_raw,0,0,[],"{""cluster_qr"": 7.455365059819314, ""kmeans_norm"": 8.405725388631701, ""kmeans_raw"": 8.59387739007412}",
WebKB-Texas,2,CONTENT_RELATION_8,,formal,,PSF-CE,"{""lambda"": 0.665, ""q"": 0.72}",ok,187,5,20,0.43315508021390375,0.029957651496173385,0.013796342585889455,0.20188644688644689,0.07899880000331905,0.00048290000995621085,,4.047869692236208,0.999999999999998,0.7823483484434357,0.0023488094724718194,2.6972636857423944,spectral,kmeans_raw,0,0,[],"{""cluster_qr"": 3.942860959145012, ""kmeans_norm"": 3.9559192457468146, ""kmeans_raw"": 4.047869692236208}",
WebKB-Texas,2,CONTENT_RELATION_8,,formal,,Poly2,"{""eta"": 8.0}",ok,187,5,20,0.43315508021390375,0.02114207080650974,0.007605359937998587,0.20133204633204632,0.05976859999645967,0.0006040000007487833,,8.941760720587498,2.5629906030457836,1.432033071121687,,,spectral,kmeans_raw,0,0,[],"{""cluster_qr"": 7.07403965261949, ""kmeans_norm"": 8.74447316247377, ""kmeans_raw"": 8.941760720587498}",
Letter,2,BKCC_V2,,formal,,AggregatePower,"{""q_after"": 6.0}",ok,20000,26,20,0.28185,0.3888647068121517,0.13525182369599642,0.294475262212078,7.912801300000865,0.3965940999914892,,23.37616157099216,2.503173780347863,0.35188748669654357,,,spectral,kmeans_raw,0,0,[],"{""cluster_qr"": 22.343917034730087, ""kmeans_norm"": 22.94646766938192, ""kmeans_raw"": 23.37616157099216}",
Letter,2,BKCC_V2,,formal,,CA,{},ok,20000,26,20,0.28185,0.3888647068121517,0.13525182369599642,0.294475262212078,7.589177899993956,0.34825729999283794,,19.239333517550183,1.0000000000000009,0.689082920157632,,,spectral,kmeans_raw,0,0,[],"{""cluster_qr"": 18.611093055838175, ""kmeans_norm"": 18.776692958777517, ""kmeans_raw"": 19.239333517550183}",
Letter,2,BKCC_V2,,formal,,LinearPair,"{""lambda"": 3.0}",ok,20000,26,20,0.2811,0.38942381631147044,0.13498817482781708,0.2942380697805373,7.237128999986453,0.42377439999836497,,85.3808797027433,5.160961376174061,2.773720507321174,6.874659016325673e-17,1.5387589087949962,spectral,kmeans_raw,0,0,[],"{""cluster_qr"": 79.84480922321103, ""kmeans_norm"": 82.00092930521753, ""kmeans_raw"": 85.3808797027433}",
Letter,2,BKCC_V2,,formal,,PSF-CE,"{""lambda"": 0.665, ""q"": 0.72}",ok,20000,26,20,0.28075,0.38683773320473724,0.13291111160564084,0.29436701185675856,7.00211479999416,0.4112712000060128,,33.77186542139948,1.8591310836490607,1.1473118660631307,0.0005229249892247609,1.55755760038339,spectral,kmeans_raw,0,0,[],"{""cluster_qr"": 32.12724967588092, ""kmeans_norm"": 32.27270275888491, ""kmeans_raw"": 33.77186542139948}",
Letter,2,BKCC_V2,,formal,,Poly2,"{""eta"": 8.0}",ok,20000,26,20,0.2811,0.38942381631147044,0.13498817482781708,0.2942380697805373,6.831714599989937,0.4012644999893382,,135.42238750114032,8.261324800754863,4.398591821333505,,,spectral,kmeans_raw,0,0,[],"{""cluster_qr"": 126.67706772726766, ""kmeans_norm"": 130.00112653550232, ""kmeans_raw"": 135.42238750114032}",
USPS3568,2,BKCC_V2,,formal,,AggregatePower,"{""q_after"": 6.0}",ok,3082,4,20,0.6755353666450357,0.6302450545070586,0.5351422557110571,0.6087699802375581,0.20194250000349712,0.03281089999654796,,5.604296594563649,2.3069038144275527,1.0000000000000004,,,spectral,kmeans_raw,0,0,[],"{""cluster_qr"": 5.267042403738423, ""kmeans_norm"": 5.314353658051128, ""kmeans_raw"": 5.604296594563649}",
USPS3568,2,BKCC_V2,,formal,,CA,{},ok,3082,4,20,0.6755353666450357,0.6302450545070586,0.5351422557110571,0.6087699802375581,0.2045679000002565,0.030127999998512678,,3.470575816438462,1.0000000000000007,0.8315905720078526,,,spectral,kmeans_raw,0,0,[],"{""cluster_qr"": 3.322012577609159, ""kmeans_norm"": 3.343466786812396, ""kmeans_raw"": 3.470575816438462}",
USPS3568,2,BKCC_V2,,formal,,LinearPair,"{""lambda"": 3.0}",ok,3082,4,20,0.6742375081116159,0.6401280420594955,0.5377606024010896,0.6092481530392638,0.18530169999576174,0.02928109999629669,,14.139972142781442,5.248971526956496,3.7896054669324033,1.271415840156706e-16,1.6557411103921904,spectral,kmeans_raw,0,0,[],"{""cluster_qr"": 11.374164992540834, ""kmeans_norm"": 13.288356789154973, ""kmeans_raw"": 14.139972142781442}",
USPS3568,2,BKCC_V2,,formal,,PSF-CE,"{""lambda"": 0.665, ""q"": 0.72}",ok,3082,4,20,0.6745619727449708,0.640792498756474,0.5386254888216203,0.609515948413341,0.21739499999966938,0.03282679998665117,,5.778714498159649,1.8602286196041597,1.444584032845772,0.0011649452053221912,1.6965525965175288,spectral,kmeans_raw,0,0,[],"{""cluster_qr"": 4.648460933349249, ""kmeans_norm"": 5.510108441860187, ""kmeans_raw"": 5.778714498159649}",
USPS3568,2,BKCC_V2,,formal,,Poly2,"{""eta"": 8.0}",ok,3082,4,20,0.6742375081116159,0.6401280420594955,0.5377606024010896,0.6092481530392638,0.20417500000621658,0.030499900007271208,,20.782581603899693,7.909661257465254,5.696313485159325,,,spectral,kmeans_raw,0,0,[],"{""cluster_qr"": 16.57677152334815, ""kmeans_norm"": 19.4971592332874, ""kmeans_raw"": 20.782581603899693}",
WebKB-Washington,0,CONTENT_RELATION_8,,formal,,AggregatePower,"{""q_after"": 6.0}",ok,230,5,20,0.4434782608695652,0.07556273073993679,0.04745400092782836,0.22303644202721123,0.06989549999707378,0.0007215999939944595,,3.038854718719148,1.0144280236017156,0.1714029894772408,,,spectral,kmeans_raw,0,0,[],"{""cluster_qr"": 2.9719462847554814, ""kmeans_norm"": 2.971946284755482, ""kmeans_raw"": 3.038854718719148}",
WebKB-Washington,0,CONTENT_RELATION_8,,formal,,CA,{},ok,230,5,20,0.4434782608695652,0.07556273073993679,0.04745400092782836,0.22303644202721123,0.07073920000402723,0.0006484000041382387,,2.825906294117538,1.0000000000000018,0.40675683605292856,,,spectral,kmeans_raw,0,0,[],"{""cluster_qr"": 2.785110367832446, ""kmeans_norm"": 2.785110367832446, ""kmeans_raw"": 2.825906294117538}",
WebKB-Washington,0,CONTENT_RELATION_8,,formal,,LinearPair,"{""lambda"": 3.0}",ok,230,5,20,0.4434782608695652,0.06826149372930877,0.05577280830297052,0.22278523353125199,0.09522540000034496,0.0008280000038212165,,9.308041925053246,2.778729096550134,1.0906452810132692,2.0365803360104117e-16,2.598887599270524,spectral,kmeans_raw,0,0,[],"{""cluster_qr"": 7.142151212076559, ""kmeans_norm"": 7.730685246125683, ""kmeans_raw"": 9.308041925053246}",
WebKB-Washington,0,CONTENT_RELATION_8,,formal,,PSF-CE,"{""lambda"": 0.665, ""q"": 0.72}",ok,230,5,20,0.4434782608695652,0.07556273073993679,0.04745400092782836,0.22303644202721123,0.06353299999318551,0.0005661000031977892,,4.262566511962099,1.0373175408107431,0.6785272403437442,0.0030145223658642525,2.6135416930421225,spectral,kmeans_raw,0,0,[],"{""cluster_qr"": 4.18263265493277, ""kmeans_norm"": 4.18263265493277, ""kmeans_raw"": 4.262566511962099}",
WebKB-Washington,0,CONTENT_RELATION_8,,formal,,Poly2,"{""eta"": 8.0}",ok,230,5,20,0.4434782608695652,0.06826149372930877,0.05577280830297052,0.22278523353125199,0.08101650000025984,0.0005782999942312017,,9.875311682544993,2.941261739708128,1.2036227523736938,,,spectral,kmeans_raw,0,0,[],"{""cluster_qr"": 7.484812718139288, ""kmeans_norm"": 8.219930067233996, ""kmeans_raw"": 9.875311682544993}",
WebKB-Washington,1,CONTENT_RELATION_8,,formal,,AggregatePower,"{""q_after"": 6.0}",ok,230,5,20,0.4434782608695652,0.07270879398303291,0.0536300048057902,0.22938607716220397,0.05708569999842439,0.0008135999960359186,,2.9999063317881602,1.0006888180461606,0.18008373679278783,,,spectral,kmeans_raw,0,0,[],"{""cluster_qr"": 2.9370063065568823, ""kmeans_norm"": 2.9370063065568823, ""kmeans_raw"": 2.9999063317881602}",
WebKB-Washington,1,CONTENT_RELATION_8,,formal,,CA,{},ok,230,5,20,0.4434782608695652,0.07270879398303291,0.0536300048057902,0.22938607716220397,0.04928259999724105,0.0005560999998124316,,2.813620284686245,1.0000000000000009,0.40662486691907257,,,spectral,kmeans_raw,0,0,[],"{""cluster_qr"": 2.7870132827151632, ""kmeans_norm"": 2.7651614731745804, ""kmeans_raw"": 2.813620284686245}",
WebKB-Washington,1,CONTENT_RELATION_8,,formal,,LinearPair,"{""lambda"": 3.0}",ok,230,5,20,0.4434782608695652,0.07270879398303291,0.0536300048057902,0.22938607716220397,0.0738368000020273,0.0007981999951880425,,9.245063934447327,2.7522332422062727,1.109568883332886,2.8863373316310547e-16,2.6341681362047966,spectral,kmeans_raw,0,0,[],"{""cluster_qr"": 7.438738307035005, ""kmeans_norm"": 7.894428200182537, ""kmeans_raw"": 9.245063934447327}",
WebKB-Washington,1,CONTENT_RELATION_8,,formal,,PSF-CE,"{""lambda"": 0.665, ""q"": 0.72}",ok,230,5,20,0.4434782608695652,0.07270879398303291,0.0536300048057902,0.22938607716220397,0.07584800000768155,0.0007594000053359196,,4.239127030140257,1.026141548631991,0.6817858541492535,0.002993397272832252,2.6479053060948696,spectral,kmeans_raw,0,0,[],"{""cluster_qr"": 4.126670317767392, ""kmeans_norm"": 4.149411944670135, ""kmeans_raw"": 4.239127030140257}",
WebKB-Washington,1,CONTENT_RELATION_8,,formal,,Poly2,"{""eta"": 8.0}",ok,230,5,20,0.4434782608695652,0.07270879398303291,0.0536300048057902,0.22938607716220397,0.09022560001176316,0.0006789000035496429,,9.724319201445715,2.8840614240256044,1.212515209038142,,,spectral,kmeans_raw,0,0,[],"{""cluster_qr"": 7.516201946048618, ""kmeans_norm"": 8.322917434890924, ""kmeans_raw"": 9.724319201445715}",
WebKB-Washington,2,CONTENT_RELATION_8,,formal,,AggregatePower,"{""q_after"": 6.0}",ok,230,5,20,0.45217391304347826,0.07607386562138606,0.06330001521797639,0.23664587760216835,0.06497829999716487,0.0007197999948402867,,2.9907529881849277,1.0117138253765312,0.16748016511515829,,,spectral,kmeans_raw,0,0,[],"{""cluster_qr"": 2.9580814832528994, ""kmeans_norm"": 2.9551083817262267, ""kmeans_raw"": 2.9907529881849277}",
WebKB-Washington,2,CONTENT_RELATION_8,,formal,,CA,{},ok,230,5,20,0.45217391304347826,0.07607386562138606,0.06330001521797639,0.23664587760216835,0.06237320000946056,0.0006685999978799373,,2.8147585618615363,1.0000000000000007,0.40412076262420255,,,spectral,kmeans_raw,0,0,[],"{""cluster_qr"": 2.789599379172622, ""kmeans_norm"": 2.789599379172622, ""kmeans_raw"": 2.8147585618615363}",
WebKB-Washington,2,CONTENT_RELATION_8,,formal,,LinearPair,"{""lambda"": 3.0}",ok,230,5,20,0.45217391304347826,0.07607386562138606,0.06330001521797639,0.23664587760216835,0.07056559999182355,0.0006396999960998073,,9.223572525312678,2.769840616053296,1.0542396900029403,4.152039903776943e-16,2.60737005385933,spectral,kmeans_raw,0,0,[],"{""cluster_qr"": 7.128564011706393, ""kmeans_norm"": 7.832502015947584, ""kmeans_raw"": 9.223572525312678}",
WebKB-Washington,2,CONTENT_RELATION_8,,formal,,PSF-CE,"{""lambda"": 0.665, ""q"": 0.72}",ok,230,5,20,0.45217391304347826,0.07607386562138606,0.06330001521797639,0.23664587760216835,0.07442560000345111,0.0008270999969681725,,4.235793585179716,1.033853917754589,0.6743142928911169,0.0030930071210126,2.623182590082303,spectral,kmeans_raw,0,0,[],"{""cluster_qr"": 4.188962053798822, ""kmeans_norm"": 4.186904450621988, ""kmeans_raw"": 4.235793585179716}",
WebKB-Washington,2,CONTENT_RELATION_8,,formal,,Poly2,"{""eta"": 8.0}",ok,230,5,20,0.45217391304347826,0.07607386562138606,0.06330001521797639,0.23664587760216835,0.059319599997252226,0.0005870000022696331,,9.767496576775468,2.924825630078334,1.1630520306943422,,,spectral,kmeans_raw,0,0,[],"{""cluster_qr"": 7.50550124405372, ""kmeans_norm"": 8.318255086148392, ""kmeans_raw"": 9.767496576775468}",
WebKB-Wisconsin,0,CONTENT_RELATION_8,,formal,,AggregatePower,"{""q_after"": 6.0}",ok,265,5,20,0.30943396226415093,0.04600619592178763,0.017111729263916388,0.25516649512307854,0.0819984999980079,0.0004425999941304326,,3.1299141155799144,0.9999999999999997,0.2892482961652225,,,spectral,kmeans_raw,0,0,[],"{""cluster_qr"": 3.124432246387009, ""kmeans_norm"": 3.124432246387009, ""kmeans_raw"": 3.1299141155799144}",
WebKB-Wisconsin,0,CONTENT_RELATION_8,,formal,,CA,{},ok,265,5,20,0.30943396226415093,0.04600619592178763,0.017111729263916388,0.25516649512307854,0.07992450000892859,0.0006318000087048858,,2.8635860016724517,0.9999999999999998,0.4424450844015101,,,spectral,kmeans_raw,0,0,[],"{""cluster_qr"": 2.8486129370014264, ""kmeans_norm"": 2.862600902699639, ""kmeans_raw"": 2.8635860016724517}",
WebKB-Wisconsin,0,CONTENT_RELATION_8,,formal,,LinearPair,"{""lambda"": 3.0}",ok,265,5,20,0.30943396226415093,0.04600619592178763,0.017111729263916388,0.25516649512307854,0.07566420000512153,0.0005555000097956508,,9.368842335413039,2.646382486042737,1.494519356697656,2.862051892902407e-16,2.5353914360483856,spectral,kmeans_raw,0,0,[],"{""cluster_qr"": 6.286833800409294, ""kmeans_norm"": 9.33911834601474, ""kmeans_raw"": 9.368842335413039}",
WebKB-Wisconsin,0,CONTENT_RELATION_8,,formal,,PSF-CE,"{""lambda"": 0.665, ""q"": 0.72}",ok,265,5,20,0.30943396226415093,0.04600619592178763,0.017111729263916388,0.25516649512307854,0.06229750000056811,0.0006460000004153699,,4.307714362545256,1.0024191746640931,0.760707341055116,0.002793733178076055,2.5407573896741797,spectral,kmeans_raw,0,0,[],"{""cluster_qr"": 4.299263909293832, ""kmeans_norm"": 4.304790322943424, ""kmeans_raw"": 4.307714362545256}",
WebKB-Wisconsin,0,CONTENT_RELATION_8,,formal,,Poly2,"{""eta"": 8.0}",ok,265,5,20,0.30943396226415093,0.04600619592178763,0.017111729263916388,0.25516649512307854,0.07840900000883266,0.0006680000078631565,,10.108996097545408,2.8601459258638537,1.6521142823025363,,,spectral,kmeans_raw,0,0,[],"{""cluster_qr"": 7.817203007277065, ""kmeans_norm"": 10.077431333165821, ""kmeans_raw"": 10.108996097545408}",
WebKB-Wisconsin,1,CONTENT_RELATION_8,,formal,,AggregatePower,"{""q_after"": 6.0}",ok,265,5,20,0.32452830188679244,0.03875787989577503,0.01338811163027295,0.26350290203029203,0.07723920000717044,0.0006722999969497323,,3.2723031871445114,1.000000000000002,0.4127179988767149,,,spectral,kmeans_raw,0,0,[],"{""cluster_qr"": 3.2685678345131115, ""kmeans_norm"": 3.2685678345131115, ""kmeans_raw"": 3.2723031871445114}",
WebKB-Wisconsin,1,CONTENT_RELATION_8,,formal,,CA,{},ok,265,5,20,0.32452830188679244,0.03875787989577503,0.01338811163027295,0.26350290203029203,0.08079120000184048,0.0006881000008434057,,2.887594954771136,1.000000000000002,0.4657971961636068,,,spectral,kmeans_raw,0,0,[],"{""cluster_qr"": 2.8824931174436363, ""kmeans_norm"": 2.8824931174436363, ""kmeans_raw"": 2.887594954771136}",
WebKB-Wisconsin,1,CONTENT_RELATION_8,,formal,,LinearPair,"{""lambda"": 3.0}",ok,265,5,20,0.32452830188679244,0.03875787989577504,0.01338811163027295,0.26350290203029203,0.06583809999574441,0.0007905000093160197,,9.579328129335163,2.566564829517105,1.3207602965732912,1.7353854554891574e-16,2.5517259847393956,spectral,kmeans_raw,0,0,[],"{""cluster_qr"": 7.447639126579002, ""kmeans_norm"": 9.558176982681585, ""kmeans_raw"": 9.579328129335163}",
WebKB-Wisconsin,1,CONTENT_RELATION_8,,formal,,PSF-CE,"{""lambda"": 0.665, ""q"": 0.72}",ok,265,5,20,0.32452830188679244,0.03875787989577503,0.01338811163027295,0.26350290203029203,0.06601039999804925,0.0007100999937392771,,4.370698842939162,1.000000000000002,0.8104360329010429,0.002980676589632072,2.5544523152502916,spectral,kmeans_raw,0,0,[],"{""cluster_qr"": 4.36211039546923, ""kmeans_norm"": 4.36211039546923, ""kmeans_raw"": 4.370698842939162}",
WebKB-Wisconsin,1,CONTENT_RELATION_8,,formal,,Poly2,"{""eta"": 8.0}",ok,265,5,20,0.32452830188679244,0.03875787989577504,0.01338811163027295,0.26350290203029203,0.07846469999640249,0.0006751999899279326,,10.28613259545148,2.7632870570431147,1.461701284287887,,,spectral,kmeans_raw,0,0,[],"{""cluster_qr"": 8.399184716238313, ""kmeans_norm"": 10.263056396096694, ""kmeans_raw"": 10.28613259545148}",
WebKB-Wisconsin,2,CONTENT_RELATION_8,,formal,,AggregatePower,"{""q_after"": 6.0}",ok,265,5,20,0.30566037735849055,0.0360361469720126,0.015031138413306982,0.2264197981354028,0.07200319999537896,0.0006627999973716214,,3.0095630025196023,0.9999999999999996,0.2777647434738899,,,spectral,kmeans_raw,0,0,[],"{""cluster_qr"": 2.9765204133028393, ""kmeans_norm"": 2.9983956749856033, ""kmeans_raw"": 3.0095630025196023}",
WebKB-Wisconsin,2,CONTENT_RELATION_8,,formal,,CA,{},ok,265,5,20,0.30566037735849055,0.0360361469720126,0.015031138413306982,0.2264197981354028,0.08040829999663401,0.0007129000005079433,,2.7535347468578797,0.9999999999999997,0.42906435596068,,,spectral,kmeans_raw,0,0,[],"{""cluster_qr"": 2.740382331697362, ""kmeans_norm"": 2.74404996038664, ""kmeans_raw"": 2.7535347468578797}",
WebKB-Wisconsin,2,CONTENT_RELATION_8,,formal,,LinearPair,"{""lambda"": 3.0}",ok,265,5,20,0.30566037735849055,0.0360361469720126,0.015031138413306982,0.2264197981354028,0.08025620000262279,0.0007324000034714118,,8.829520503375816,2.58100000860698,1.5470217532123005,1.8858714173031536e-16,2.605695577146439,spectral,kmeans_raw,0,0,[],"{""cluster_qr"": 6.6769703391677195, ""kmeans_norm"": 8.80583237669752, ""kmeans_raw"": 8.829520503375816}",
WebKB-Wisconsin,2,CONTENT_RELATION_8,,formal,,PSF-CE,"{""lambda"": 0.665, ""q"": 0.72}",ok,265,5,20,0.30566037735849055,0.0360361469720126,0.015031138413306982,0.24087712754316182,0.08349039999302477,0.0006573999999091029,,4.104181274793444,0.9999999999999998,0.7338628688462251,0.0029664489981431033,2.6151137053800113,spectral,kmeans_raw,0,0,[],"{""cluster_qr"": 4.048684578293324, ""kmeans_norm"": 4.08693676068076, ""kmeans_raw"": 4.104181274793444}",
WebKB-Wisconsin,2,CONTENT_RELATION_8,,formal,,Poly2,"{""eta"": 8.0}",ok,265,5,20,0.30566037735849055,0.0360361469720126,0.015031138413306982,0.2264197981354028,0.07034059999568854,0.0007181999972090125,,9.362199433009637,2.7340892728968598,1.6748713509691504,,,spectral,kmeans_raw,0,0,[],"{""cluster_qr"": 7.51943043908471, ""kmeans_norm"": 9.338627841633993, ""kmeans_raw"": 9.362199433009637}",
Wiki,1,TEXT_MV,,formal,,AggregatePower,"{""q_after"": 6.0}",ok,2866,10,20,0.5237264480111654,0.43412698405711075,0.3197451094241928,0.5091537073961115,0.5830585999938194,0.006750699991243891,,3.1985759274435845,1.36219397257049,0.06030633669480799,,,spectral,kmeans_raw,0,0,[],"{""cluster_qr"": 3.0870324999163063, ""kmeans_norm"": 3.1887877023441233, ""kmeans_raw"": 3.1985759274435845}",
Wiki,1,TEXT_MV,,formal,,CA,{},ok,2866,10,20,0.5237264480111654,0.43412698405711075,0.3197451094241928,0.5091537073961115,0.5235214999993332,0.006326800008537248,,3.623826342611756,0.9999999999999998,0.3172369935064342,,,spectral,kmeans_raw,0,0,[],"{""cluster_qr"": 3.352922398290589, ""kmeans_norm"": 3.5809137385686713, ""kmeans_raw"": 3.623826342611756}",
Wiki,1,TEXT_MV,,formal,,LinearPair,"{""lambda"": 3.0}",ok,2866,10,20,0.5160502442428472,0.45538151234930324,0.31681387000251365,0.4904020227535392,0.5591136000002734,0.005016399998567067,,12.644429807371118,3.037501528674516,1.0346278106721651,3.6982719672398456e-16,3.0757308808943185,spectral,kmeans_raw,0,0,[],"{""cluster_qr"": 10.829466483548085, ""kmeans_norm"": 12.173928145415696, ""kmeans_raw"": 12.644429807371118}",
Wiki,1,TEXT_MV,,formal,,PSF-CE,"{""lambda"": 0.665, ""q"": 0.72}",ok,2866,10,20,0.5212840195394278,0.43237707699651584,0.3170711465662325,0.5070177514067125,0.5284475999942515,0.005914399996981956,,5.590001634365797,1.0641793931409966,0.5007208946271721,0.0032838596257172142,3.144070525980849,spectral,kmeans_raw,0,0,[],"{""cluster_qr"": 5.264939390451866, ""kmeans_norm"": 5.522534510755695, ""kmeans_raw"": 5.590001634365797}",
Wiki,1,TEXT_MV,,formal,,Poly2,"{""eta"": 8.0}",ok,2866,10,20,0.5160502442428472,0.45538151234930324,0.31681387000251365,0.4904020227535392,0.5736372999963351,0.00591079999867361,,12.144102640709768,2.8092529946713882,1.0256374563986863,,,spectral,kmeans_raw,0,0,[],"{""cluster_qr"": 9.204987873616977, ""kmeans_norm"": 11.676941797900902, ""kmeans_raw"": 12.144102640709768}",
Wiki,0,TEXT_MV,,formal,,AggregatePower,"{""q_after"": 6.0}",ok,2866,10,20,0.5118632240055827,0.43916891520519746,0.3387025056712885,0.47609483032720484,0.5214080000005197,0.004656400007661432,,3.0839469100039545,1.408511803346226,0.044146147151736655,,,spectral,kmeans_raw,0,0,[],"{""cluster_qr"": 2.921358682817635, ""kmeans_norm"": 3.0316991297164684, ""kmeans_raw"": 3.0839469100039545}",
Wiki,0,TEXT_MV,,formal,,CA,{},ok,2866,10,20,0.5118632240055827,0.43916891520519746,0.3387025056712885,0.47609483032720484,0.506731999994372,0.005278199998429045,,3.6379157389569547,1.0000000000000009,0.31109216506625037,,,spectral,kmeans_raw,0,0,[],"{""cluster_qr"": 3.241719426271062, ""kmeans_norm"": 3.5060270052952913, ""kmeans_raw"": 3.6379157389569547}",
Wiki,0,TEXT_MV,,formal,,LinearPair,"{""lambda"": 3.0}",ok,2866,10,20,0.4947662247034194,0.46118804139599096,0.31828609485989146,0.46788612465281637,0.6339686999999685,0.004968299996107817,,12.818641755213275,3.1958822432309173,1.0192527737715948,3.550384143701774e-16,2.9958514147940662,spectral,kmeans_raw,0,0,[],"{""cluster_qr"": 10.685014423174346, ""kmeans_norm"": 12.315341136152554, ""kmeans_raw"": 12.818641755213275}",
Wiki,0,TEXT_MV,,formal,,PSF-CE,"{""lambda"": 0.665, ""q"": 0.72}",ok,2866,10,20,0.5143056524773203,0.4445783816537095,0.343616237929985,0.4786694630499076,0.5953315000078874,0.004971800008206628,,5.60219690162608,1.1141564841965683,0.48790222646543635,0.0034554598371522227,3.0675864565991593,spectral,kmeans_raw,0,0,[],"{""cluster_qr"": 5.321288764323511, ""kmeans_norm"": 5.393073028889891, ""kmeans_raw"": 5.60219690162608}",
Wiki,0,TEXT_MV,,formal,,Poly2,"{""eta"": 8.0}",ok,2866,10,20,0.4947662247034194,0.46118804139599096,0.31828609485989146,0.46788612465281637,0.6579370999970706,0.00599079999665264,,12.524653156512391,3.009629031487881,1.0290757058126652,,,spectral,kmeans_raw,0,0,[],"{""cluster_qr"": 10.030438901057826, ""kmeans_norm"": 12.019416045469656, ""kmeans_raw"": 12.524653156512391}",
Wiki,2,TEXT_MV,,formal,,AggregatePower,"{""q_after"": 6.0}",ok,2866,10,20,0.5041870202372645,0.432545614384697,0.3335943163592191,0.48932124549660444,0.5632766999915475,0.0065590999874984846,,3.0725625443200624,1.3751934267777663,0.040760203039266654,,,spectral,kmeans_norm,0,0,[],"{""cluster_qr"": 2.976228185082203, ""kmeans_norm"": 3.0725625443200624, ""kmeans_raw"": 3.0724843470406835}",
Wiki,2,TEXT_MV,,formal,,CA,{},ok,2866,10,20,0.48220516399162594,0.4204837753927496,0.31133212324753545,0.4752663170049642,0.5314904999977443,0.005688899997039698,,3.5299434925486137,1.0000000000000004,0.2958145090234331,,,spectral,kmeans_raw,0,0,[],"{""cluster_qr"": 3.362642160977403, ""kmeans_norm"": 3.5087370560636435, ""kmeans_raw"": 3.5299434925486137}",
Wiki,2,TEXT_MV,,formal,,LinearPair,"{""lambda"": 3.0}",ok,2866,10,20,0.48220516399162594,0.4204837753927496,0.31133212324753545,0.4752663170049642,0.6270440000080271,0.006005200004437938,,12.134891009878046,3.062166444534153,1.0000000000000004,6.127120873179238e-16,3.1279903562590388,spectral,kmeans_raw,0,0,[],"{""cluster_qr"": 11.102701167506446, ""kmeans_norm"": 12.067651731169017, ""kmeans_raw"": 12.134891009878046}",
Wiki,2,TEXT_MV,,formal,,PSF-CE,"{""lambda"": 0.665, ""q"": 0.72}",ok,2866,10,20,0.4804605722260991,0.41944748174911245,0.309931328125558,0.4739146463706872,0.5404869000049075,0.0058671000006143,,5.438049572635889,1.0682614705318212,0.45883923898061924,0.0033505978248180145,3.2035511307962743,spectral,kmeans_raw,0,0,[],"{""cluster_qr"": 5.266590742411456, ""kmeans_norm"": 5.405775342471743, ""kmeans_raw"": 5.438049572635889}",
Wiki,2,TEXT_MV,,formal,,Poly2,"{""eta"": 8.0}",ok,2866,10,20,0.48220516399162594,0.4204837753927496,0.31133212324753545,0.4752663170049642,0.5232315000030212,0.006187499995576218,,11.510996204527022,2.793813114004934,0.9958642990136315,,,spectral,kmeans_raw,0,0,[],"{""cluster_qr"": 10.07619773929322, ""kmeans_norm"": 11.444025577984984, ""kmeans_raw"": 11.510996204527022}",
Worm Neuron,0,BKCC_V2,,formal,,AggregatePower,"{""q_after"": 6.0}",ok,4186,10,20,0.3547539417104634,0.2623782797038145,0.0653897879069009,0.2882012580330901,0.3763321000005817,0.014689899995573796,,11.311197964500234,2.1075047914444647,0.6849764039836759,,,spectral,kmeans_raw,0,0,[],"{""cluster_qr"": 10.157961421682867, ""kmeans_norm"": 9.67371444716924, ""kmeans_raw"": 11.311197964500234}",
Worm Neuron,0,BKCC_V2,,formal,,CA,{},ok,4186,10,20,0.3547539417104634,0.2623782797038145,0.0653897879069009,0.2882012580330901,0.3353703000029782,0.015172200000961311,,8.564961810621414,1.0000000000000024,0.8081993892278699,,,spectral,kmeans_raw,0,0,[],"{""cluster_qr"": 7.853891766347368, ""kmeans_norm"": 7.770112639571037, ""kmeans_raw"": 8.564961810621414}",
Worm Neuron,0,BKCC_V2,,formal,,LinearPair,"{""lambda"": 3.0}",ok,4186,10,20,0.3547539417104634,0.26237827970381455,0.0653897879069009,0.2882012580330901,0.34557089999725576,0.01630039999145083,,35.56809822868844,4.855227939288299,3.3878934309265394,1.3353827969981447e-16,1.363420093553673,spectral,kmeans_raw,0,0,[],"{""cluster_qr"": 26.52223527088311, ""kmeans_norm"": 27.975946056915596, ""kmeans_raw"": 35.56809822868844}",
Worm Neuron,0,BKCC_V2,,formal,,PSF-CE,"{""lambda"": 0.665, ""q"": 0.72}",ok,4186,10,20,0.3547539417104634,0.2623782797038145,0.0653897879069009,0.2882012580330901,0.36878219999198336,0.014699899998959154,,14.527893932650626,1.8177104594111082,1.3696507564338687,0.0006907528956281656,1.3679990114281098,spectral,kmeans_raw,0,0,[],"{""cluster_qr"": 11.393706479479915, ""kmeans_norm"": 11.817172947447919, ""kmeans_raw"": 14.527893932650626}",
Worm Neuron,0,BKCC_V2,,formal,,Poly2,"{""eta"": 8.0}",ok,4186,10,20,0.3547539417104634,0.26237827970381455,0.0653897879069009,0.2882012580330901,0.31338409999443684,0.012514300004113466,,61.764730767531,8.574885834798573,5.928220742639174,,,spectral,kmeans_raw,0,0,[],"{""cluster_qr"": 47.41538968369974, ""kmeans_norm"": 48.26520700773045, ""kmeans_raw"": 61.764730767531}",
Worm Neuron,1,BKCC_V2,,formal,,AggregatePower,"{""q_after"": 6.0}",ok,4186,10,20,0.356426182513139,0.2560886647814282,0.05935535955838714,0.28655888958464765,0.32921719999285415,0.01481539999076631,,10.802454107264424,2.053890116349119,0.6130548711242947,,,spectral,kmeans_raw,0,0,[],"{""cluster_qr"": 9.517965508900032, ""kmeans_norm"": 9.373566016207516, ""kmeans_raw"": 10.802454107264424}",
Worm Neuron,1,BKCC_V2,,formal,,CA,{},ok,4186,10,20,0.356426182513139,0.2560886647814282,0.05935535955838714,0.28655888958464765,0.3307416000025114,0.013787600008072332,,8.401031520599702,0.9999999999999996,0.7809938396989804,,,spectral,kmeans_raw,0,0,[],"{""cluster_qr"": 7.606120759065887, ""kmeans_norm"": 7.617389147380934, ""kmeans_raw"": 8.401031520599702}",
Worm Neuron,1,BKCC_V2,,formal,,LinearPair,"{""lambda"": 3.0}",ok,4186,10,20,0.356426182513139,0.2560886647814282,0.05935535955838714,0.28655888958464765,0.35702470000251196,0.019430000000284053,,34.62508886878789,4.7584372002962185,3.2164802664294148,1.1476943963642288e-16,1.392400133718177,spectral,kmeans_raw,0,0,[],"{""cluster_qr"": 24.77560737952054, ""kmeans_norm"": 25.270668129862692, ""kmeans_raw"": 34.62508886878789}",
Worm Neuron,1,BKCC_V2,,formal,,PSF-CE,"{""lambda"": 0.665, ""q"": 0.72}",ok,4186,10,20,0.34233158146201625,0.22787706118667686,0.04884913271498057,0.26079467506143944,0.32789810000394937,0.018364200004725717,,14.103479583674066,1.7866240885380231,1.3144506635875157,0.0006541903200607344,1.397477603967808,spectral,kmeans_raw,0,0,[],"{""cluster_qr"": 11.02040447677876, ""kmeans_norm"": 10.928760622900647, ""kmeans_raw"": 14.103479583674066}",
Worm Neuron,1,BKCC_V2,,formal,,Poly2,"{""eta"": 8.0}",ok,4186,10,20,0.356426182513139,0.2560886647814282,0.05935535955838714,0.28655888958464765,0.34568890000809915,0.0142723000026308,,59.0735040508738,8.256830074461039,5.528641274174208,,,spectral,kmeans_raw,0,0,[],"{""cluster_qr"": 40.90422029129496, ""kmeans_norm"": 42.71979406215899, ""kmeans_raw"": 59.0735040508738}",
WikiCS,1,GRAPH_GEOMETRY_8,,formal,,AggregatePower,"{""q_after"": 6.0}",ok,11701,10,20,0.42722844201350313,0.3552948072270577,0.25389899543489747,0.2841948259567787,0.9818745999946259,0.006801900002756156,,4.389558052941429,1.1934504770806724,0.07886673205087863,,,spectral,kmeans_raw,0,0,[],"{""cluster_qr"": 4.344068823896617, ""kmeans_norm"": 4.3546402293227295, ""kmeans_raw"": 4.389558052941429}",
WikiCS,1,GRAPH_GEOMETRY_8,,formal,,CA,{},ok,11701,10,20,0.42722844201350313,0.3552948072270577,0.25389899543489747,0.2841948259567787,0.9480992000026163,0.007096999994246289,,4.653814957190309,0.9999999999999996,0.3496647690019493,,,spectral,kmeans_raw,0,0,[],"{""cluster_qr"": 4.510421535016255, ""kmeans_norm"": 4.575726596365537, ""kmeans_raw"": 4.653814957190309}",
WikiCS,1,GRAPH_GEOMETRY_8,,formal,,LinearPair,"{""lambda"": 3.0}",ok,11701,10,20,0.42722844201350313,0.3552948072270577,0.25389899543489747,0.2841948259567787,0.9724366000009468,0.007008100001257844,,16.844639309465638,2.870454671114248,0.9999999999999996,5.331246281998359e-16,2.67288795859542,spectral,kmeans_raw,0,0,[],"{""cluster_qr"": 16.676874516576763, ""kmeans_norm"": 16.551149461626256, ""kmeans_raw"": 16.844639309465638}",
WikiCS,1,GRAPH_GEOMETRY_8,,formal,,PSF-CE,"{""lambda"": 0.665, ""q"": 0.72}",ok,11701,10,20,0.42714297923254424,0.35525130153252166,0.25385398166620654,0.2841118891526345,0.9648645999986911,0.008417099990765564,,7.3690649432310895,1.047127316234412,0.5574192430149404,0.003285321694035792,2.7040311711949343,spectral,kmeans_raw,0,0,[],"{""cluster_qr"": 7.29779646582169, ""kmeans_norm"": 7.243329939744797, ""kmeans_raw"": 7.3690649432310895}",
WikiCS,1,GRAPH_GEOMETRY_8,,formal,,Poly2,"{""eta"": 8.0}",ok,11701,10,20,0.42722844201350313,0.3552948072270577,0.25389899543489747,0.2841948259567787,0.9551650000066729,0.009397600006195717,,17.669668009076762,2.9692671854085444,0.9999999999999996,,,spectral,kmeans_raw,0,0,[],"{""cluster_qr"": 17.41027948905291, ""kmeans_norm"": 17.356189181987826, ""kmeans_raw"": 17.669668009076762}",
WikiCS,0,GRAPH_GEOMETRY_8,,formal,,AggregatePower,"{""q_after"": 6.0}",ok,11701,10,20,0.45944791043500555,0.37149124572793313,0.2558496340803024,0.30450543401472274,1.0259504000132438,0.00779470000998117,,4.4865399816846185,1.14024616194699,0.07022563083451991,,,spectral,kmeans_raw,0,0,[],"{""cluster_qr"": 4.463568099709816, ""kmeans_norm"": 4.457439512906218, ""kmeans_raw"": 4.4865399816846185}",
WikiCS,0,GRAPH_GEOMETRY_8,,formal,,CA,{},ok,11701,10,20,0.45944791043500555,0.37149124572793313,0.2558496340803024,0.30450543401472274,1.106145400000969,0.007880199991632253,,4.7312345760163845,1.0000000000000004,0.3474874602060307,,,spectral,kmeans_raw,0,0,[],"{""cluster_qr"": 4.5536137480018954, ""kmeans_norm"": 4.688651604936035, ""kmeans_raw"": 4.7312345760163845}",
WikiCS,0,GRAPH_GEOMETRY_8,,formal,,LinearPair,"{""lambda"": 3.0}",ok,11701,10,20,0.45944791043500555,0.37149124572793313,0.2558496340803024,0.30450543401472274,0.9525588999968022,0.007734300001175143,,17.173167083010654,2.8545987517380254,1.0000000000000007,6.595313203357996e-16,2.6207277327439567,spectral,kmeans_raw,0,0,[],"{""cluster_qr"": 16.978771394539876, ""kmeans_norm"": 16.98917762082734, ""kmeans_raw"": 17.173167083010654}",
WikiCS,0,GRAPH_GEOMETRY_8,,formal,,PSF-CE,"{""lambda"": 0.665, ""q"": 0.72}",ok,11701,10,20,0.4596188359969233,0.37167290662180896,0.25608698149145737,0.30460508631400335,0.9584060000051977,0.008099600003333762,,7.497802276307562,1.0483722555446529,0.5535216443830425,0.0034953584878985038,2.652140461548863,spectral,kmeans_raw,0,0,[],"{""cluster_qr"": 7.370063933169479, ""kmeans_norm"": 7.423925614427431, ""kmeans_raw"": 7.497802276307562}",
WikiCS,0,GRAPH_GEOMETRY_8,,formal,,Poly2,"{""eta"": 8.0}",ok,11701,10,20,0.4597042987778822,0.37111193235929846,0.2558318233601718,0.3046333481944309,0.9279643999907421,0.008389599999645725,,18.25090026513434,2.999026879602472,1.0425381872154669,,,spectral,kmeans_raw,0,0,[],"{""cluster_qr"": 16.52272576155725, ""kmeans_norm"": 16.927728594919095, ""kmeans_raw"": 18.25090026513434}",
Worm Neuron,2,BKCC_V2,,formal,,AggregatePower,"{""q_after"": 6.0}",ok,4186,10,20,0.3349259436215958,0.1941602132173497,0.02691735159972256,0.2564035384973267,0.35499659999914,0.021568999989540316,,11.108973377043327,2.0667705646858354,0.677395627230212,,,spectral,kmeans_raw,0,0,[],"{""cluster_qr"": 9.557229443448648, ""kmeans_norm"": 9.144406759257715, ""kmeans_raw"": 11.108973377043327}",
Worm Neuron,2,BKCC_V2,,formal,,CA,{},ok,4186,10,20,0.3349259436215958,0.1941602132173497,0.02691735159972256,0.2564035384973267,0.4105377999949269,0.022253299990552478,,8.001907717735804,0.9999999999999999,0.7667364823172124,,,spectral,kmeans_raw,0,0,[],"{""cluster_qr"": 7.337441813543327, ""kmeans_norm"": 7.2670430067144025, ""kmeans_raw"": 8.001907717735804}",
Worm Neuron,2,BKCC_V2,,formal,,LinearPair,"{""lambda"": 3.0}",ok,4186,10,20,0.3193979933110368,0.17182244511961847,0.021532396880905934,0.2342693124913014,0.35463059999165125,0.023180299991508946,,33.994181645794384,4.741974247345259,3.066527768933892,1.4434400674142809e-16,1.4993580311941133,spectral,kmeans_raw,0,0,[],"{""cluster_qr"": 24.639889286083772, ""kmeans_norm"": 25.17964132981658, ""kmeans_raw"": 33.994181645794384}",
Worm Neuron,2,BKCC_V2,,formal,,PSF-CE,"{""lambda"": 0.665, ""q"": 0.72}",ok,4186,10,20,0.3193979933110368,0.17182244511961847,0.021532396880905934,0.2342693124913014,0.39260960000683554,0.020172400007140823,,13.778567712328554,1.7633195760040996,1.2456836509823288,0.0005538692025833166,1.505107165759505,spectral,kmeans_raw,0,0,[],"{""cluster_qr"": 10.91124496455808, ""kmeans_norm"": 10.82310740690632, ""kmeans_raw"": 13.778567712328554}",
Worm Neuron,2,BKCC_V2,,formal,,Poly2,"{""eta"": 8.0}",ok,4186,10,20,0.3193979933110368,0.17182244511961847,0.021532396880905934,0.2342693124913014,0.39045350000378676,0.018561100005172193,,54.70750546375386,7.7446701910550395,4.97034791265047,,,spectral,kmeans_raw,0,0,[],"{""cluster_qr"": 39.37105779230397, ""kmeans_norm"": 40.19913251038069, ""kmeans_raw"": 54.70750546375386}",
WikiCS,2,GRAPH_GEOMETRY_8,,formal,,AggregatePower,"{""q_after"": 6.0}",ok,11701,10,20,0.40201692163062985,0.3383327527594899,0.23389875849987715,0.23615613638732186,1.0210749999969266,0.005936599991400726,,4.352738539473009,1.1816964561683194,0.05520697849684735,,,spectral,kmeans_raw,0,0,[],"{""cluster_qr"": 4.316537232934986, ""kmeans_norm"": 4.128631482048489, ""kmeans_raw"": 4.352738539473009}",
WikiCS,2,GRAPH_GEOMETRY_8,,formal,,CA,{},ok,11701,10,20,0.40201692163062985,0.3383327527594899,0.23389875849987715,0.23615613638732186,1.0032358000025852,0.008498600000166334,,4.648657092277186,1.0000000000000024,0.3318100670802987,,,spectral,kmeans_raw,0,0,[],"{""cluster_qr"": 4.581591910316646, ""kmeans_norm"": 4.507406908331685, ""kmeans_raw"": 4.648657092277186}",
WikiCS,2,GRAPH_GEOMETRY_8,,formal,,LinearPair,"{""lambda"": 3.0}",ok,11701,10,20,0.40201692163062985,0.3383327527594899,0.23389875849987715,0.23615613638732186,1.0671070999960648,0.008775199996307492,,16.763172891498698,2.8822998778328577,1.0000000000000024,9.8465332717061e-16,2.6529553995637722,spectral,kmeans_raw,0,0,[],"{""cluster_qr"": 16.283725923474364, ""kmeans_norm"": 15.960544714860195, ""kmeans_raw"": 16.763172891498698}",
WikiCS,2,GRAPH_GEOMETRY_8,,formal,,PSF-CE,"{""lambda"": 0.665, ""q"": 0.72}",ok,11701,10,20,0.4025296983163832,0.338415467894104,0.2340634252272255,0.23643421683012678,0.9782012999930885,0.007129199992050417,,7.3424882771848266,1.0539913127868756,0.5189849070769573,0.0034465794149104584,2.687024435923782,spectral,kmeans_raw,0,0,[],"{""cluster_qr"": 6.981679245807392, ""kmeans_norm"": 7.236820788345565, ""kmeans_raw"": 7.3424882771848266}",
WikiCS,2,GRAPH_GEOMETRY_8,,formal,,Poly2,"{""eta"": 8.0}",ok,11701,10,20,0.44329544483377487,0.36439181285965,0.27687343357717115,0.29395911708100775,0.9321953000035137,0.0068039000034332275,,17.595422391306382,2.998424112138437,1.087710768641357,,,spectral,kmeans_raw,0,0,[],"{""cluster_qr"": 16.148101165935525, ""kmeans_norm"": 16.821825070065856, ""kmeans_raw"": 17.595422391306382}",
CoraFull,1,GRAPH_GEOMETRY_8,,formal,,AggregatePower,"{""q_after"": 6.0}",ok,19793,70,20,0.32708533319860555,0.4830902500421097,0.21966114097647157,0.2383942362367912,38.092222799998126,0.7007006000058027,,25.842775370433795,1.8098210362317675,0.031635948678249905,,,spectral,kmeans_raw,0,0,[],"{""cluster_qr"": 25.48902534589065, ""kmeans_norm"": 23.200136342442708, ""kmeans_raw"": 25.842775370433795}",
CoraFull,1,GRAPH_GEOMETRY_8,,formal,,CA,{},ok,19793,70,20,0.32708533319860555,0.4830902500421097,0.21966114097647157,0.2383942362367912,38.95233849999204,0.6100887999928091,,29.680266043301845,1.0000000000000033,0.320751890846501,,,spectral,kmeans_raw,0,0,[],"{""cluster_qr"": 28.850018130656764, ""kmeans_norm"": 27.194829344901507, ""kmeans_raw"": 29.680266043301845}",
CoraFull,1,GRAPH_GEOMETRY_8,,formal,,LinearPair,"{""lambda"": 3.0}",ok,19793,70,20,0.32708533319860555,0.4830902500421097,0.21966114097647157,0.2383942362367912,34.17106419999618,0.6514350999932503,,125.16855946191738,3.5364214732041876,1.0000000000000033,2.5780189508433024e-16,2.522296960795462,spectral,kmeans_raw,0,0,[],"{""cluster_qr"": 122.40863322680333, ""kmeans_norm"": 112.82722022129728, ""kmeans_raw"": 125.16855946191738}",
CoraFull,1,GRAPH_GEOMETRY_8,,formal,,PSF-CE,"{""lambda"": 0.665, ""q"": 0.72}",ok,19793,70,20,0.3280957914414187,0.4856792334018742,0.22040796895855483,0.2404868187510045,32.74293490000127,0.666918099988834,,51.07213581601765,1.246144176141044,0.4783121075411423,0.0012718583157605597,2.5619841002939103,spectral,kmeans_raw,0,0,[],"{""cluster_qr"": 49.703534368904656, ""kmeans_norm"": 46.72913976501226, ""kmeans_raw"": 51.07213581601765}",
CoraFull,1,GRAPH_GEOMETRY_8,,formal,,Poly2,"{""eta"": 8.0}",ok,19793,70,20,0.32688324155004295,0.4826239504322898,0.21915173620326586,0.23942446125617495,32.666354899993166,0.6247676999919349,,137.11307561695307,3.800988162074398,1.1237646548963123,,,spectral,kmeans_raw,0,0,[],"{""cluster_qr"": 131.44511193451484, ""kmeans_norm"": 128.3563686810335, ""kmeans_raw"": 137.11307561695307}",
CoraFull,0,GRAPH_GEOMETRY_8,,formal,,AggregatePower,"{""q_after"": 6.0}",ok,19793,70,20,0.3317334411155459,0.4888508393331522,0.22877734250192377,0.23774412835721093,39.640400000003865,0.6759613000031095,,25.259237611324806,2.0160177527413343,0.03058734431956692,,,spectral,kmeans_raw,0,0,[],"{""cluster_qr"": 24.660335304711374, ""kmeans_norm"": 23.270565628875932, ""kmeans_raw"": 25.259237611324806}",
CoraFull,0,GRAPH_GEOMETRY_8,,formal,,CA,{},ok,19793,70,20,0.3317334411155459,0.4888508393331522,0.22877734250192377,0.23774412835721093,39.97073499999533,0.671598000000813,,29.895752723162342,1.0000000000000022,0.3212083465530624,,,spectral,kmeans_raw,0,0,[],"{""cluster_qr"": 28.774773659502376, ""kmeans_norm"": 27.229800787332636, ""kmeans_raw"": 29.895752723162342}",
CoraFull,0,GRAPH_GEOMETRY_8,,formal,,LinearPair,"{""lambda"": 3.0}",ok,19793,70,20,0.3317334411155459,0.4888508393331522,0.22877734250192377,0.23774412835721093,37.29556020000018,0.6565198999887798,,125.64843823632748,3.6992701514722555,1.0000000000000018,2.1313614781366411e-16,2.515054697978382,spectral,kmeans_raw,0,0,[],"{""cluster_qr"": 121.17604816270662, ""kmeans_norm"": 113.56975479827943, ""kmeans_raw"": 125.64843823632748}",
CoraFull,0,GRAPH_GEOMETRY_8,,formal,,PSF-CE,"{""lambda"": 0.665, ""q"": 0.72}",ok,19793,70,20,0.3335522659526095,0.4859688339414368,0.2312322698329231,0.24264779397913877,37.49584830000822,0.6525823999982094,,50.96260367541599,1.2884718855061992,0.46935947393403454,0.0012472161520603868,2.548626468913825,spectral,kmeans_raw,0,0,[],"{""cluster_qr"": 49.411752450105595, ""kmeans_norm"": 47.12512781352272, ""kmeans_raw"": 50.96260367541599}",
CoraFull,0,GRAPH_GEOMETRY_8,,formal,,Poly2,"{""eta"": 8.0}",ok,19793,70,20,0.33193553276410853,0.4888144811452142,0.2288346569950686,0.23791422985216804,32.203892000005,0.6227715999993961,,137.900673734949,3.979692805026577,1.068437262970292,,,spectral,kmeans_raw,0,0,[],"{""cluster_qr"": 132.55558830918812, ""kmeans_norm"": 124.97893675497653, ""kmeans_raw"": 137.900673734949}",
CoraFull,2,GRAPH_GEOMETRY_8,,formal,,AggregatePower,"{""q_after"": 6.0}",ok,19793,70,20,0.3366846865053302,0.4886070539678767,0.2339764478723292,0.24586862218305902,33.67579629999818,0.6404824999917764,,25.180856637798627,1.9866879977386303,0.03302531870255822,,,spectral,kmeans_raw,0,0,[],"{""cluster_qr"": 24.868451514139053, ""kmeans_norm"": 23.546404617400185, ""kmeans_raw"": 25.180856637798627}",
CoraFull,2,GRAPH_GEOMETRY_8,,formal,,CA,{},ok,19793,70,20,0.3366846865053302,0.4886070539678767,0.2339764478723292,0.24586862218305902,31.729828700001235,0.623241399996914,,29.53425716641467,0.9999999999999996,0.3241617514149728,,,spectral,kmeans_raw,0,0,[],"{""cluster_qr"": 28.852523686571253, ""kmeans_norm"": 27.360342571295167, ""kmeans_raw"": 29.53425716641467}",
CoraFull,2,GRAPH_GEOMETRY_8,,formal,,LinearPair,"{""lambda"": 3.0}",ok,19793,70,20,0.34148436315869246,0.49302446916225046,0.235312415096463,0.25003134183721054,30.246242199995322,0.6264597999979742,,125.02201372082072,3.6737719579798007,1.0202424443289901,1.4527454354246528e-16,2.529073354306756,spectral,kmeans_raw,0,0,[],"{""cluster_qr"": 121.73613673970986, ""kmeans_norm"": 116.75458283744875, ""kmeans_raw"": 125.02201372082072}",
CoraFull,2,GRAPH_GEOMETRY_8,,formal,,PSF-CE,"{""lambda"": 0.665, ""q"": 0.72}",ok,19793,70,20,0.3400697216187541,0.49260994442975525,0.23489402960799857,0.2488983366482725,24.14326519999304,0.5778866999899037,,50.89173112156157,1.2801395197120804,0.47468397875379376,0.0012293642339466636,2.561982355886748,spectral,kmeans_raw,0,0,[],"{""cluster_qr"": 49.42197803951164, ""kmeans_norm"": 46.598309159391874, ""kmeans_raw"": 50.89173112156157}",
CoraFull,2,GRAPH_GEOMETRY_8,,formal,,Poly2,"{""eta"": 8.0}",ok,19793,70,20,0.34148436315869246,0.49302446916225046,0.235312415096463,0.25003134183721054,23.391718899991247,0.5329023999947822,,136.6679788955268,3.9355455588131916,1.1501317671532032,,,spectral,kmeans_raw,0,0,[],"{""cluster_qr"": 130.02135244237684, ""kmeans_norm"": 127.65970045845498, ""kmeans_raw"": 136.6679788955268}",
