dataset,pool,group,task_family,split,source_id,method,params,status,n,c,M,ACC,NMI,ARI,F1,runtime_seconds,spectral_seconds,objective,rounding_objective,eig_max,eig_min_topc,commutator_ratio,interaction_scale,solver,rounding,sweeps,moves,history_json,rounding_candidates_json,skip_reason,error,backend,repo_url,commit,retrieval_date,license,bp_sha256,params_sha256,cache_hit,cache_file,adapter_meta,adapter_revision
11_Tumors,0,NEW10,,formal,,AggregatePower,"{""q_after"": 6.0}",ok,174,11,20,0.54022988505747127,0.59434338894725502,0.37625200403436537,0.4321958848422362,0.18539240000245619,0.0028331000066826998,,5.8761690064807501,2.1209378173269191,0.030009484929008599,,,spectral,kmeans_raw,0,0,[],"{""cluster_qr"": 5.760301914463793, ""kmeans_norm"": 4.809440650474205, ""kmeans_raw"": 5.87616900648075}",,,,,,,,,,,,,
11_Tumors,0,NEW10,,formal,,CA,{},ok,174,11,20,0.54022988505747127,0.59434338894725502,0.37625200403436537,0.4321958848422362,0.14868980000028381,0.0024530999944544999,,7.6327240283171474,0.999999999999996,0.48316416198341799,,,spectral,kmeans_raw,0,0,[],"{""cluster_qr"": 7.435323387759279, ""kmeans_norm"": 6.453195630741413, ""kmeans_raw"": 7.632724028317147}",,,,,,,,,,,,,
11_Tumors,0,NEW10,,formal,,LinearPair,"{""lambda"": 3.0}",ok,174,11,20,0.54022988505747127,0.59434338894725502,0.37625200403436537,0.4321958848422362,0.14467429999785961,0.0025032999983523002,,27.809411628646973,5.0645436034938323,1.2043786790268969,2.0306515524502002e-16,1.4111035484313039,spectral,kmeans_raw,0,0,[],"{""cluster_qr"": 24.522038392055492, ""kmeans_norm"": 21.74844199496468, ""kmeans_raw"": 27.809411628646973}",,,,,,,,,,,,,
11_Tumors,0,NEW10,,formal,,PSF-CE,"{""lambda"": 0.665, ""q"": 0.72}",ok,174,11,20,0.54022988505747127,0.59434338894725502,0.37625200403436537,0.4321958848422362,0.11667859999579371,0.0025841000024229002,,12.127651606405241,1.8565390316958803,0.70522353181384712,0.0023591512603616002,1.4363408887209179,spectral,kmeans_raw,0,0,[],"{""cluster_qr"": 11.505342656586784, ""kmeans_norm"": 10.531668451191424, ""kmeans_raw"": 12.127651606405239}",,,,,,,,,,,,,
11_Tumors,0,NEW10,,formal,,Poly2,"{""eta"": 8.0}",ok,174,11,20,0.54022988505747127,0.59434338894725502,0.37625200403436537,0.4321958848422362,0.14558339999348391,0.0025670000031823002,,46.508722519004181,8.7039560166542618,1.9883022140213811,,,spectral,kmeans_raw,0,0,[],"{""cluster_qr"": 41.904410175471114, ""kmeans_norm"": 36.116040332384514, ""kmeans_raw"": 46.50872251900418}",,,,,,,,,,,,,
11_Tumors,1,NEW10,,formal,,AggregatePower,"{""q_after"": 6.0}",ok,174,11,20,0.56321839080459768,0.59524903431512199,0.37769173862950711,0.4498412719976988,0.2293437000043923,0.0030564999906345998,,5.8052332698568456,2.0476308714616729,0.0253438278762276,,,spectral,kmeans_raw,0,0,[],"{""cluster_qr"": 5.746302407724972, ""kmeans_norm"": 5.491258301428623, ""kmeans_raw"": 5.805233269856846}",,,,,,,,,,,,,
11_Tumors,1,NEW10,,formal,,CA,{},ok,174,11,20,0.56321839080459768,0.59524903431512199,0.37769173862950711,0.4498412719976988,0.13496260000101751,0.0028695000073638999,,7.5126089088488461,0.999999999999998,0.46080837741267938,,,spectral,kmeans_raw,0,0,[],"{""cluster_qr"": 7.230261865694047, ""kmeans_norm"": 6.983282523882608, ""kmeans_raw"": 7.512608908848846}",,,,,,,,,,,,,
11_Tumors,1,NEW10,,formal,,LinearPair,"{""lambda"": 3.0}",ok,174,11,20,0.56896551724137934,0.60543931830195441,0.38948993529669113,0.45312670522754561,0.1571694000012939,0.0027594999992287999,,27.29555714159499,4.9263238922457431,1.1493110384241878,1.8635396857184024e-16,1.444242060876155,spectral,kmeans_raw,0,0,[],"{""cluster_qr"": 25.62752104103929, ""kmeans_norm"": 22.945222398682528, ""kmeans_raw"": 27.29555714159499}",,,,,,,,,,,,,
11_Tumors,1,NEW10,,formal,,PSF-CE,"{""lambda"": 0.665, ""q"": 0.72}",ok,174,11,20,0.61494252873563215,0.60877923205683437,0.44566175550009829,0.52215914398298913,0.1494047000014688,0.0026789999974425002,,11.728006998194218,1.8072221999404128,0.66402570752642753,0.0020633685049233999,1.4684972913000429,spectral,cluster_qr,0,0,[],"{""cluster_qr"": 11.728006998194218, ""kmeans_norm"": 10.314308021305061, ""kmeans_raw"": 11.6902054777592}",,,,,,,,,,,,,
11_Tumors,1,NEW10,,formal,,Poly2,"{""eta"": 8.0}",ok,174,11,20,0.56896551724137934,0.60543931830195441,0.38948993529669113,0.45312670522754561,0.1309678999969037,0.0045336999901337003,,44.816809142019352,8.3019647098809912,1.8657033067209401,,,spectral,kmeans_raw,0,0,[],"{""cluster_qr"": 39.7910922898805, ""kmeans_norm"": 37.525703782075134, ""kmeans_raw"": 44.81680914201935}",,,,,,,,,,,,,
3Sources,0,TEXT_MV,,formal,,AggregatePower,"{""q_after"": 6.0}",ok,169,6,20,0.40828402366863897,0.1772645757734948,0.0028995941058213002,0.201423097974822,0.093736299997544806,0.0010018000029958,,2.30819284554003,0.99999999999999845,0.0329566111734843,,,spectral,kmeans_raw,0,0,[],"{""cluster_qr"": 2.2048029953863337, ""kmeans_norm"": 2.012687663928836, ""kmeans_raw"": 2.30819284554003}",,,,,,,,,,,,,
3Sources,0,TEXT_MV,,formal,,CA,{},ok,169,6,20,0.40828402366863897,0.1772645757734948,0.0028995941058213002,0.201423097974822,0.073154600002453593,0.0010450999980093001,,2.4873986229882288,0.99999999999999845,0.2427029484809643,,,spectral,kmeans_raw,0,0,[],"{""cluster_qr"": 2.3731683188974295, ""kmeans_norm"": 1.9600637248927895, ""kmeans_raw"": 2.487398622988229}",,,,,,,,,,,,,
3Sources,0,TEXT_MV,,formal,,LinearPair,"{""lambda"": 3.0}",ok,169,6,20,0.40828402366863897,0.1772645757734948,0.0028995941058213002,0.201423097974822,0.1054340999980922,0.0020107000018469001,,7.9003419569390072,2.5719964819966141,0.86564582992863248,4.5105293647834286e-16,4.2178114928103838,spectral,kmeans_raw,0,0,[],"{""cluster_qr"": 7.343232767897572, ""kmeans_norm"": 5.335399344959913, ""kmeans_raw"": 7.900341956939007}",,,,,,,,,,,,,
3Sources,0,TEXT_MV,,formal,,PSF-CE,"{""lambda"": 0.665, ""q"": 0.72}",ok,169,6,20,0.40828402366863897,0.1772645757734948,0.0028995941058213002,0.201423097974822,0.089980799995828406,0.0014413999888347,,3.6843572081401823,0.99999999999999845,0.382478177354315,0.0049725413468847002,4.2649842281914783,spectral,kmeans_raw,0,0,[],"{""cluster_qr"": 3.4723931439835924, ""kmeans_norm"": 2.866673662833062, ""kmeans_raw"": 3.6843572081401823}",,,,,,,,,,,,,
3Sources,0,TEXT_MV,,formal,,Poly2,"{""eta"": 8.0}",ok,169,6,20,0.40828402366863897,0.1772645757734948,0.0028995941058213002,0.201423097974822,0.083917299998574807,0.00089850000222209999,,6.3335203876915935,1.8862019171448456,0.71394071809179227,,,spectral,kmeans_raw,0,0,[],"{""cluster_qr"": 5.377093624562351, ""kmeans_norm"": 4.3714084186784845, ""kmeans_raw"": 6.3335203876915935}",,,,,,,,,,,,,
11_Tumors,2,NEW10,,formal,,AggregatePower,"{""q_after"": 6.0}",ok,174,11,20,0.57471264367816088,0.60449921055178846,0.4115772049583577,0.45774333193688022,0.11773990000074259,0.0031053999991853998,,5.8673950332646934,1.960262557783979,0.026155782056249299,,,spectral,cluster_qr,0,0,[],"{""cluster_qr"": 5.867395033264693, ""kmeans_norm"": 4.679329334023465, ""kmeans_raw"": 5.861642320455393}",,,,,,,,,,,,,
11_Tumors,2,NEW10,,formal,,CA,{},ok,174,11,20,0.58620689655172409,0.61522801790264248,0.41597139646129749,0.4641277749344252,0.13418930000625551,0.0021927000052528,,7.5972101517469666,0.99999999999999722,0.4706906719214658,,,spectral,kmeans_raw,0,0,[],"{""cluster_qr"": 7.557962555223387, ""kmeans_norm"": 6.697493169684881, ""kmeans_raw"": 7.597210151746967}",,,,,,,,,,,,,
11_Tumors,2,NEW10,,formal,,LinearPair,"{""lambda"": 3.0}",ok,174,11,20,0.58620689655172409,0.61522801790264248,0.41597139646129749,0.4641277749344252,0.15084220000426279,0.0022812999959568999,,27.567091315313807,4.9210346775469711,0.99999999999999756,2.15824799202931e-16,1.4137837236267341,spectral,kmeans_raw,0,0,[],"{""cluster_qr"": 27.498705568784317, ""kmeans_norm"": 22.694273303685797, ""kmeans_raw"": 27.567091315313807}",,,,,,,,,,,,,
11_Tumors,2,NEW10,,formal,,PSF-CE,"{""lambda"": 0.665, ""q"": 0.72}",ok,174,11,20,0.55172413793103448,0.59946365335860341,0.38590583185228627,0.44027514848439608,0.1207187999971211,0.0021849000040674001,,12.065491777099504,1.815480415676487,0.67861222159792467,0.0019783221001601998,1.4406436982950597,spectral,kmeans_raw,0,0,[],"{""cluster_qr"": 12.009912491430228, ""kmeans_norm"": 10.49786055662302, ""kmeans_raw"": 12.065491777099503}",,,,,,,,,,,,,
11_Tumors,2,NEW10,,formal,,Poly2,"{""eta"": 8.0}",ok,174,11,20,0.52298850574712641,0.59080782427191292,0.36981424981199068,0.4187354964784431,0.16557019999891051,0.0022060000046621999,,46.011401587496188,8.4391661661082242,1.5847531403897173,,,spectral,kmeans_raw,0,0,[],"{""cluster_qr"": 43.387085949966284, ""kmeans_norm"": 39.10346311369688, ""kmeans_raw"": 46.01140158749619}",,,,,,,,,,,,,
10X PBMC,0,BKCC_V2,,formal,,AggregatePower,"{""q_after"": 6.0}",ok,4271,8,20,0.74244907515804259,0.75695204111579573,0.63955665443651533,0.56197616476581869,0.37175390000629699,0.017483100004028501,,5.2873066798373909,2.7971787798141565,0.1229681000937624,,,spectral,kmeans_raw,0,0,[],"{""cluster_qr"": 5.192279817613604, ""kmeans_norm"": 5.030021838733873, ""kmeans_raw"": 5.287306679837391}",,,,,,,,,,,,,
10X PBMC,0,BKCC_V2,,formal,,CA,{},ok,4271,8,20,0.74244907515804259,0.75695204111579573,0.63955665443651533,0.56197616476581869,0.28514439999707969,0.018022199990809801,,5.1578972461311539,0.99999999999999156,0.50276967084003388,,,spectral,kmeans_raw,0,0,[],"{""cluster_qr"": 5.047394695366485, ""kmeans_norm"": 4.9454975570179815, ""kmeans_raw"": 5.157897246131154}",,,,,,,,,,,,,
10X PBMC,0,BKCC_V2,,formal,,LinearPair,"{""lambda"": 3.0}",ok,4271,8,20,0.71833294310465934,0.7227053903763736,0.59737639587863489,0.45058869466917839,0.34450230000948068,0.015922699996735901,,20.323568781113309,5.3645687170362661,2.0085578750164994,3.6171302430463998e-16,2.1231212449976447,spectral,kmeans_raw,0,0,[],"{""cluster_qr"": 17.794775510311283, ""kmeans_norm"": 19.250545824780822, ""kmeans_raw"": 20.32356878111331}",,,,,,,,,,,,,
10X PBMC,0,BKCC_V2,,formal,,PSF-CE,"{""lambda"": 0.665, ""q"": 0.72}",ok,4271,8,20,0.74244907515804259,0.75695204111579573,0.63955665443651533,0.56197616476581869,0.26731170000857668,0.012758400000166099,,8.6712561951727203,1.8279998223537139,0.84611067647071536,0.0021577274385156,2.136785630857521,spectral,kmeans_raw,0,0,[],"{""cluster_qr"": 8.411249429747352, ""kmeans_norm"": 8.209320369374854, ""kmeans_raw"": 8.67125619517272}",,,,,,,,,,,,,
10X PBMC,0,BKCC_V2,,formal,,Poly2,"{""eta"": 8.0}",ok,4271,8,20,0.71833294310465934,0.7227053903763736,0.59737639587863489,0.45058869466917839,0.36170459999993909,0.020965699994121598,,24.901879419057007,6.5760713131631912,2.5000297487677909,,,spectral,kmeans_raw,0,0,[],"{""cluster_qr"": 23.71406386294732, ""kmeans_norm"": 23.578822360608875, ""kmeans_raw"": 24.901879419057007}",,,,,,,,,,,,,
10X PBMC,1,BKCC_V2,,formal,,AggregatePower,"{""q_after"": 6.0}",ok,4271,8,20,0.71739639428705226,0.74064505299767103,0.62916385743452796,0.44525085633990369,0.35391269999672659,0.0196869999927002,,4.9358671978145727,2.4228175638475582,0.20646936388144169,,,spectral,kmeans_raw,0,0,[],"{""cluster_qr"": 4.8171869896037816, ""kmeans_norm"": 4.416296194415713, ""kmeans_raw"": 4.935867197814573}",,,,,,,,,,,,,
10X PBMC,1,BKCC_V2,,formal,,CA,{},ok,4271,8,20,0.71739639428705226,0.74064505299767103,0.62916385743452796,0.44525085633990369,0.29625020000094082,0.016463599997223299,,4.7711835680804828,0.99999999999999523,0.49990150670012379,,,spectral,kmeans_raw,0,0,[],"{""cluster_qr"": 4.684286992985188, ""kmeans_norm"": 4.090020321813819, ""kmeans_raw"": 4.771183568080483}",,,,,,,,,,,,,
10X PBMC,1,BKCC_V2,,formal,,LinearPair,"{""lambda"": 3.0}",ok,4271,8,20,0.65066729103254506,0.65628091013051404,0.4538400103931442,0.39754780048742638,0.36176169999816921,0.024694499996257901,,20.105562932287647,4.9031649335017411,2.0349349893673785,3.0988701094469613e-16,2.4783681356459533,spectral,kmeans_raw,0,0,[],"{""cluster_qr"": 17.887493940736302, ""kmeans_norm"": 16.081269161554733, ""kmeans_raw"": 20.105562932287647}",,,,,,,,,,,,,
10X PBMC,1,BKCC_V2,,formal,,PSF-CE,"{""lambda"": 0.665, ""q"": 0.72}",ok,4271,8,20,0.71739639428705226,0.74033125093202379,0.62918081208143972,0.44519658332120421,0.3026738000044133,0.0151520999934291,,8.1279433303196384,1.6625874017927091,0.88998261817944258,0.0026223794155161,2.4896273436568706,spectral,kmeans_raw,0,0,[],"{""cluster_qr"": 7.907128489724776, ""kmeans_norm"": 6.759814838599366, ""kmeans_raw"": 8.127943330319638}",,,,,,,,,,,,,
10X PBMC,1,BKCC_V2,,formal,,Poly2,"{""eta"": 8.0}",ok,4271,8,20,0.65066729103254506,0.65628091013051404,0.4538400103931442,0.39754780048742638,0.35768089999328367,0.027013599989004398,,21.967733337869369,5.2966258606856096,2.2585883324332072,,,spectral,kmeans_raw,0,0,[],"{""cluster_qr"": 19.58727908943462, ""kmeans_norm"": 17.58114905231278, ""kmeans_raw"": 21.967733337869372}",,,,,,,,,,,,,
10X PBMC,2,BKCC_V2,,formal,,AggregatePower,"{""q_after"": 6.0}",ok,4271,8,20,0.71201123858581128,0.74801456635990315,0.64512801211483939,0.48785840741301778,0.33568229999218602,0.017456299989135001,,5.3703780403060719,2.81792887914539,0.081645991746274696,,,spectral,kmeans_raw,0,0,[],"{""cluster_qr"": 5.275906929506329, ""kmeans_norm"": 5.0147254258802105, ""kmeans_raw"": 5.370378040306072}",,,,,,,,,,,,,
10X PBMC,2,BKCC_V2,,formal,,CA,{},ok,4271,8,20,0.71201123858581128,0.74801456635990315,0.64512801211483939,0.48785840741301778,0.3139312999992398,0.019989100008388001,,5.0983245190728406,0.99999999999999223,0.46937171451797738,,,spectral,kmeans_raw,0,0,[],"{""cluster_qr"": 5.031000147997688, ""kmeans_norm"": 4.446492943623322, ""kmeans_raw"": 5.098324519072841}",,,,,,,,,,,,,
10X PBMC,2,BKCC_V2,,formal,,LinearPair,"{""lambda"": 3.0}",ok,4271,8,20,0.65043315382814326,0.65584385901803754,0.45390260497219098,0.39718222150069338,0.31302240000513848,0.023889800009783298,,21.376543722228771,5.7578727532929141,1.7666867402663295,1.777946482293097e-16,2.3040676619778528,spectral,kmeans_raw,0,0,[],"{""cluster_qr"": 18.15776474077095, ""kmeans_norm"": 18.539411615995714, ""kmeans_raw"": 21.376543722228774}",,,,,,,,,,,,,
10X PBMC,2,BKCC_V2,,formal,,PSF-CE,"{""lambda"": 0.665, ""q"": 0.72}",ok,4271,8,20,0.71201123858581128,0.74801456635990315,0.64512801211483939,0.48785840741301778,0.31779020000249147,0.020833000002312401,,8.8763598608208625,1.9162701874010304,0.79290316635676406,0.0021341150770090998,2.3234335717770431,spectral,kmeans_raw,0,0,[],"{""cluster_qr"": 8.707530871591432, ""kmeans_norm"": 7.633340345263344, ""kmeans_raw"": 8.876359860820862}",,,,,,,,,,,,,
10X PBMC,2,BKCC_V2,,formal,,Poly2,"{""eta"": 8.0}",ok,4271,8,20,0.65043315382814326,0.65584385901803754,0.45390260497219098,0.39718222150069338,0.29835260000254488,0.020301100012147799,,24.613460435714021,6.5853080004441962,2.0779960658303915,,,spectral,kmeans_raw,0,0,[],"{""cluster_qr"": 21.959426122807017, ""kmeans_norm"": 21.31817198377378, ""kmeans_raw"": 24.61346043571402}",,,,,,,,,,,,,
3Sources,1,TEXT_MV,,formal,,AggregatePower,"{""q_after"": 6.0}",ok,169,6,20,0.43195266272189348,0.1737893926635824,0.0133312212337817,0.2390796663221246,0.1167887000046903,0.00091060000704599998,,2.0342392235209559,1.0240246460600195,0.0116596026936831,,,spectral,kmeans_raw,0,0,[],"{""cluster_qr"": 1.9657916575559986, ""kmeans_norm"": 1.979002272699055, ""kmeans_raw"": 2.034239223520956}",,,,,,,,,,,,,
3Sources,1,TEXT_MV,,formal,,CA,{},ok,169,6,20,0.43195266272189348,0.1737893926635824,0.0133312212337817,0.2390796663221246,0.072983399993972797,0.0012189999979455,,2.4235995797782066,0.99999999999999978,0.2312595141949268,,,spectral,kmeans_raw,0,0,[],"{""cluster_qr"": 2.237658588506228, ""kmeans_norm"": 2.2110988489609853, ""kmeans_raw"": 2.4235995797782066}",,,,,,,,,,,,,
3Sources,1,TEXT_MV,,formal,,LinearPair,"{""lambda"": 3.0}",ok,169,6,20,0.43195266272189348,0.1737893926635824,0.0133312212337817,0.2390796663221246,0.086169799993513096,0.0014422999956877,,7.1868329781323883,3.0190386034581822,0.72863858524504621,2.210932339660651e-16,3.7574173531525816,spectral,kmeans_raw,0,0,[],"{""cluster_qr"": 6.684767056660003, ""kmeans_norm"": 6.280298635401166, ""kmeans_raw"": 7.186832978132388}",,,,,,,,,,,,,
3Sources,1,TEXT_MV,,formal,,PSF-CE,"{""lambda"": 0.665, ""q"": 0.72}",ok,169,6,20,0.43195266272189348,0.1737893926635824,0.0133312212337817,0.2390796663221246,0.1127241999929538,0.0014311999984784,,3.4814172641284289,1.0372625957125137,0.342049921736853,0.0051725537103917002,3.8286308922980834,spectral,kmeans_raw,0,0,[],"{""cluster_qr"": 3.3110266301672713, ""kmeans_norm"": 3.0917564824034187, ""kmeans_raw"": 3.481417264128429}",,,,,,,,,,,,,
3Sources,1,TEXT_MV,,formal,,Poly2,"{""eta"": 8.0}",ok,169,6,20,0.43195266272189348,0.1737893926635824,0.0133312212337817,0.2390796663221246,0.094186700007412499,0.0011827999987872001,,6.2045160213806643,2.3893700847022763,0.65910721744031409,,,spectral,kmeans_raw,0,0,[],"{""cluster_qr"": 5.898123458431441, ""kmeans_norm"": 5.439082288541619, ""kmeans_raw"": 6.204516021380664}",,,,,,,,,,,,,
3Sources,2,TEXT_MV,,formal,,AggregatePower,"{""q_after"": 6.0}",ok,169,6,20,0.41420118343195261,0.15538158673664229,-0.0028474053360781001,0.17637728125533,0.087085599996498703,0.0012747999862766999,,2.0437673392395168,1.0619289108367516,0.0091412340932898999,,,spectral,kmeans_raw,0,0,[],"{""cluster_qr"": 1.8759340582935635, ""kmeans_norm"": 1.8385228683082953, ""kmeans_raw"": 2.043767339239517}",,,,,,,,,,,,,
3Sources,2,TEXT_MV,,formal,,CA,{},ok,169,6,20,0.41420118343195261,0.15538158673664229,-0.0028474053360781001,0.17637728125533,0.1082869000092614,0.0011727000091923,,2.4855204853933621,1.0000000000000002,0.2335362469678112,,,spectral,kmeans_raw,0,0,[],"{""cluster_qr"": 2.2766063299552397, ""kmeans_norm"": 2.0762479643516865, ""kmeans_raw"": 2.485520485393362}",,,,,,,,,,,,,
3Sources,2,TEXT_MV,,formal,,LinearPair,"{""lambda"": 3.0}",ok,169,6,20,0.41420118343195261,0.15538158673664229,-0.0028474053360781001,0.17637728125533,0.089277699997182894,0.0010895000013988001,,7.3518674764581444,3.1821043237944355,0.70906756085096923,4.6885674866289623e-16,3.5132198491112661,spectral,kmeans_raw,0,0,[],"{""cluster_qr"": 6.1620440571034365, ""kmeans_norm"": 5.561200863879328, ""kmeans_raw"": 7.351867476458144}",,,,,,,,,,,,,
3Sources,2,TEXT_MV,,formal,,PSF-CE,"{""lambda"": 0.665, ""q"": 0.72}",ok,169,6,20,0.40828402366863897,0.147849564902162,-0.0053145882082653003,0.17185661223889381,0.096783400003914694,0.0011429000005590999,,3.5642830920552449,1.1011675629619282,0.33721491562597339,0.0043539998652267001,3.5645827613368435,spectral,kmeans_raw,0,0,[],"{""cluster_qr"": 2.949660833604358, ""kmeans_norm"": 2.7982119033723403, ""kmeans_raw"": 3.564283092055245}",,,,,,,,,,,,,
3Sources,2,TEXT_MV,,formal,,Poly2,"{""eta"": 8.0}",ok,169,6,20,0.41420118343195261,0.15538158673664229,-0.0028474053360781001,0.17637728125533,0.093299100000876906,0.0012482000020098999,,6.5887829299271568,2.6447986120712002,0.66984967615029478,,,spectral,kmeans_raw,0,0,[],"{""cluster_qr"": 5.729477609071873, ""kmeans_norm"": 5.019697584350948, ""kmeans_raw"": 6.588782929927157}",,,,,,,,,,,,,
ACM,0,CONTENT_RELATION_8,,formal,,AggregatePower,"{""q_after"": 6.0}",ok,3025,3,20,0.6829752066115703,0.45318377445094071,0.4121622719497231,0.68978765115441931,0.11259720000089141,0.0009060000011231,,1.7515996313242259,0.99999999999999878,0.078891505246596605,,,spectral,kmeans_raw,0,0,[],"{""cluster_qr"": 1.7514377834823227, ""kmeans_norm"": 1.7515403377846843, ""kmeans_raw"": 1.751599631324226}",,,,,,,,,,,,,
ACM,0,CONTENT_RELATION_8,,formal,,CA,{},ok,3025,3,20,0.6829752066115703,0.45318377445094071,0.4121622719497231,0.68978765115441931,0.11760630000208031,0.00090290000662200003,,1.7751114547726927,0.99999999999999878,0.33882972591618971,,,spectral,kmeans_raw,0,0,[],"{""cluster_qr"": 1.7744063434550807, ""kmeans_norm"": 1.7749863369045191, ""kmeans_raw"": 1.7751114547726927}",,,,,,,,,,,,,
ACM,0,CONTENT_RELATION_8,,formal,,LinearPair,"{""lambda"": 3.0}",ok,3025,3,20,0.6829752066115703,0.45318377445094071,0.4121622719497231,0.68978765115441931,0.1018709000054514,0.0010463000071466999,,4.4246953353426459,2.477534936113861,0.99999999999999845,1.4343532000245698e-15,2.8907234657738927,spectral,kmeans_raw,0,0,[],"{""cluster_qr"": 4.42442806276407, ""kmeans_norm"": 4.424409901515177, ""kmeans_raw"": 4.424695335342646}",,,,,,,,,,,,,
ACM,0,CONTENT_RELATION_8,,formal,,PSF-CE,"{""lambda"": 0.665, ""q"": 0.72}",ok,3025,3,20,0.68330578512396689,0.45451051242889567,0.4126658819291506,0.69020586676976892,0.1162398000014945,0.00096560000383759999,,2.3626666209392928,0.99999999999999878,0.54294054310440731,0.0045658817238776002,2.920879147513209,spectral,kmeans_raw,0,0,[],"{""cluster_qr"": 2.362040269509226, ""kmeans_norm"": 2.362645131777558, ""kmeans_raw"": 2.362666620939293}",,,,,,,,,,,,,
ACM,0,CONTENT_RELATION_8,,formal,,Poly2,"{""eta"": 8.0}",ok,3025,3,20,0.6829752066115703,0.45318377445094071,0.4121622719497231,0.68978765115441931,0.10010900000634131,0.00070600000617559999,,4.4071627051105544,2.4288779902041449,0.99999999999999845,,,spectral,kmeans_raw,0,0,[],"{""cluster_qr"": 4.405998421377543, ""kmeans_norm"": 4.406847044551917, ""kmeans_raw"": 4.407162705110554}",,,,,,,,,,,,,
ACM,1,CONTENT_RELATION_8,,formal,,AggregatePower,"{""q_after"": 6.0}",ok,3025,3,20,0.68132231404958676,0.45662549927413282,0.41166954996063942,0.68835599789286583,0.1190637999970931,0.0010774999973364001,,1.7560036781286441,1,0.095030768091095105,,,spectral,kmeans_norm,0,0,[],"{""cluster_qr"": 1.7484668934166017, ""kmeans_norm"": 1.756003678128644, ""kmeans_raw"": 1.7555398072240997}",,,,,,,,,,,,,
ACM,1,CONTENT_RELATION_8,,formal,,CA,{},ok,3025,3,20,0.68132231404958676,0.45662549927413282,0.41166954996063942,0.68835599789286583,0.1058474000019487,0.0012148000096203,,1.7911767867131574,0.99999999999999978,0.3565003970673315,,,spectral,kmeans_norm,0,0,[],"{""cluster_qr"": 1.7893134475030164, ""kmeans_norm"": 1.7911767867131574, ""kmeans_raw"": 1.7897659932189554}",,,,,,,,,,,,,
ACM,1,CONTENT_RELATION_8,,formal,,LinearPair,"{""lambda"": 3.0}",ok,3025,3,20,0.68132231404958676,0.45662549927413282,0.41166954996063942,0.68835599789286583,0.110456599999452,0.00070430000778279995,,4.4720001759953636,2.5141195607723179,0.99999999999999956,4.8285421433238313e-15,2.7915461998227089,spectral,kmeans_norm,0,0,[],"{""cluster_qr"": 4.460716443066442, ""kmeans_norm"": 4.472000175995364, ""kmeans_raw"": 4.469295138650212}",,,,,,,,,,,,,
ACM,1,CONTENT_RELATION_8,,formal,,PSF-CE,"{""lambda"": 0.665, ""q"": 0.72}",ok,3025,3,20,0.68132231404958676,0.45607252239356438,0.41111980936218839,0.68837813806678094,0.1219933999964268,0.0017137999966506999,,2.3866571322010901,1,0.57710977268701991,0.0048743817915357004,2.8215392204130123,spectral,kmeans_norm,0,0,[],"{""cluster_qr"": 2.384199517472159, ""kmeans_norm"": 2.38665713220109, ""kmeans_raw"": 2.384133060879644}",,,,,,,,,,,,,
ACM,1,CONTENT_RELATION_8,,formal,,Poly2,"{""eta"": 8.0}",ok,3025,3,20,0.68165289256198347,0.45830220642808128,0.41203821483441649,0.68883148488842683,0.11514599999645719,0.0010441999911563,,4.5406399768096888,2.5294226364608208,0.99999999999999978,,,spectral,cluster_qr,0,0,[],"{""cluster_qr"": 4.540639976809689, ""kmeans_norm"": 4.540499679621224, ""kmeans_raw"": 4.537350040043666}",,,,,,,,,,,,,
ACM,2,CONTENT_RELATION_8,,formal,,AggregatePower,"{""q_after"": 6.0}",ok,3025,3,20,0.68826446280991738,0.46712167719978581,0.42451918711853581,0.69420710624275317,0.1220118000055663,0.00084659999993160005,,1.7754841231026943,0.99999999999999956,0.16127766808089861,,,spectral,cluster_qr,0,0,[],"{""cluster_qr"": 1.7754841231026943, ""kmeans_norm"": 1.775270958683926, ""kmeans_raw"": 1.775371442297528}",,,,,,,,,,,,,
ACM,2,CONTENT_RELATION_8,,formal,,CA,{},ok,3025,3,20,0.68661157024793384,0.46163392226787792,0.42019531941369698,0.69270629979188902,0.1177505999949062,0.0010999999940395,,1.7227025342517004,0.99999999999999978,0.34793137692380299,,,spectral,kmeans_norm,0,0,[],"{""cluster_qr"": 1.7209788154529184, ""kmeans_norm"": 1.7227025342517004, ""kmeans_raw"": 1.7225771119468432}",,,,,,,,,,,,,
ACM,2,CONTENT_RELATION_8,,formal,,LinearPair,"{""lambda"": 3.0}",ok,3025,3,20,0.68859504132231408,0.46371117246942412,0.42279133024661342,0.69453606127217771,0.1220234000065829,0.00092120000044809995,,4.3058631384626,2.2669181537787479,0.99999999999999922,4.3024675141040303e-15,3.2725925616420999,spectral,kmeans_raw,0,0,[],"{""cluster_qr"": 4.302633579218016, ""kmeans_norm"": 4.305731660396399, ""kmeans_raw"": 4.3058631384626}",,,,,,,,,,,,,
ACM,2,CONTENT_RELATION_8,,formal,,PSF-CE,"{""lambda"": 0.665, ""q"": 0.72}",ok,3025,3,20,0.68925619834710738,0.46466397509180229,0.42381586397745857,0.6951129801366972,0.10797620000084859,0.0010343000030842999,,2.2928613195391216,0.99999999999999956,0.59284814519370965,0.0060170185827379003,3.3019203770418719,spectral,kmeans_raw,0,0,[],"{""cluster_qr"": 2.2699147826307144, ""kmeans_norm"": 2.2925520263246946, ""kmeans_raw"": 2.2928613195391216}",,,,,,,,,,,,,
ACM,2,CONTENT_RELATION_8,,formal,,Poly2,"{""eta"": 8.0}",ok,3025,3,20,0.68859504132231408,0.46371117246942412,0.42279133024661342,0.69453606127217771,0.117897099989932,0.00091979998978780001,,4.0113450083867903,2.0337046955036047,0.99999999999999944,,,spectral,kmeans_raw,0,0,[],"{""cluster_qr"": 4.0099337973466636, ""kmeans_norm"": 4.011321731510979, ""kmeans_raw"": 4.01134500838679}",,,,,,,,,,,,,
Actor,0,GRAPH_GEOMETRY_8,,formal,,AggregatePower,"{""q_after"": 6.0}",ok,7600,5,20,0.26092105263157889,0.00087655429573939997,0.001062276724784,0.1165162715908819,0.24166100000729779,0.0022052000131225001,,2.603805879386563,0.99999999999999878,0.064299011925925798,,,spectral,kmeans_raw,0,0,[],"{""cluster_qr"": 2.579267872078231, ""kmeans_norm"": 1.9713337910436635, ""kmeans_raw"": 2.603805879386563}",,,,,,,,,,,,,
Actor,0,GRAPH_GEOMETRY_8,,formal,,CA,{},ok,7600,5,20,0.26092105263157889,0.00087655429573939997,0.001062276724784,0.1165162715908819,0.30825180000101682,0.0025980999926104999,,2.594813605915872,0.99999999999999878,0.32516841945084862,,,spectral,kmeans_raw,0,0,[],"{""cluster_qr"": 2.5319405024979837, ""kmeans_norm"": 2.3022425285244954, ""kmeans_raw"": 2.594813605915872}",,,,,,,,,,,,,
Actor,0,GRAPH_GEOMETRY_8,,formal,,LinearPair,"{""lambda"": 3.0}",ok,7600,5,20,0.26092105263157889,0.00087655429573939997,0.001062276724784,0.1165162715908819,0.3200211999937892,0.0020638999994843999,,8.1165051394754357,2.5670133045830492,0.99999999999999878,3.9991266766057782e-15,2.903994837703451,spectral,kmeans_raw,0,0,[],"{""cluster_qr"": 7.381657633535158, ""kmeans_norm"": 6.271886541240015, ""kmeans_raw"": 8.116505139475436}",,,,,,,,,,,,,
Actor,0,GRAPH_GEOMETRY_8,,formal,,PSF-CE,"{""lambda"": 0.665, ""q"": 0.72}",ok,7600,5,20,0.26092105263157889,0.00087655429573939997,0.001062276724784,0.1165162715908819,0.37985189999744762,0.0054404000111389003,,3.8237985635296021,0.99999999999999856,0.51567752154250557,0.0021666868574808,2.9281015220966653,spectral,kmeans_raw,0,0,[],"{""cluster_qr"": 3.534749328281549, ""kmeans_norm"": 3.1905426409243502, ""kmeans_raw"": 3.823798563529602}",,,,,,,,,,,,,
Actor,0,GRAPH_GEOMETRY_8,,formal,,Poly2,"{""eta"": 8.0}",ok,7600,5,20,0.26092105263157889,0.00087655429573939997,0.001062276724784,0.1165162715908819,0.37174259999301279,0.0019308000046294,,8.049650234465048,2.5033810063066708,0.99999999999999878,,,spectral,kmeans_raw,0,0,[],"{""cluster_qr"": 7.701849240699426, ""kmeans_norm"": 6.28610420099829, ""kmeans_raw"": 8.049650234465048}",,,,,,,,,,,,,
Actor,1,GRAPH_GEOMETRY_8,,formal,,AggregatePower,"{""q_after"": 6.0}",ok,7600,5,20,0.26092105263157889,0.00087889466384790001,0.0010406981569973999,0.1166232187300496,0.31228600000031292,0.0021514000109164001,,2.6464206113773852,1.0000000000000042,0.1021644790097485,,,spectral,kmeans_raw,0,0,[],"{""cluster_qr"": 2.623744606670485, ""kmeans_norm"": 1.930360518184518, ""kmeans_raw"": 2.646420611377385}",,,,,,,,,,,,,
Actor,1,GRAPH_GEOMETRY_8,,formal,,CA,{},ok,7600,5,20,0.26092105263157889,0.00087889466384790001,0.0010406981569973999,0.1166232187300496,0.31276590000197751,0.0020627000048989001,,2.6415188308956621,1.0000000000000042,0.3558108947303239,,,spectral,kmeans_raw,0,0,[],"{""cluster_qr"": 2.5730995216019146, ""kmeans_norm"": 2.2630357635710547, ""kmeans_raw"": 2.641518830895662}",,,,,,,,,,,,,
Actor,1,GRAPH_GEOMETRY_8,,formal,,LinearPair,"{""lambda"": 3.0}",ok,7600,5,20,0.26092105263157889,0.00087889466384790001,0.0010406981569973999,0.1166232187300496,0.39666080000461079,0.0023521999974035999,,8.297938030014496,2.5073364270784784,1.0000000000000042,1.469667195406289e-15,2.8204508711210168,spectral,kmeans_raw,0,0,[],"{""cluster_qr"": 8.032999333389599, ""kmeans_norm"": 6.039363666645954, ""kmeans_raw"": 8.297938030014496}",,,,,,,,,,,,,
Actor,1,GRAPH_GEOMETRY_8,,formal,,PSF-CE,"{""lambda"": 0.665, ""q"": 0.72}",ok,7600,5,20,0.26092105263157889,0.00087889466384790001,0.0010406981569973999,0.1166232187300496,0.30562840000493452,0.0021877000108361001,,3.9014863002775209,1.0000000000000042,0.58228556968634393,0.0020535585029319002,2.8496259770581425,spectral,kmeans_raw,0,0,[],"{""cluster_qr"": 3.7858639798636293, ""kmeans_norm"": 3.250098458448337, ""kmeans_raw"": 3.901486300277521}",,,,,,,,,,,,,
Actor,1,GRAPH_GEOMETRY_8,,formal,,Poly2,"{""eta"": 8.0}",ok,7600,5,20,0.26092105263157889,0.00087889466384790001,0.0010406981569973999,0.1166232187300496,0.34974399999191519,0.0022838000004411999,,8.378730833679942,2.5031693346749067,1.0000000000000042,,,spectral,kmeans_raw,0,0,[],"{""cluster_qr"": 8.079491804912292, ""kmeans_norm"": 6.160153630380792, ""kmeans_raw"": 8.378730833679942}",,,,,,,,,,,,,
Actor,2,GRAPH_GEOMETRY_8,,formal,,AggregatePower,"{""q_after"": 6.0}",ok,7600,5,20,0.26092105263157889,0.00087726069576429995,0.0010861730826212999,0.11651293603607531,0.28385180000623222,0.0028462000045692002,,2.5998817011274378,1.000000000000002,0.072972026036631499,,,spectral,kmeans_raw,0,0,[],"{""cluster_qr"": 2.5682299045590566, ""kmeans_norm"": 1.5278319325936796, ""kmeans_raw"": 2.5998817011274378}",,,,,,,,,,,,,
Actor,2,GRAPH_GEOMETRY_8,,formal,,CA,{},ok,7600,5,20,0.26092105263157889,0.00087726069576429995,0.0010861730826212999,0.11651293603607531,0.36942829999316018,0.0018976999999722,,2.591293703883518,1.000000000000002,0.33602133219734898,,,spectral,kmeans_raw,0,0,[],"{""cluster_qr"": 2.489469145473587, ""kmeans_norm"": 1.9907183359712382, ""kmeans_raw"": 2.591293703883518}",,,,,,,,,,,,,
Actor,2,GRAPH_GEOMETRY_8,,formal,,LinearPair,"{""lambda"": 3.0}",ok,7600,5,20,0.26092105263157889,0.00087726069576429995,0.0010861730826212999,0.11651293603607531,0.294432599999709,0.0018434000085107,,8.0650717096182785,2.5388542832185448,1.0000000000000018,3.7890149161471847e-15,2.862293631344234,spectral,kmeans_raw,0,0,[],"{""cluster_qr"": 7.67667735226242, ""kmeans_norm"": 4.635851136555999, ""kmeans_raw"": 8.065071709618278}",,,,,,,,,,,,,
Actor,2,GRAPH_GEOMETRY_8,,formal,,PSF-CE,"{""lambda"": 0.665, ""q"": 0.72}",ok,7600,5,20,0.26092105263157889,0.00087726069576429995,0.0010861730826212999,0.11651293603607531,0.29560260000289418,0.0028708000027108001,,3.8116927435927042,1.000000000000002,0.54115998412237043,0.0017978225156562999,2.8936459506307091,spectral,kmeans_raw,0,0,[],"{""cluster_qr"": 3.6206951506091185, ""kmeans_norm"": 2.588515979825983, ""kmeans_raw"": 3.8116927435927037}",,,,,,,,,,,,,
Actor,2,GRAPH_GEOMETRY_8,,formal,,Poly2,"{""eta"": 8.0}",ok,7600,5,20,0.26092105263157889,0.00087726069576429995,0.0010861730826212999,0.11651293603607531,0.32240349998755841,0.0022513999865623,,8.0724938306211627,2.504805805594704,1.0000000000000016,,,spectral,kmeans_raw,0,0,[],"{""cluster_qr"": 7.7818973535695015, ""kmeans_norm"": 4.728136231331461, ""kmeans_raw"": 8.072493830621163}",,,,,,,,,,,,,
Amazon Computers,0,MULTI_RELATION_7,,formal,,AggregatePower,"{""q_after"": 6.0}",ok,13752,10,20,0.53635834787667247,0.4608807666253677,0.31321515874524219,0.53317439732050309,1.8781744000007168,0.0068558999919332,,3.9668485931890478,1.6265155800034827,0.053169101147940399,,,spectral,kmeans_raw,0,0,[],"{""cluster_qr"": 3.9552094302890572, ""kmeans_norm"": 3.833739496087693, ""kmeans_raw"": 3.966848593189048}",,,,,,,,,,,,,
Amazon Computers,0,MULTI_RELATION_7,,formal,,CA,{},ok,13752,10,20,0.53635834787667247,0.4608807666253677,0.31321515874524219,0.53317439732050309,1.7869260000006759,0.012132200004998501,,4.9049741581679296,1,0.39501659993755051,,,spectral,kmeans_raw,0,0,[],"{""cluster_qr"": 4.659891882035807, ""kmeans_norm"": 4.517543466139478, ""kmeans_raw"": 4.90497415816793}",,,,,,,,,,,,,
Amazon Computers,0,MULTI_RELATION_7,,formal,,LinearPair,"{""lambda"": 3.0}",ok,13752,10,20,0.51527050610820246,0.46106039318434477,0.30800837483736471,0.52336426998479324,2.378763000000617,0.0086015999986556995,,17.653030491142705,3.8414447547978665,1.2126453258935903,9.3856867221262707e-16,2.1965980994820469,spectral,kmeans_raw,0,0,[],"{""cluster_qr"": 13.89310760088414, ""kmeans_norm"": 15.89196553420252, ""kmeans_raw"": 17.653030491142705}",,,,,,,,,,,,,
Amazon Computers,0,MULTI_RELATION_7,,formal,,PSF-CE,"{""lambda"": 0.665, ""q"": 0.72}",ok,13752,10,20,0.53570389761489234,0.46033354379805558,0.31230902657105669,0.53160333495408474,2.1336955000006128,0.010603199989418499,,7.7062354337389882,1.3762018956936248,0.61014444339947271,0.0034637067128802002,2.2333951465972137,spectral,kmeans_raw,0,0,[],"{""cluster_qr"": 7.394650499750287, ""kmeans_norm"": 7.035882795942562, ""kmeans_raw"": 7.706235433738988}",,,,,,,,,,,,,
Amazon Computers,0,MULTI_RELATION_7,,formal,,Poly2,"{""eta"": 8.0}",ok,13752,10,20,0.51527050610820246,0.46106039318434477,0.30800837483736471,0.52336426998479324,2.0402620999957435,0.0070482000010087999,,21.175228201735816,4.6026728746609935,1.4907278375262123,,,spectral,kmeans_raw,0,0,[],"{""cluster_qr"": 17.431717988337105, ""kmeans_norm"": 19.050632430747992, ""kmeans_raw"": 21.175228201735816}",,,,,,,,,,,,,
Amazon Computers,1,MULTI_RELATION_7,,formal,,AggregatePower,"{""q_after"": 6.0}",ok,13752,10,20,0.50065445026178013,0.44983088832236001,0.2998434482248451,0.47789602884406279,1.867602700003772,0.0071563999954377998,,3.9460884370253839,1.629659247534853,0.051517024060515497,,,spectral,kmeans_norm,0,0,[],"{""cluster_qr"": 3.884575684583516, ""kmeans_norm"": 3.9460884370253835, ""kmeans_raw"": 3.908052586982158}",,,,,,,,,,,,,
Amazon Computers,1,MULTI_RELATION_7,,formal,,CA,{},ok,13752,10,20,0.51701570680628273,0.45001893181700281,0.29533288171193017,0.52457825210876363,1.966125999999349,0.012690300005488001,,4.8525548394088531,1.0000000000000011,0.39036940944275189,,,spectral,kmeans_raw,0,0,[],"{""cluster_qr"": 4.767977877076659, ""kmeans_norm"": 4.783147320501121, ""kmeans_raw"": 4.852554839408853}",,,,,,,,,,,,,
Amazon Computers,1,MULTI_RELATION_7,,formal,,LinearPair,"{""lambda"": 3.0}",ok,13752,10,20,0.5028359511343804,0.45469430562580621,0.2968597330429999,0.52205657242178671,2.5116413999930955,0.014314000000013,,17.378504862737145,3.83444516570284,1.2046623137341701,1.3146807485126297e-15,2.2234375124058499,spectral,kmeans_raw,0,0,[],"{""cluster_qr"": 13.476306166760654, ""kmeans_norm"": 15.54169016276182, ""kmeans_raw"": 17.378504862737145}",,,,,,,,,,,,,
Amazon Computers,1,MULTI_RELATION_7,,formal,,PSF-CE,"{""lambda"": 0.665, ""q"": 0.72}",ok,13752,10,20,0.51716114019778936,0.44963990430317741,0.29392213215394758,0.52393154999508418,1.9527862999966601,0.0091898999962721998,,7.619072317012801,1.3700889471057172,0.60633163004093193,0.0036507312981323998,2.2633837438884461,spectral,kmeans_raw,0,0,[],"{""cluster_qr"": 7.254518461920402, ""kmeans_norm"": 7.5194976372057285, ""kmeans_raw"": 7.619072317012801}",,,,,,,,,,,,,
Amazon Computers,1,MULTI_RELATION_7,,formal,,Poly2,"{""eta"": 8.0}",ok,13752,10,20,0.5028359511343804,0.45469430562580621,0.2968597330429999,0.52205657242178671,2.7096029999956954,0.0096946999983629004,,20.666606795054207,4.5498092530451784,1.4691433758660133,,,spectral,kmeans_raw,0,0,[],"{""cluster_qr"": 16.254614775235737, ""kmeans_norm"": 18.467016666678262, ""kmeans_raw"": 20.666606795054207}",,,,,,,,,,,,,
Amazon Photo,0,MULTI_RELATION_7,,formal,,AggregatePower,"{""q_after"": 6.0}",ok,7650,8,20,0.59228758169934637,0.5398441715495762,0.36949060229286479,0.52160202487038154,0.61902749999717344,0.0041714999970281002,,4.0895204812498775,1.3139457738573019,0.14237351194084491,,,spectral,kmeans_raw,0,0,[],"{""cluster_qr"": 4.0206674978705506, ""kmeans_norm"": 3.936777584567677, ""kmeans_raw"": 4.0895204812498775}",,,,,,,,,,,,,
Amazon Photo,0,MULTI_RELATION_7,,formal,,CA,{},ok,7650,8,20,0.59228758169934637,0.5398441715495762,0.36949060229286479,0.52160202487038154,0.58430800000496674,0.0029804000078001002,,4.5936936448120882,1,0.46960450344897597,,,spectral,kmeans_raw,0,0,[],"{""cluster_qr"": 4.470338630754852, ""kmeans_norm"": 4.3465963876255405, ""kmeans_raw"": 4.593693644812088}",,,,,,,,,,,,,
Amazon Photo,0,MULTI_RELATION_7,,formal,,LinearPair,"{""lambda"": 3.0}",ok,7650,8,20,0.58888888888888891,0.55171171473619129,0.35608715093116389,0.52307752474169322,0.62692090000200551,0.0038348000089172001,,16.277458492380742,3.4831651572526137,1.3438421798268521,7.0668614739206012e-16,2.0711550417301643,spectral,kmeans_raw,0,0,[],"{""cluster_qr"": 13.848945011254258, ""kmeans_norm"": 15.149464321935513, ""kmeans_raw"": 16.27745849238074}",,,,,,,,,,,,,
Amazon Photo,0,MULTI_RELATION_7,,formal,,PSF-CE,"{""lambda"": 0.665, ""q"": 0.72}",ok,7650,8,20,0.59228758169934637,0.5399050843004729,0.36946906277333852,0.52161955561384465,0.56811769999330863,0.0037656999920727,,7.2004117062451432,1.2887430752201881,0.76271995532872439,0.0032393575935749999,2.0885495024518379,spectral,kmeans_raw,0,0,[],"{""cluster_qr"": 6.810565862707426, ""kmeans_norm"": 6.7591950423366605, ""kmeans_raw"": 7.200411706245143}",,,,,,,,,,,,,
Amazon Photo,0,MULTI_RELATION_7,,formal,,Poly2,"{""eta"": 8.0}",ok,7650,8,20,0.58888888888888891,0.55171171473619129,0.35608715093116389,0.52307752474169322,0.61538029999064747,0.0034807999909389001,,20.324406122575169,4.3807140585901214,1.7152998957562491,,,spectral,kmeans_raw,0,0,[],"{""cluster_qr"": 17.485867325841973, ""kmeans_norm"": 18.899537786333756, ""kmeans_raw"": 20.32440612257517}",,,,,,,,,,,,,
Amazon Photo,1,MULTI_RELATION_7,,formal,,AggregatePower,"{""q_after"": 6.0}",ok,7650,8,20,0.59032679738562088,0.54074971612200284,0.37044417391923601,0.52244560621682434,0.57610580000618938,0.0033675000013317002,,4.3285619971292908,1.2062286561561892,0.16909521700172039,,,spectral,cluster_qr,0,0,[],"{""cluster_qr"": 4.328561997129291, ""kmeans_norm"": 4.306986924021052, ""kmeans_raw"": 4.318576178776315}",,,,,,,,,,,,,
Amazon Photo,1,MULTI_RELATION_7,,formal,,CA,{},ok,7650,8,20,0.59163398692810454,0.54082172545965046,0.3704751833016291,0.52171842845290217,0.6041315000038594,0.0042385000124340001,,4.6483661381338122,0.99999999999999845,0.47779814129030118,,,spectral,kmeans_raw,0,0,[],"{""cluster_qr"": 4.239350403963055, ""kmeans_norm"": 4.560873464864285, ""kmeans_raw"": 4.648366138133812}",,,,,,,,,,,,,
Amazon Photo,1,MULTI_RELATION_7,,formal,,LinearPair,"{""lambda"": 3.0}",ok,7650,8,20,0.59176470588235297,0.54114002967413033,0.37062339579505288,0.52144804643726295,0.61449559999164194,0.0047714999964226998,,16.606611713208991,3.3080007337575381,1.3569404726311718,1.5725823299933353e-15,2.0614700032191418,spectral,kmeans_raw,0,0,[],"{""cluster_qr"": 14.037066124663681, ""kmeans_norm"": 15.228575257170533, ""kmeans_raw"": 16.60661171320899}",,,,,,,,,,,,,
Amazon Photo,1,MULTI_RELATION_7,,formal,,PSF-CE,"{""lambda"": 0.665, ""q"": 0.72}",ok,7650,8,20,0.5913725490196079,0.54018002718140767,0.37022304850973992,0.52131746584465888,0.57613250000576954,0.0035960999957751001,,7.3090857666286499,1.2370879163750823,0.78301637625897236,0.0030832604104198001,2.0772712067973318,spectral,kmeans_raw,0,0,[],"{""cluster_qr"": 7.105229887631274, ""kmeans_norm"": 7.172473228838182, ""kmeans_raw"": 7.30908576662865}",,,,,,,,,,,,,
Amazon Photo,1,MULTI_RELATION_7,,formal,,Poly2,"{""eta"": 8.0}",ok,7650,8,20,0.59176470588235297,0.54114002967413033,0.37062339579505288,0.52144804643726295,0.57168649999948684,0.0038292999961413001,,20.803720559200428,4.1786184619103937,1.7372946922370058,,,spectral,kmeans_raw,0,0,[],"{""cluster_qr"": 17.445852910043463, ""kmeans_norm"": 19.057917882681174, ""kmeans_raw"": 20.80372055920043}",,,,,,,,,,,,,
Amazon Computers,2,MULTI_RELATION_7,,formal,,AggregatePower,"{""q_after"": 6.0}",ok,13752,10,20,0.50530831878999416,0.4510145592083864,0.30235486062405159,0.4797110792136437,1.9025306999974416,0.0112052000040421,,4.0189748782755848,1.6109031444343256,0.050420265230290702,,,spectral,kmeans_norm,0,0,[],"{""cluster_qr"": 3.9484349561647942, ""kmeans_norm"": 4.018974878275585, ""kmeans_raw"": 3.965922846927994}",,,,,,,,,,,,,
Amazon Computers,2,MULTI_RELATION_7,,formal,,CA,{},ok,13752,10,20,0.52057882489819662,0.44572498395417548,0.29163788727295969,0.52526657697421286,1.830036999992444,0.0088765999971656007,,4.9005533356756068,1.0000000000000009,0.39139372768711039,,,spectral,kmeans_raw,0,0,[],"{""cluster_qr"": 4.644803343265011, ""kmeans_norm"": 4.8438556313795065, ""kmeans_raw"": 4.900553335675607}",,,,,,,,,,,,,
Amazon Computers,2,MULTI_RELATION_7,,formal,,LinearPair,"{""lambda"": 3.0}",ok,13752,10,20,0.49447353112274578,0.44228039714031159,0.28602879933947878,0.51905329976174042,2.3791650999919511,0.0100466000003507,,17.589758419640237,3.8357211679548882,1.1839924748567676,1.0791836852836876e-15,2.2025729358556783,spectral,kmeans_raw,0,0,[],"{""cluster_qr"": 14.184418863194052, ""kmeans_norm"": 15.734899631206067, ""kmeans_raw"": 17.589758419640237}",,,,,,,,,,,,,
Amazon Computers,2,MULTI_RELATION_7,,formal,,PSF-CE,"{""lambda"": 0.665, ""q"": 0.72}",ok,13752,10,20,0.51912449098312974,0.44419200056728181,0.28926344186435249,0.52352065699384775,1.9958916000032327,0.0113449999917065,,7.7010438666606964,1.3734026019860996,0.60272582295985122,0.0036074056830554002,2.23984510789606,spectral,kmeans_raw,0,0,[],"{""cluster_qr"": 7.541574060357347, ""kmeans_norm"": 7.627150157756252, ""kmeans_raw"": 7.701043866660696}",,,,,,,,,,,,,
Amazon Computers,2,MULTI_RELATION_7,,formal,,Poly2,"{""eta"": 8.0}",ok,13752,10,20,0.49447353112274578,0.44228039714031159,0.28602879933947878,0.51905329976174042,2.1802439000020968,0.0084676000114994997,,21.057020978772499,4.5859131338576296,1.4538180289958855,,,spectral,kmeans_raw,0,0,[],"{""cluster_qr"": 17.129714799148033, ""kmeans_norm"": 18.823469904768057, ""kmeans_raw"": 21.0570209787725}",,,,,,,,,,,,,
BBC News Sport,0,BKCC_V2,,formal,,AggregatePower,"{""q_after"": 6.0}",ok,737,5,20,0.3812754409769335,0.23210410649476271,0.1002137448844089,0.3015773740983036,0.1198575000016717,0.0034453999978723,,4.7088999879637363,1.6983744552869069,0.66254507428981713,,,spectral,kmeans_raw,0,0,[],"{""cluster_qr"": 4.61702948199196, ""kmeans_norm"": 3.634579155659496, ""kmeans_raw"": 4.708899987963736}",,,,,,,,,,,,,
BBC News Sport,0,BKCC_V2,,formal,,CA,{},ok,737,5,20,0.3812754409769335,0.23210410649476271,0.1002137448844089,0.3015773740983036,0.11618209999869571,0.0043767999886767002,,3.7631193872609519,0.999999999999999,0.71287821814774466,,,spectral,kmeans_raw,0,0,[],"{""cluster_qr"": 3.6989568540517963, ""kmeans_norm"": 3.3264787659585693, ""kmeans_raw"": 3.763119387260952}",,,,,,,,,,,,,
BBC News Sport,0,BKCC_V2,,formal,,LinearPair,"{""lambda"": 3.0}",ok,737,5,20,0.37449118046132968,0.18967445429725949,0.050942002322119297,0.31916291414646081,0.1095853000006172,0.0037148000119486,,13.695804906761831,4.2325620464909006,2.6325508479973991,2.328373555419601e-16,1.6460712156370318,spectral,kmeans_raw,0,0,[],"{""cluster_qr"": 10.12524529243876, ""kmeans_norm"": 11.447451155185496, ""kmeans_raw"": 13.69580490676183}",,,,,,,,,,,,,
BBC News Sport,0,BKCC_V2,,formal,,PSF-CE,"{""lambda"": 0.665, ""q"": 0.72}",ok,737,5,20,0.37449118046132968,0.18967445429725949,0.050942002322119297,0.31916291414646081,0.1098828000103822,0.0038567000010516,,5.9320148687580954,1.5766196774145778,1.0909217209071478,0.0024529348499625001,1.6636847672450976,spectral,kmeans_raw,0,0,[],"{""cluster_qr"": 5.045328557733726, ""kmeans_norm"": 5.181461887819181, ""kmeans_raw"": 5.932014868758095}",,,,,,,,,,,,,
BBC News Sport,0,BKCC_V2,,formal,,Poly2,"{""eta"": 8.0}",ok,737,5,20,0.37449118046132968,0.18967445429725949,0.050942002322119297,0.31916291414646081,0.11033749999478459,0.0037196000048425001,,20.157536896557023,6.3980522126297661,3.9620141225784709,,,spectral,kmeans_raw,0,0,[],"{""cluster_qr"": 15.677171336211638, ""kmeans_norm"": 16.744455085304, ""kmeans_raw"": 20.157536896557026}",,,,,,,,,,,,,
BBC News Sport,1,BKCC_V2,,formal,,AggregatePower,"{""q_after"": 6.0}",ok,737,5,20,0.50203527815468119,0.33064483450412741,0.13718644100228061,0.52641221501720548,0.10923509999702211,0.0040931999974417998,,4.3114984080795029,1.9196510353497755,0.57083707482078427,,,spectral,kmeans_raw,0,0,[],"{""cluster_qr"": 4.263333594622276, ""kmeans_norm"": 4.261501257007156, ""kmeans_raw"": 4.311498408079503}",,,,,,,,,,,,,
BBC News Sport,1,BKCC_V2,,formal,,CA,{},ok,737,5,20,0.50203527815468119,0.33064483450412741,0.13718644100228061,0.52641221501720548,0.10654019999492439,0.0045979999995323997,,3.6115018785639288,0.999999999999999,0.68854152177686012,,,spectral,kmeans_raw,0,0,[],"{""cluster_qr"": 3.5693589421080913, ""kmeans_norm"": 3.609311748164254, ""kmeans_raw"": 3.611501878563929}",,,,,,,,,,,,,
BBC News Sport,1,BKCC_V2,,formal,,LinearPair,"{""lambda"": 3.0}",ok,737,5,20,0.43554952510176392,0.26679945908578978,0.083255310414426006,0.40648378627271742,0.10893499999656341,0.0051296000019646999,,13.170024878552018,4.4001159650253294,2.7099438905308801,1.716079038912859e-16,1.6860023690448032,spectral,kmeans_raw,0,0,[],"{""cluster_qr"": 11.335255225219127, ""kmeans_norm"": 12.509504357243777, ""kmeans_raw"": 13.170024878552018}",,,,,,,,,,,,,
BBC News Sport,1,BKCC_V2,,formal,,PSF-CE,"{""lambda"": 0.665, ""q"": 0.72}",ok,737,5,20,0.43554952510176392,0.26679945908578973,0.083255310414426006,0.40648378627271742,0.10318829999596341,0.0038525999989359998,,5.7637036016098868,1.6192212216666433,1.111724450246701,0.0020132722566371,1.6998225303730297,spectral,kmeans_raw,0,0,[],"{""cluster_qr"": 5.195824093819176, ""kmeans_norm"": 5.53303353788532, ""kmeans_raw"": 5.763703601609887}",,,,,,,,,,,,,
BBC News Sport,1,BKCC_V2,,formal,,Poly2,"{""eta"": 8.0}",ok,737,5,20,0.43554952510176392,0.26679945908578978,0.083255310414426006,0.40648378627271742,0.098967400001129094,0.0039259999903151002,,19.014382712439861,6.5250312656757243,4.005427345773005,,,spectral,kmeans_raw,0,0,[],"{""cluster_qr"": 16.862760403514667, ""kmeans_norm"": 18.032371764515354, ""kmeans_raw"": 19.01438271243986}",,,,,,,,,,,,,
Amazon Photo,2,MULTI_RELATION_7,,formal,,AggregatePower,"{""q_after"": 6.0}",ok,7650,8,20,0.59019607843137256,0.53942548043503447,0.3691174235269814,0.51989240341729159,0.60519190000195522,0.0038551000034202998,,4.259179207064884,1.2874648598092715,0.17418519361704429,,,spectral,kmeans_raw,0,0,[],"{""cluster_qr"": 4.254506498506475, ""kmeans_norm"": 4.242842885476364, ""kmeans_raw"": 4.259179207064884}",,,,,,,,,,,,,
Amazon Photo,2,MULTI_RELATION_7,,formal,,CA,{},ok,7650,8,20,0.59019607843137256,0.53942548043503447,0.3691174235269814,0.51989240341729159,0.61675830000604037,0.0036744999961228998,,4.6348596108891513,1.0000000000000038,0.47978152423274317,,,spectral,kmeans_raw,0,0,[],"{""cluster_qr"": 4.490849220999131, ""kmeans_norm"": 4.5487728875224285, ""kmeans_raw"": 4.634859610889151}",,,,,,,,,,,,,
Amazon Photo,2,MULTI_RELATION_7,,formal,,LinearPair,"{""lambda"": 3.0}",ok,7650,8,20,0.59045751633986931,0.54051696048349862,0.36914576368387148,0.52004190701563391,0.66770269999688026,0.0036487999896052999,,16.556851688681661,3.3875567000937119,1.3522312733419923,4.0514252482363343e-16,2.0743503871985589,spectral,kmeans_raw,0,0,[],"{""cluster_qr"": 13.569983032232674, ""kmeans_norm"": 15.234967477328166, ""kmeans_raw"": 16.55685168868166}",,,,,,,,,,,,,
Amazon Photo,2,MULTI_RELATION_7,,formal,,PSF-CE,"{""lambda"": 0.665, ""q"": 0.72}",ok,7650,8,20,0.59019607843137256,0.53984031235815833,0.36921451028290497,0.5199450448698687,0.62994990000152029,0.0048217000003204996,,7.2878949835000384,1.2566899293582361,0.78826750809242885,0.0032556614248372999,2.090853279733238,spectral,kmeans_raw,0,0,[],"{""cluster_qr"": 7.183536154023608, ""kmeans_norm"": 7.156446138363714, ""kmeans_raw"": 7.287894983500038}",,,,,,,,,,,,,
Amazon Photo,2,MULTI_RELATION_7,,formal,,Poly2,"{""eta"": 8.0}",ok,7650,8,20,0.59045751633986931,0.54051696048349862,0.36914576368387148,0.52004190701563391,0.69871370001055766,0.0051082999998469996,,20.649190158279268,4.2567920109259179,1.7239831526184886,,,spectral,kmeans_raw,0,0,[],"{""cluster_qr"": 17.538362681867575, ""kmeans_norm"": 18.98332593501616, ""kmeans_raw"": 20.649190158279268}",,,,,,,,,,,,,
BBC News Sport,2,BKCC_V2,,formal,,AggregatePower,"{""q_after"": 6.0}",ok,737,5,20,0.48710990502035278,0.33447281824036268,0.18617481243689959,0.44186384779851778,0.125575400001253,0.0044330999953672004,,4.2509094376700665,2.0449680954305678,0.48617936163947501,,,spectral,kmeans_raw,0,0,[],"{""cluster_qr"": 4.12976312510398, ""kmeans_norm"": 3.897986299041805, ""kmeans_raw"": 4.2509094376700665}",,,,,,,,,,,,,
BBC News Sport,2,BKCC_V2,,formal,,CA,{},ok,737,5,20,0.48710990502035278,0.33447281824036268,0.18617481243689959,0.44186384779851778,0.1246370000008028,0.0048357999912694996,,3.5537677031862942,0.99999999999999922,0.65655536215202071,,,spectral,kmeans_raw,0,0,[],"{""cluster_qr"": 3.4769685295001302, ""kmeans_norm"": 3.2112589328589607, ""kmeans_raw"": 3.553767703186294}",,,,,,,,,,,,,
BBC News Sport,2,BKCC_V2,,formal,,LinearPair,"{""lambda"": 3.0}",ok,737,5,20,0.53324287652645863,0.32723512445812819,0.1844157870367322,0.49667096165306718,0.1259687999991001,0.0049010999937307998,,12.763056640820412,4.5154343301636031,2.660456871784441,1.4173719890109662e-16,1.7821247461354142,spectral,kmeans_raw,0,0,[],"{""cluster_qr"": 9.662029647614794, ""kmeans_norm"": 12.362074191080024, ""kmeans_raw"": 12.763056640820412}",,,,,,,,,,,,,
BBC News Sport,2,BKCC_V2,,formal,,PSF-CE,"{""lambda"": 0.665, ""q"": 0.72}",ok,737,5,20,0.39891451831750341,0.1690014928410016,0.053278585708345302,0.30863729693260661,0.1221624000027077,0.0061319999949773002,,5.4807387780261996,1.6393580471741229,1.081281735638141,0.0019791177836696,1.7953026424562932,spectral,kmeans_raw,0,0,[],"{""cluster_qr"": 4.77893660858721, ""kmeans_norm"": 5.435125547095604, ""kmeans_raw"": 5.4807387780262}",,,,,,,,,,,,,
BBC News Sport,2,BKCC_V2,,formal,,Poly2,"{""eta"": 8.0}",ok,737,5,20,0.53324287652645863,0.32723512445812819,0.1844157870367322,0.49667096165306718,0.11045169999124479,0.0043982999923173,,17.666905335466403,6.4008441464233101,3.768415073687597,,,spectral,kmeans_raw,0,0,[],"{""cluster_qr"": 13.241553731193918, ""kmeans_norm"": 17.098432563157328, ""kmeans_raw"": 17.666905335466403}",,,,,,,,,,,,,
BBC-MV,0,TEXT_MV,,formal,,AggregatePower,"{""q_after"": 6.0}",ok,685,5,20,0.32992700729926999,0.0106854001133137,-0.00069326234738199995,0.1059053382674903,0.11715869999898131,0.0011072000052081,,2.4799998400573355,1.0000000000000011,0.035492913798358602,,,spectral,kmeans_raw,0,0,[],"{""cluster_qr"": 2.1548472519132114, ""kmeans_norm"": 1.759044631248243, ""kmeans_raw"": 2.4799998400573355}",,,,,,,,,,,,,
BBC-MV,0,TEXT_MV,,formal,,CA,{},ok,685,5,20,0.32992700729926999,0.0106854001133137,-0.00069326234738199995,0.1059053382674903,0.123654399998486,0.0010447000095154999,,2.5412661965852594,1.0000000000000016,0.28629598427942349,,,spectral,kmeans_raw,0,0,[],"{""cluster_qr"": 2.2962965286242083, ""kmeans_norm"": 1.8914101407157768, ""kmeans_raw"": 2.5412661965852594}",,,,,,,,,,,,,
BBC-MV,0,TEXT_MV,,formal,,LinearPair,"{""lambda"": 3.0}",ok,685,5,20,0.32992700729926999,0.0106854001133137,-0.00069326234738199995,0.1059053382674903,0.1081723999959649,0.0010339000000384999,,7.8559833783220716,2.5237209728594974,0.9439359964902444,2.1375600985848627e-16,3.0783569843518825,spectral,kmeans_raw,0,0,[],"{""cluster_qr"": 6.93929016601339, ""kmeans_norm"": 4.5893710980601865, ""kmeans_raw"": 7.855983378322072}",,,,,,,,,,,,,
BBC-MV,0,TEXT_MV,,formal,,PSF-CE,"{""lambda"": 0.665, ""q"": 0.72}",ok,685,5,20,0.32992700729926999,0.0106854001133137,-0.00069326234738199995,0.1059053382674903,0.1101429999980609,0.0010615000064717001,,3.7150946575496788,1.0000000000000016,0.43231123717580938,0.0046498289915469001,3.1039332036075544,spectral,kmeans_raw,0,0,[],"{""cluster_qr"": 2.9212992039026786, ""kmeans_norm"": 1.8403897085409946, ""kmeans_raw"": 3.715094657549679}",,,,,,,,,,,,,
BBC-MV,0,TEXT_MV,,formal,,Poly2,"{""eta"": 8.0}",ok,685,5,20,0.32992700729926999,0.0106854001133137,-0.00069326234738199995,0.1059053382674903,0.1027981000079307,0.00085779999790240005,,7.5315182356511636,2.3560565621783423,0.94201910919561405,,,spectral,kmeans_raw,0,0,[],"{""cluster_qr"": 5.582976564251668, ""kmeans_norm"": 4.468260687495494, ""kmeans_raw"": 7.531518235651164}",,,,,,,,,,,,,
BBC-MV,1,TEXT_MV,,formal,,AggregatePower,"{""q_after"": 6.0}",ok,685,5,20,0.32992700729926999,0.0154017697119373,0.0027410570017182001,0.1188705591597158,0.1047891000052914,0.00073470000643279995,,2.1620917374812945,0.999999999999998,0.0038348723915409,,,spectral,kmeans_raw,0,0,[],"{""cluster_qr"": 2.08213540074905, ""kmeans_norm"": 1.3275155005925938, ""kmeans_raw"": 2.1620917374812945}",,,,,,,,,,,,,
BBC-MV,1,TEXT_MV,,formal,,CA,{},ok,685,5,20,0.32992700729926999,0.0154017697119373,0.0027410570017182001,0.1188705591597158,0.130199100007303,0.0011003999970852999,,2.4915349732422407,0.999999999999998,0.22265721273504491,,,spectral,kmeans_raw,0,0,[],"{""cluster_qr"": 2.131274188600975, ""kmeans_norm"": 1.6168003497080754, ""kmeans_raw"": 2.4915349732422407}",,,,,,,,,,,,,
BBC-MV,1,TEXT_MV,,formal,,LinearPair,"{""lambda"": 3.0}",ok,685,5,20,0.32992700729926999,0.0154017697119373,0.0027410570017182001,0.1188705591597158,0.13731200000620439,0.0010609000019029999,,7.3591306226217048,3.0661312665305323,0.55859601656577074,2.8312477636482593e-16,2.7672030533900545,spectral,kmeans_raw,0,0,[],"{""cluster_qr"": 5.983218863112827, ""kmeans_norm"": 3.16851070563635, ""kmeans_raw"": 7.359130622621705}",,,,,,,,,,,,,
BBC-MV,1,TEXT_MV,,formal,,PSF-CE,"{""lambda"": 0.665, ""q"": 0.72}",ok,685,5,20,0.32992700729926999,0.0154017697119373,0.0027410570017182001,0.1188705591597158,0.12638290000904809,0.0010309000062988999,,3.5787254828668962,1.1100512772180289,0.30366972818598881,0.0043270479626376004,2.830831917853005,spectral,kmeans_raw,0,0,[],"{""cluster_qr"": 2.991619796207104, ""kmeans_norm"": 1.913772076164631, ""kmeans_raw"": 3.578725482866896}",,,,,,,,,,,,,
BBC-MV,1,TEXT_MV,,formal,,Poly2,"{""eta"": 8.0}",ok,685,5,20,0.32992700729926999,0.0154017697119373,0.0027410570017182001,0.1188705591597158,0.11260190000757569,0.0010235000081592999,,7.5443605501400173,3.0788126708702923,0.61926708779855777,,,spectral,kmeans_raw,0,0,[],"{""cluster_qr"": 6.110182055219279, ""kmeans_norm"": 3.2840882948833032, ""kmeans_raw"": 7.544360550140017}",,,,,,,,,,,,,
BBC-MV,2,TEXT_MV,,formal,,AggregatePower,"{""q_after"": 6.0}",ok,685,5,20,0.33138686131386857,0.0164056816277134,0.0034702039349120998,0.11940480257076271,0.10016079999331851,0.00088279999908989998,,2.2012350840204729,1.0000000000000009,0.0076973990014548004,,,spectral,kmeans_raw,0,0,[],"{""cluster_qr"": 2.119739012411316, ""kmeans_norm"": 1.3893282821469397, ""kmeans_raw"": 2.201235084020473}",,,,,,,,,,,,,
BBC-MV,2,TEXT_MV,,formal,,CA,{},ok,685,5,20,0.33138686131386857,0.0164056816277134,0.0034702039349120998,0.11940480257076271,0.1113537000055657,0.001078300003428,,2.5294484268886892,1.0000000000000004,0.24951714338313941,,,spectral,kmeans_raw,0,0,[],"{""cluster_qr"": 2.283118255196385, ""kmeans_norm"": 1.6434236216540534, ""kmeans_raw"": 2.529448426888689}",,,,,,,,,,,,,
BBC-MV,2,TEXT_MV,,formal,,LinearPair,"{""lambda"": 3.0}",ok,685,5,20,0.33138686131386857,0.0164056816277134,0.0034702039349120998,0.11940480257076271,0.11077600000135129,0.00099580000096459995,,7.5245635381039842,3.0623703884754887,0.68353913355515783,3.8057354092672844e-16,2.760790658495976,spectral,kmeans_raw,0,0,[],"{""cluster_qr"": 6.564598399707368, ""kmeans_norm"": 3.299053842552828, ""kmeans_raw"": 7.524563538103984}",,,,,,,,,,,,,
BBC-MV,2,TEXT_MV,,formal,,PSF-CE,"{""lambda"": 0.665, ""q"": 0.72}",ok,685,5,20,0.33138686131386857,0.0164056816277134,0.0034702039349120998,0.11940480257076271,0.094204599998192806,0.00087570000323459996,,3.6414685058734761,1.1120220113322257,0.35137731739538791,0.0049604546516923004,2.8046623763325811,spectral,kmeans_raw,0,0,[],"{""cluster_qr"": 3.2256265000721007, ""kmeans_norm"": 1.9995930277601632, ""kmeans_raw"": 3.641468505873476}",,,,,,,,,,,,,
BBC-MV,2,TEXT_MV,,formal,,Poly2,"{""eta"": 8.0}",ok,685,5,20,0.33138686131386857,0.0164056816277134,0.0034702039349120998,0.11940480257076271,0.1062247999943792,0.00077529999543909998,,7.7248030050351373,3.0807837591276157,0.74758758211979748,,,spectral,kmeans_raw,0,0,[],"{""cluster_qr"": 6.679324348763361, ""kmeans_norm"": 3.4200184463396024, ""kmeans_raw"": 7.724803005035137}",,,,,,,,,,,,,
BBCSport-MV,0,TEXT_MV,,formal,,AggregatePower,"{""q_after"": 6.0}",ok,544,5,20,0.49448529411764708,0.26078523148027682,0.090382064435617998,0.35263993284344808,0.1175903999974252,0.0011126999888801,,2.1285996721646501,1.0000000000000024,0.091516371847388894,,,spectral,kmeans_raw,0,0,[],"{""cluster_qr"": 2.0832874377672517, ""kmeans_norm"": 1.9064646953364779, ""kmeans_raw"": 2.12859967216465}",,,,,,,,,,,,,
BBCSport-MV,0,TEXT_MV,,formal,,CA,{},ok,544,5,20,0.49448529411764708,0.26078523148027682,0.090382064435617998,0.35263993284344808,0.11593800000264309,0.0011663999903248001,,2.1204129717327378,1.0000000000000024,0.2553402299733179,,,spectral,kmeans_raw,0,0,[],"{""cluster_qr"": 2.0591331387065113, ""kmeans_norm"": 1.8247335394591824, ""kmeans_raw"": 2.120412971732738}",,,,,,,,,,,,,
BBCSport-MV,0,TEXT_MV,,formal,,LinearPair,"{""lambda"": 3.0}",ok,544,5,20,0.49448529411764708,0.26078523148027682,0.090382064435617998,0.35263993284344808,0.10652260000642851,0.00092880000011060003,,6.3952479413986447,2.197144048337059,1.0000000000000024,6.9936480233866129e-16,4.9027431738705518,spectral,kmeans_raw,0,0,[],"{""cluster_qr"": 6.090426107829968, ""kmeans_norm"": 4.906969067019777, ""kmeans_raw"": 6.395247941398645}",,,,,,,,,,,,,
BBCSport-MV,0,TEXT_MV,,formal,,PSF-CE,"{""lambda"": 0.665, ""q"": 0.72}",ok,544,5,20,0.49448529411764708,0.26078523148027682,0.090382064435617998,0.35263993284344808,0.1201040999876568,0.0010578999936113999,,3.0627538498628342,1.0000000000000024,0.4359518564790521,0.0056642590732949999,4.9100422426594497,spectral,kmeans_raw,0,0,[],"{""cluster_qr"": 2.947426926652291, ""kmeans_norm"": 2.50159651717576, ""kmeans_raw"": 3.062753849862834}",,,,,,,,,,,,,
BBCSport-MV,0,TEXT_MV,,formal,,Poly2,"{""eta"": 8.0}",ok,544,5,20,0.49448529411764708,0.26078523148027682,0.090382064435617998,0.35263993284344808,0.1084654000005684,0.0010006999946199,,4.7774603186572691,1.4616660030048996,0.77692929431593316,,,spectral,kmeans_raw,0,0,[],"{""cluster_qr"": 4.635896735662064, ""kmeans_norm"": 3.747272077828194, ""kmeans_raw"": 4.777460318657269}",,,,,,,,,,,,,
BBCSport-MV,1,TEXT_MV,,formal,,AggregatePower,"{""q_after"": 6.0}",ok,544,5,20,0.48713235294117641,0.24876985318100761,0.082679018690724804,0.34657251857895782,0.095630499999970198,0.00114969999413,,2.1582200170728805,1.0000000000000016,0.028645644847971399,,,spectral,kmeans_raw,0,0,[],"{""cluster_qr"": 2.1457529464779683, ""kmeans_norm"": 2.145685564727961, ""kmeans_raw"": 2.1582200170728805}",,,,,,,,,,,,,
BBCSport-MV,1,TEXT_MV,,formal,,CA,{},ok,544,5,20,0.48713235294117641,0.24876985318100761,0.082679018690724804,0.34657251857895782,0.098756299994420205,0.0011624999897321001,,2.2354016666007239,1.0000000000000016,0.24551780281942551,,,spectral,kmeans_raw,0,0,[],"{""cluster_qr"": 2.1705577958705806, ""kmeans_norm"": 2.1778378101362534, ""kmeans_raw"": 2.235401666600724}",,,,,,,,,,,,,
BBCSport-MV,1,TEXT_MV,,formal,,LinearPair,"{""lambda"": 3.0}",ok,544,5,20,0.48713235294117641,0.24876985318100761,0.082679018690724804,0.34657251857895782,0.083467099990229998,0.0012423000007402,,6.6167239085049498,2.449826147706196,0.83126007027012538,1.0818418835257691e-15,3.8640222423787538,spectral,kmeans_raw,0,0,[],"{""cluster_qr"": 6.367933256392986, ""kmeans_norm"": 6.399449662467256, ""kmeans_raw"": 6.61672390850495}",,,,,,,,,,,,,
BBCSport-MV,1,TEXT_MV,,formal,,PSF-CE,"{""lambda"": 0.665, ""q"": 0.72}",ok,544,5,20,0.48713235294117641,0.24876985318100761,0.082679018690724804,0.34657251857895782,0.084644700007629498,0.0012123000051360001,,3.2048963520877729,1.0000000000000016,0.37595726945529168,0.0053223616185118002,3.9149389320705943,spectral,kmeans_raw,0,0,[],"{""cluster_qr"": 3.1338957659632736, ""kmeans_norm"": 3.1338957659632736, ""kmeans_raw"": 3.204896352087773}",,,,,,,,,,,,,
BBCSport-MV,1,TEXT_MV,,formal,,Poly2,"{""eta"": 8.0}",ok,544,5,20,0.48713235294117641,0.24876985318100761,0.082679018690724804,0.34657251857895782,0.090341799994348507,0.0011318999895593,,5.6020483033677699,1.9280128847124949,0.72774973482965244,,,spectral,kmeans_raw,0,0,[],"{""cluster_qr"": 5.444528272382996, ""kmeans_norm"": 5.4167494517817465, ""kmeans_raw"": 5.60204830336777}",,,,,,,,,,,,,
BBCSport-MV,2,TEXT_MV,,formal,,AggregatePower,"{""q_after"": 6.0}",ok,544,5,20,0.48529411764705882,0.25480334154568851,0.090131569528124594,0.33774451932760091,0.1026557000004686,0.001160500003607,,2.2630398048068758,1.0000000000000031,0.040829412602062402,,,spectral,kmeans_raw,0,0,[],"{""cluster_qr"": 2.1641101308386363, ""kmeans_norm"": 2.181538007014306, ""kmeans_raw"": 2.263039804806876}",,,,,,,,,,,,,
BBCSport-MV,2,TEXT_MV,,formal,,CA,{},ok,544,5,20,0.48529411764705882,0.25480334154568851,0.090131569528124594,0.33774451932760091,0.1067773999966448,0.0012408999900799,,2.2223297203972194,1.0000000000000031,0.24584853585135871,,,spectral,kmeans_raw,0,0,[],"{""cluster_qr"": 2.113881028447902, ""kmeans_norm"": 1.997115359431286, ""kmeans_raw"": 2.2223297203972194}",,,,,,,,,,,,,
BBCSport-MV,2,TEXT_MV,,formal,,LinearPair,"{""lambda"": 3.0}",ok,544,5,20,0.48529411764705882,0.25480334154568851,0.090131569528124594,0.33774451932760091,0.1100834000098984,0.0011608000058913001,,6.6777520448732535,2.2644443279341178,0.8625546590625619,6.6521096870119558e-16,4.0559505900245822,spectral,kmeans_raw,0,0,[],"{""cluster_qr"": 6.009236449126118, ""kmeans_norm"": 5.780254972296029, ""kmeans_raw"": 6.6777520448732535}",,,,,,,,,,,,,
BBCSport-MV,2,TEXT_MV,,formal,,PSF-CE,"{""lambda"": 0.665, ""q"": 0.72}",ok,544,5,20,0.48529411764705882,0.25480334154568851,0.090131569528124594,0.33774451932760091,0.10420159999921449,0.0013490000128513,,3.2097237478702128,1.0000000000000031,0.38350797457606478,0.005648726993399,4.1032483744133623,spectral,kmeans_raw,0,0,[],"{""cluster_qr"": 2.855147523259038, ""kmeans_norm"": 2.8367400846367476, ""kmeans_raw"": 3.2097237478702128}",,,,,,,,,,,,,
BBCSport-MV,2,TEXT_MV,,formal,,Poly2,"{""eta"": 8.0}",ok,544,5,20,0.48529411764705882,0.25480334154568851,0.090131569528124594,0.33774451932760091,0.1053987999912351,0.0012424999877111,,5.4941036669462218,1.7296958383207377,0.72938055649341282,,,spectral,kmeans_raw,0,0,[],"{""cluster_qr"": 5.254638562824288, ""kmeans_norm"": 4.758898001862162, ""kmeans_raw"": 5.494103666946222}",,,,,,,,,,,,,
100Leaves,0,MULTI_RELATION_7,,formal,,AggregatePower,"{""q_after"": 6.0}",ok,1600,100,20,0.83250000000000002,0.92131368339609121,0.63872325344546999,0.83002512304645903,5.6217262999998638,0.69220910000149161,,31.478145336207312,3.6471741096060808,0.0096785485062695995,,,spectral,kmeans_raw,0,0,[],"{""cluster_qr"": 31.369350557723692, ""kmeans_norm"": 31.34801224119829, ""kmeans_raw"": 31.478145336207312}",,,,,,,,,,,,,
100Leaves,0,MULTI_RELATION_7,,formal,,CA,{},ok,1600,100,20,0.83250000000000002,0.92131368339609121,0.63872325344546999,0.83002512304645903,5.2481307999987621,0.64798249999876134,,47.963670686318082,1.0000000000000031,0.34686368969817472,,,spectral,kmeans_raw,0,0,[],"{""cluster_qr"": 47.004400083095824, ""kmeans_norm"": 46.95652602710805, ""kmeans_raw"": 47.96367068631808}",,,,,,,,,,,,,
100Leaves,0,MULTI_RELATION_7,,formal,,LinearPair,"{""lambda"": 3.0}",ok,1600,100,20,0.83250000000000002,0.92131368339609121,0.63872325344546999,0.83002512304645903,5.2245001999981469,0.68838519998826087,,191.78829676977492,5.7867147310349951,0.954675080556601,5.3378491302472554e-17,1.8691978160669329,spectral,kmeans_raw,0,0,[],"{""cluster_qr"": 188.54518896978817, ""kmeans_norm"": 188.13279234074582, ""kmeans_raw"": 191.78829676977495}",,,,,,,,,,,,,
100Leaves,0,MULTI_RELATION_7,,formal,,PSF-CE,"{""lambda"": 0.665, ""q"": 0.72}",ok,1600,100,20,0.82437499999999997,0.92448289798602157,0.65134726180763469,0.81969258203187223,5.2931164000037834,0.65615830000024289,,80.140816155272972,1.9400256896610339,0.48756057254387603,0.0009928211641087,1.9159895831644944,spectral,kmeans_raw,0,0,[],"{""cluster_qr"": 78.17077873072763, ""kmeans_norm"": 78.7037551610201, ""kmeans_raw"": 80.14081615527297}",,,,,,,,,,,,,
100Leaves,0,MULTI_RELATION_7,,formal,,Poly2,"{""eta"": 8.0}",ok,1600,100,20,0.81125000000000003,0.92104867379245081,0.58951053237808793,0.81010877749958055,4.293670299986843,0.73623699999006931,,261.28411072751578,7.8844292887026874,1.2827035067857908,,,spectral,kmeans_raw,0,0,[],"{""cluster_qr"": 256.6989266339443, ""kmeans_norm"": 257.40890109843303, ""kmeans_raw"": 261.2841107275158}",,,,,,,,,,,,,
100Leaves,1,MULTI_RELATION_7,,formal,,AggregatePower,"{""q_after"": 6.0}",ok,1600,100,20,0.89687499999999998,0.94922806758870681,0.85192076381229387,0.88509896693109724,6.0543674000073224,0.67341780000424478,,31.758099150564156,3.7453345721647562,0.0094861036922225996,,,spectral,kmeans_norm,0,0,[],"{""cluster_qr"": 30.908016724342176, ""kmeans_norm"": 31.758099150564153, ""kmeans_raw"": 31.250819399061946}",,,,,,,,,,,,,
100Leaves,1,MULTI_RELATION_7,,formal,,CA,{},ok,1600,100,20,0.80000000000000004,0.92062018568545401,0.6356637735607239,0.78403882113588497,5.8728721000079531,0.63702219999686349,,47.359722906320421,0.99999999999999878,0.34427269222797557,,,spectral,kmeans_raw,0,0,[],"{""cluster_qr"": 46.30643810110029, ""kmeans_norm"": 46.7214655487915, ""kmeans_raw"": 47.35972290632042}",,,,,,,,,,,,,
100Leaves,1,MULTI_RELATION_7,,formal,,LinearPair,"{""lambda"": 3.0}",ok,1600,100,20,0.80000000000000004,0.92062018568545401,0.6356637735607239,0.78403882113588497,5.2056692000041949,0.64361530001042411,,188.83680940903079,5.8079943058041827,0.94452753836104275,5.2123815550164427e-17,1.876227457377887,spectral,kmeans_raw,0,0,[],"{""cluster_qr"": 185.84355138682213, ""kmeans_norm"": 187.57693498779508, ""kmeans_raw"": 188.83680940903076}",,,,,,,,,,,,,
100Leaves,1,MULTI_RELATION_7,,formal,,PSF-CE,"{""lambda"": 0.665, ""q"": 0.72}",ok,1600,100,20,0.801875,0.92061493621608403,0.6163326845331919,0.7928873893263646,5.562472900011926,0.63255960000969935,,79.089108178776186,1.9434144092426375,0.483961149903124,0.0009940246820035999,1.9216646381994369,spectral,kmeans_raw,0,0,[],"{""cluster_qr"": 77.5500100255432, ""kmeans_norm"": 77.9020503352789, ""kmeans_raw"": 79.08910817877619}",,,,,,,,,,,,,
100Leaves,1,MULTI_RELATION_7,,formal,,Poly2,"{""eta"": 8.0}",ok,1600,100,20,0.81000000000000005,0.92552934429292322,0.65850171684029435,0.80029033616180922,4.4598601999896346,0.51031469998997636,,258.38388261444601,7.8885236584010769,1.275483913708388,,,spectral,kmeans_raw,0,0,[],"{""cluster_qr"": 251.84194198191798, ""kmeans_norm"": 254.95472512562384, ""kmeans_raw"": 258.383882614446}",,,,,,,,,,,,,
100Leaves,2,MULTI_RELATION_7,,formal,,AggregatePower,"{""q_after"": 6.0}",ok,1600,100,20,0.82250000000000001,0.92983808042309435,0.71337349649203785,0.81485511814977496,5.6651692000014009,0.65032369999971706,,31.703288078533401,3.5190766110275868,0.010210050546296199,,,spectral,kmeans_raw,0,0,[],"{""cluster_qr"": 31.567605039882203, ""kmeans_norm"": 31.66994500573123, ""kmeans_raw"": 31.703288078533397}",,,,,,,,,,,,,
100Leaves,2,MULTI_RELATION_7,,formal,,CA,{},ok,1600,100,20,0.82250000000000001,0.92983808042309435,0.71337349649203785,0.81485511814977496,5.5648614999954589,0.67157740000402555,,47.789748637861848,0.99999999999999845,0.34750321897387282,,,spectral,kmeans_raw,0,0,[],"{""cluster_qr"": 46.97241449493878, ""kmeans_norm"": 47.22844538481884, ""kmeans_raw"": 47.78974863786185}",,,,,,,,,,,,,
100Leaves,2,MULTI_RELATION_7,,formal,,LinearPair,"{""lambda"": 3.0}",ok,1600,100,20,0.82250000000000001,0.92983808042309435,0.71337349649203785,0.81485511814977496,5.3732970999990357,0.63568669999949634,,191.2961294248768,5.6759248299074754,0.96157376302979036,5.5673569067477452e-17,1.8809190934420836,spectral,kmeans_raw,0,0,[],"{""cluster_qr"": 187.69809268941006, ""kmeans_norm"": 189.34544962522887, ""kmeans_raw"": 191.2961294248768}",,,,,,,,,,,,,
100Leaves,2,MULTI_RELATION_7,,formal,,PSF-CE,"{""lambda"": 0.665, ""q"": 0.72}",ok,1600,100,20,0.82937499999999997,0.92988030967437119,0.70618961589556972,0.82684603915847088,5.7963460000028135,0.58600939999450929,,79.70078793650336,1.9093564417259099,0.4912433145289517,0.0010086667686566,1.9276370308687425,spectral,kmeans_raw,0,0,[],"{""cluster_qr"": 77.98710728398277, ""kmeans_norm"": 78.78491986063334, ""kmeans_raw"": 79.70078793650336}",,,,,,,,,,,,,
100Leaves,2,MULTI_RELATION_7,,formal,,Poly2,"{""eta"": 8.0}",ok,1600,100,20,0.83374999999999999,0.93088606722574885,0.68921270799027179,0.82796877406994684,5.386812299999292,0.33551580000494141,,260.1891781716252,7.6935694949253586,1.2985929908654978,,,spectral,kmeans_raw,0,0,[],"{""cluster_qr"": 253.33234980912306, ""kmeans_norm"": 257.7685063985155, ""kmeans_raw"": 260.1891781716252}",,,,,,,,,,,,,
COIL20,0,BKCC_V2,,formal,,AggregatePower,"{""q_after"": 6.0}",ok,1440,20,20,0.67986111111111114,0.81224354168743251,0.6456838827346848,0.66257800514138288,0.43839070000103669,0.010236699992674399,,10.252493965001891,1.9072632248395609,0.0069926709811572001,,,spectral,kmeans_raw,0,0,[],"{""cluster_qr"": 10.151095282024645, ""kmeans_norm"": 10.201089106209077, ""kmeans_raw"": 10.252493965001893}",,,,,,,,,,,,,
COIL20,0,BKCC_V2,,formal,,CA,{},ok,1440,20,20,0.67986111111111114,0.81224354168743251,0.6456838827346848,0.66257800514138288,0.43351940000138711,0.0114253999927314,,13.539006817792462,0.99999999999999978,0.38303900630238691,,,spectral,kmeans_raw,0,0,[],"{""cluster_qr"": 13.389258367855714, ""kmeans_norm"": 13.467135152741868, ""kmeans_raw"": 13.539006817792462}",,,,,,,,,,,,,
COIL20,0,BKCC_V2,,formal,,LinearPair,"{""lambda"": 3.0}",ok,1440,20,20,0.67986111111111114,0.81224354168743251,0.6456838827346848,0.66257800514138288,0.46475140000984538,0.0112608000054024,,50.205778396813557,4.8137168154219596,0.92543569987845997,1.7458175022246575e-16,1.3464222500296703,spectral,kmeans_raw,0,0,[],"{""cluster_qr"": 49.684265262999446, ""kmeans_norm"": 49.899262179813554, ""kmeans_raw"": 50.20577839681356}",,,,,,,,,,,,,
COIL20,0,BKCC_V2,,formal,,PSF-CE,"{""lambda"": 0.665, ""q"": 0.72}",ok,1440,20,20,0.68055555555555558,0.80424339426497571,0.63334914176644863,0.66037066060008143,0.49584279999544378,0.011511099990457199,,21.636431494986887,1.8101383747615445,0.50921829051074141,0.00095596239836849995,1.3572850111426211,spectral,kmeans_raw,0,0,[],"{""cluster_qr"": 21.45661551720057, ""kmeans_norm"": 21.62347055265649, ""kmeans_raw"": 21.636431494986887}",,,,,,,,,,,,,
COIL20,0,BKCC_V2,,formal,,Poly2,"{""eta"": 8.0}",ok,1440,20,20,0.6791666666666667,0.81606365991330621,0.65431905396464884,0.66488913686171314,0.5271502999967197,0.0157118999923113,,87.325231858423862,8.5874434866988398,1.544244070085373,,,spectral,kmeans_norm,0,0,[],"{""cluster_qr"": 83.72575797350963, ""kmeans_norm"": 87.32523185842386, ""kmeans_raw"": 86.45074248404083}",,,,,,,,,,,,,
COIL20,1,BKCC_V2,,formal,,AggregatePower,"{""q_after"": 6.0}",ok,1440,20,20,0.72361111111111109,0.82239759783237443,0.67543779976439611,0.7114904698464013,0.57401979999849573,0.019275400001788501,,9.9356637588471806,1.9235710571483235,0.011518265720354399,,,spectral,kmeans_raw,0,0,[],"{""cluster_qr"": 9.681597599408596, ""kmeans_norm"": 9.916684822470542, ""kmeans_raw"": 9.93566375884718}",,,,,,,,,,,,,
COIL20,1,BKCC_V2,,formal,,CA,{},ok,1440,20,20,0.72361111111111109,0.82239759783237443,0.67543779976439611,0.7114904698464013,0.4839317999867489,0.0093877999897813008,,13.491602565759489,0.99999999999999978,0.4187750693104787,,,spectral,kmeans_raw,0,0,[],"{""cluster_qr"": 13.45370049185845, ""kmeans_norm"": 13.470500038601275, ""kmeans_raw"": 13.49160256575949}",,,,,,,,,,,,,
COIL20,1,BKCC_V2,,formal,,LinearPair,"{""lambda"": 3.0}",ok,1440,20,20,0.72361111111111109,0.82239759783237443,0.67543779976439611,0.7114904698464013,0.4837269999989075,0.014877599998726501,,50.010961488154869,4.9080907445465476,1,1.3540137512656106e-16,1.3560992314523523,spectral,kmeans_raw,0,0,[],"{""cluster_qr"": 49.224215673660524, ""kmeans_norm"": 49.92702665322188, ""kmeans_raw"": 50.01096148815487}",,,,,,,,,,,,,
COIL20,1,BKCC_V2,,formal,,PSF-CE,"{""lambda"": 0.665, ""q"": 0.72}",ok,1440,20,20,0.72361111111111109,0.82239759783237432,0.67543779976439611,0.71149046984640141,0.42812820000108331,0.0114452999987406,,21.61161970913253,1.8367583968930687,0.56768716780872119,0.00084435828634830002,1.3668964140443474,spectral,kmeans_raw,0,0,[],"{""cluster_qr"": 21.498924428039647, ""kmeans_norm"": 21.57634925438426, ""kmeans_raw"": 21.611619709132526}",,,,,,,,,,,,,
COIL20,1,BKCC_V2,,formal,,Poly2,"{""eta"": 8.0}",ok,1440,20,20,0.72499999999999998,0.8226895541529039,0.67743459976830567,0.71490606349122943,0.42480650001380121,0.0096567000000503996,,86.558244575578854,8.7088008884215515,1.6338342165237989,,,spectral,kmeans_norm,0,0,[],"{""cluster_qr"": 82.31575690714226, ""kmeans_norm"": 86.55824457557885, ""kmeans_raw"": 85.29991633639327}",,,,,,,,,,,,,
COIL20,2,BKCC_V2,,formal,,AggregatePower,"{""q_after"": 6.0}",ok,1440,20,20,0.70694444444444449,0.81453002402723051,0.64995677895544646,0.69298713802540879,0.4008276999957161,0.013884400003007599,,10.2683907776249,2.0680024101437868,0.036809554859570798,,,spectral,kmeans_norm,0,0,[],"{""cluster_qr"": 10.262581400602299, ""kmeans_norm"": 10.268390777624901, ""kmeans_raw"": 10.22360457241501}",,,,,,,,,,,,,
COIL20,2,BKCC_V2,,formal,,CA,{},ok,1440,20,20,0.69722222222222219,0.80724847211032347,0.63142264608334775,0.68216264708748731,0.43892139999661589,0.0133435000025201,,13.759874411183572,1.0000000000000011,0.49902030076778758,,,spectral,kmeans_raw,0,0,[],"{""cluster_qr"": 13.702574096868808, ""kmeans_norm"": 13.735718246761463, ""kmeans_raw"": 13.759874411183572}",,,,,,,,,,,,,
COIL20,2,BKCC_V2,,formal,,LinearPair,"{""lambda"": 3.0}",ok,1440,20,20,0.6958333333333333,0.81311922128088043,0.63967044244604188,0.68077305122590526,0.37869359999604058,0.011896500000148,,52.522538785849761,5.0029442630644931,1.3997503662142132,1.2179622445599658e-16,1.4089787904740698,spectral,kmeans_raw,0,0,[],"{""cluster_qr"": 49.7420950579885, ""kmeans_norm"": 52.21863163037982, ""kmeans_raw"": 52.522538785849754}",,,,,,,,,,,,,
COIL20,2,BKCC_V2,,formal,,PSF-CE,"{""lambda"": 0.665, ""q"": 0.72}",ok,1440,20,20,0.69722222222222219,0.80724847211032347,0.63142264608334775,0.68216264708748731,0.4286673000024166,0.0112526000011712,,22.315091052622865,1.8552526709030837,0.72531441088000947,0.00084849886533220004,1.4198167200490388,spectral,kmeans_raw,0,0,[],"{""cluster_qr"": 22.082647598087966, ""kmeans_norm"": 22.2895855819846, ""kmeans_raw"": 22.315091052622865}",,,,,,,,,,,,,
COIL20,2,BKCC_V2,,formal,,Poly2,"{""eta"": 8.0}",ok,1440,20,20,0.6958333333333333,0.81311922128088043,0.63967044244604188,0.68077305122590526,0.39324049999413541,0.011781900000642,,88.540875095080239,8.6065769725371215,2.3255945186490292,,,spectral,kmeans_raw,0,0,[],"{""cluster_qr"": 84.89180212000709, ""kmeans_norm"": 88.02673175107893, ""kmeans_raw"": 88.54087509508024}",,,,,,,,,,,,,
Caltech101-20,0,NEW10,,formal,,AggregatePower,"{""q_after"": 6.0}",ok,2386,20,20,0.26697401508801338,0.40632436398369193,0.16887027470016691,0.20711465966966389,0.49517229999764822,0.0128308999992441,,18.943488966233865,1.5459900135945026,0.3585249967978606,,,spectral,kmeans_raw,0,0,[],"{""cluster_qr"": 18.899263375015625, ""kmeans_norm"": 18.93568938539895, ""kmeans_raw"": 18.943488966233865}",,,,,,,,,,,,,
Caltech101-20,0,NEW10,,formal,,CA,{},ok,2386,20,20,0.26697401508801338,0.40632436398369193,0.16887027470016691,0.20711465966966389,0.53216380000230856,0.012542900003609201,,17.679977723184081,0.99999999999999922,0.77428870051108967,,,spectral,kmeans_raw,0,0,[],"{""cluster_qr"": 17.640864756478887, ""kmeans_norm"": 17.669541150482395, ""kmeans_raw"": 17.67997772318408}",,,,,,,,,,,,,
Caltech101-20,0,NEW10,,formal,,LinearPair,"{""lambda"": 3.0}",ok,2386,20,20,0.2611064543168482,0.4080888236169159,0.16741744699669331,0.20151026330419039,0.59573669999372214,0.014790500004892199,,71.549762831874332,4.5154149184217482,2.6740713821211601,1.1184333125686238e-16,1.2057826244166732,spectral,kmeans_raw,0,0,[],"{""cluster_qr"": 70.51714769610018, ""kmeans_norm"": 70.70473033860551, ""kmeans_raw"": 71.54976283187433}",,,,,,,,,,,,,
Caltech101-20,0,NEW10,,formal,,PSF-CE,"{""lambda"": 0.665, ""q"": 0.72}",ok,2386,20,20,0.2611064543168482,0.4080888236169159,0.16741744699669331,0.20151026330419039,0.60623000000487082,0.017321200008154802,,29.567423480975531,1.7597944752339216,1.1738872988599629,0.00050980104901700003,1.2111913776575718,spectral,kmeans_raw,0,0,[],"{""cluster_qr"": 29.08779085144693, ""kmeans_norm"": 29.284010387728994, ""kmeans_raw"": 29.567423480975535}",,,,,,,,,,,,,
Caltech101-20,0,NEW10,,formal,,Poly2,"{""eta"": 8.0}",ok,2386,20,20,0.2611064543168482,0.4080888236169159,0.16741744699669331,0.20151026330419039,0.55032869998831302,0.0131907999893883,,137.5572275545037,8.7943681629108799,5.1005642123458319,,,spectral,kmeans_raw,0,0,[],"{""cluster_qr"": 135.3052111985899, ""kmeans_norm"": 135.8844460712782, ""kmeans_raw"": 137.5572275545037}",,,,,,,,,,,,,
Caltech101-20,1,NEW10,,formal,,AggregatePower,"{""q_after"": 6.0}",ok,2386,20,20,0.26487845766974011,0.39549008281215409,0.13980642880426941,0.20953408583893979,0.52931729999545496,0.0164482999971369,,18.107477183151644,1.6204705556065688,0.30101953251144559,,,spectral,kmeans_raw,0,0,[],"{""cluster_qr"": 18.005540495755927, ""kmeans_norm"": 17.955175407207268, ""kmeans_raw"": 18.107477183151644}",,,,,,,,,,,,,
Caltech101-20,1,NEW10,,formal,,CA,{},ok,2386,20,20,0.26487845766974011,0.39549008281215409,0.13980642880426941,0.20953408583893979,0.56492340000113472,0.019333199990796801,,16.96394391928262,1.0000000000000009,0.73447431073228953,,,spectral,kmeans_raw,0,0,[],"{""cluster_qr"": 16.871670207156274, ""kmeans_norm"": 16.863042637100218, ""kmeans_raw"": 16.96394391928262}",,,,,,,,,,,,,
Caltech101-20,1,NEW10,,formal,,LinearPair,"{""lambda"": 3.0}",ok,2386,20,20,0.25062866722548199,0.38776464265403771,0.1288363166204228,0.19649533377421161,0.5822998999938136,0.0223610999964876,,69.253389350311025,4.5413967196115443,2.5854461451672672,1.0217926381617324e-16,1.2602238198202047,spectral,kmeans_raw,0,0,[],"{""cluster_qr"": 67.32164588672181, ""kmeans_norm"": 69.1110328238752, ""kmeans_raw"": 69.25338935031102}",,,,,,,,,,,,,
Caltech101-20,1,NEW10,,formal,,PSF-CE,"{""lambda"": 0.665, ""q"": 0.72}",ok,2386,20,20,0.25062866722548199,0.38772611584785671,0.12916990551387339,0.19637075625260339,0.56880860000092071,0.0173238999996101,,28.56687422096476,1.7536865517930329,1.1370320120621209,0.00055057199839560005,1.2664492492578532,spectral,kmeans_raw,0,0,[],"{""cluster_qr"": 27.903130105559526, ""kmeans_norm"": 28.523035840751174, ""kmeans_raw"": 28.566874220964756}",,,,,,,,,,,,,
Caltech101-20,1,NEW10,,formal,,Poly2,"{""eta"": 8.0}",ok,2386,20,20,0.25062866722548199,0.38776464265403771,0.1288363166204228,0.19649533377421161,0.55463129999407101,0.019247899996116698,,128.42519217958932,8.5358834092589255,4.7630689486733333,,,spectral,kmeans_raw,0,0,[],"{""cluster_qr"": 126.18863646639002, ""kmeans_norm"": 128.17197378944059, ""kmeans_raw"": 128.42519217958932}",,,,,,,,,,,,,
Caltech101-20,2,NEW10,,formal,,AggregatePower,"{""q_after"": 6.0}",ok,2386,20,20,0.26865046102263201,0.40285517908273433,0.15955284676766379,0.21320351720261721,0.51233150000916794,0.019867800001520601,,18.998342336657849,1.6336191658068828,0.36755706619056538,,,spectral,kmeans_raw,0,0,[],"{""cluster_qr"": 18.809883874499167, ""kmeans_norm"": 18.83886318930544, ""kmeans_raw"": 18.998342336657846}",,,,,,,,,,,,,
Caltech101-20,2,NEW10,,formal,,CA,{},ok,2386,20,20,0.26865046102263201,0.40285517908273433,0.15955284676766379,0.21320351720261721,0.57793640000454616,0.017529700009617899,,17.447359402179806,1.0000000000000011,0.76876757013840002,,,spectral,kmeans_raw,0,0,[],"{""cluster_qr"": 17.164670873452042, ""kmeans_norm"": 17.316937396400792, ""kmeans_raw"": 17.447359402179806}",,,,,,,,,,,,,
Caltech101-20,2,NEW10,,formal,,LinearPair,"{""lambda"": 3.0}",ok,2386,20,20,0.27074601844090529,0.4031455484097981,0.15576186934995531,0.2109841973653214,0.66063790000043809,0.026278999997884901,,71.562307624399367,4.5862669912053722,2.8016408324720543,9.7253942126219234e-17,1.2360677578252359,spectral,kmeans_raw,0,0,[],"{""cluster_qr"": 69.40351041232067, ""kmeans_norm"": 70.94006688066057, ""kmeans_raw"": 71.56230762439937}",,,,,,,,,,,,,
Caltech101-20,2,NEW10,,formal,,PSF-CE,"{""lambda"": 0.665, ""q"": 0.72}",ok,2386,20,20,0.27074601844090529,0.40274965528449508,0.1583690461728868,0.2148806605860531,0.54068679999909364,0.019515099993441198,,29.334380063743023,1.7734603164994209,1.2071223947870708,0.00049147914956200001,1.2422223825734002,spectral,kmeans_raw,0,0,[],"{""cluster_qr"": 28.591342111940314, ""kmeans_norm"": 28.987288643790464, ""kmeans_raw"": 29.334380063743026}",,,,,,,,,,,,,
Caltech101-20,2,NEW10,,formal,,Poly2,"{""eta"": 8.0}",ok,2386,20,20,0.27074601844090529,0.4031455484097981,0.15576186934995531,0.2109841973653214,0.50462690000131261,0.018105700000887699,,134.92916209221653,8.7593469457155155,5.254627427160945,,,spectral,kmeans_raw,0,0,[],"{""cluster_qr"": 130.96033365162228, ""kmeans_norm"": 133.7341678132887, ""kmeans_raw"": 134.92916209221653}",,,,,,,,,,,,,
Caltech101-20-MV,0,TEXT_MV,,formal,,AggregatePower,"{""q_after"": 6.0}",ok,2386,20,20,0.45683151718357079,0.61003543288669204,0.3621786953807361,0.43009204504005349,0.85082840001268778,0.024245100008556598,,5.5581258065382491,2.0944033005361824,0.0018403566072497999,,,spectral,kmeans_raw,0,0,[],"{""cluster_qr"": 5.491228277393547, ""kmeans_norm"": 5.540996340622434, ""kmeans_raw"": 5.558125806538249}",,,,,,,,,,,,,
Caltech101-20-MV,0,TEXT_MV,,formal,,CA,{},ok,2386,20,20,0.45683151718357079,0.61003543288669204,0.3621786953807361,0.43009204504005349,0.81714919999649283,0.031206800005747899,,8.2537169252999529,0.99999999999999845,0.25856093295324029,,,spectral,kmeans_raw,0,0,[],"{""cluster_qr"": 7.925502487326885, ""kmeans_norm"": 8.04358086438003, ""kmeans_raw"": 8.253716925299953}",,,,,,,,,,,,,
Caltech101-20-MV,0,TEXT_MV,,formal,,LinearPair,"{""lambda"": 3.0}",ok,2386,20,20,0.45683151718357079,0.61003543288669204,0.3621786953807361,0.43009204504005349,0.81445549998898059,0.0284838999941712,,29.488335171720458,4.8098356809908038,0.58516527025599163,1.5992283421592191e-16,1.9179109178065821,spectral,kmeans_raw,0,0,[],"{""cluster_qr"": 28.1970801711786, ""kmeans_norm"": 28.879087088882276, ""kmeans_raw"": 29.488335171720458}",,,,,,,,,,,,,
Caltech101-20-MV,0,TEXT_MV,,formal,,PSF-CE,"{""lambda"": 0.665, ""q"": 0.72}",ok,2386,20,20,0.45683151718357079,0.61117243389160913,0.36040992298911417,0.43259638063969619,0.85028389999934006,0.024135400002705799,,13.034841742254422,1.6700438182705517,0.34316883539760362,0.0027995427486481,2.002838951764045,spectral,kmeans_raw,0,0,[],"{""cluster_qr"": 12.483758457294435, ""kmeans_norm"": 12.716348303213024, ""kmeans_raw"": 13.034841742254422}",,,,,,,,,,,,,
Caltech101-20-MV,0,TEXT_MV,,formal,,Poly2,"{""eta"": 8.0}",ok,2386,20,20,0.45683151718357079,0.61003543288669204,0.3621786953807361,0.43009204504005349,0.88653400000475813,0.0281718000042019,,39.203621233908713,6.4193234364673906,0.79339098135043984,,,spectral,kmeans_raw,0,0,[],"{""cluster_qr"": 37.394430574925586, ""kmeans_norm"": 38.38225100347605, ""kmeans_raw"": 39.203621233908706}",,,,,,,,,,,,,
Caltech101-20-MV,1,TEXT_MV,,formal,,AggregatePower,"{""q_after"": 6.0}",ok,2386,20,20,0.50419111483654655,0.6408844531225647,0.38293722734600177,0.47952839866835562,0.79558529998757876,0.031542299999273299,,5.7894069525356109,2.0036695806655369,0.0014291157886176999,,,spectral,kmeans_raw,0,0,[],"{""cluster_qr"": 5.721760734344409, ""kmeans_norm"": 5.73470156552392, ""kmeans_raw"": 5.789406952535611}",,,,,,,,,,,,,
Caltech101-20-MV,1,TEXT_MV,,formal,,CA,{},ok,2386,20,20,0.50419111483654655,0.6408844531225647,0.38293722734600177,0.47952839866835562,0.836629700002959,0.023429200009559201,,8.4242210677961396,1.0000000000000016,0.24562985184134609,,,spectral,kmeans_raw,0,0,[],"{""cluster_qr"": 7.827136859101512, ""kmeans_norm"": 8.097953607359155, ""kmeans_raw"": 8.42422106779614}",,,,,,,,,,,,,
Caltech101-20-MV,1,TEXT_MV,,formal,,LinearPair,"{""lambda"": 3.0}",ok,2386,20,20,0.50419111483654655,0.6408844531225647,0.38293722734600177,0.47952839866835562,0.7640936999960104,0.032027899986132903,,30.252916439505864,4.671243717665658,0.53730590119534538,1.3743542932981112e-16,1.922148102648799,spectral,kmeans_raw,0,0,[],"{""cluster_qr"": 28.446070549143318, ""kmeans_norm"": 29.207413197079912, ""kmeans_raw"": 30.252916439505864}",,,,,,,,,,,,,
Caltech101-20-MV,1,TEXT_MV,,formal,,PSF-CE,"{""lambda"": 0.665, ""q"": 0.72}",ok,2386,20,20,0.50419111483654655,0.64010560266379124,0.38181503471283029,0.47855920968905308,0.85989760000666138,0.026361700001871199,,13.346196386482177,1.6330436363581109,0.3208669711126535,0.0026930330314742998,2.0039130430354364,spectral,kmeans_raw,0,0,[],"{""cluster_qr"": 12.675892948112164, ""kmeans_norm"": 12.401207161705846, ""kmeans_raw"": 13.346196386482175}",,,,,,,,,,,,,
Caltech101-20-MV,1,TEXT_MV,,formal,,Poly2,"{""eta"": 8.0}",ok,2386,20,20,0.50419111483654655,0.6408844531225647,0.38293722734600177,0.47952839866835562,0.84774700000707526,0.024523900006897699,,40.163472845483966,6.2239670200485007,0.72830204476615901,,,spectral,kmeans_raw,0,0,[],"{""cluster_qr"": 38.27770080526365, ""kmeans_norm"": 38.75876729268761, ""kmeans_raw"": 40.163472845483966}",,,,,,,,,,,,,
Cardiotocography,0,NEW10,,formal,,AggregatePower,"{""q_after"": 6.0}",ok,2126,10,20,0.405456255879586,0.36227733174399218,0.1820543622125359,0.35394866987736828,0.34302960000059102,0.0040836000116541002,,4.9088161653193705,1.6373571026992328,0.0151747903867493,,,spectral,kmeans_raw,0,0,[],"{""cluster_qr"": 4.8867040963043324, ""kmeans_norm"": 4.120478974818504, ""kmeans_raw"": 4.9088161653193705}",,,,,,,,,,,,,
Cardiotocography,0,NEW10,,formal,,CA,{},ok,2126,10,20,0.405456255879586,0.36227733174399218,0.1820543622125359,0.35394866987736828,0.2995059000095352,0.0038711000088369001,,5.8598255128101604,1.0000000000000011,0.39034298276865959,,,spectral,kmeans_raw,0,0,[],"{""cluster_qr"": 5.803962056170137, ""kmeans_norm"": 5.26970568762575, ""kmeans_raw"": 5.8598255128101595}",,,,,,,,,,,,,
Cardiotocography,0,NEW10,,formal,,LinearPair,"{""lambda"": 3.0}",ok,2126,10,20,0.405456255879586,0.36227733174399218,0.1820543622125359,0.35394866987736828,0.35171590000391001,0.0054587000049650001,,20.671550410853246,4.2580171256052877,1.0000000000000009,2.5840738175277051e-16,1.579781266020734,spectral,kmeans_raw,0,0,[],"{""cluster_qr"": 20.488866090249566, ""kmeans_norm"": 17.610378813044917, ""kmeans_raw"": 20.671550410853246}",,,,,,,,,,,,,
Cardiotocography,0,NEW10,,formal,,PSF-CE,"{""lambda"": 0.665, ""q"": 0.72}",ok,2126,10,20,0.4063969896519285,0.3624475802165214,0.18247002250846109,0.35453851311275819,0.33014379999076482,0.0045287999964783998,,9.1740191925594505,1.5883023919262138,0.55245838294941807,0.0030097893506825001,1.6213637484968779,spectral,kmeans_raw,0,0,[],"{""cluster_qr"": 9.105187873760238, ""kmeans_norm"": 8.06219940136662, ""kmeans_raw"": 9.17401919255945}",,,,,,,,,,,,,
Cardiotocography,0,NEW10,,formal,,Poly2,"{""eta"": 8.0}",ok,2126,10,20,0.41533396048918159,0.36730405507035557,0.19007452676255129,0.36093413594292473,0.330443800005014,0.0040467000071656998,,31.474756122055737,6.6547431149704197,1.1067031185581691,,,spectral,kmeans_raw,0,0,[],"{""cluster_qr"": 28.22237401011077, ""kmeans_norm"": 26.659666203249987, ""kmeans_raw"": 31.474756122055737}",,,,,,,,,,,,,
Caltech101-20-MV,2,TEXT_MV,,formal,,AggregatePower,"{""q_after"": 6.0}",ok,2386,20,20,0.479463537300922,0.62219311268570876,0.34437438604319759,0.43567009374584809,0.94051559999934398,0.029881199996452699,,5.7831344002047791,1.9918306963463288,0.0013332646807968,,,spectral,kmeans_raw,0,0,[],"{""cluster_qr"": 5.639655987280554, ""kmeans_norm"": 5.624112026613755, ""kmeans_raw"": 5.783134400204779}",,,,,,,,,,,,,
Caltech101-20-MV,2,TEXT_MV,,formal,,CA,{},ok,2386,20,20,0.479463537300922,0.62219311268570876,0.34437438604319759,0.43567009374584809,0.98312459999579005,0.0285038000001804,,8.4006102240614986,1.0000000000000016,0.24426498379218989,,,spectral,kmeans_raw,0,0,[],"{""cluster_qr"": 7.685235947286682, ""kmeans_norm"": 7.863252780438101, ""kmeans_raw"": 8.400610224061499}",,,,,,,,,,,,,
Caltech101-20-MV,2,TEXT_MV,,formal,,LinearPair,"{""lambda"": 3.0}",ok,2386,20,20,0.479463537300922,0.62219311268570876,0.34437438604319759,0.43567009374584809,0.89151359999959823,0.028657799994107301,,30.076860654452581,4.6712912618103832,0.52902985051759166,1.5315947661495896e-16,1.9003474702945489,spectral,kmeans_raw,0,0,[],"{""cluster_qr"": 28.697534078466596, ""kmeans_norm"": 28.035578422060745, ""kmeans_raw"": 30.07686065445258}",,,,,,,,,,,,,
Caltech101-20-MV,2,TEXT_MV,,formal,,PSF-CE,"{""lambda"": 0.665, ""q"": 0.72}",ok,2386,20,20,0.47904442581726742,0.61987257006294394,0.34387589458972251,0.43394279609308151,0.94726460000674717,0.031259499999578097,,13.286876314512879,1.6363756444535675,0.31531847415267111,0.0028325375902010998,1.9817314575402321,spectral,kmeans_raw,0,0,[],"{""cluster_qr"": 12.496283662076376, ""kmeans_norm"": 12.68878037532043, ""kmeans_raw"": 13.28687631451288}",,,,,,,,,,,,,
Caltech101-20-MV,2,TEXT_MV,,formal,,Poly2,"{""eta"": 8.0}",ok,2386,20,20,0.479463537300922,0.62219311268570876,0.34437438604319759,0.43567009374584809,0.95328599998902064,0.031440199993085102,,40.257237009677645,6.2825095613896096,0.72158804224817963,,,spectral,kmeans_raw,0,0,[],"{""cluster_qr"": 37.750694963765234, ""kmeans_norm"": 37.50007018508196, ""kmeans_raw"": 40.257237009677645}",,,,,,,,,,,,,
Cardiotocography,1,NEW10,,formal,,AggregatePower,"{""q_after"": 6.0}",ok,2126,10,20,0.4063969896519285,0.35655236253921602,0.17688687862231009,0.35913328315894227,0.33495230000698939,0.0044544000120366996,,4.9040270290583692,1.5091974698232915,0.012639637351361799,,,spectral,kmeans_raw,0,0,[],"{""cluster_qr"": 4.833509375867461, ""kmeans_norm"": 3.5835671210180395, ""kmeans_raw"": 4.904027029058369}",,,,,,,,,,,,,
Cardiotocography,1,NEW10,,formal,,CA,{},ok,2126,10,20,0.4063969896519285,0.35655236253921602,0.17688687862231009,0.35913328315894227,0.33828820000053378,0.0051034000061917998,,5.9499866699855906,1.0000000000000018,0.3954643002309654,,,spectral,kmeans_raw,0,0,[],"{""cluster_qr"": 5.751606555588603, ""kmeans_norm"": 5.2944508292006525, ""kmeans_raw"": 5.949986669985591}",,,,,,,,,,,,,
Cardiotocography,1,NEW10,,formal,,LinearPair,"{""lambda"": 3.0}",ok,2126,10,20,0.4063969896519285,0.35655236253921602,0.17688687862231009,0.35913328315894227,0.33756130000983831,0.0042341000080340996,,20.705850381565405,4.2926121711440723,1.0000000000000011,2.1439206924988675e-16,1.4891059728463345,spectral,kmeans_raw,0,0,[],"{""cluster_qr"": 20.343405858385143, ""kmeans_norm"": 17.077313871048325, ""kmeans_raw"": 20.705850381565405}",,,,,,,,,,,,,
Cardiotocography,1,NEW10,,formal,,PSF-CE,"{""lambda"": 0.665, ""q"": 0.72}",ok,2126,10,20,0.405456255879586,0.35610253205091469,0.17654768359817569,0.35835334667233898,0.34020830001099961,0.0051584000029832999,,9.265318424226356,1.6107343742908491,0.55665505160846096,0.0026279694541172,1.5364314278247055,spectral,kmeans_raw,0,0,[],"{""cluster_qr"": 9.091046132472592, ""kmeans_norm"": 7.944210447330503, ""kmeans_raw"": 9.265318424226356}",,,,,,,,,,,,,
Cardiotocography,1,NEW10,,formal,,Poly2,"{""eta"": 8.0}",ok,2126,10,20,0.4063969896519285,0.35655236253921602,0.17688687862231009,0.35913328315894227,0.3497963000118034,0.0050425000081304001,,33.033313192338319,7.0384232776613045,1.0000000000000018,,,spectral,kmeans_raw,0,0,[],"{""cluster_qr"": 32.2594346859028, ""kmeans_norm"": 27.057762003093465, ""kmeans_raw"": 33.03331319233832}",,,,,,,,,,,,,
Chameleon,0,GRAPH_GEOMETRY_8,,formal,,AggregatePower,"{""q_after"": 6.0}",ok,2277,5,20,0.32279314888010541,0.064521535088426493,0.047319287825863303,0.27134304249156788,0.13060770000447519,0.0013058000040473,,2.9593715053987171,1.0000000000000029,0.21011492479861199,,,spectral,cluster_qr,0,0,[],"{""cluster_qr"": 2.9593715053987175, ""kmeans_norm"": 2.9590670173455855, ""kmeans_raw"": 2.9593715053987175}",,,,,,,,,,,,,
Chameleon,0,GRAPH_GEOMETRY_8,,formal,,CA,{},ok,2277,5,20,0.32279314888010541,0.064521535088426493,0.047319287825863303,0.27134304249156788,0.12962089999928139,0.0013631000038003,,2.9382347403865339,1.0000000000000029,0.43772753073658283,,,spectral,cluster_qr,0,0,[],"{""cluster_qr"": 2.938234740386534, ""kmeans_norm"": 2.938051282693835, ""kmeans_raw"": 2.938234740386534}",,,,,,,,,,,,,
Chameleon,0,GRAPH_GEOMETRY_8,,formal,,LinearPair,"{""lambda"": 3.0}",ok,2277,5,20,0.32279314888010541,0.064521535088426604,0.047319287825863303,0.27134304249156788,0.13798329999553971,0.0013649000029545,,9.4978291037126912,2.7846002194383881,1.0000000000000024,1.5679199426706037e-15,2.3938659004934277,spectral,kmeans_raw,0,0,[],"{""cluster_qr"": 9.496930181221247, ""kmeans_norm"": 9.496930181221247, ""kmeans_raw"": 9.497829103712693}",,,,,,,,,,,,,
Chameleon,0,GRAPH_GEOMETRY_8,,formal,,PSF-CE,"{""lambda"": 0.665, ""q"": 0.72}",ok,2277,5,20,0.32279314888010541,0.064521535088426604,0.047319287825863303,0.27134304249156788,0.13232409999181979,0.0013872999988961,,4.3947198674564332,1.0534313836559941,0.72513353350266396,0.0037808324306455002,2.4012971083878942,spectral,kmeans_raw,0,0,[],"{""cluster_qr"": 4.390390561011937, ""kmeans_norm"": 4.394380189571822, ""kmeans_raw"": 4.394719867456433}",,,,,,,,,,,,,
Chameleon,0,GRAPH_GEOMETRY_8,,formal,,Poly2,"{""eta"": 8.0}",ok,2277,5,20,0.323671497584541,0.064826548532170999,0.048061125388580102,0.27295665573679262,0.13202959999034641,0.0010857999877771001,,10.575355693375192,3.1406575729594643,1.0475708977469194,,,spectral,kmeans_norm,0,0,[],"{""cluster_qr"": 8.852821785776174, ""kmeans_norm"": 10.575355693375192, ""kmeans_raw"": 9.381805248380605}",,,,,,,,,,,,,
Cardiotocography,2,NEW10,,formal,,AggregatePower,"{""q_after"": 6.0}",ok,2126,10,20,0.41345249294449671,0.35571012846943589,0.18114948630990249,0.36395846982906549,0.28158830000029411,0.0053282000008039003,,4.925486814593194,1.5426797151530445,0.0093048807404815994,,,spectral,kmeans_raw,0,0,[],"{""cluster_qr"": 4.831578290462874, ""kmeans_norm"": 3.9148043322415975, ""kmeans_raw"": 4.925486814593194}",,,,,,,,,,,,,
Cardiotocography,2,NEW10,,formal,,CA,{},ok,2126,10,20,0.41345249294449671,0.35571012846943589,0.18114948630990249,0.36395846982906549,0.29125749999366229,0.0053558999934466001,,5.9179044226637236,1,0.36560244318833279,,,spectral,kmeans_raw,0,0,[],"{""cluster_qr"": 5.635558429111632, ""kmeans_norm"": 5.247471893562618, ""kmeans_raw"": 5.917904422663724}",,,,,,,,,,,,,
Cardiotocography,2,NEW10,,formal,,LinearPair,"{""lambda"": 3.0}",ok,2126,10,20,0.41345249294449671,0.35571012846943589,0.18114948630990249,0.36395846982906549,0.32445939999888651,0.0042393000039737004,,20.734719667959645,4.2166418468107318,0.92625082887515642,2.2710979574505565e-16,1.5386628943880676,spectral,kmeans_raw,0,0,[],"{""cluster_qr"": 20.506423921978545, ""kmeans_norm"": 17.287804805395858, ""kmeans_raw"": 20.734719667959645}",,,,,,,,,,,,,
Cardiotocography,2,NEW10,,formal,,PSF-CE,"{""lambda"": 0.665, ""q"": 0.72}",ok,2126,10,20,0.41345249294449671,0.35571012846943589,0.18114948630990249,0.36395846982906549,0.3524554999894462,0.0040810999926178997,,9.2371508711872803,1.5825779973593519,0.50591773998156453,0.0030207725185664,1.5799716413875649,spectral,kmeans_raw,0,0,[],"{""cluster_qr"": 8.888293518410071, ""kmeans_norm"": 7.98161522764352, ""kmeans_raw"": 9.23715087118728}",,,,,,,,,,,,,
Cardiotocography,2,NEW10,,formal,,Poly2,"{""eta"": 8.0}",ok,2126,10,20,0.41345249294449671,0.35571012846943589,0.18114948630990249,0.36395846982906549,0.324202999996487,0.0044382999913068003,,32.280229090408085,6.7313077864738737,0.99999999999999978,,,spectral,kmeans_raw,0,0,[],"{""cluster_qr"": 31.92094432763852, ""kmeans_norm"": 26.770280944066464, ""kmeans_raw"": 32.280229090408085}",,,,,,,,,,,,,
Chameleon,1,GRAPH_GEOMETRY_8,,formal,,AggregatePower,"{""q_after"": 6.0}",ok,2277,5,20,0.32279314888010541,0.064521535088426604,0.047319287825863303,0.27134304249156788,0.1222552000108407,0.0011280000035185,,2.9775034955510642,1.000000000000002,0.21585044112695789,,,spectral,kmeans_raw,0,0,[],"{""cluster_qr"": 2.9738685585392526, ""kmeans_norm"": 2.9774496097666567, ""kmeans_raw"": 2.977503495551064}",,,,,,,,,,,,,
Chameleon,1,GRAPH_GEOMETRY_8,,formal,,CA,{},ok,2277,5,20,0.32279314888010541,0.064521535088426604,0.047319287825863303,0.27134304249156788,0.10361330000159789,0.0011665999918477,,2.9337933233171265,1.0000000000000018,0.43748071067210992,,,spectral,kmeans_raw,0,0,[],"{""cluster_qr"": 2.9291552949750033, ""kmeans_norm"": 2.933701381861297, ""kmeans_raw"": 2.9337933233171265}",,,,,,,,,,,,,
Chameleon,1,GRAPH_GEOMETRY_8,,formal,,LinearPair,"{""lambda"": 3.0}",ok,2277,5,20,0.32279314888010541,0.064521535088426604,0.047319287825863303,0.27134304249156788,0.1238881000026594,0.0010886000090976999,,9.4948872169077525,2.7578678834304671,1.0000000000000016,1.6488972068611632e-15,2.4068426219646684,spectral,kmeans_raw,0,0,[],"{""cluster_qr"": 9.494575648913747, ""kmeans_norm"": 9.494575648913747, ""kmeans_raw"": 9.494887216907753}",,,,,,,,,,,,,
Chameleon,1,GRAPH_GEOMETRY_8,,formal,,PSF-CE,"{""lambda"": 0.665, ""q"": 0.72}",ok,2277,5,20,0.32279314888010541,0.064521535088426604,0.047319287825863303,0.27134304249156788,0.12756269999954381,0.0012241999938850999,,4.3904078555068509,1.0445062138078371,0.72581023902537722,0.0037557266325239998,2.4140163733808384,spectral,kmeans_raw,0,0,[],"{""cluster_qr"": 4.390257671997441, ""kmeans_norm"": 4.390257671997441, ""kmeans_raw"": 4.390407855506851}",,,,,,,,,,,,,
Chameleon,1,GRAPH_GEOMETRY_8,,formal,,Poly2,"{""eta"": 8.0}",ok,2277,5,20,0.323671497584541,0.064826548532170999,0.048061125388580102,0.27295665573679262,0.1058441000059247,0.00092930000391779999,,10.533524033941722,3.0984063414332743,1.0511055770848268,,,spectral,kmeans_norm,0,0,[],"{""cluster_qr"": 7.89237338681556, ""kmeans_norm"": 10.533524033941722, ""kmeans_raw"": 9.351145080241832}",,,,,,,,,,,,,
Chameleon,2,GRAPH_GEOMETRY_8,,formal,,AggregatePower,"{""q_after"": 6.0}",ok,2277,5,20,0.32279314888010541,0.064521535088426604,0.047319287825863303,0.27134304249156788,0.1007320999924559,0.00094830000307410001,,2.9492679798474355,1.0046882786960329,0.2065321491238159,,,spectral,kmeans_raw,0,0,[],"{""cluster_qr"": 2.949144788569658, ""kmeans_norm"": 2.949144788569658, ""kmeans_raw"": 2.9492679798474355}",,,,,,,,,,,,,
Chameleon,2,GRAPH_GEOMETRY_8,,formal,,CA,{},ok,2277,5,20,0.32279314888010541,0.064521535088426604,0.047319287825863303,0.27134304249156788,0.1270081999973626,0.0013249000039649999,,2.937343860359185,1,0.43728378574725391,,,spectral,kmeans_raw,0,0,[],"{""cluster_qr"": 2.9372267415363638, ""kmeans_norm"": 2.9372267415363638, ""kmeans_raw"": 2.9373438603591855}",,,,,,,,,,,,,
Chameleon,2,GRAPH_GEOMETRY_8,,formal,,LinearPair,"{""lambda"": 3.0}",ok,2277,5,20,0.32279314888010541,0.064521535088426604,0.047319287825863303,0.27134304249156788,0.121622099992237,0.0013654999929713001,,9.4994089792106493,2.8043529734961985,0.99999999999999978,2.0243642143071412e-15,2.3949501718258897,spectral,kmeans_raw,0,0,[],"{""cluster_qr"": 9.498939869348384, ""kmeans_norm"": 9.498939869348384, ""kmeans_raw"": 9.49940897921065}",,,,,,,,,,,,,
Chameleon,2,GRAPH_GEOMETRY_8,,formal,,PSF-CE,"{""lambda"": 0.665, ""q"": 0.72}",ok,2277,5,20,0.32279314888010541,0.064521535088426604,0.047319287825863303,0.27134304249156788,0.12591560000146271,0.0013309000059961999,,4.3942375660950992,1.0599608573785078,0.72389871813049711,0.003641307119626,2.4020137171693201,spectral,kmeans_raw,0,0,[],"{""cluster_qr"": 4.394037476660721, ""kmeans_norm"": 4.394037476660721, ""kmeans_raw"": 4.394237566095099}",,,,,,,,,,,,,
Chameleon,2,GRAPH_GEOMETRY_8,,formal,,Poly2,"{""eta"": 8.0}",ok,2277,5,20,0.323671497584541,0.064826548532170999,0.048061125388580102,0.27295665573679262,0.13077740000153421,0.0013151000021025001,,10.574729090794246,3.1611854408049824,1.0477033709681818,,,spectral,kmeans_norm,0,0,[],"{""cluster_qr"": 9.315897423375421, ""kmeans_norm"": 10.574729090794246, ""kmeans_raw"": 9.515150968433119}",,,,,,,,,,,,,
CiteSeer,0,CONTENT_RELATION_8,,formal,,AggregatePower,"{""q_after"": 6.0}",ok,3312,6,20,0.3876811594202898,0.15075106441415831,0.1621997844455341,0.32120542793070472,0.18490360000578221,0.0018141000036848,,3.1593270895417391,0.99999999999999956,0.055941694517389,,,spectral,kmeans_raw,0,0,[],"{""cluster_qr"": 3.1525558054527973, ""kmeans_norm"": 3.1508493833882296, ""kmeans_raw"": 3.159327089541739}",,,,,,,,,,,,,
CiteSeer,0,CONTENT_RELATION_8,,formal,,CA,{},ok,3312,6,20,0.3876811594202898,0.15075106441415831,0.1621997844455341,0.32120542793070472,0.17386429999896791,0.0024228999973274,,3.0801162459465599,0.99999999999999956,0.31733847337896293,,,spectral,kmeans_raw,0,0,[],"{""cluster_qr"": 3.0770807394364583, ""kmeans_norm"": 3.075282166231268, ""kmeans_raw"": 3.08011624594656}",,,,,,,,,,,,,
CiteSeer,0,CONTENT_RELATION_8,,formal,,LinearPair,"{""lambda"": 3.0}",ok,3312,6,20,0.3876811594202898,0.15075106441415831,0.1621997844455341,0.32120542793070472,0.1727957999974023,0.0016192000039154,,10.062447770577206,2.3301117985139803,0.99999999999999922,1.5481828598135454e-15,2.729237155351635,spectral,kmeans_raw,0,0,[],"{""cluster_qr"": 10.046918541604393, ""kmeans_norm"": 10.037789302556607, ""kmeans_raw"": 10.062447770577206}",,,,,,,,,,,,,
CiteSeer,0,CONTENT_RELATION_8,,formal,,PSF-CE,"{""lambda"": 0.665, ""q"": 0.72}",ok,3312,6,20,0.3876811594202898,0.1507510644141582,0.1621997844455341,0.32120542793070472,0.18493479999597179,0.0016203999985009,,4.6294869356454749,0.99999999999999956,0.48180223604885097,0.0020320557492266001,2.7368017812425074,spectral,kmeans_raw,0,0,[],"{""cluster_qr"": 4.623752468002935, ""kmeans_norm"": 4.6203582211003615, ""kmeans_raw"": 4.629486935645475}",,,,,,,,,,,,,
CiteSeer,0,CONTENT_RELATION_8,,formal,,Poly2,"{""eta"": 8.0}",ok,3312,6,20,0.3876811594202898,0.15075106441415831,0.1621997844455341,0.32120542793070472,0.1835731000028317,0.0020325000077718001,,10.393304612501163,2.3930818080570124,0.99999999999999956,,,spectral,kmeans_raw,0,0,[],"{""cluster_qr"": 10.360703303843627, ""kmeans_norm"": 10.368135501223552, ""kmeans_raw"": 10.393304612501165}",,,,,,,,,,,,,
CiteSeer,1,CONTENT_RELATION_8,,formal,,AggregatePower,"{""q_after"": 6.0}",ok,3312,6,20,0.37741545893719808,0.1482827618820251,0.15837249121297839,0.3041988805620221,0.2174794000020483,0.0019090999994659001,,3.22912021910289,1.0000000000000016,0.067040360846201699,,,spectral,kmeans_raw,0,0,[],"{""cluster_qr"": 3.2224606427806934, ""kmeans_norm"": 3.2225480926855616, ""kmeans_raw"": 3.22912021910289}",,,,,,,,,,,,,
CiteSeer,1,CONTENT_RELATION_8,,formal,,CA,{},ok,3312,6,20,0.37741545893719808,0.1482827618820251,0.15837249121297839,0.3041988805620221,0.19744589999027079,0.0021099000005050999,,3.1277225755487752,1.0000000000000016,0.33175850369303012,,,spectral,kmeans_raw,0,0,[],"{""cluster_qr"": 3.126281868170937, ""kmeans_norm"": 3.1264636056756507, ""kmeans_raw"": 3.127722575548775}",,,,,,,,,,,,,
CiteSeer,1,CONTENT_RELATION_8,,formal,,LinearPair,"{""lambda"": 3.0}",ok,3312,6,20,0.37741545893719808,0.1482827618820251,0.15837249121297839,0.3041988805620221,0.20307579998916481,0.0019431999971857,,10.271997404881084,2.3407390198788778,1.0000000000000016,1.1872083831957725e-15,2.6741589247674118,spectral,kmeans_raw,0,0,[],"{""cluster_qr"": 10.271532921867031, ""kmeans_norm"": 10.252580205775754, ""kmeans_raw"": 10.271997404881084}",,,,,,,,,,,,,
CiteSeer,1,CONTENT_RELATION_8,,formal,,PSF-CE,"{""lambda"": 0.665, ""q"": 0.72}",ok,3312,6,20,0.37741545893719808,0.1482827618820251,0.15837249121297839,0.30712162221753381,0.18925340000714641,0.00145799999882,,4.7118613464386936,1.0000000000000016,0.50741045417686237,0.0018700004146703999,2.6800348531310525,spectral,kmeans_raw,0,0,[],"{""cluster_qr"": 4.706046983511696, ""kmeans_norm"": 4.706596399390037, ""kmeans_raw"": 4.711861346438694}",,,,,,,,,,,,,
CiteSeer,1,CONTENT_RELATION_8,,formal,,Poly2,"{""eta"": 8.0}",ok,3312,6,20,0.37741545893719808,0.1482827618820251,0.15837249121297839,0.3041988805620221,0.18459890001395249,0.0014431000017792999,,10.746857214432332,2.4408079685060291,1.0000000000000016,,,spectral,kmeans_raw,0,0,[],"{""cluster_qr"": 10.740942476921662, ""kmeans_norm"": 10.72789266948712, ""kmeans_raw"": 10.746857214432332}",,,,,,,,,,,,,
CiteSeer,2,CONTENT_RELATION_8,,formal,,AggregatePower,"{""q_after"": 6.0}",ok,3312,6,20,0.37137681159420288,0.13972711426790829,0.1490828086566087,0.30249937906708652,0.17340040000271981,0.0016166999994311,,3.1653849375331524,0.99999999999999845,0.070714437540984706,,,spectral,kmeans_raw,0,0,[],"{""cluster_qr"": 3.1501257343892455, ""kmeans_norm"": 3.1488682943355966, ""kmeans_raw"": 3.1653849375331524}",,,,,,,,,,,,,
CiteSeer,2,CONTENT_RELATION_8,,formal,,CA,{},ok,3312,6,20,0.37137681159420288,0.13972711426790829,0.1490828086566087,0.30249937906708652,0.17477979999966919,0.0020958999957656002,,3.1126840837960823,0.99999999999999822,0.33427622293680281,,,spectral,kmeans_raw,0,0,[],"{""cluster_qr"": 3.1003831766523744, ""kmeans_norm"": 3.1115117178407026, ""kmeans_raw"": 3.1126840837960823}",,,,,,,,,,,,,
CiteSeer,2,CONTENT_RELATION_8,,formal,,LinearPair,"{""lambda"": 3.0}",ok,3312,6,20,0.37137681159420288,0.13972711426790829,0.1490828086566087,0.30249937906708652,0.16540330000862011,0.0022985000105109001,,10.20850952475346,2.3894094520955598,0.99999999999999822,5.5915550587872303e-16,2.688806215669953,spectral,kmeans_raw,0,0,[],"{""cluster_qr"": 10.154861766178495, ""kmeans_norm"": 10.17553212518228, ""kmeans_raw"": 10.208509524753461}",,,,,,,,,,,,,
CiteSeer,2,CONTENT_RELATION_8,,formal,,PSF-CE,"{""lambda"": 0.665, ""q"": 0.72}",ok,3312,6,20,0.37137681159420288,0.13972711426790829,0.1490828086566087,0.30249937906708652,0.1832417999976314,0.0023325000074692001,,4.6859740959457916,0.99999999999999845,0.51367586483101102,0.0022334366785623999,2.6979629168573034,spectral,kmeans_raw,0,0,[],"{""cluster_qr"": 4.6644627743869265, ""kmeans_norm"": 4.67754664196096, ""kmeans_raw"": 4.685974095945792}",,,,,,,,,,,,,
CiteSeer,2,CONTENT_RELATION_8,,formal,,Poly2,"{""eta"": 8.0}",ok,3312,6,20,0.37137681159420288,0.13972711426790829,0.1490828086566087,0.30249937906708652,0.1712767999997595,0.0016249000036622999,,10.64328641489417,2.4790938219369472,0.99999999999999845,,,spectral,kmeans_raw,0,0,[],"{""cluster_qr"": 10.611679108221637, ""kmeans_norm"": 10.611679108221637, ""kmeans_raw"": 10.64328641489417}",,,,,,,,,,,,,
Coauthor CS,1,GRAPH_GEOMETRY_8,,formal,,AggregatePower,"{""q_after"": 6.0}",ok,18333,15,20,0.61370206731031474,0.61760165621332552,0.4982354650004488,0.5700550374962351,3.2450690999976359,0.016640399990137601,,4.7442633616626964,1.9107999290333209,0.0083581651948369997,,,spectral,kmeans_raw,0,0,[],"{""cluster_qr"": 4.733054042250734, ""kmeans_norm"": 4.599712589886568, ""kmeans_raw"": 4.7442633616626955}",,,,,,,,,,,,,
Coauthor CS,1,GRAPH_GEOMETRY_8,,formal,,CA,{},ok,18333,15,20,0.61370206731031474,0.61760165621332552,0.4982354650004488,0.5700550374962351,3.3507440999965183,0.019852999990689499,,7.0710720182506224,1.0000000000000011,0.30880837009259671,,,spectral,kmeans_raw,0,0,[],"{""cluster_qr"": 7.003627812329876, ""kmeans_norm"": 6.742490209793791, ""kmeans_raw"": 7.071072018250622}",,,,,,,,,,,,,
Coauthor CS,1,GRAPH_GEOMETRY_8,,formal,,LinearPair,"{""lambda"": 3.0}",ok,18333,15,20,0.61370206731031474,0.61760165621332552,0.4982354650004488,0.5700550374962351,3.439018599994597,0.026785099995322501,,25.69431760227366,4.3565211351071911,0.83576866987610487,5.8892159928540248e-16,2.0879152541579709,spectral,kmeans_raw,0,0,[],"{""cluster_qr"": 25.51072154265783, ""kmeans_norm"": 24.161379532025727, ""kmeans_raw"": 25.69431760227366}",,,,,,,,,,,,,
Coauthor CS,1,GRAPH_GEOMETRY_8,,formal,,PSF-CE,"{""lambda"": 0.665, ""q"": 0.72}",ok,18333,15,20,0.6133747886325206,0.61623069675458719,0.49631513972655228,0.56908564155151609,2.9593738000112357,0.018835100010619499,,11.266713098065225,1.5144138702074734,0.43742926177092278,0.0035019840480771001,2.1460886037819904,spectral,kmeans_raw,0,0,[],"{""cluster_qr"": 11.197455114564304, ""kmeans_norm"": 10.67435464201859, ""kmeans_raw"": 11.266713098065223}",,,,,,,,,,,,,
Coauthor CS,1,GRAPH_GEOMETRY_8,,formal,,Poly2,"{""eta"": 8.0}",ok,18333,15,20,0.61370206731031474,0.61760165621332552,0.4982354650004488,0.5700550374962351,3.1766346999938837,0.0206228999886661,,32.095671201194307,5.4284467254979658,1.0000000000000009,,,spectral,kmeans_raw,0,0,[],"{""cluster_qr"": 31.82910834000861, ""kmeans_norm"": 30.174373287700185, ""kmeans_raw"": 32.09567120119431}",,,,,,,,,,,,,
Coauthor CS,0,GRAPH_GEOMETRY_8,,formal,,AggregatePower,"{""q_after"": 6.0}",ok,18333,15,20,0.60704740086183384,0.60974833795166072,0.49343150531087299,0.56258053696488863,3.203102300001774,0.018417499988572599,,4.6827326701360272,1.93610365988544,0.0069987996011529998,,,spectral,kmeans_raw,0,0,[],"{""cluster_qr"": 4.6768565779326545, ""kmeans_norm"": 4.567269890797191, ""kmeans_raw"": 4.682732670136027}",,,,,,,,,,,,,
Coauthor CS,0,GRAPH_GEOMETRY_8,,formal,,CA,{},ok,18333,15,20,0.60704740086183384,0.60974833795166072,0.49343150531087299,0.56258053696488863,3.308755599995493,0.020173299999441899,,7.125351876890015,1.0000000000000016,0.30492779076516308,,,spectral,kmeans_raw,0,0,[],"{""cluster_qr"": 7.070793294681368, ""kmeans_norm"": 6.747846615337204, ""kmeans_raw"": 7.125351876890015}",,,,,,,,,,,,,
Coauthor CS,0,GRAPH_GEOMETRY_8,,formal,,LinearPair,"{""lambda"": 3.0}",ok,18333,15,20,0.60704740086183384,0.60974833795166072,0.49343150531087299,0.56258053696488863,3.9184415000054287,0.022687100004986801,,25.820872641640914,4.4665542542038486,0.8106358174764523,8.6710763576932312e-16,2.0600986042316149,spectral,kmeans_raw,0,0,[],"{""cluster_qr"": 25.693798252498272, ""kmeans_norm"": 24.199411540501668, ""kmeans_raw"": 25.820872641640914}",,,,,,,,,,,,,
Coauthor CS,0,GRAPH_GEOMETRY_8,,formal,,PSF-CE,"{""lambda"": 0.665, ""q"": 0.72}",ok,18333,15,20,0.60753831887852505,0.60910118000937186,0.49208408880075721,0.56272076671605065,3.8208700000104727,0.021207099998719,,11.339428067273548,1.549680443084011,0.4291419762380646,0.0037583269282469999,2.1178697282178267,spectral,kmeans_raw,0,0,[],"{""cluster_qr"": 11.275023270667253, ""kmeans_norm"": 10.68564464422706, ""kmeans_raw"": 11.339428067273548}",,,,,,,,,,,,,
Coauthor CS,0,GRAPH_GEOMETRY_8,,formal,,Poly2,"{""eta"": 8.0}",ok,18333,15,20,0.60704740086183384,0.60974833795166072,0.49343150531087299,0.56258053696488863,3.1790518999914639,0.020506599990767399,,32.565647487264613,5.6251305313232161,1.0000000000000011,,,spectral,kmeans_raw,0,0,[],"{""cluster_qr"": 32.390337722484034, ""kmeans_norm"": 30.50742946202525, ""kmeans_raw"": 32.56564748726461}",,,,,,,,,,,,,
Coauthor Physics,0,GRAPH_GEOMETRY_8,,formal,,AggregatePower,"{""q_after"": 6.0}",ok,34493,5,20,0.78039022410344128,0.60118261565595155,0.69659878096601124,0.69345213623014057,0.13242480000189971,0.0075527000008149998,,2.4093393787837547,1.1536008931172397,0.0231549362470863,,,spectral,cluster_qr,0,0,[],"{""cluster_qr"": 2.4093393787837547, ""kmeans_norm"": 2.408202843647468}",,,,,,,,,,,,,
Coauthor Physics,0,GRAPH_GEOMETRY_8,,formal,,CA,{},ok,34493,5,20,0.7787087235091178,0.5992865600614794,0.69505829179259826,0.69126149991245678,0.1165897000028053,0.0082466000021667995,,2.8756934762282662,0.99999999999999922,0.36457471024055638,,,spectral,kmeans_norm,0,0,[],"{""cluster_qr"": 2.8704943789195165, ""kmeans_norm"": 2.875693476228266}",,,,,,,,,,,,,
Coauthor Physics,0,GRAPH_GEOMETRY_8,,formal,,LinearPair,"{""lambda"": 3.0}",ok,34493,5,20,0.7787087235091178,0.5992865600614794,0.69505829179259826,0.69126149991245678,0.098064599995268495,0.0057367999979760003,,8.6545960880409627,3.5392345269785883,0.99999999999999922,7.0066152153383719e-15,1.9803577057362729,spectral,kmeans_norm,0,0,[],"{""cluster_qr"": 8.61443679610056, ""kmeans_norm"": 8.654596088040963}",,,,,,,,,,,,,
Coauthor Physics,0,GRAPH_GEOMETRY_8,,formal,,PSF-CE,"{""lambda"": 0.665, ""q"": 0.72}",ok,34493,5,20,0.77896964601513352,0.59926950920260491,0.69509818218601716,0.69166996514679413,0.10753120000299531,0.0070963999896775003,,4.1714933697371066,1.3141313944633788,0.53646399815754531,0.0054747757492239002,2.022485912750331,spectral,kmeans_norm,0,0,[],"{""cluster_qr"": 4.15810364809795, ""kmeans_norm"": 4.171493369737107}",,,,,,,,,,,,,
Coauthor Physics,0,GRAPH_GEOMETRY_8,,formal,,Poly2,"{""eta"": 8.0}",ok,34493,5,20,0.7787087235091178,0.5992865600614794,0.69505829179259826,0.69126149991245678,0.13241409999318421,0.0082918999978573993,,11.018517462815051,4.611954803981642,0.99999999999999878,,,spectral,kmeans_norm,0,0,[],"{""cluster_qr"": 10.81225704282077, ""kmeans_norm"": 11.018517462815053}",,,,,,,,,,,,,
Coauthor Physics,1,GRAPH_GEOMETRY_8,,formal,,AggregatePower,"{""q_after"": 6.0}",ok,34493,5,20,0.77673730901922133,0.59177000090195853,0.68718926378463396,0.68986016361769897,0.1138530000025639,0.0082221999909961006,,2.3886675920347265,1.1632300711070798,0.0257070305930799,,,spectral,cluster_qr,0,0,[],"{""cluster_qr"": 2.3886675920347265, ""kmeans_norm"": 2.387616652025823}",,,,,,,,,,,,,
Coauthor Physics,1,GRAPH_GEOMETRY_8,,formal,,CA,{},ok,34493,5,20,0.77792595599107062,0.59367947806408627,0.68412618132908865,0.6630137717556851,0.11785900000541,0.0056948999990708996,,2.8531560722009282,0.99999999999999756,0.36529430107483651,,,spectral,cluster_qr,0,0,[],"{""cluster_qr"": 2.8531560722009277, ""kmeans_norm"": 2.8329833404666847}",,,,,,,,,,,,,
Coauthor Physics,1,GRAPH_GEOMETRY_8,,formal,,LinearPair,"{""lambda"": 3.0}",ok,34493,5,20,0.77830284405531558,0.59025678552591865,0.68608749359392751,0.69272947216209413,0.1356464999989839,0.0059435000002848997,,8.5653030462308486,3.5434087259620042,0.99999999999999756,1.2540395047788672e-14,2.0491085872803354,spectral,kmeans_norm,0,0,[],"{""cluster_qr"": 8.561513729022996, ""kmeans_norm"": 8.565303046230849}",,,,,,,,,,,,,
Coauthor Physics,1,GRAPH_GEOMETRY_8,,formal,,PSF-CE,"{""lambda"": 0.665, ""q"": 0.72}",ok,34493,5,20,0.77923056852114925,0.59232976816067551,0.69023264955321273,0.69195562202379723,0.1204648999992059,0.0073772000032477003,,4.1208325544833055,1.3076247329301844,0.54396688782557401,0.0052714234575854998,2.091145466280294,spectral,cluster_qr,0,0,[],"{""cluster_qr"": 4.1208325544833055, ""kmeans_norm"": 4.11888243420081}",,,,,,,,,,,,,
Coauthor Physics,1,GRAPH_GEOMETRY_8,,formal,,Poly2,"{""eta"": 8.0}",ok,34493,5,20,0.77708520569390893,0.59079798820865725,0.68508083204206238,0.69154788612090434,0.13123369999811979,0.0086795000097480996,,10.655563899227872,4.4936272505829615,0.99999999999999778,,,spectral,cluster_qr,0,0,[],"{""cluster_qr"": 10.655563899227872, ""kmeans_norm"": 10.653100560570078}",,,,,,,,,,,,,
Coauthor Physics,2,GRAPH_GEOMETRY_8,,formal,,AggregatePower,"{""q_after"": 6.0}",ok,34493,5,20,0.77546168787870007,0.5946030142815667,0.68906706612109425,0.68548478060738272,0.107868299994152,0.0072325999935856002,,2.3695061781352305,1.15331711167875,0.019840093904294601,,,spectral,cluster_qr,0,0,[],"{""cluster_qr"": 2.3695061781352305, ""kmeans_norm"": 2.369129977915679}",,,,,,,,,,,,,
Coauthor Physics,2,GRAPH_GEOMETRY_8,,formal,,CA,{},ok,34493,5,20,0.77911460296292001,0.59773725746198858,0.69479283730745578,0.6904686420610574,0.1158487000066088,0.0059608000010483997,,2.8494119856437958,0.99999999999999478,0.35319696632330178,,,spectral,kmeans_norm,0,0,[],"{""cluster_qr"": 2.846128492622509, ""kmeans_norm"": 2.849411985643796}",,,,,,,,,,,,,
Coauthor Physics,2,GRAPH_GEOMETRY_8,,formal,,LinearPair,"{""lambda"": 3.0}",ok,34493,5,20,0.77899863740469077,0.59776946255035723,0.69422630835763044,0.69032625358671207,0.12090619999798941,0.0056388999946648003,,8.5635514761339611,3.546946513651283,0.99999999999999478,2.6149517652853469e-15,2.013575267393485,spectral,cluster_qr,0,0,[],"{""cluster_qr"": 8.563551476133961, ""kmeans_norm"": 8.557869939703094}",,,,,,,,,,,,,
Coauthor Physics,2,GRAPH_GEOMETRY_8,,formal,,PSF-CE,"{""lambda"": 0.665, ""q"": 0.72}",ok,34493,5,20,0.77795494738062798,0.59828292785293236,0.69514767119669651,0.68842633813658693,0.1203438999946229,0.0073732000018935,,4.1342254448526088,1.3136446566526545,0.51790790968597666,0.0052307077798086996,2.0563242096254264,spectral,cluster_qr,0,0,[],"{""cluster_qr"": 4.134225444852609, ""kmeans_norm"": 4.131591432600328}",,,,,,,,,,,,,
Coauthor Physics,2,GRAPH_GEOMETRY_8,,formal,,Poly2,"{""eta"": 8.0}",ok,34493,5,20,0.77911460296292001,0.59773725746198858,0.69479283730745578,0.6904686420610574,0.1335522000008495,0.0071791000082156997,,10.771141641671878,4.5611334319543824,0.99999999999999478,,,spectral,kmeans_norm,0,0,[],"{""cluster_qr"": 10.762121953094779, ""kmeans_norm"": 10.771141641671878}",,,,,,,,,,,,,
Cora,0,CONTENT_RELATION_8,,formal,,AggregatePower,"{""q_after"": 6.0}",ok,2708,7,20,0.4855982274741506,0.36289342809353031,0.26063119792092171,0.35515709644242538,0.20524100000329781,0.0027411000046413002,,3.568928277096691,1.043488894827769,0.1426201413438713,,,spectral,kmeans_raw,0,0,[],"{""cluster_qr"": 3.5567650458992497, ""kmeans_norm"": 3.548975486761387, ""kmeans_raw"": 3.568928277096691}",,,,,,,,,,,,,
Cora,0,CONTENT_RELATION_8,,formal,,CA,{},ok,2708,7,20,0.4855982274741506,0.36289342809353031,0.26063119792092171,0.35515709644242538,0.20367849999456661,0.0024719999928493001,,3.6684513402451846,0.999999999999998,0.40428281208925099,,,spectral,kmeans_raw,0,0,[],"{""cluster_qr"": 3.650315388381249, ""kmeans_norm"": 3.6439644554120667, ""kmeans_raw"": 3.6684513402451846}",,,,,,,,,,,,,
Cora,0,CONTENT_RELATION_8,,formal,,LinearPair,"{""lambda"": 3.0}",ok,2708,7,20,0.4855982274741506,0.36289342809353031,0.26063119792092171,0.35515709644242538,0.20731140000862069,0.0028968999977222998,,12.628560191085851,2.8416533278056817,0.99999999999999778,8.5132773438897929e-16,2.495285113722352,spectral,kmeans_raw,0,0,[],"{""cluster_qr"": 12.567152174594035, ""kmeans_norm"": 12.53253421863023, ""kmeans_raw"": 12.628560191085851}",,,,,,,,,,,,,
Cora,0,CONTENT_RELATION_8,,formal,,PSF-CE,"{""lambda"": 0.665, ""q"": 0.72}",ok,2708,7,20,0.4855982274741506,0.36353174426275792,0.26142156206401679,0.3550483090298433,0.1823518000019248,0.0024170999968191002,,5.6571763023828874,1.0568871055541005,0.65962375695574671,0.0036079984389047999,2.514091737596329,spectral,kmeans_raw,0,0,[],"{""cluster_qr"": 5.629846584160482, ""kmeans_norm"": 5.625798598437689, ""kmeans_raw"": 5.6571763023828865}",,,,,,,,,,,,,
Cora,0,CONTENT_RELATION_8,,formal,,Poly2,"{""eta"": 8.0}",ok,2708,7,20,0.4855982274741506,0.36289342809353031,0.26063119792092171,0.35515709644242538,0.2169192000001203,0.0020642000017687002,,13.83256486982008,3.1017121090459447,0.999999999999998,,,spectral,kmeans_raw,0,0,[],"{""cluster_qr"": 13.710210668486376, ""kmeans_norm"": 13.725653312206497, ""kmeans_raw"": 13.83256486982008}",,,,,,,,,,,,,
Cora,1,CONTENT_RELATION_8,,formal,,AggregatePower,"{""q_after"": 6.0}",ok,2708,7,20,0.48005908419497778,0.35868418938285351,0.25043811133350308,0.35776929602377849,0.21637589999591,0.0017875000048661,,3.9018470015678708,1.0116644352952282,0.16073648813104499,,,spectral,kmeans_raw,0,0,[],"{""cluster_qr"": 3.8851906881468197, ""kmeans_norm"": 3.8872496873669506, ""kmeans_raw"": 3.901847001567871}",,,,,,,,,,,,,
Cora,1,CONTENT_RELATION_8,,formal,,CA,{},ok,2708,7,20,0.48005908419497778,0.35868418938285351,0.25043811133350308,0.35776929602377849,0.2051479000074323,0.0024456000101054001,,3.8826218359514719,1.0000000000000018,0.4269025188941627,,,spectral,kmeans_raw,0,0,[],"{""cluster_qr"": 3.870320787366094, ""kmeans_norm"": 3.871280754500801, ""kmeans_raw"": 3.8826218359514724}",,,,,,,,,,,,,
Cora,1,CONTENT_RELATION_8,,formal,,LinearPair,"{""lambda"": 3.0}",ok,2708,7,20,0.48005908419497778,0.35868418938285351,0.25043811133350308,0.35776929602377849,0.21352190000470719,0.0018350000027567001,,13.538149228019618,2.8296455548226391,1.0000000000000011,2.7290223223267037e-16,2.3167792064802639,spectral,kmeans_raw,0,0,[],"{""cluster_qr"": 13.453606740362616, ""kmeans_norm"": 13.484642725335167, ""kmeans_raw"": 13.538149228019618}",,,,,,,,,,,,,
Cora,1,CONTENT_RELATION_8,,formal,,PSF-CE,"{""lambda"": 0.665, ""q"": 0.72}",ok,2708,7,20,0.48005908419497778,0.35868418938285351,0.25043811133350308,0.35776929602377849,0.2223897999938344,0.0025873999984469,,6.0257672938248108,1.0704810993922598,0.69184365437924877,0.0036360728578647,2.3297287185151219,spectral,kmeans_raw,0,0,[],"{""cluster_qr"": 6.001152381914131, ""kmeans_norm"": 6.001328498730113, ""kmeans_raw"": 6.025767293824811}",,,,,,,,,,,,,
Cora,1,CONTENT_RELATION_8,,formal,,Poly2,"{""eta"": 8.0}",ok,2708,7,20,0.48005908419497778,0.35868418938285351,0.25043811133350308,0.35776929602377849,0.2055907000030856,0.0023376000026472999,,15.59372000586754,3.2719468284994848,1.0000000000000022,,,spectral,kmeans_raw,0,0,[],"{""cluster_qr"": 15.538925871829985, ""kmeans_norm"": 15.531735781785512, ""kmeans_raw"": 15.59372000586754}",,,,,,,,,,,,,
Cora,2,CONTENT_RELATION_8,,formal,,AggregatePower,"{""q_after"": 6.0}",ok,2708,7,20,0.4855982274741506,0.36189259266282497,0.26292638420277409,0.35530726774518712,0.2074550000106683,0.0024565000057918001,,3.4438379115616962,1.1116976193079842,0.085062483981168099,,,spectral,kmeans_raw,0,0,[],"{""cluster_qr"": 3.408386034077612, ""kmeans_norm"": 3.4311307557790314, ""kmeans_raw"": 3.443837911561696}",,,,,,,,,,,,,
Cora,2,CONTENT_RELATION_8,,formal,,CA,{},ok,2708,7,20,0.4855982274741506,0.36189259266282497,0.26292638420277409,0.35530726774518712,0.2253068999998504,0.0027458000113255998,,3.5819769003286348,1.0000000000000002,0.3719743564998379,,,spectral,kmeans_raw,0,0,[],"{""cluster_qr"": 3.540821718355239, ""kmeans_norm"": 3.540037269909139, ""kmeans_raw"": 3.581976900328635}",,,,,,,,,,,,,
Cora,2,CONTENT_RELATION_8,,formal,,LinearPair,"{""lambda"": 3.0}",ok,2708,7,20,0.4855982274741506,0.36189259266282497,0.26292638420277409,0.35530726774518712,0.22290999999677291,0.0019704000005730999,,12.246392508450004,2.9440286644015208,1.0000000000000002,3.5240444159786893e-16,2.527099455029528,spectral,kmeans_raw,0,0,[],"{""cluster_qr"": 12.10005198948967, ""kmeans_norm"": 12.117078074888251, ""kmeans_raw"": 12.246392508450004}",,,,,,,,,,,,,
Cora,2,CONTENT_RELATION_8,,formal,,PSF-CE,"{""lambda"": 0.665, ""q"": 0.72}",ok,2708,7,20,0.4855982274741506,0.36189259266282497,0.26292638420277409,0.35530726774518712,0.18557069999224041,0.0021132999972905001,,5.5053853785408684,1.0832986754846436,0.5958091145822757,0.0038304337954008002,2.5503301833833474,spectral,kmeans_raw,0,0,[],"{""cluster_qr"": 5.433957491819001, ""kmeans_norm"": 5.447129771586565, ""kmeans_raw"": 5.5053853785408675}",,,,,,,,,,,,,
Cora,2,CONTENT_RELATION_8,,formal,,Poly2,"{""eta"": 8.0}",ok,2708,7,20,0.4896602658788774,0.36456087797345738,0.26589760264455081,0.35804084612956028,0.1981965000013588,0.0024636000016470998,,13.308400687375215,3.1782397961968138,1.0123544328346217,,,spectral,kmeans_raw,0,0,[],"{""cluster_qr"": 12.041008394430254, ""kmeans_norm"": 12.821746070546368, ""kmeans_raw"": 13.308400687375215}",,,,,,,,,,,,,
Coauthor CS,2,GRAPH_GEOMETRY_8,,formal,,AggregatePower,"{""q_after"": 6.0}",ok,18333,15,20,0.61713849342715321,0.61460940454479596,0.4979388365871828,0.57091414035978927,2.721372900006827,0.018225699997856198,,4.7838523914905373,1.8946711465087147,0.0071374114993895997,,,spectral,kmeans_raw,0,0,[],"{""cluster_qr"": 4.772803771951747, ""kmeans_norm"": 4.632672760820275, ""kmeans_raw"": 4.783852391490537}",,,,,,,,,,,,,
Coauthor CS,2,GRAPH_GEOMETRY_8,,formal,,CA,{},ok,18333,15,20,0.61713849342715321,0.61460940454479596,0.4979388365871828,0.57091414035978927,2.6258342000073758,0.022157500003231599,,7.1258644912101516,0.99999999999999878,0.30318482033539851,,,spectral,kmeans_raw,0,0,[],"{""cluster_qr"": 7.093348657145117, ""kmeans_norm"": 6.757094111563368, ""kmeans_raw"": 7.125864491210152}",,,,,,,,,,,,,
Coauthor CS,2,GRAPH_GEOMETRY_8,,formal,,LinearPair,"{""lambda"": 3.0}",ok,18333,15,20,0.61713849342715321,0.61460940454479596,0.4979388365871828,0.57091414035978927,2.7061877999949502,0.0202278000069782,,25.822568556282345,4.3620907076561055,0.80259860206599587,6.7427867673091882e-16,2.0602397203220781,spectral,kmeans_raw,0,0,[],"{""cluster_qr"": 25.667470585236956, ""kmeans_norm"": 24.17085227645573, ""kmeans_raw"": 25.822568556282345}",,,,,,,,,,,,,
Coauthor CS,2,GRAPH_GEOMETRY_8,,formal,,PSF-CE,"{""lambda"": 0.665, ""q"": 0.72}",ok,18333,15,20,0.61708394698085423,0.61408367115421281,0.49708759040490141,0.57054645387897607,2.881993799994234,0.0224905999930342,,11.336233865338349,1.52263811875911,0.42559728304327971,0.0035894661509302999,2.1150231980173344,spectral,kmeans_raw,0,0,[],"{""cluster_qr"": 11.280707468038035, ""kmeans_norm"": 10.685799226640578, ""kmeans_raw"": 11.336233865338347}",,,,,,,,,,,,,
Coauthor CS,2,GRAPH_GEOMETRY_8,,formal,,Poly2,"{""eta"": 8.0}",ok,18333,15,20,0.61713849342715321,0.61460940454479596,0.4979388365871828,0.57091414035978927,2.8228364000096922,0.0195826999988639,,32.566245458995382,5.4947071012406337,0.99999999999999878,,,spectral,kmeans_raw,0,0,[],"{""cluster_qr"": 32.25208233029631, ""kmeans_norm"": 30.472417683229697, ""kmeans_raw"": 32.56624545899538}",,,,,,,,,,,,,
COIL100,1,NEW10,,formal,,AggregatePower,"{""q_after"": 6.0}",ok,7200,100,20,0.52694444444444444,0.78106161539105756,0.4057125325778142,0.50365911930702068,22.608092800001032,1.2932696999923792,,53.375851058294842,2.0037554299066467,0.0128711137968953,,,spectral,kmeans_raw,0,0,[],"{""cluster_qr"": 53.2800399364627, ""kmeans_norm"": 52.579017979831725, ""kmeans_raw"": 53.375851058294835}",,,,,,,,,,,,,
COIL100,1,NEW10,,formal,,CA,{},ok,7200,100,20,0.52694444444444444,0.78106161539105756,0.4057125325778142,0.50365911930702068,23.72923090000404,1.3493832999956794,,67.555362211481849,1,0.4311501778982183,,,spectral,kmeans_raw,0,0,[],"{""cluster_qr"": 66.25526418872477, ""kmeans_norm"": 65.55701656226972, ""kmeans_raw"": 67.55536221148185}",,,,,,,,,,,,,
COIL100,1,NEW10,,formal,,LinearPair,"{""lambda"": 3.0}",ok,7200,100,20,0.52402777777777776,0.77947578535023132,0.391093396262857,0.50285153779668712,22.788137399998959,1.3302583000040611,,266.75345919145195,4.9809459542210037,1.096697184831823,5.186135960761117e-17,1.3269819847403359,spectral,kmeans_raw,0,0,[],"{""cluster_qr"": 261.9941242420011, ""kmeans_norm"": 254.4377947074023, ""kmeans_raw"": 266.75345919145195}",,,,,,,,,,,,,
COIL100,1,NEW10,,formal,,PSF-CE,"{""lambda"": 0.665, ""q"": 0.72}",ok,7200,100,20,0.52833333333333332,0.78387413410070739,0.42252882098402572,0.50848303399742978,22.960246999995437,1.3576993999886326,,111.95042630359652,1.8548208827731816,0.59511659639848102,0.00047335775888680001,1.3495684455791821,spectral,kmeans_raw,0,0,[],"{""cluster_qr"": 109.87118777210455, ""kmeans_norm"": 107.96737868935152, ""kmeans_raw"": 111.95042630359653}",,,,,,,,,,,,,
COIL100,1,NEW10,,formal,,Poly2,"{""eta"": 8.0}",ok,7200,100,20,0.52402777777777776,0.77947578535023132,0.391093396262857,0.50285153779668712,23.300758199999109,1.5428384999977425,,474.46814675863521,8.9999999999999982,1.8768841476596665,,,spectral,kmeans_raw,0,0,[],"{""cluster_qr"": 466.9398596114189, ""kmeans_norm"": 452.51192675440683, ""kmeans_raw"": 474.4681467586352}",,,,,,,,,,,,,
COIL100,0,NEW10,,formal,,AggregatePower,"{""q_after"": 6.0}",ok,7200,100,20,0.51666666666666672,0.78765198944233705,0.4351719493330265,0.4959140626170348,22.064816600002811,1.2424511999997776,,53.772806879113816,1.9291057195868919,0.0135410875390564,,,spectral,kmeans_raw,0,0,[],"{""cluster_qr"": 53.504051586725694, ""kmeans_norm"": 52.58798231657882, ""kmeans_raw"": 53.772806879113816}",,,,,,,,,,,,,
COIL100,0,NEW10,,formal,,CA,{},ok,7200,100,20,0.51666666666666672,0.78765198944233705,0.4351719493330265,0.4959140626170348,22.477585399989039,1.3011578999867195,,67.74088573177761,0.999999999999999,0.43757206269749699,,,spectral,kmeans_raw,0,0,[],"{""cluster_qr"": 66.31574126868311, ""kmeans_norm"": 65.43373920815304, ""kmeans_raw"": 67.74088573177761}",,,,,,,,,,,,,
COIL100,0,NEW10,,formal,,LinearPair,"{""lambda"": 3.0}",ok,7200,100,20,0.51249999999999996,0.78695482509020132,0.42967042543047163,0.49020378914917762,24.418357499991544,1.3265785999974469,,267.16376731812289,4.939917275383336,1.133298393882634,5.3810720105144514e-17,1.313305758461119,spectral,kmeans_raw,0,0,[],"{""cluster_qr"": 260.59664195927957, ""kmeans_norm"": 251.82968131203174, ""kmeans_raw"": 267.1637673181229}",,,,,,,,,,,,,
COIL100,0,NEW10,,formal,,PSF-CE,"{""lambda"": 0.665, ""q"": 0.72}",ok,7200,100,20,0.51263888888888887,0.78377919624541725,0.4259846985724946,0.49225210978527451,23.958533199998783,1.3312192000012146,,112.13495308962084,1.8466222131233985,0.60533022548184001,0.0004525901428392,1.3362407053575485,spectral,kmeans_raw,0,0,[],"{""cluster_qr"": 109.76912981625117, ""kmeans_norm"": 107.05657562990365, ""kmeans_raw"": 112.13495308962084}",,,,,,,,,,,,,
COIL100,0,NEW10,,formal,,Poly2,"{""eta"": 8.0}",ok,7200,100,20,0.51249999999999996,0.78695482509020132,0.42967042543047163,0.49020378914917762,25.627042399995844,1.5651483999972695,,479.14060573041576,8.9999999999999556,1.9555515187470407,,,spectral,kmeans_raw,0,0,[],"{""cluster_qr"": 467.55397687216134, ""kmeans_norm"": 451.46191325389816, ""kmeans_raw"": 479.14060573041576}",,,,,,,,,,,,,
DBLP,0,MULTI_RELATION_7,,formal,,AggregatePower,"{""q_after"": 6.0}",ok,4057,4,20,0.88439733793443431,0.66776293771942707,0.72924649242297102,0.87815432665325499,0.1800883000105386,0.0017800000059651001,,1.9765191396242008,0.99999999999999878,0.054526588868451603,,,spectral,kmeans_raw,0,0,[],"{""cluster_qr"": 1.8837703971432167, ""kmeans_norm"": 1.9745051934113167, ""kmeans_raw"": 1.9765191396242012}",,,,,,,,,,,,,
DBLP,0,MULTI_RELATION_7,,formal,,CA,{},ok,4057,4,20,0.88439733793443431,0.66776293771942707,0.72924649242297102,0.87815432665325499,0.22687690000748259,0.0012155000003986,,1.9487411228778908,0.99999999999999878,0.30009971416475689,,,spectral,kmeans_raw,0,0,[],"{""cluster_qr"": 1.9104140251729076, ""kmeans_norm"": 1.9487011380843104, ""kmeans_raw"": 1.9487411228778908}",,,,,,,,,,,,,
DBLP,0,MULTI_RELATION_7,,formal,,LinearPair,"{""lambda"": 3.0}",ok,4057,4,20,0.88439733793443431,0.66776293771942707,0.72924649242297102,0.87815432665325499,0.221875600007479,0.0014700000028824,,5.3326446847147917,2.535396574606072,0.99999999999999878,2.6525199755643089e-15,3.2225127000519977,spectral,kmeans_raw,0,0,[],"{""cluster_qr"": 5.207666155896185, ""kmeans_norm"": 5.32897233205029, ""kmeans_raw"": 5.332644684714792}",,,,,,,,,,,,,
DBLP,0,MULTI_RELATION_7,,formal,,PSF-CE,"{""lambda"": 0.665, ""q"": 0.72}",ok,4057,4,20,0.88513680059157007,0.66890093306050713,0.73069753716669139,0.87891577133765009,0.1661582999950042,0.001068600002327,,2.7026149872461227,0.99999999999999878,0.47854452799895569,0.0032066022565848998,3.2515815625373761,spectral,kmeans_raw,0,0,[],"{""cluster_qr"": 2.6806523344177267, ""kmeans_norm"": 2.701190001133032, ""kmeans_raw"": 2.7026149872461227}",,,,,,,,,,,,,
DBLP,0,MULTI_RELATION_7,,formal,,Poly2,"{""eta"": 8.0}",ok,4057,4,20,0.88439733793443431,0.66776293771942707,0.72924649242297102,0.87815432665325499,0.2161777000001166,0.0016717999969840999,,4.9884460763581346,2.2851170278221047,0.99999999999999845,,,spectral,kmeans_raw,0,0,[],"{""cluster_qr"": 4.517709036071546, ""kmeans_norm"": 4.985534562397815, ""kmeans_raw"": 4.988446076358135}",,,,,,,,,,,,,
DBLP,1,MULTI_RELATION_7,,formal,,AggregatePower,"{""q_after"": 6.0}",ok,4057,4,20,0.88316490017254123,0.66685077059101949,0.72703950840889797,0.87696034580545745,0.1946032999985618,0.0014537999959429,,1.9572644844803129,1.0000000000000009,0.048666077783658099,,,spectral,kmeans_raw,0,0,[],"{""cluster_qr"": 1.9181215991854002, ""kmeans_norm"": 1.9554446675940225, ""kmeans_raw"": 1.9572644844803126}",,,,,,,,,,,,,
DBLP,1,MULTI_RELATION_7,,formal,,CA,{},ok,4057,4,20,0.88193246241064827,0.66499621160937905,0.72329933120083112,0.87628692654153895,0.21576300000015181,0.0015099000011104999,,1.9471168938383057,1.0000000000000009,0.29612773921511121,,,spectral,kmeans_norm,0,0,[],"{""cluster_qr"": 1.9372271450866883, ""kmeans_norm"": 1.9471168938383057, ""kmeans_raw"": 1.9469755855678348}",,,,,,,,,,,,,
DBLP,1,MULTI_RELATION_7,,formal,,LinearPair,"{""lambda"": 3.0}",ok,4057,4,20,0.88316490017254123,0.66685077059101949,0.72703950840889797,0.87696034580545745,0.20657809999829621,0.0012915999977849001,,5.3078649854744544,2.5630038076846402,1.0000000000000004,1.7276500220836189e-15,3.2098789545716486,spectral,kmeans_raw,0,0,[],"{""cluster_qr"": 5.209455672569231, ""kmeans_norm"": 5.3047830551916295, ""kmeans_raw"": 5.307864985474454}",,,,,,,,,,,,,
DBLP,1,MULTI_RELATION_7,,formal,,PSF-CE,"{""lambda"": 0.665, ""q"": 0.72}",ok,4057,4,20,0.88513680059157007,0.66947374960269157,0.73067099965655047,0.87906092200931196,0.17551180000009481,0.0014243999903555001,,2.6969913334620759,1.0000000000000009,0.46822354317730669,0.0032804595060152999,3.2424680009002622,spectral,kmeans_raw,0,0,[],"{""cluster_qr"": 2.6444789212929622, ""kmeans_norm"": 2.69553361614947, ""kmeans_raw"": 2.696991333462076}",,,,,,,,,,,,,
DBLP,1,MULTI_RELATION_7,,formal,,Poly2,"{""eta"": 8.0}",ok,4057,4,20,0.88316490017254123,0.66685077059101949,0.72703950840889797,0.87696034580545745,0.16959200000565031,0.0010481000063009001,,4.9782811535285756,2.3154216872229969,0.99766084267633515,,,spectral,kmeans_raw,0,0,[],"{""cluster_qr"": 4.431745449024093, ""kmeans_norm"": 4.975935107975446, ""kmeans_raw"": 4.978281153528576}",,,,,,,,,,,,,
DBLP,2,MULTI_RELATION_7,,formal,,AggregatePower,"{""q_after"": 6.0}",ok,4057,4,20,0.88735518856297757,0.67143981576171541,0.73411200946470201,0.88155148824257468,0.2258365000016056,0.001559600001201,,1.9788559439573128,1.0000000000000011,0.052318491020969103,,,spectral,kmeans_raw,0,0,[],"{""cluster_qr"": 1.9542988121590505, ""kmeans_norm"": 1.9760880580860536, ""kmeans_raw"": 1.9788559439573128}",,,,,,,,,,,,,
DBLP,2,MULTI_RELATION_7,,formal,,CA,{},ok,4057,4,20,0.88834113877249199,0.6769404530640456,0.73593497222959625,0.88319240493414219,0.21008530000108289,0.0014126000023678999,,1.9484386550126676,1.0000000000000011,0.2971933984199055,,,spectral,kmeans_norm,0,0,[],"{""cluster_qr"": 1.9356873548978246, ""kmeans_norm"": 1.9484386550126673, ""kmeans_raw"": 1.9475795072030841}",,,,,,,,,,,,,
DBLP,2,MULTI_RELATION_7,,formal,,LinearPair,"{""lambda"": 3.0}",ok,4057,4,20,0.88735518856297757,0.67143981576171541,0.73411200946470201,0.88155148824257468,0.2056159999920055,0.001435099999071,,5.3309903752515186,2.5307079555826162,1.0000000000000009,2.5897308854194971e-15,3.2360800529622038,spectral,kmeans_raw,0,0,[],"{""cluster_qr"": 5.237818256681364, ""kmeans_norm"": 5.328255831295465, ""kmeans_raw"": 5.330990375251519}",,,,,,,,,,,,,
DBLP,2,MULTI_RELATION_7,,formal,,PSF-CE,"{""lambda"": 0.665, ""q"": 0.72}",ok,4057,4,20,0.88809465122011333,0.67627629389339727,0.73527335060304955,0.88298643967382962,0.17830780000076629,0.0010404999920865,,2.7002730111748563,1.0000000000000016,0.47216107511973288,0.0030035500526864999,3.2643626342135379,spectral,kmeans_norm,0,0,[],"{""cluster_qr"": 2.627286386878527, ""kmeans_norm"": 2.7002730111748563, ""kmeans_raw"": 2.700145334198252}",,,,,,,,,,,,,
DBLP,2,MULTI_RELATION_7,,formal,,Poly2,"{""eta"": 8.0}",ok,4057,4,20,0.88735518856297757,0.67143981576171541,0.73411200946470201,0.88155148824257468,0.2228703000000678,0.0014527000021189,,4.975281118034057,2.2738489771698176,1.0000000000000011,,,spectral,kmeans_raw,0,0,[],"{""cluster_qr"": 4.967964520218446, ""kmeans_norm"": 4.973670638834057, ""kmeans_raw"": 4.975281118034057}",,,,,,,,,,,,,
COIL100,2,NEW10,,formal,,AggregatePower,"{""q_after"": 6.0}",ok,7200,100,20,0.52625,0.78709230528462315,0.43350726388995159,0.50073052357671122,23.870029699988663,1.3230135999910999,,53.886487531695415,1.9361289643868145,0.012381428397024399,,,spectral,kmeans_raw,0,0,[],"{""cluster_qr"": 53.68994105872339, ""kmeans_norm"": 52.66381769378775, ""kmeans_raw"": 53.886487531695415}",,,,,,,,,,,,,
COIL100,2,NEW10,,formal,,CA,{},ok,7200,100,20,0.52625,0.78709230528462315,0.43350726388995159,0.50073052357671122,24.605114999998481,1.3126790999958755,,67.539206208074773,1.0000000000000011,0.43083014001976588,,,spectral,kmeans_raw,0,0,[],"{""cluster_qr"": 66.23002032453847, ""kmeans_norm"": 65.07568813294331, ""kmeans_raw"": 67.53920620807477}",,,,,,,,,,,,,
COIL100,2,NEW10,,formal,,LinearPair,"{""lambda"": 3.0}",ok,7200,100,20,0.52097222222222217,0.77925171965666862,0.38378945876295911,0.49751383892238787,23.446745099994587,1.2973224999877857,,265.31527640958944,4.9381223679827189,1.074716991998522,7.0467036919485597e-17,1.3127074559942573,spectral,kmeans_raw,0,0,[],"{""cluster_qr"": 261.4555624144826, ""kmeans_norm"": 252.7794648282314, ""kmeans_raw"": 265.31527640958944}",,,,,,,,,,,,,
COIL100,2,NEW10,,formal,,PSF-CE,"{""lambda"": 0.665, ""q"": 0.72}",ok,7200,100,20,0.53138888888888891,0.78828536902149671,0.43418651918677581,0.50356272268707469,23.919476900002337,1.2926245999988168,,111.87717272307478,1.8468933912038856,0.59457592821418648,0.00046076279538190002,1.3359632888925697,spectral,kmeans_raw,0,0,[],"{""cluster_qr"": 109.92940345518116, ""kmeans_norm"": 107.57049024924342, ""kmeans_raw"": 111.87717272307478}",,,,,,,,,,,,,
COIL100,2,NEW10,,formal,,Poly2,"{""eta"": 8.0}",ok,7200,100,20,0.52097222222222217,0.77925171965666862,0.38378945876295911,0.49751383892238787,23.108551999990599,1.3434068999922602,,475.9314384910727,8.999999999999952,1.850206805824268,,,spectral,kmeans_raw,0,0,[],"{""cluster_qr"": 470.06680302652245, ""kmeans_norm"": 453.31968496510774, ""kmeans_raw"": 475.9314384910727}",,,,,,,,,,,,,
Extended Yale-B,0,NEW10,,formal,,AggregatePower,"{""q_after"": 6.0}",ok,2414,38,20,0.093206296603148303,0.1275150247692268,0.0132584936264733,0.098823787482379494,1.5608852000004845,0.1114399000070989,,20.40006860188436,1.920604700005486,0.0046425225591227,,,spectral,kmeans_raw,0,0,[],"{""cluster_qr"": 20.28301778893463, ""kmeans_norm"": 20.372301132322622, ""kmeans_raw"": 20.400068601884357}",,,,,,,,,,,,,
Extended Yale-B,0,NEW10,,formal,,CA,{},ok,2414,38,20,0.093206296603148303,0.1275150247692268,0.0132584936264733,0.098823787482379494,1.5025847000069916,0.10995510000793721,,25.145442355926978,1.0000000000000002,0.36006512585951911,,,spectral,kmeans_raw,0,0,[],"{""cluster_qr"": 24.891435398874656, ""kmeans_norm"": 25.091968337346614, ""kmeans_raw"": 25.145442355926978}",,,,,,,,,,,,,
Extended Yale-B,0,NEW10,,formal,,LinearPair,"{""lambda"": 3.0}",ok,2414,38,20,0.093206296603148303,0.1275150247692268,0.0132584936264733,0.098823787482379494,1.4932647999958135,0.1079516000027069,,96.493901809494403,4.7454910504763248,0.81821717205197908,1.0815376445724653e-16,1.2995051321878928,spectral,kmeans_raw,0,0,[],"{""cluster_qr"": 96.11100722469214, ""kmeans_norm"": 96.30626145560807, ""kmeans_raw"": 96.4939018094944}",,,,,,,,,,,,,
Extended Yale-B,0,NEW10,,formal,,PSF-CE,"{""lambda"": 0.665, ""q"": 0.72}",ok,2414,38,20,0.093620546810273403,0.1275326903206922,0.013157643203313901,0.099470723746495099,1.5907752000057371,0.1142410000029485,,41.069139202563498,1.7836473127706074,0.47092136527746697,0.00075468511411620005,1.318888097719189,spectral,kmeans_raw,0,0,[],"{""cluster_qr"": 40.80252458889753, ""kmeans_norm"": 40.97424382881499, ""kmeans_raw"": 41.0691392025635}",,,,,,,,,,,,,
Extended Yale-B,0,NEW10,,formal,,Poly2,"{""eta"": 8.0}",ok,2414,38,20,0.094449047224523602,0.12700195111980361,0.013552624873357001,0.0995365389330021,1.8271647000074156,0.1098423999937949,,173.45114385448565,8.7110986771807202,1.3738215991868232,,,spectral,kmeans_raw,0,0,[],"{""cluster_qr"": 171.25010253714288, ""kmeans_norm"": 168.76618480165874, ""kmeans_raw"": 173.45114385448565}",,,,,,,,,,,,,
Extended Yale-B,1,NEW10,,formal,,AggregatePower,"{""q_after"": 6.0}",ok,2414,38,20,0.0990057995028997,0.1235493801843244,0.0151163903602189,0.10400604562405071,1.6110914000018963,0.1009734999970533,,20.688247694229009,1.9541760418545728,0.0079262776181294996,,,spectral,kmeans_norm,0,0,[],"{""cluster_qr"": 20.63081578983966, ""kmeans_norm"": 20.68824769422901, ""kmeans_raw"": 20.68290998074667}",,,,,,,,,,,,,
Extended Yale-B,1,NEW10,,formal,,CA,{},ok,2414,38,20,0.0981772990886495,0.1237365505862917,0.0138668569152343,0.103968291786234,1.606335799995577,0.1053814000042621,,25.238837427262091,0.99999999999999878,0.39210480542932008,,,spectral,kmeans_raw,0,0,[],"{""cluster_qr"": 24.98600102174459, ""kmeans_norm"": 25.234041993784555, ""kmeans_raw"": 25.23883742726209}",,,,,,,,,,,,,
Extended Yale-B,1,NEW10,,formal,,LinearPair,"{""lambda"": 3.0}",ok,2414,38,20,0.0990057995028997,0.1235493801843244,0.0151163903602189,0.10400604562405071,1.5605570000043372,0.1040563999995356,,97.298375379225277,4.7505042119558096,0.94461766185168416,1.0219470230820332e-16,1.3043177341799188,spectral,kmeans_norm,0,0,[],"{""cluster_qr"": 96.93097866678544, ""kmeans_norm"": 97.29837537922529, ""kmeans_raw"": 97.28866867807741}",,,,,,,,,,,,,
Extended Yale-B,1,NEW10,,formal,,PSF-CE,"{""lambda"": 0.665, ""q"": 0.72}",ok,2414,38,20,0.0977630488815244,0.1229995489045196,0.0137054952765631,0.1037849171404772,1.5060472000041043,0.1060574000002816,,41.305621771883118,1.7830571915387341,0.52952989216614887,0.00071547283995969998,1.3227254581889922,spectral,kmeans_raw,0,0,[],"{""cluster_qr"": 40.899283745583425, ""kmeans_norm"": 41.30206799742126, ""kmeans_raw"": 41.30562177188312}",,,,,,,,,,,,,
Extended Yale-B,1,NEW10,,formal,,Poly2,"{""eta"": 8.0}",ok,2414,38,20,0.097348798674399301,0.1207463949203692,0.013647412974728299,0.103340882032378,1.729403999997885,0.099902200003270894,,175.25276289036498,8.6943153644467781,1.4497605722781657,,,spectral,kmeans_raw,0,0,[],"{""cluster_qr"": 171.31655684315933, ""kmeans_norm"": 174.7054794014391, ""kmeans_raw"": 175.25276289036498}",,,,,,,,,,,,,
Extended Yale-B,2,NEW10,,formal,,AggregatePower,"{""q_after"": 6.0}",ok,2414,38,20,0.097348798674399301,0.1238164983260637,0.016147901178232699,0.1028896210697125,1.6009245000022929,0.1065557000110857,,20.66893566244833,1.9212877819542824,0.0097060613918003996,,,spectral,kmeans_raw,0,0,[],"{""cluster_qr"": 20.573871162789548, ""kmeans_norm"": 20.642048039397455, ""kmeans_raw"": 20.668935662448334}",,,,,,,,,,,,,
Extended Yale-B,2,NEW10,,formal,,CA,{},ok,2414,38,20,0.097348798674399301,0.1238164983260637,0.016147901178232699,0.1028896210697125,1.5783879999944477,0.108186299999943,,25.47703480282712,1.0000000000000002,0.40701190792734659,,,spectral,kmeans_raw,0,0,[],"{""cluster_qr"": 25.01179175191499, ""kmeans_norm"": 25.354587832810473, ""kmeans_raw"": 25.477034802827117}",,,,,,,,,,,,,
Extended Yale-B,2,NEW10,,formal,,LinearPair,"{""lambda"": 3.0}",ok,2414,38,20,0.097348798674399301,0.1238164983260637,0.016147901178232699,0.1028896210697125,1.6105220000026748,0.1040900999942096,,98.318167256879917,4.7590698150973596,1.0000000000000004,8.607858635286488e-17,1.3050964400479139,spectral,kmeans_raw,0,0,[],"{""cluster_qr"": 97.64704972437225, ""kmeans_norm"": 97.92577646141069, ""kmeans_raw"": 98.31816725687993}",,,,,,,,,,,,,
Extended Yale-B,2,NEW10,,formal,,PSF-CE,"{""lambda"": 0.665, ""q"": 0.72}",ok,2414,38,20,0.097348798674399301,0.1236697333718271,0.016065788275154699,0.1027530649987568,1.6543476999941049,0.1096092999941902,,41.700480390686579,1.7855999599978585,0.54989462910505194,0.00073727874028519996,1.324442447956139,spectral,kmeans_raw,0,0,[],"{""cluster_qr"": 41.28377925708778, ""kmeans_norm"": 41.541479573489354, ""kmeans_raw"": 41.70048039068658}",,,,,,,,,,,,,
Extended Yale-B,2,NEW10,,formal,,Poly2,"{""eta"": 8.0}",ok,2414,38,20,0.10356255178127589,0.12860695658301899,0.016461887775897001,0.1122721159466069,1.5917000999907032,0.1161795999942114,,176.07215132856075,8.7061903001867531,1.5648343142345804,,,spectral,kmeans_raw,0,0,[],"{""cluster_qr"": 174.39650444800222, ""kmeans_norm"": 175.6125699899623, ""kmeans_raw"": 176.07215132856075}",,,,,,,,,,,,,
Handwritten,0,TEXT_MV,,formal,,AggregatePower,"{""q_after"": 6.0}",ok,2000,10,20,0.95199999999999996,0.90886200216749258,0.89760659626846973,0.95232002930987558,0.2219803000043612,0.0060181000008013999,,4.3612740626381283,1.8119360782749001,0.0092378094457584003,,,spectral,kmeans_norm,0,0,[],"{""cluster_qr"": 4.342604965872353, ""kmeans_norm"": 4.3612740626381274, ""kmeans_raw"": 4.360701554718439}",,,,,,,,,,,,,
Handwritten,0,TEXT_MV,,formal,,CA,{},ok,2000,10,20,0.94850000000000001,0.90623262316654518,0.89040378072751092,0.948942941969803,0.26283289999992121,0.0065287000034003999,,5.8802459195549854,1.0000000000000002,0.36177324559011792,,,spectral,kmeans_raw,0,0,[],"{""cluster_qr"": 5.633336819861872, ""kmeans_norm"": 5.880170319560203, ""kmeans_raw"": 5.880245919554985}",,,,,,,,,,,,,
Handwritten,0,TEXT_MV,,formal,,LinearPair,"{""lambda"": 3.0}",ok,2000,10,20,0.95199999999999996,0.90886200216749258,0.89760659626846973,0.95232002930987558,0.27762439999787603,0.0050965999980689004,,20.419797355599901,4.538595715200425,0.93869131288217522,3.264697402086298e-16,1.6197246826257592,spectral,kmeans_norm,0,0,[],"{""cluster_qr"": 20.408045261904178, ""kmeans_norm"": 20.4197973555999, ""kmeans_raw"": 20.41825315913433}",,,,,,,,,,,,,
Handwritten,0,TEXT_MV,,formal,,PSF-CE,"{""lambda"": 0.665, ""q"": 0.72}",ok,2000,10,20,0.95199999999999996,0.90886200216749236,0.89760659626846973,0.95232002930987558,0.25306039999122731,0.0070693000016035,,9.1279440579047098,1.6523425701987655,0.5022964079191834,0.0036322909045574999,1.6567747957208163,spectral,kmeans_norm,0,0,[],"{""cluster_qr"": 9.100188702915165, ""kmeans_norm"": 9.12794405790471, ""kmeans_raw"": 9.127455861848103}",,,,,,,,,,,,,
Handwritten,0,TEXT_MV,,formal,,Poly2,"{""eta"": 8.0}",ok,2000,10,20,0.95199999999999996,0.90879315486608081,0.89738554562526684,0.95235055139845159,0.2411624999949708,0.0045678000024054,,30.576274585751133,6.9555405507386281,1.1474302405364516,,,spectral,kmeans_norm,0,0,[],"{""cluster_qr"": 26.72676719266868, ""kmeans_norm"": 30.576274585751133, ""kmeans_raw"": 30.568047023099588}",,,,,,,,,,,,,
Handwritten,1,TEXT_MV,,formal,,AggregatePower,"{""q_after"": 6.0}",ok,2000,10,20,0.95150000000000001,0.90809284029485338,0.89692196913433231,0.95185911887238039,0.25985570000193547,0.0062334999965968996,,4.1470239960842221,1.8725045321943312,0.0086716309455924998,,,spectral,kmeans_norm,0,0,[],"{""cluster_qr"": 4.145837342757446, ""kmeans_norm"": 4.147023996084222, ""kmeans_raw"": 4.1467950340821655}",,,,,,,,,,,,,
Handwritten,1,TEXT_MV,,formal,,CA,{},ok,2000,10,20,0.95150000000000001,0.90809284029485338,0.89692196913433231,0.95185911887238039,0.27623519999906421,0.0056746000045676996,,5.8854958367186923,0.999999999999999,0.36299863796616438,,,spectral,kmeans_norm,0,0,[],"{""cluster_qr"": 5.878278292134964, ""kmeans_norm"": 5.885495836718692, ""kmeans_raw"": 5.885219348153436}",,,,,,,,,,,,,
Handwritten,1,TEXT_MV,,formal,,LinearPair,"{""lambda"": 3.0}",ok,2000,10,20,0.95150000000000001,0.90809284029485338,0.89692196913433231,0.95185911887238039,0.2770573000016156,0.0056279999989783001,,20.423777237034177,4.710899250269569,0.94501137780294675,2.1994560747081908e-16,1.6221365074176786,spectral,kmeans_norm,0,0,[],"{""cluster_qr"": 20.41340412881034, ""kmeans_norm"": 20.423777237034177, ""kmeans_raw"": 20.42033108801629}",,,,,,,,,,,,,
Handwritten,1,TEXT_MV,,formal,,PSF-CE,"{""lambda"": 0.665, ""q"": 0.72}",ok,2000,10,20,0.95150000000000001,0.90814804008545658,0.89711782572944498,0.9518308314334436,0.25033289998827968,0.0055036999983712996,,9.1392630080345363,1.7014362602584254,0.49753271209912098,0.0037690694529386001,1.6631919914790343,spectral,kmeans_norm,0,0,[],"{""cluster_qr"": 9.118514025798076, ""kmeans_norm"": 9.139263008034536, ""kmeans_raw"": 9.13873127456265}",,,,,,,,,,,,,
Handwritten,1,TEXT_MV,,formal,,Poly2,"{""eta"": 8.0}",ok,2000,10,20,0.95150000000000001,0.90809284029485338,0.89692196913433231,0.95185911887238039,0.25452580000273878,0.0051281999913043996,,30.544511375372768,7.2133419376791332,0.99999999999999878,,,spectral,kmeans_norm,0,0,[],"{""cluster_qr"": 30.49265206522828, ""kmeans_norm"": 30.544511375372768, ""kmeans_raw"": 30.539174149119468}",,,,,,,,,,,,,
Handwritten,2,TEXT_MV,,formal,,AggregatePower,"{""q_after"": 6.0}",ok,2000,10,20,0.94199999999999995,0.89668435685838543,0.87587872553293467,0.94277299735327236,0.23115279999910851,0.0060425999981815999,,4.1897180729190859,1.8572078134008811,0.015473855052392601,,,spectral,kmeans_raw,0,0,[],"{""cluster_qr"": 4.184074571224914, ""kmeans_norm"": 4.185488273496604, ""kmeans_raw"": 4.189718072919086}",,,,,,,,,,,,,
Handwritten,2,TEXT_MV,,formal,,CA,{},ok,2000,10,20,0.94550000000000001,0.90076529064268362,0.88433300327874576,0.94587585568136456,0.26572789999772789,0.0063516999944113004,,5.9028622062508616,0.99999999999999956,0.396240607093574,,,spectral,kmeans_norm,0,0,[],"{""cluster_qr"": 5.8804990644061235, ""kmeans_norm"": 5.9028622062508616, ""kmeans_raw"": 5.902355345063271}",,,,,,,,,,,,,
Handwritten,2,TEXT_MV,,formal,,LinearPair,"{""lambda"": 3.0}",ok,2000,10,20,0.94199999999999995,0.89668435685838543,0.87587872553293467,0.94277299735327236,0.2292937000020174,0.0065478000033180996,,20.548857405138431,4.6471770930232212,0.99999999999999922,3.6665703578109557e-16,1.633096364273213,spectral,kmeans_raw,0,0,[],"{""cluster_qr"": 20.53055851538674, ""kmeans_norm"": 20.53802039845676, ""kmeans_raw"": 20.54885740513843}",,,,,,,,,,,,,
Handwritten,2,TEXT_MV,,formal,,PSF-CE,"{""lambda"": 0.665, ""q"": 0.72}",ok,2000,10,20,0.94199999999999995,0.89668435685838555,0.87587872553293467,0.94277299735327236,0.22393520000332501,0.0044748999935109003,,9.1806815812580602,1.6797741526039578,0.56083624448044633,0.003631399068845,1.6713923313020382,spectral,kmeans_raw,0,0,[],"{""cluster_qr"": 9.083637407433635, ""kmeans_norm"": 9.178867200284321, ""kmeans_raw"": 9.18068158125806}",,,,,,,,,,,,,
Handwritten,2,TEXT_MV,,formal,,Poly2,"{""eta"": 8.0}",ok,2000,10,20,0.94199999999999995,0.89668435685838543,0.87587872553293467,0.94277299735327236,0.24588719999883321,0.0045355999900492999,,30.583617420875321,7.0758102708261283,0.99999999999999956,,,spectral,kmeans_raw,0,0,[],"{""cluster_qr"": 30.516581268470897, ""kmeans_norm"": 30.56672990292, ""kmeans_raw"": 30.583617420875317}",,,,,,,,,,,,,
Human Kidney,0,BKCC_V2,,formal,,AggregatePower,"{""q_after"": 6.0}",ok,2100,11,20,0.3571428571428571,0.27346996729207418,0.1130817249197119,0.24809195135502091,0.30898849999357481,0.0057031999895116002,,10.74924651533196,1.8584646001453284,0.38681083119718751,,,spectral,kmeans_raw,0,0,[],"{""cluster_qr"": 10.509068031526343, ""kmeans_norm"": 8.029641770797546, ""kmeans_raw"": 10.749246515331961}",,,,,,,,,,,,,
Human Kidney,0,BKCC_V2,,formal,,CA,{},ok,2100,11,20,0.3571428571428571,0.27346996729207418,0.1130817249197119,0.24809195135502091,0.27868309999757912,0.0056826999934854999,,9.4118237012611363,1.0000000000000022,0.76320798469935225,,,spectral,kmeans_raw,0,0,[],"{""cluster_qr"": 9.346675333696737, ""kmeans_norm"": 7.681788614745992, ""kmeans_raw"": 9.411823701261135}",,,,,,,,,,,,,
Human Kidney,0,BKCC_V2,,formal,,LinearPair,"{""lambda"": 3.0}",ok,2100,11,20,0.35571428571428571,0.27216777647965762,0.1150026572158617,0.2464579574851139,0.32772040000418201,0.0072805999952834004,,38.280557321338392,4.8226117393040084,2.6891201295001435,1.3655176723216624e-16,1.2998937041685317,spectral,kmeans_raw,0,0,[],"{""cluster_qr"": 33.10846366767638, ""kmeans_norm"": 32.10674464939691, ""kmeans_raw"": 38.28055732133839}",,,,,,,,,,,,,
Human Kidney,0,BKCC_V2,,formal,,PSF-CE,"{""lambda"": 0.665, ""q"": 0.72}",ok,2100,11,20,0.35666666666666669,0.27309614850562303,0.11327062683150051,0.2476005260335773,0.26373219999368303,0.0058002000005217,,15.767902585290315,1.8217494782369079,1.1732817415609869,0.00087100445530079998,1.3090898014972068,spectral,kmeans_raw,0,0,[],"{""cluster_qr"": 14.466186261066209, ""kmeans_norm"": 13.611986311134318, ""kmeans_raw"": 15.767902585290315}",,,,,,,,,,,,,
Human Kidney,0,BKCC_V2,,formal,,Poly2,"{""eta"": 8.0}",ok,2100,11,20,0.35571428571428571,0.27216777647965762,0.1150026572158617,0.2464579574851139,0.326141199999256,0.0069015000044601003,,69.034769930758145,8.85451749738891,4.8464827309317666,,,spectral,kmeans_raw,0,0,[],"{""cluster_qr"": 59.052435872527106, ""kmeans_norm"": 57.59416877063485, ""kmeans_raw"": 69.03476993075815}",,,,,,,,,,,,,
Human Kidney,1,BKCC_V2,,formal,,AggregatePower,"{""q_after"": 6.0}",ok,2100,11,20,0.35238095238095241,0.26684060682089339,0.1001641261716429,0.24426394956068539,0.25173370000265999,0.0087511000019731,,10.139962404316831,1.9405356966379448,0.24127253772356941,,,spectral,kmeans_raw,0,0,[],"{""cluster_qr"": 9.769083056721197, ""kmeans_norm"": 7.448407084656248, ""kmeans_raw"": 10.139962404316831}",,,,,,,,,,,,,
Human Kidney,1,BKCC_V2,,formal,,CA,{},ok,2100,11,20,0.35238095238095241,0.26684060682089339,0.1001641261716429,0.24426394956068539,0.30280489999859128,0.0068157000059726998,,9.1367091823060136,1.0000000000000029,0.70029992496947335,,,spectral,kmeans_raw,0,0,[],"{""cluster_qr"": 8.57460915314132, ""kmeans_norm"": 7.758277406569948, ""kmeans_raw"": 9.136709182306014}",,,,,,,,,,,,,
Human Kidney,1,BKCC_V2,,formal,,LinearPair,"{""lambda"": 3.0}",ok,2100,11,20,0.36142857142857138,0.2724141399753332,0.098123089930027996,0.25159776136591527,0.2859756999969249,0.0069570000050589,,37.349790801282481,4.9718752809613109,2.4529832288963118,1.5068120179308616e-16,1.3510087437639209,spectral,kmeans_raw,0,0,[],"{""cluster_qr"": 32.71377054141581, ""kmeans_norm"": 26.597579878008336, ""kmeans_raw"": 37.34979080128248}",,,,,,,,,,,,,
Human Kidney,1,BKCC_V2,,formal,,PSF-CE,"{""lambda"": 0.665, ""q"": 0.72}",ok,2100,11,20,0.36095238095238091,0.27212862614869088,0.097848661808564594,0.25130515799928238,0.26168269998743199,0.0064183999929808997,,15.374059787426731,1.8555519926961563,1.0788413271669668,0.00079544371121320005,1.3624627364752442,spectral,kmeans_raw,0,0,[],"{""cluster_qr"": 13.825732044782836, ""kmeans_norm"": 11.44111545315852, ""kmeans_raw"": 15.37405978742673}",,,,,,,,,,,,,
Human Kidney,1,BKCC_V2,,formal,,Poly2,"{""eta"": 8.0}",ok,2100,11,20,0.36142857142857138,0.2724141399753332,0.098123089930027996,0.25159776136591527,0.28897049999795849,0.0089257000072392994,,65.28793141883996,8.8519844940965928,4.2805627589640292,,,spectral,kmeans_raw,0,0,[],"{""cluster_qr"": 58.49820395192709, ""kmeans_norm"": 46.07466416217181, ""kmeans_raw"": 65.28793141883996}",,,,,,,,,,,,,
IMDB,0,MULTI_RELATION_7,,formal,,AggregatePower,"{""q_after"": 6.0}",ok,4278,3,20,0.3564749883122954,0.0039915497823305003,3.9152490180725749e-05,0.32737862285637248,0.11985970000387169,0.0012139000027673,,1.7182469729046497,0.99999999999999944,0.40363455051561081,,,spectral,kmeans_raw,0,0,[],"{""cluster_qr"": 1.6751270813726746, ""kmeans_norm"": 1.6011483824360508, ""kmeans_raw"": 1.7182469729046497}",,,,,,,,,,,,,
IMDB,0,MULTI_RELATION_7,,formal,,CA,{},ok,4278,3,20,0.3564749883122954,0.0039915497823305003,3.9152490180725749e-05,0.32737862285637248,0.086322099989047205,0.00077579999924630005,,1.5188015908112171,0.99999999999999956,0.29954117566409638,,,spectral,kmeans_raw,0,0,[],"{""cluster_qr"": 1.4831548891373152, ""kmeans_norm"": 1.4679883464927084, ""kmeans_raw"": 1.5188015908112171}",,,,,,,,,,,,,
IMDB,0,MULTI_RELATION_7,,formal,,LinearPair,"{""lambda"": 3.0}",ok,4278,3,20,0.3564749883122954,0.0039915497823305003,3.9152490180725749e-05,0.32737862285637248,0.12597960000857711,0.0011695000139297,,3.5174433621471106,1.5610868551697461,0.99999999999999944,1.1114314635050998e-14,4.946074781595863,spectral,kmeans_raw,0,0,[],"{""cluster_qr"": 3.5033400998879944, ""kmeans_norm"": 3.2013978008968276, ""kmeans_raw"": 3.5174433621471106}",,,,,,,,,,,,,
IMDB,0,MULTI_RELATION_7,,formal,,PSF-CE,"{""lambda"": 0.665, ""q"": 0.72}",ok,4278,3,20,0.3564749883122954,0.0039915497823305003,3.9152490180725749e-05,0.32737862285637248,0.1289508000045316,0.0010920000058831001,,1.961619874867996,0.99999999999999944,0.55616856285597571,0.0034955129662889999,4.9599202459990304,spectral,kmeans_raw,0,0,[],"{""cluster_qr"": 1.9596336828447685, ""kmeans_norm"": 1.8528126825568825, ""kmeans_raw"": 1.961619874867996}",,,,,,,,,,,,,
IMDB,0,MULTI_RELATION_7,,formal,,Poly2,"{""eta"": 8.0}",ok,4278,3,20,0.3564749883122954,0.0039915497823305003,3.9152490180725749e-05,0.32737862285637248,0.13072099999408229,0.00090810000256160003,,2.750007885823607,1.0740931211666145,0.99999999999999944,,,spectral,kmeans_raw,0,0,[],"{""cluster_qr"": 2.7416524985550623, ""kmeans_norm"": 2.543019826891962, ""kmeans_raw"": 2.750007885823607}",,,,,,,,,,,,,
IMDB,1,MULTI_RELATION_7,,formal,,AggregatePower,"{""q_after"": 6.0}",ok,4278,3,20,0.35834502103786808,0.0033287185948010999,-0.0021205202030119001,0.29477847441165939,0.12494789999618661,0.00098599999910220005,,1.7119271095288258,0.99999999999999656,0.2061595331029375,,,spectral,kmeans_raw,0,0,[],"{""cluster_qr"": 1.6733027669686882, ""kmeans_norm"": 1.6851386566282187, ""kmeans_raw"": 1.7119271095288258}",,,,,,,,,,,,,
IMDB,1,MULTI_RELATION_7,,formal,,CA,{},ok,4278,3,20,0.35834502103786808,0.0033287185948010999,-0.0021205202030119001,0.29477847441165939,0.1426019000064116,0.0010326000046916,,1.5599999761418308,0.99999999999999645,0.2835328676865142,,,spectral,kmeans_raw,0,0,[],"{""cluster_qr"": 1.5309544132010273, ""kmeans_norm"": 1.5419576386001639, ""kmeans_raw"": 1.5599999761418308}",,,,,,,,,,,,,
IMDB,1,MULTI_RELATION_7,,formal,,LinearPair,"{""lambda"": 3.0}",ok,4278,3,20,0.35834502103786808,0.0033287185948010999,-0.0021205202030119001,0.29477847441165939,0.1425409999937983,0.0011096999951405,,3.7399025311477954,1.8166865015244551,0.99999999999999645,8.7579913716063881e-15,4.7702414597986547,spectral,kmeans_raw,0,0,[],"{""cluster_qr"": 3.598016673409199, ""kmeans_norm"": 3.649940202165789, ""kmeans_raw"": 3.7399025311477954}",,,,,,,,,,,,,
IMDB,1,MULTI_RELATION_7,,formal,,PSF-CE,"{""lambda"": 0.665, ""q"": 0.72}",ok,4278,3,20,0.35834502103786808,0.0033184306431231999,-0.0020957912788087001,0.29468126450116799,0.1005270000023301,0.0010814999986905,,2.0418900734576,0.99999999999999656,0.50478478351788281,0.0027328164976341001,4.7879111716679921,spectral,kmeans_raw,0,0,[],"{""cluster_qr"": 1.9870373082856112, ""kmeans_norm"": 2.008491820870486, ""kmeans_raw"": 2.0418900734576}",,,,,,,,,,,,,
IMDB,1,MULTI_RELATION_7,,formal,,Poly2,"{""eta"": 8.0}",ok,4278,3,20,0.35834502103786808,0.0033287185948010999,-0.0021205202030119001,0.29477847441165939,0.13766799999575591,0.00077109999256199995,,2.9416813654450373,1.2595097440932457,0.92665996415482277,,,spectral,kmeans_raw,0,0,[],"{""cluster_qr"": 2.838455852713332, ""kmeans_norm"": 2.8782275249210483, ""kmeans_raw"": 2.9416813654450373}",,,,,,,,,,,,,
Human Kidney,2,BKCC_V2,,formal,,AggregatePower,"{""q_after"": 6.0}",ok,2100,11,20,0.34714285714285709,0.2604146326965604,0.1070032921757491,0.2324759602269654,0.31774620000214782,0.0078941999963716997,,9.9126925200286777,2.3010453961228259,0.29343049548629818,,,spectral,kmeans_raw,0,0,[],"{""cluster_qr"": 9.783055786575574, ""kmeans_norm"": 7.227685517309393, ""kmeans_raw"": 9.912692520028678}",,,,,,,,,,,,,
Human Kidney,2,BKCC_V2,,formal,,CA,{},ok,2100,11,20,0.34714285714285709,0.2604146326965604,0.1070032921757491,0.2324759602269654,0.29087779999827029,0.010829399994690901,,8.9082345715787934,1.0000000000000009,0.70946342316168354,,,spectral,kmeans_raw,0,0,[],"{""cluster_qr"": 8.711708743417702, ""kmeans_norm"": 8.038157102740547, ""kmeans_raw"": 8.908234571578793}",,,,,,,,,,,,,
Human Kidney,2,BKCC_V2,,formal,,LinearPair,"{""lambda"": 3.0}",ok,2100,11,20,0.33142857142857141,0.2586325073388826,0.1058201528122375,0.2166660003327317,0.2455331999954069,0.0083362000004854001,,36.349290402996999,5.2552278234295846,2.5994874539227344,1.0687494206518132e-16,1.4184092744765244,spectral,kmeans_raw,0,0,[],"{""cluster_qr"": 30.156178763060005, ""kmeans_norm"": 28.879894655588522, ""kmeans_raw"": 36.349290402997}",,,,,,,,,,,,,
Human Kidney,2,BKCC_V2,,formal,,PSF-CE,"{""lambda"": 0.665, ""q"": 0.72}",ok,2100,11,20,0.33190476190476192,0.26026368778969772,0.1059168503430315,0.22183651351408079,0.30303609999828041,0.0080006999924079995,,14.907650180408204,1.9241199731164249,1.1129281278320555,0.00077290683887569999,1.4310817314172375,spectral,kmeans_raw,0,0,[],"{""cluster_qr"": 13.365412514742973, ""kmeans_norm"": 12.325653021869966, ""kmeans_raw"": 14.907650180408204}",,,,,,,,,,,,,
Human Kidney,2,BKCC_V2,,formal,,Poly2,"{""eta"": 8.0}",ok,2100,11,20,0.33142857142857141,0.2586325073388826,0.1058201528122375,0.2166660003327317,0.31593690000590868,0.0108768999925814,,61.105817067453785,9.0000000000000124,4.3802442383597127,,,spectral,kmeans_raw,0,0,[],"{""cluster_qr"": 52.10049490968279, ""kmeans_norm"": 48.24874723716495, ""kmeans_raw"": 61.105817067453785}",,,,,,,,,,,,,
Isolet,0,BKCC_V2,,formal,,AggregatePower,"{""q_after"": 6.0}",ok,1560,2,20,0.54102564102564099,0.0162064336167724,0.0064747382694398002,0.46071738261371692,0.0740817999903811,0.0068859999882987999,,2.6264158787434124,1.6460589219756476,1.5183212539784312,,,spectral,kmeans_raw,0,0,[],"{""cluster_qr"": 2.1082948318459165, ""kmeans_norm"": 2.4564196368382945, ""kmeans_raw"": 2.6264158787434124}",,,,,,,,,,,,,
Isolet,0,BKCC_V2,,formal,,CA,{},ok,1560,2,20,0.54102564102564099,0.0162064336167724,0.0064747382694398002,0.46071738261371692,0.059822999988682499,0.0072061999962897,,1.9862182879955887,0.99999999999999922,0.99067486785700798,,,spectral,kmeans_raw,0,0,[],"{""cluster_qr"": 1.9454776716719462, ""kmeans_norm"": 1.9820600352247506, ""kmeans_raw"": 1.9862182879955892}",,,,,,,,,,,,,
Isolet,0,BKCC_V2,,formal,,LinearPair,"{""lambda"": 3.0}",ok,1560,2,20,0.54102564102564099,0.0162064336167724,0.0064747382694398002,0.46071738261371692,0.057770799990976202,0.0070178999885683003,,5.6498375994940506,4.6770700222712103,4.563300363479847,1.6369866819550979e-16,1.2526609826163684,spectral,kmeans_raw,0,0,[],"{""cluster_qr"": 5.363591438604457, ""kmeans_norm"": 5.440494262976182, ""kmeans_raw"": 5.649837599494051}",,,,,,,,,,,,,
Isolet,0,BKCC_V2,,formal,,PSF-CE,"{""lambda"": 0.665, ""q"": 0.72}",ok,1560,2,20,0.54102564102564099,0.0162064336167724,0.0064747382694398002,0.46071738261371692,0.072232999998959699,0.0052640999929279998,,2.787782107307172,1.7968252874696322,1.7642708481797205,0.00060143834917669996,1.261803228103324,spectral,kmeans_raw,0,0,[],"{""cluster_qr"": 2.4788396588337616, ""kmeans_norm"": 2.7215890163274628, ""kmeans_raw"": 2.787782107307172}",,,,,,,,,,,,,
Isolet,0,BKCC_V2,,formal,,Poly2,"{""eta"": 8.0}",ok,1560,2,20,0.54102564102564099,0.0162064336167724,0.0064747382694398002,0.46071738261371692,0.074815999993006699,0.0055301999964285,,9.7898682188264115,8.8421684182850129,8.6203301959859484,,,spectral,kmeans_raw,0,0,[],"{""cluster_qr"": 7.392131638389704, ""kmeans_norm"": 9.384252279493577, ""kmeans_raw"": 9.789868218826413}",,,,,,,,,,,,,
IMDB,2,MULTI_RELATION_7,,formal,,AggregatePower,"{""q_after"": 6.0}",ok,4278,3,20,0.34969611968209441,0.0027844229042831999,-0.0010165694128326001,0.30082757284692252,0.13672370000858791,0.0010174000053666001,,1.7362941366186313,0.999999999999994,0.20200884543461209,,,spectral,kmeans_raw,0,0,[],"{""cluster_qr"": 1.7347106437165818, ""kmeans_norm"": 1.6546625284768164, ""kmeans_raw"": 1.7362941366186313}",,,,,,,,,,,,,
IMDB,2,MULTI_RELATION_7,,formal,,CA,{},ok,4278,3,20,0.34969611968209441,0.0027844229042831999,-0.0010165694128326001,0.30082757284692252,0.1409510999947087,0.0012356999941403001,,1.58421245496811,0.99999999999999378,0.2920222750679467,,,spectral,kmeans_raw,0,0,[],"{""cluster_qr"": 1.5570050293122815, ""kmeans_norm"": 1.5571980121274553, ""kmeans_raw"": 1.58421245496811}",,,,,,,,,,,,,
IMDB,2,MULTI_RELATION_7,,formal,,LinearPair,"{""lambda"": 3.0}",ok,4278,3,20,0.34969611968209441,0.0027844229042831999,-0.0010165694128326001,0.30082757284692252,0.14106589999573771,0.00094189999799699998,,3.7962866526066819,1.8585252368742189,0.99999999999999378,1.5735003982625946e-14,4.4496311971864158,spectral,kmeans_raw,0,0,[],"{""cluster_qr"": 3.6080709140986897, ""kmeans_norm"": 3.609071004114756, ""kmeans_raw"": 3.796286652606682}",,,,,,,,,,,,,
IMDB,2,MULTI_RELATION_7,,formal,,PSF-CE,"{""lambda"": 0.665, ""q"": 0.72}",ok,4278,3,20,0.34969611968209441,0.0027844229042831999,-0.0010165694128326001,0.30082757284692252,0.16261899999517479,0.0010724000021582001,,2.0740537716662608,0.999999999999994,0.51121493108463356,0.0021804583451441998,4.457665524393347,spectral,kmeans_raw,0,0,[],"{""cluster_qr"": 2.0113673264318326, ""kmeans_norm"": 2.0117324695361334, ""kmeans_raw"": 2.074053771666261}",,,,,,,,,,,,,
IMDB,2,MULTI_RELATION_7,,formal,,Poly2,"{""eta"": 8.0}",ok,4278,3,20,0.34969611968209441,0.0027844229042831999,-0.0010165694128326001,0.30082757284692252,0.1555539000110002,0.0010619000095175,,3.0773099707913838,1.3515599152528652,0.97423834815482224,,,spectral,kmeans_raw,0,0,[],"{""cluster_qr"": 2.881617215410876, ""kmeans_norm"": 2.9482815053820928, ""kmeans_raw"": 3.0773099707913842}",,,,,,,,,,,,,
Isolet,1,BKCC_V2,,formal,,AggregatePower,"{""q_after"": 6.0}",ok,1560,2,20,0.69294871794871793,0.11026215916998749,0.14837057264267819,0.69294758239983634,0.070760600006906302,0.0085154999978840004,,2.65791420774642,1.7803164260676601,1.5650348520267949,,,spectral,kmeans_norm,0,0,[],"{""cluster_qr"": 2.398502729727294, ""kmeans_norm"": 2.65791420774642, ""kmeans_raw"": 2.615752342748523}",,,,,,,,,,,,,
Isolet,1,BKCC_V2,,formal,,CA,{},ok,1560,2,20,0.68717948717948718,0.1036066963230204,0.1395927774683105,0.68717485958865265,0.060592000008909901,0.0084479000070132003,,1.9531517571248724,0.99999999999999878,0.97725459208057242,,,spectral,kmeans_norm,0,0,[],"{""cluster_qr"": 1.9502818202141727, ""kmeans_norm"": 1.9531517571248724, ""kmeans_raw"": 1.9531517571248724}",,,,,,,,,,,,,
Isolet,1,BKCC_V2,,formal,,LinearPair,"{""lambda"": 3.0}",ok,1560,2,20,0.69294871794871793,0.11026215916998749,0.14837057264267819,0.69294758239983634,0.0709647000039694,0.0076783000113208998,,5.5947993939926697,4.7573112604866266,4.5733474160888141,1.484171896867733e-16,1.3209730230279151,spectral,kmeans_norm,0,0,[],"{""cluster_qr"": 5.316495356403928, ""kmeans_norm"": 5.59479939399267, ""kmeans_raw"": 5.564763547086734}",,,,,,,,,,,,,
Isolet,1,BKCC_V2,,formal,,PSF-CE,"{""lambda"": 0.665, ""q"": 0.72}",ok,1560,2,20,0.69294871794871793,0.11026215916998749,0.14837057264267819,0.69294758239983634,0.062646399994264301,0.0075709999946410996,,2.7513344658189478,1.8049969929500764,1.7520675697712529,0.00070385601886530005,1.333172858974911,spectral,kmeans_norm,0,0,[],"{""cluster_qr"": 2.5262398316848707, ""kmeans_norm"": 2.7513344658189482, ""kmeans_raw"": 2.7445365060601796}",,,,,,,,,,,,,
Isolet,1,BKCC_V2,,formal,,Poly2,"{""eta"": 8.0}",ok,1560,2,20,0.69294871794871793,0.11026215916998749,0.14837057264267819,0.69294758239983634,0.065156900003785198,0.0091676000010919995,,9.3180158576944656,8.6174668940210939,8.2754182882942953,,,spectral,kmeans_norm,0,0,[],"{""cluster_qr"": 8.766523235498955, ""kmeans_norm"": 9.318015857694466, ""kmeans_raw"": 9.261817431087902}",,,,,,,,,,,,,
Isolet,2,BKCC_V2,,formal,,AggregatePower,"{""q_after"": 6.0}",ok,1560,2,20,0.59294871794871795,0.0265180102233986,0.033962674089021302,0.58889015697789038,0.074548199991113506,0.0087954999908106003,,3.0493653979858117,2.1427852602526163,1.4349041343883704,,,spectral,kmeans_raw,0,0,[],"{""cluster_qr"": 2.2299893620305604, ""kmeans_norm"": 2.9139251331169165, ""kmeans_raw"": 3.0493653979858113}",,,,,,,,,,,,,
Isolet,2,BKCC_V2,,formal,,CA,{},ok,1560,2,20,0.59358974358974359,0.026867969967794801,0.0344409579517913,0.58959020434178577,0.069171199997072094,0.0074093000002902996,,1.9586578592204196,1.0000000000000009,0.97359074977918081,,,spectral,kmeans_raw,0,0,[],"{""cluster_qr"": 1.9578573965268542, ""kmeans_norm"": 1.958581753720726, ""kmeans_raw"": 1.9586578592204194}",,,,,,,,,,,,,
Isolet,2,BKCC_V2,,formal,,LinearPair,"{""lambda"": 3.0}",ok,1560,2,20,0.59294871794871795,0.0265180102233986,0.033962674089021302,0.58889015697789038,0.079178200001479099,0.0090696999977807995,,5.8603051786414042,4.9723609027567663,4.3959979609977919,2.490653315811731e-16,1.4082273633961009,spectral,kmeans_raw,0,0,[],"{""cluster_qr"": 5.092599954514711, ""kmeans_norm"": 5.738781140720919, ""kmeans_raw"": 5.860305178641404}",,,,,,,,,,,,,
Isolet,2,BKCC_V2,,formal,,PSF-CE,"{""lambda"": 0.665, ""q"": 0.72}",ok,1560,2,20,0.59294871794871795,0.0265180102233986,0.033962674089021302,0.58889015697789038,0.0657271999953081,0.0096360000025014995,,2.8168183735225503,1.8529015410365983,1.6806091211775371,0.0005190749016005,1.4230063308782206,spectral,kmeans_raw,0,0,[],"{""cluster_qr"": 2.579471875301933, ""kmeans_norm"": 2.77821601594457, ""kmeans_raw"": 2.8168183735225503}",,,,,,,,,,,,,
Isolet,2,BKCC_V2,,formal,,Poly2,"{""eta"": 8.0}",ok,1560,2,20,0.59294871794871795,0.0265180102233986,0.033962674089021302,0.58889015697789038,0.088861800002632593,0.0093557999935000996,,9.3611284331035343,8.556622334223869,7.5448842892078547,,,spectral,kmeans_raw,0,0,[],"{""cluster_qr"": 8.215066459971483, ""kmeans_norm"": 9.148468848941691, ""kmeans_raw"": 9.361128433103534}",,,,,,,,,,,,,
LandUse-21,0,NEW10,,formal,,AggregatePower,"{""q_after"": 6.0}",ok,2100,21,20,0.22523809523809521,0.32015033544635868,0.10162662113412139,0.18808262539705359,0.97246200000518002,0.036429800005862399,,6.7768187816030183,1.9023707659457321,0.0058207281017420998,,,spectral,kmeans_raw,0,0,[],"{""cluster_qr"": 6.628568448969045, ""kmeans_norm"": 5.629081572722958, ""kmeans_raw"": 6.776818781603018}",,,,,,,,,,,,,
LandUse-21,0,NEW10,,formal,,CA,{},ok,2100,21,20,0.22523809523809521,0.32015033544635868,0.10162662113412139,0.18808262539705359,0.80393829999957234,0.0268087000004015,,9.9585795882288757,0.99999999999999978,0.32981525647452498,,,spectral,kmeans_raw,0,0,[],"{""cluster_qr"": 9.602975702939261, ""kmeans_norm"": 8.082643488474083, ""kmeans_raw"": 9.958579588228876}",,,,,,,,,,,,,
LandUse-21,0,NEW10,,formal,,LinearPair,"{""lambda"": 3.0}",ok,2100,21,20,0.22523809523809521,0.32015033544635868,0.10162662113412139,0.18808262539705359,0.8900322999979835,0.026906700004474201,,36.576644838251937,4.8105236589295508,0.84548484133875579,2.0929744288055551e-16,1.7694232764182771,spectral,kmeans_raw,0,0,[],"{""cluster_qr"": 34.698272567463725, ""kmeans_norm"": 28.138852011417633, ""kmeans_raw"": 36.57664483825194}",,,,,,,,,,,,,
LandUse-21,0,NEW10,,formal,,PSF-CE,"{""lambda"": 0.665, ""q"": 0.72}",ok,2100,21,20,0.22714285714285709,0.3177570225901814,0.1022328488956971,0.18816069505808,0.88305550000222865,0.021924599990597898,,15.894154715944522,1.7071058803675123,0.45524383319695649,0.0023107193023269999,1.8300031164134292,spectral,kmeans_raw,0,0,[],"{""cluster_qr"": 14.93009517035934, ""kmeans_norm"": 11.761437333527006, ""kmeans_raw"": 15.894154715944522}",,,,,,,,,,,,,
LandUse-21,0,NEW10,,formal,,Poly2,"{""eta"": 8.0}",ok,2100,21,20,0.2314285714285714,0.32310609053856337,0.10435441322492529,0.19186008834527271,0.83167489999323152,0.026138799992622801,,51.642357858656148,6.8598983317798474,1.1788328279381064,,,spectral,kmeans_raw,0,0,[],"{""cluster_qr"": 46.42523153759368, ""kmeans_norm"": 38.12055171061699, ""kmeans_raw"": 51.64235785865615}",,,,,,,,,,,,,
LandUse-21,1,NEW10,,formal,,AggregatePower,"{""q_after"": 6.0}",ok,2100,21,20,0.21714285714285711,0.30985915552290849,0.0991911041769174,0.16360875453369439,0.99532129999715835,0.023355599987553401,,6.4819225004881336,2.0623415482984968,0.0052587318792815998,,,spectral,kmeans_raw,0,0,[],"{""cluster_qr"": 6.3515917462993015, ""kmeans_norm"": 4.824805773947004, ""kmeans_raw"": 6.481922500488134}",,,,,,,,,,,,,
LandUse-21,1,NEW10,,formal,,CA,{},ok,2100,21,20,0.21714285714285711,0.30985915552290849,0.0991911041769174,0.16360875453369439,0.99038160000054642,0.026679200003854899,,9.854593959118418,1,0.326461477776954,,,spectral,kmeans_raw,0,0,[],"{""cluster_qr"": 9.194982027119273, ""kmeans_norm"": 7.527450100234871, ""kmeans_raw"": 9.854593959118418}",,,,,,,,,,,,,
LandUse-21,1,NEW10,,formal,,LinearPair,"{""lambda"": 3.0}",ok,2100,21,20,0.21714285714285711,0.30985915552290849,0.0991911041769174,0.16360875453369439,0.97318739999900561,0.0286393999995198,,35.739211886959168,4.9978887330465733,0.83106576111496688,1.738503258738776e-16,1.770462432769679,spectral,kmeans_raw,0,0,[],"{""cluster_qr"": 32.25910646639674, ""kmeans_norm"": 25.36854505547726, ""kmeans_raw"": 35.73921188695917}",,,,,,,,,,,,,
LandUse-21,1,NEW10,,formal,,PSF-CE,"{""lambda"": 0.665, ""q"": 0.72}",ok,2100,21,20,0.2176190476190476,0.31069179280805831,0.0992006739805735,0.16462255337863779,0.90321920000133105,0.028353200003039002,,15.707092480317904,1.7568748252274429,0.44977369634299791,0.0022153961178312002,1.8342340762526721,spectral,kmeans_raw,0,0,[],"{""cluster_qr"": 14.49740120354079, ""kmeans_norm"": 12.47091079513684, ""kmeans_raw"": 15.707092480317904}",,,,,,,,,,,,,
LandUse-21,1,NEW10,,formal,,Poly2,"{""eta"": 8.0}",ok,2100,21,20,0.21333333333333329,0.30189462913494108,0.095393648799903197,0.15893145532019901,0.93953139999939606,0.0272903000004589,,49.948741518797327,7.1241372384816204,1.1256932958012342,,,spectral,kmeans_raw,0,0,[],"{""cluster_qr"": 44.78252836555365, ""kmeans_norm"": 37.57109088951787, ""kmeans_raw"": 49.94874151879733}",,,,,,,,,,,,,
LandUse-21,2,NEW10,,formal,,AggregatePower,"{""q_after"": 6.0}",ok,2100,21,20,0.2047619047619047,0.3079899059259702,0.094227335767331694,0.16353295229204429,0.96198710000317078,0.0277238999988185,,7.0872248180958106,1.9084356222142875,0.0056293871661716004,,,spectral,kmeans_raw,0,0,[],"{""cluster_qr"": 6.923259907733021, ""kmeans_norm"": 4.6160341242298095, ""kmeans_raw"": 7.087224818095811}",,,,,,,,,,,,,
LandUse-21,2,NEW10,,formal,,CA,{},ok,2100,21,20,0.2047619047619047,0.3079899059259702,0.094227335767331694,0.16353295229204429,0.95837310000206344,0.0292870000121183,,10.247151865575695,1.0000000000000011,0.33611170342794738,,,spectral,kmeans_raw,0,0,[],"{""cluster_qr"": 9.67460262684917, ""kmeans_norm"": 7.658018263276805, ""kmeans_raw"": 10.247151865575695}",,,,,,,,,,,,,
LandUse-21,2,NEW10,,formal,,LinearPair,"{""lambda"": 3.0}",ok,2100,21,20,0.2047619047619047,0.3079899059259702,0.094227335767331694,0.16353295229204429,1.0126301999989664,0.022105800002464,,37.431703644421241,4.8677945432663092,0.85103221290740361,1.5159324145636046e-16,1.6955995121251828,spectral,kmeans_raw,0,0,[],"{""cluster_qr"": 35.26640117578713, ""kmeans_norm"": 24.987370019813007, ""kmeans_raw"": 37.43170364442124}",,,,,,,,,,,,,
LandUse-21,2,NEW10,,formal,,PSF-CE,"{""lambda"": 0.665, ""q"": 0.72}",ok,2100,21,20,0.20190476190476189,0.3082493556585082,0.097682106003857003,0.15787573768343729,0.94800489999761339,0.027746899999328799,,16.282683489520451,1.7386508863203958,0.46018310541053731,0.0021142122648354,1.7529426698834578,spectral,kmeans_raw,0,0,[],"{""cluster_qr"": 15.198461685303535, ""kmeans_norm"": 11.676828778206467, ""kmeans_raw"": 16.28268348952045}",,,,,,,,,,,,,
LandUse-21,2,NEW10,,formal,,Poly2,"{""eta"": 8.0}",ok,2100,21,20,0.21142857142857141,0.30696535272939818,0.094944544419046706,0.16548260376139201,0.9948863000026904,0.0153000000136671,,54.116093254367605,7.1893093155462298,1.2027688438254427,,,spectral,kmeans_raw,0,0,[],"{""cluster_qr"": 49.2153019618337, ""kmeans_norm"": 38.32728753690874, ""kmeans_raw"": 54.116093254367605}",,,,,,,,,,,,,
ALOI,0,MULTI_RELATION_7,,formal,,AggregatePower,"{""q_after"": 6.0}",ok,10800,100,20,0.6946296296296296,0.8094160687542088,0.30995505945208768,0.71323275522644647,39.398841900008847,1.8765014000091469,,28.288589149342787,3.0427509129459227,0.0042335423496371004,,,spectral,kmeans_raw,0,0,[],"{""cluster_qr"": 27.724415322723015, ""kmeans_norm"": 27.750044237014563, ""kmeans_raw"": 28.288589149342787}",,,,,,,,,,,,,
ALOI,0,MULTI_RELATION_7,,formal,,CA,{},ok,10800,100,20,0.6946296296296296,0.8094160687542088,0.30995505945208768,0.71323275522644647,36.271208899997873,1.8052301999996416,,44.536137555114088,1.0000000000000029,0.29639043769495449,,,spectral,kmeans_raw,0,0,[],"{""cluster_qr"": 41.88155969857155, ""kmeans_norm"": 41.96249600842732, ""kmeans_raw"": 44.53613755511409}",,,,,,,,,,,,,
ALOI,0,MULTI_RELATION_7,,formal,,LinearPair,"{""lambda"": 3.0}",ok,10800,100,20,0.6946296296296296,0.8094160687542088,0.30995505945208768,0.71323275522644647,37.893043399992166,1.791569699998945,,174.79119354126834,5.3749932573913677,0.73777149262507746,5.0348734951324265e-16,1.913938602011469,spectral,kmeans_raw,0,0,[],"{""cluster_qr"": 166.47524977650536, ""kmeans_norm"": 165.89303074621174, ""kmeans_raw"": 174.79119354126834}",,,,,,,,,,,,,
ALOI,0,MULTI_RELATION_7,,formal,,PSF-CE,"{""lambda"": 0.665, ""q"": 0.72}",ok,10800,100,20,0.68537037037037041,0.80681735678990352,0.24175661432814419,0.71108402930806647,40.070840500004131,1.9874883000011323,,73.631815679990467,1.8314386354239292,0.40212911757090508,0.0011090006086754,1.9666609086246725,spectral,kmeans_raw,0,0,[],"{""cluster_qr"": 69.54627778006619, ""kmeans_norm"": 70.172639406515, ""kmeans_raw"": 73.63181567999047}",,,,,,,,,,,,,
ALOI,0,MULTI_RELATION_7,,formal,,Poly2,"{""eta"": 8.0}",ok,10800,100,20,0.6946296296296296,0.8094160687542088,0.30995505945208768,0.71323275522644647,36.164148799987743,1.698336699992069,,234.35919273712801,7.182216872742667,0.99916877015100936,,,spectral,kmeans_raw,0,0,[],"{""cluster_qr"": 223.14422337064724, ""kmeans_norm"": 222.38481219153155, ""kmeans_raw"": 234.359192737128}",,,,,,,,,,,,,
ALOI,1,MULTI_RELATION_7,,formal,,AggregatePower,"{""q_after"": 6.0}",ok,10800,100,20,0.69518518518518524,0.80282803748710374,0.2731442802313872,0.72380614645995067,39.844973999992362,2.128671099999337,,29.430475520383865,2.6574773771330995,0.0051597477933874002,,,spectral,kmeans_raw,0,0,[],"{""cluster_qr"": 28.848583853280743, ""kmeans_norm"": 29.035317771737304, ""kmeans_raw"": 29.430475520383865}",,,,,,,,,,,,,
ALOI,1,MULTI_RELATION_7,,formal,,CA,{},ok,10800,100,20,0.69518518518518524,0.80282803748710374,0.2731442802313872,0.72380614645995067,36.890004000000772,2.0808494999946561,,44.878003224451504,1.0000000000000004,0.3024648042508305,,,spectral,kmeans_raw,0,0,[],"{""cluster_qr"": 42.58103689915439, ""kmeans_norm"": 42.43300557836617, ""kmeans_raw"": 44.878003224451504}",,,,,,,,,,,,,
ALOI,1,MULTI_RELATION_7,,formal,,LinearPair,"{""lambda"": 3.0}",ok,10800,100,20,0.69518518518518524,0.80282803748710374,0.2731442802313872,0.72380614645995067,38.926221600006102,1.7260387999995146,,177.08144728150884,5.0646305049250264,0.76784953981699733,7.629652100933164e-17,1.9299177331919903,spectral,kmeans_raw,0,0,[],"{""cluster_qr"": 168.91343350870414, ""kmeans_norm"": 168.77079645336948, ""kmeans_raw"": 177.08144728150884}",,,,,,,,,,,,,
ALOI,1,MULTI_RELATION_7,,formal,,PSF-CE,"{""lambda"": 0.665, ""q"": 0.72}",ok,10800,100,20,0.68935185185185188,0.80597070336074361,0.2492274640785305,0.7186555007211749,39.039166899994598,1.8528443999966839,,74.36787519480211,1.7439292191095981,0.4138012502162115,0.0010652358773490999,1.9820617040539923,spectral,kmeans_raw,0,0,[],"{""cluster_qr"": 70.56414393226274, ""kmeans_norm"": 70.7410245229333, ""kmeans_raw"": 74.36787519480211}",,,,,,,,,,,,,
ALOI,1,MULTI_RELATION_7,,formal,,Poly2,"{""eta"": 8.0}",ok,10800,100,20,0.68629629629629629,0.79996731572799207,0.19242006799007741,0.72276073014533382,36.785773099996732,1.837101899989648,,236.10303442316624,6.7229473828689237,1.0168043680080097,,,spectral,kmeans_raw,0,0,[],"{""cluster_qr"": 224.93672042513808, ""kmeans_norm"": 225.02629623697354, ""kmeans_raw"": 236.10303442316626}",,,,,,,,,,,,,
Leukemia,0,BKCC_V2,,formal,,AggregatePower,"{""q_after"": 6.0}",ok,72,2,20,0.70833333333333337,0.12531250648530329,0.162077515013866,0.6950998185117967,0.0363403000083053,0.0004057000041939,,2.2053015075377358,1.3234733213045586,0.99999999999999878,,,spectral,cluster_qr,0,0,[],"{""cluster_qr"": 2.205301507537736, ""kmeans_norm"": 2.205301507537736, ""kmeans_raw"": 2.205301507537736}",,,,,,,,,,,,,
Leukemia,0,BKCC_V2,,formal,,CA,{},ok,72,2,20,0.70833333333333337,0.12531250648530329,0.162077515013866,0.6950998185117967,0.038272899997536997,0.00050819999887600001,,1.8399901606029885,0.99999999999999856,0.89231931997579106,,,spectral,cluster_qr,0,0,[],"{""cluster_qr"": 1.8399901606029883, ""kmeans_norm"": 1.8399901606029883, ""kmeans_raw"": 1.8399901606029883}",,,,,,,,,,,,,
Leukemia,0,BKCC_V2,,formal,,LinearPair,"{""lambda"": 3.0}",ok,72,2,20,0.70833333333333337,0.12531250648530329,0.162077515013866,0.6950998185117967,0.039174299992737298,0.00060549999761860005,,4.9493031279975135,4.2401078262702283,2.971357451167437,3.5083762826909183e-16,1.4104682233966723,spectral,kmeans_norm,0,0,[],"{""cluster_qr"": 3.15374546349011, ""kmeans_norm"": 4.9493031279975135, ""kmeans_raw"": 4.9493031279975135}",,,,,,,,,,,,,
Leukemia,0,BKCC_V2,,formal,,PSF-CE,"{""lambda"": 0.665, ""q"": 0.72}",ok,72,2,20,0.70833333333333337,0.12531250648530329,0.162077515013866,0.6950998185117967,0.032895500000449801,0.00053589999151879995,,2.521017332092824,1.6247406434728724,1.2379290521320725,0.0028516710224063,1.4309748719328179,spectral,kmeans_norm,0,0,[],"{""cluster_qr"": 1.9582619795684346, ""kmeans_norm"": 2.521017332092824, ""kmeans_raw"": 2.521017332092824}",,,,,,,,,,,,,
Leukemia,0,BKCC_V2,,formal,,Poly2,"{""eta"": 8.0}",ok,72,2,20,0.70833333333333337,0.12531250648530329,0.162077515013866,0.6950998185117967,0.033596099994610898,0.00038430000131480001,,7.760604193122127,7.2621894703922569,5.0460420382868216,,,spectral,kmeans_norm,0,0,[],"{""cluster_qr"": 3.7574514094403626, ""kmeans_norm"": 7.760604193122127, ""kmeans_raw"": 7.760604193122127}",,,,,,,,,,,,,
Leukemia,1,BKCC_V2,,formal,,AggregatePower,"{""q_after"": 6.0}",ok,72,2,20,0.70833333333333337,0.12531250648530329,0.162077515013866,0.6950998185117967,0.031935599996358997,0.00046789999760219999,,2.188162781729289,1.2795330396180351,0.99999999999999922,,,spectral,cluster_qr,0,0,[],"{""cluster_qr"": 2.1881627817292895, ""kmeans_norm"": 2.1881627817292895, ""kmeans_raw"": 2.1881627817292895}",,,,,,,,,,,,,
Leukemia,1,BKCC_V2,,formal,,CA,{},ok,72,2,20,0.70833333333333337,0.12531250648530329,0.162077515013866,0.6950998185117967,0.035096399995381902,0.00057950000336849997,,1.8277920816364324,0.99999999999999922,0.87430877963264231,,,spectral,cluster_qr,0,0,[],"{""cluster_qr"": 1.8277920816364324, ""kmeans_norm"": 1.8277920816364324, ""kmeans_raw"": 1.8277920816364324}",,,,,,,,,,,,,
Leukemia,1,BKCC_V2,,formal,,LinearPair,"{""lambda"": 3.0}",ok,72,2,20,0.70833333333333337,0.12531250648530329,0.162077515013866,0.6950998185117967,0.043894599992199801,0.0004497999907471,,5.0191771583085973,4.2792314148519006,2.191563142586225,1.5894291103934243e-16,1.4960800582648823,spectral,kmeans_norm,0,0,[],"{""cluster_qr"": 3.549293887770503, ""kmeans_norm"": 5.019177158308597, ""kmeans_raw"": 5.019177158308597}",,,,,,,,,,,,,
Leukemia,1,BKCC_V2,,formal,,PSF-CE,"{""lambda"": 0.665, ""q"": 0.72}",ok,72,2,20,0.70833333333333337,0.12531250648530329,0.162077515013866,0.6950998185117967,0.050338899993221199,0.00058419999550090001,,2.5273128134141203,1.6205449040381468,0.999999999999999,0.0031883875510941,1.528907660828535,spectral,cluster_qr,0,0,[],"{""cluster_qr"": 2.5273128134141203, ""kmeans_norm"": 2.5273128134141203, ""kmeans_raw"": 2.5273128134141203}",,,,,,,,,,,,,
Leukemia,1,BKCC_V2,,formal,,Poly2,"{""eta"": 8.0}",ok,72,2,20,0.70833333333333337,0.12531250648530329,0.162077515013866,0.6950998185117967,0.043428299992228803,0.0010727000044425,,7.5629259985189332,6.9896355167743884,3.5335402635947988,,,spectral,kmeans_norm,0,0,[],"{""cluster_qr"": 4.049054001715746, ""kmeans_norm"": 7.562925998518933, ""kmeans_raw"": 7.562925998518933}",,,,,,,,,,,,,
Leukemia,2,BKCC_V2,,formal,,AggregatePower,"{""q_after"": 6.0}",ok,72,2,20,0.70833333333333337,0.12531250648530329,0.162077515013866,0.6950998185117967,0.034204400013550101,0.0004799000016646,,2.2393606282059921,1.3737052273173902,0.99999999999999922,,,spectral,cluster_qr,0,0,[],"{""cluster_qr"": 2.2393606282059917, ""kmeans_norm"": 2.2393606282059917, ""kmeans_raw"": 2.2393606282059917}",,,,,,,,,,,,,
Leukemia,2,BKCC_V2,,formal,,CA,{},ok,72,2,20,0.70833333333333337,0.12531250648530329,0.162077515013866,0.6950998185117967,0.038759899995056898,0.00062549998983740004,,1.8152240555036343,0.99999999999999922,0.86926062705116258,,,spectral,cluster_qr,0,0,[],"{""cluster_qr"": 1.8152240555036345, ""kmeans_norm"": 1.8152240555036345, ""kmeans_raw"": 1.8152240555036345}",,,,,,,,,,,,,
Leukemia,2,BKCC_V2,,formal,,LinearPair,"{""lambda"": 3.0}",ok,72,2,20,0.70833333333333337,0.12531250648530329,0.162077515013866,0.6950998185117967,0.039421599998604499,0.00046769999607930001,,4.9829033553319864,4.3054457889032873,2.7873672810005918,5.1140475072277252e-16,1.5279418149962942,spectral,kmeans_norm,0,0,[],"{""cluster_qr"": 2.810015154009073, ""kmeans_norm"": 4.982903355331986, ""kmeans_raw"": 4.982903355331986}",,,,,,,,,,,,,
Leukemia,2,BKCC_V2,,formal,,PSF-CE,"{""lambda"": 0.665, ""q"": 0.72}",ok,72,2,20,0.70833333333333337,0.12531250648530329,0.162077515013866,0.6950998185117967,0.044333900004858103,0.00052300000970709995,,2.5125088702842389,1.6244735507696455,1.1548538256257452,0.0024186459224396998,1.5496581422277822,spectral,kmeans_norm,0,0,[],"{""cluster_qr"": 1.802989621093709, ""kmeans_norm"": 2.512508870284239, ""kmeans_raw"": 2.512508870284239}",,,,,,,,,,,,,
Leukemia,2,BKCC_V2,,formal,,Poly2,"{""eta"": 8.0}",ok,72,2,20,0.70833333333333337,0.12531250648530329,0.162077515013866,0.6950998185117967,0.038595500009250799,0.00042900000698859998,,7.3933379896286633,6.9141729289822074,4.4446076937886341,,,spectral,kmeans_norm,0,0,[],"{""cluster_qr"": 4.097457705873841, ""kmeans_norm"": 7.393337989628663, ""kmeans_raw"": 7.393337989628663}",,,,,,,,,,,,,
Leukemia2,0,NEW10,,formal,,AggregatePower,"{""q_after"": 6.0}",ok,72,3,20,0.61111111111111116,0.48905304088639101,0.3709599322861673,0.50068027210884358,0.049468800003523897,0.00027020000561600002,,2.4035563613334778,1.2998653747993931,0.1153592198672725,,,spectral,cluster_qr,0,0,[],"{""cluster_qr"": 2.403556361333478, ""kmeans_norm"": 2.403556361333478, ""kmeans_raw"": 2.403556361333478}",,,,,,,,,,,,,
Leukemia2,0,NEW10,,formal,,CA,{},ok,72,3,20,0.61111111111111116,0.48905304088639101,0.3709599322861673,0.50068027210884358,0.0478167999972356,0.00031879999733059998,,2.6062780441745899,0.99999999999999978,0.6678705945891944,,,spectral,cluster_qr,0,0,[],"{""cluster_qr"": 2.60627804417459, ""kmeans_norm"": 2.60627804417459, ""kmeans_raw"": 2.60627804417459}",,,,,,,,,,,,,
Leukemia2,0,NEW10,,formal,,LinearPair,"{""lambda"": 3.0}",ok,72,3,20,0.61111111111111116,0.48905304088639101,0.3709599322861673,0.50068027210884358,0.041933100001187898,0.00042630000098139997,,7.5534070193490237,4.5572672328053194,1.0000000000000002,2.9738795791046322e-16,1.1857557442684383,spectral,cluster_qr,0,0,[],"{""cluster_qr"": 7.553407019349024, ""kmeans_norm"": 7.553407019349024, ""kmeans_raw"": 7.553407019349024}",,,,,,,,,,,,,
Leukemia2,0,NEW10,,formal,,PSF-CE,"{""lambda"": 0.665, ""q"": 0.72}",ok,72,3,20,0.61111111111111116,0.48905304088639101,0.3709599322861673,0.50068027210884358,0.041828200002782902,0.00030960000003679998,,3.7069959281734559,1.78228206023694,0.99999999999999956,0.001124792782181,1.1974578678833236,spectral,cluster_qr,0,0,[],"{""cluster_qr"": 3.7069959281734555, ""kmeans_norm"": 3.7069959281734555, ""kmeans_raw"": 3.7069959281734555}",,,,,,,,,,,,,
Leukemia2,0,NEW10,,formal,,Poly2,"{""eta"": 8.0}",ok,72,3,20,0.56944444444444442,0.323546280215676,0.23587613878535491,0.46078431372549011,0.051967700012028203,0.0003338000096846,,12.431712480792235,9.0000000000000089,1.624059608241972,,,spectral,kmeans_raw,0,0,[],"{""cluster_qr"": 11.184364127521487, ""kmeans_norm"": 7.311667780879361, ""kmeans_raw"": 12.431712480792235}",,,,,,,,,,,,,
Leukemia2,1,NEW10,,formal,,AggregatePower,"{""q_after"": 6.0}",ok,72,3,20,0.58333333333333337,0.42419207107531648,0.29143919676354102,0.4775413711583924,0.047857199999270898,0.00033619999885550002,,2.3288789013433631,1.2508204637903726,0.088305266600784693,,,spectral,cluster_qr,0,0,[],"{""cluster_qr"": 2.328878901343363, ""kmeans_norm"": 2.328878901343363, ""kmeans_raw"": 2.328878901343363}",,,,,,,,,,,,,
Leukemia2,1,NEW10,,formal,,CA,{},ok,72,3,20,0.58333333333333337,0.42419207107531648,0.29143919676354102,0.4775413711583924,0.052538300005835398,0.0004334999975981,,2.5172418411202546,0.99999999999999956,0.61779849450586399,,,spectral,cluster_qr,0,0,[],"{""cluster_qr"": 2.5172418411202546, ""kmeans_norm"": 2.5172418411202546, ""kmeans_raw"": 2.5172418411202546}",,,,,,,,,,,,,
Leukemia2,1,NEW10,,formal,,LinearPair,"{""lambda"": 3.0}",ok,72,3,20,0.56944444444444442,0.323546280215676,0.23587613878535491,0.46078431372549011,0.051861200001439997,0.00050129998999179999,,6.7671739822943451,4.3885844040902056,1.1684634369014364,3.4589916868683193e-16,1.2398482891699336,spectral,kmeans_raw,0,0,[],"{""cluster_qr"": 6.09464411617096, ""kmeans_norm"": 4.33261313887989, ""kmeans_raw"": 6.767173982294345}",,,,,,,,,,,,,
Leukemia2,1,NEW10,,formal,,PSF-CE,"{""lambda"": 0.665, ""q"": 0.72}",ok,72,3,20,0.58333333333333337,0.42419207107531648,0.29143919676354102,0.4775413711583924,0.049883800005772999,0.00039950000063980001,,3.5521145927748163,1.7129498496987343,0.93482803679144122,0.0019811434298825001,1.2573160650779094,spectral,cluster_qr,0,0,[],"{""cluster_qr"": 3.5521145927748163, ""kmeans_norm"": 3.5521145927748163, ""kmeans_raw"": 3.5521145927748163}",,,,,,,,,,,,,
Leukemia2,1,NEW10,,formal,,Poly2,"{""eta"": 8.0}",ok,72,3,20,0.56944444444444442,0.323546280215676,0.23587613878535491,0.46078431372549011,0.048584899996058001,0.00041459999920329999,,11.856474805371668,8.3488607177148264,2.0959766202213963,,,spectral,kmeans_raw,0,0,[],"{""cluster_qr"": 10.793155998543028, ""kmeans_norm"": 7.13264869776667, ""kmeans_raw"": 11.856474805371668}",,,,,,,,,,,,,
Leukemia2,2,NEW10,,formal,,AggregatePower,"{""q_after"": 6.0}",ok,72,3,20,0.61111111111111116,0.48905304088639101,0.3709599322861673,0.50068027210884358,0.062097800007904803,0.00033209999673990001,,2.4110503204390801,1.2265016643081472,0.20280091011099749,,,spectral,kmeans_norm,0,0,[],"{""cluster_qr"": 2.4110503204390796, ""kmeans_norm"": 2.41105032043908, ""kmeans_raw"": 2.41105032043908}",,,,,,,,,,,,,
Leukemia2,2,NEW10,,formal,,CA,{},ok,72,3,20,0.61111111111111116,0.48905304088639101,0.3709599322861673,0.50068027210884358,0.046895100007532102,0.00046090000250839999,,2.5395104595589419,0.99999999999999944,0.67749728684341115,,,spectral,cluster_qr,0,0,[],"{""cluster_qr"": 2.539510459558942, ""kmeans_norm"": 2.539510459558942, ""kmeans_raw"": 2.539510459558942}",,,,,,,,,,,,,
Leukemia2,2,NEW10,,formal,,LinearPair,"{""lambda"": 3.0}",ok,72,3,20,0.61111111111111116,0.48905304088639101,0.3709599322861673,0.50068027210884358,0.0547088000021176,0.00043699999514500002,,7.370695450829075,4.1523053221780879,1.0253878854386429,4.8287953963062096e-16,1.2969620059645182,spectral,kmeans_raw,0,0,[],"{""cluster_qr"": 5.892790070857297, ""kmeans_norm"": 4.266569504966807, ""kmeans_raw"": 7.370695450829075}",,,,,,,,,,,,,
Leukemia2,2,NEW10,,formal,,PSF-CE,"{""lambda"": 0.665, ""q"": 0.72}",ok,72,3,20,0.61111111111111116,0.48905304088639101,0.3709599322861673,0.50068027210884358,0.0519272999954409,0.00037840000004500001,,3.6128903500133669,1.6229662285057225,0.99999999999999944,0.0012147838508593,1.3127780698290623,spectral,cluster_qr,0,0,[],"{""cluster_qr"": 3.612890350013367, ""kmeans_norm"": 3.612890350013367, ""kmeans_raw"": 3.612890350013367}",,,,,,,,,,,,,
Leukemia2,2,NEW10,,formal,,Poly2,"{""eta"": 8.0}",ok,72,3,20,0.61111111111111116,0.48905304088639101,0.3709599322861673,0.50068027210884358,0.053464599986909798,0.00038329999370029997,,12.591984277187651,7.6046602226823197,1.7745826396360389,,,spectral,kmeans_raw,0,0,[],"{""cluster_qr"": 10.174051413134588, ""kmeans_norm"": 6.827152220990158, ""kmeans_raw"": 12.59198427718765}",,,,,,,,,,,,,
ALOI,2,MULTI_RELATION_7,,formal,,AggregatePower,"{""q_after"": 6.0}",ok,10800,100,20,0.68888888888888888,0.80712092491934062,0.25550379141993201,0.71509416227102829,40.372129300012602,2.0658336000051349,,28.534510875739141,2.6201117031619563,0.0045148156877463002,,,spectral,kmeans_raw,0,0,[],"{""cluster_qr"": 28.04434939693293, ""kmeans_norm"": 28.26307148707227, ""kmeans_raw"": 28.53451087573914}",,,,,,,,,,,,,
ALOI,2,MULTI_RELATION_7,,formal,,CA,{},ok,10800,100,20,0.68888888888888888,0.80712092491934062,0.25550379141993201,0.71509416227102829,36.533568600003491,1.8309975000011041,,44.488452673827346,1.0000000000000016,0.29409867260367439,,,spectral,kmeans_raw,0,0,[],"{""cluster_qr"": 41.35856455688843, ""kmeans_norm"": 41.883885542239696, ""kmeans_raw"": 44.48845267382735}",,,,,,,,,,,,,
ALOI,2,MULTI_RELATION_7,,formal,,LinearPair,"{""lambda"": 3.0}",ok,10800,100,20,0.68888888888888888,0.80712092491934062,0.25550379141993201,0.71509416227102829,39.947270999997272,1.7663219999958528,,175.41085518857096,5.0479356045014372,0.73800698160083722,6.6332299980442107e-17,1.958110258203696,spectral,kmeans_raw,0,0,[],"{""cluster_qr"": 164.96065967092977, ""kmeans_norm"": 166.8453021909563, ""kmeans_raw"": 175.41085518857096}",,,,,,,,,,,,,
ALOI,2,MULTI_RELATION_7,,formal,,PSF-CE,"{""lambda"": 0.665, ""q"": 0.72}",ok,10800,100,20,0.6753703703703704,0.79501637214428766,0.1910886831199422,0.70965551928363557,40.561982900006122,1.7851128000038443,,73.494009780828634,1.7352583479351875,0.40174647884624409,0.0011362665017546,2.0127251050164445,spectral,kmeans_raw,0,0,[],"{""cluster_qr"": 69.14124280510225, ""kmeans_norm"": 69.72761028488911, ""kmeans_raw"": 73.49400978082863}",,,,,,,,,,,,,
ALOI,2,MULTI_RELATION_7,,formal,,Poly2,"{""eta"": 8.0}",ok,10800,100,20,0.68888888888888888,0.80712092491934062,0.25550379141993201,0.71509416227102829,37.62198690000514,1.743324399998528,,231.26657661042569,6.621074650865503,0.98605090642162097,,,spectral,kmeans_raw,0,0,[],"{""cluster_qr"": 217.87085249058316, ""kmeans_norm"": 219.90807135429318, ""kmeans_raw"": 231.2665766104257}",,,,,,,,,,,,,
MFeat-pix,0,BKCC_V2,,formal,,AggregatePower,"{""q_after"": 6.0}",ok,2000,10,20,0.86499999999999999,0.80489766104126526,0.75613681662192078,0.86391748636232568,0.2250177999958396,0.017910599999595399,,10.232806215953731,1.5808462307340103,0.38726558832239,,,spectral,kmeans_norm,0,0,[],"{""cluster_qr"": 10.15069834590258, ""kmeans_norm"": 10.232806215953731, ""kmeans_raw"": 10.22057155484573}",,,,,,,,,,,,,
MFeat-pix,0,BKCC_V2,,formal,,CA,{},ok,2000,10,20,0.86499999999999999,0.80489766104126526,0.75613681662192078,0.86391748636232568,0.25771089999761898,0.019870699994498801,,8.7205958146340201,0.99999999999999922,0.76899217024180633,,,spectral,kmeans_norm,0,0,[],"{""cluster_qr"": 8.683139946272306, ""kmeans_norm"": 8.72059581463402, ""kmeans_raw"": 8.70630932355111}",,,,,,,,,,,,,
MFeat-pix,0,BKCC_V2,,formal,,LinearPair,"{""lambda"": 3.0}",ok,2000,10,20,0.89549999999999996,0.81689011945500223,0.78081900721195674,0.89730621256190835,0.2433214000047883,0.018190600007073902,,35.338485782278717,4.5878175549833404,2.8771166462791871,1.2819910025818467e-16,1.2771771344211738,spectral,kmeans_raw,0,0,[],"{""cluster_qr"": 33.859621498548826, ""kmeans_norm"": 35.31714811733758, ""kmeans_raw"": 35.33848578227872}",,,,,,,,,,,,,
MFeat-pix,0,BKCC_V2,,formal,,PSF-CE,"{""lambda"": 0.665, ""q"": 0.72}",ok,2000,10,20,0.89500000000000002,0.8165243250623998,0.77997219480904167,0.89680152254740741,0.2424734000087482,0.015701399999670601,,14.615647059436869,1.7602266244599705,1.2282966117364948,0.00062824330472730004,1.2878348246734783,spectral,kmeans_raw,0,0,[],"{""cluster_qr"": 14.043581894254972, ""kmeans_norm"": 14.6060260066305, ""kmeans_raw"": 14.615647059436867}",,,,,,,,,,,,,
MFeat-pix,0,BKCC_V2,,formal,,Poly2,"{""eta"": 8.0}",ok,2000,10,20,0.89549999999999996,0.81689011945500223,0.78081900721195674,0.89730621256190835,0.26774490000389051,0.0175067999953171,,64.588407172333788,8.5328324547662486,5.2683981503774318,,,spectral,kmeans_raw,0,0,[],"{""cluster_qr"": 62.10396528613394, ""kmeans_norm"": 64.54435361729037, ""kmeans_raw"": 64.58840717233379}",,,,,,,,,,,,,
MFeat-pix,1,BKCC_V2,,formal,,AggregatePower,"{""q_after"": 6.0}",ok,2000,10,20,0.753,0.79493855142459591,0.69822201558569985,0.74921520102353689,0.25998690001142671,0.019126400002278301,,9.8816867648374096,1.6591580677925477,0.4320276104046209,,,spectral,kmeans_raw,0,0,[],"{""cluster_qr"": 9.841741754926971, ""kmeans_norm"": 9.864120881817332, ""kmeans_raw"": 9.88168676483741}",,,,,,,,,,,,,
MFeat-pix,1,BKCC_V2,,formal,,CA,{},ok,2000,10,20,0.753,0.79493855142459591,0.69822201558569985,0.74921520102353689,0.27084269998886151,0.019531099998857802,,8.5861542359072072,1,0.77613540672771897,,,spectral,kmeans_raw,0,0,[],"{""cluster_qr"": 8.505298970994188, ""kmeans_norm"": 8.563283144965293, ""kmeans_raw"": 8.586154235907207}",,,,,,,,,,,,,
MFeat-pix,1,BKCC_V2,,formal,,LinearPair,"{""lambda"": 3.0}",ok,2000,10,20,0.875,0.81856305105760541,0.76844408240511575,0.87392076590919476,0.24593449999520089,0.0206958000053418,,34.577927365432771,4.6658448371105967,3.0157751584650239,1.4401004796043194e-16,1.3075395264320979,spectral,kmeans_norm,0,0,[],"{""cluster_qr"": 32.87806503588587, ""kmeans_norm"": 34.57792736543277, ""kmeans_raw"": 34.1951123562182}",,,,,,,,,,,,,
MFeat-pix,1,BKCC_V2,,formal,,PSF-CE,"{""lambda"": 0.665, ""q"": 0.72}",ok,2000,10,20,0.875,0.81856305105760541,0.76844408240511575,0.87392076590919476,0.2294925000023795,0.017954700000700499,,14.296270999770355,1.7771925262850912,1.264943252046032,0.00067734326286760004,1.3201473759906268,spectral,kmeans_norm,0,0,[],"{""cluster_qr"": 13.78570729992351, ""kmeans_norm"": 14.296270999770357, ""kmeans_raw"": 14.178832378806655}",,,,,,,,,,,,,
MFeat-pix,1,BKCC_V2,,formal,,Poly2,"{""eta"": 8.0}",ok,2000,10,20,0.875,0.81856305105760541,0.76844408240511575,0.87392076590919476,0.19508730000234209,0.019525300012901401,,61.992798228861318,8.5179552577220701,5.432418885910498,,,spectral,kmeans_norm,0,0,[],"{""cluster_qr"": 59.52918816410368, ""kmeans_norm"": 61.99279822886132, ""kmeans_raw"": 61.28233594180243}",,,,,,,,,,,,,
MSRC-v1,0,TEXT_MV,,formal,,AggregatePower,"{""q_after"": 6.0}",ok,210,7,20,0.72857142857142854,0.67735885558472486,0.59052469448484401,0.6849441817591464,0.088154600001871503,0.0017037000070558,,2.9938942452408042,1.3855859616703785,0.032467698406956798,,,spectral,kmeans_raw,0,0,[],"{""cluster_qr"": 2.9579076037733025, ""kmeans_norm"": 2.970480936357225, ""kmeans_raw"": 2.9938942452408037}",,,,,,,,,,,,,
MSRC-v1,0,TEXT_MV,,formal,,CA,{},ok,210,7,20,0.72857142857142854,0.67735885558472486,0.59052469448484401,0.6849441817591464,0.065623100002994705,0.0017335000011371,,3.5597813368192379,0.99999999999999956,0.36364907954966208,,,spectral,kmeans_raw,0,0,[],"{""cluster_qr"": 3.5279533499112685, ""kmeans_norm"": 3.5098638418884045, ""kmeans_raw"": 3.559781336819238}",,,,,,,,,,,,,
MSRC-v1,0,TEXT_MV,,formal,,LinearPair,"{""lambda"": 3.0}",ok,210,7,20,0.73333333333333328,0.69263177937217735,0.59662355524990573,0.69010647873199638,0.067465100000845199,0.0018693000019993,,11.786813038756438,3.6604524306949706,1.0444142761841433,5.9605486359480257e-16,2.2046199317830681,spectral,kmeans_raw,0,0,[],"{""cluster_qr"": 9.231914921454226, ""kmeans_norm"": 11.627036884000962, ""kmeans_raw"": 11.786813038756438}",,,,,,,,,,,,,
MSRC-v1,0,TEXT_MV,,formal,,PSF-CE,"{""lambda"": 0.665, ""q"": 0.72}",ok,210,7,20,0.73333333333333328,0.6879863054030626,0.59970412525592998,0.68915628947298835,0.065118799990159404,0.0017093999922508001,,5.390253520019292,1.320929427899826,0.55057591783020687,0.0037036824129903002,2.2520900789891782,spectral,kmeans_raw,0,0,[],"{""cluster_qr"": 5.283077166699516, ""kmeans_norm"": 5.3109087995014725, ""kmeans_raw"": 5.390253520019292}",,,,,,,,,,,,,
MSRC-v1,0,TEXT_MV,,formal,,Poly2,"{""eta"": 8.0}",ok,210,7,20,0.73333333333333328,0.69263177937217735,0.59662355524990573,0.69010647873199638,0.065325000003212993,0.0016910999984247001,,14.037863143027554,4.376793229600751,1.2862772037891168,,,spectral,kmeans_raw,0,0,[],"{""cluster_qr"": 10.20015059499066, ""kmeans_norm"": 13.844381980204771, ""kmeans_raw"": 14.037863143027554}",,,,,,,,,,,,,
MFeat-pix,2,BKCC_V2,,formal,,AggregatePower,"{""q_after"": 6.0}",ok,2000,10,20,0.74850000000000005,0.79827179824558636,0.69730239712940822,0.7398872104719737,0.21233670000219709,0.027903800000785801,,9.4626960543272496,1.942276332038384,0.2779254050896775,,,spectral,kmeans_raw,0,0,[],"{""cluster_qr"": 9.318883881443744, ""kmeans_norm"": 9.453111774493298, ""kmeans_raw"": 9.46269605432725}",,,,,,,,,,,,,
MFeat-pix,2,BKCC_V2,,formal,,CA,{},ok,2000,10,20,0.74850000000000005,0.79827179824558636,0.69730239712940822,0.7398872104719737,0.18641129999014081,0.022985299990977998,,8.1871444637609159,1,0.69987760853852587,,,spectral,kmeans_raw,0,0,[],"{""cluster_qr"": 8.11308315512767, ""kmeans_norm"": 8.167523245989333, ""kmeans_raw"": 8.187144463760916}",,,,,,,,,,,,,
MFeat-pix,2,BKCC_V2,,formal,,LinearPair,"{""lambda"": 3.0}",ok,2000,10,20,0.75149999999999995,0.80049457088891296,0.70236056571908823,0.74288666096273182,0.1960267000104067,0.023634600001969298,,33.863592235929708,4.9456757112418037,2.454286122467233,1.1257003601462271e-16,1.4183906040396406,spectral,kmeans_raw,0,0,[],"{""cluster_qr"": 32.16661612698967, ""kmeans_norm"": 33.82748821830992, ""kmeans_raw"": 33.86359223592971}",,,,,,,,,,,,,
MFeat-pix,2,BKCC_V2,,formal,,PSF-CE,"{""lambda"": 0.665, ""q"": 0.72}",ok,2000,10,20,0.751,0.79951365314516076,0.70147198814973366,0.74220641232023365,0.2061052000062773,0.023009700002148699,,13.856918463076353,1.8369227163341115,1.0626408613511702,0.00075069466088249998,1.4361996117172651,spectral,kmeans_raw,0,0,[],"{""cluster_qr"": 13.568082217511652, ""kmeans_norm"": 13.839349944186184, ""kmeans_raw"": 13.856918463076353}",,,,,,,,,,,,,
MFeat-pix,2,BKCC_V2,,formal,,Poly2,"{""eta"": 8.0}",ok,2000,10,20,0.75149999999999995,0.80049457088891296,0.70236056571908823,0.74288666096273182,0.1967561000055866,0.023719899996649401,,56.918501418910047,8.4596804538329007,4.1292265569507967,,,spectral,kmeans_raw,0,0,[],"{""cluster_qr"": 54.71870554170335, ""kmeans_norm"": 56.85813382283385, ""kmeans_raw"": 56.91850141891005}",,,,,,,,,,,,,
MSRC-v1,1,TEXT_MV,,formal,,AggregatePower,"{""q_after"": 6.0}",ok,210,7,20,0.73809523809523814,0.6694724557164371,0.60619654558373315,0.69923957663364089,0.074647700006607906,0.0017646000051171999,,2.9165851995362009,1.3897452360327145,0.043351565684251601,,,spectral,kmeans_norm,0,0,[],"{""cluster_qr"": 2.909678651824899, ""kmeans_norm"": 2.916585199536201, ""kmeans_raw"": 2.915339802098121}",,,,,,,,,,,,,
MSRC-v1,1,TEXT_MV,,formal,,CA,{},ok,210,7,20,0.73809523809523814,0.67800947573895665,0.60276013242253823,0.69403819196791017,0.064826300003915094,0.0018291000014869,,3.5120896045312531,1.0000000000000011,0.3828358301813406,,,spectral,kmeans_raw,0,0,[],"{""cluster_qr"": 3.4781788614109317, ""kmeans_norm"": 3.491850736748019, ""kmeans_raw"": 3.5120896045312535}",,,,,,,,,,,,,
MSRC-v1,1,TEXT_MV,,formal,,LinearPair,"{""lambda"": 3.0}",ok,210,7,20,0.74761904761904763,0.70001812701634081,0.62170982501598959,0.70274691780207676,0.067852700012735995,0.0017911000031745001,,11.60365716912052,3.6803774063644199,1.0042758299804313,1.4475968258229091e-16,2.2003287430184759,spectral,kmeans_raw,0,0,[],"{""cluster_qr"": 8.366934057194054, ""kmeans_norm"": 11.060794196696778, ""kmeans_raw"": 11.60365716912052}",,,,,,,,,,,,,
MSRC-v1,1,TEXT_MV,,formal,,PSF-CE,"{""lambda"": 0.665, ""q"": 0.72}",ok,210,7,20,0.73809523809523814,0.67800947573895676,0.60276013242253823,0.69403819196791017,0.10809880000306291,0.0021186999947531001,,5.3067627125204364,1.3260679764387848,0.59085971054559139,0.0040474734721266002,2.2459116879416623,spectral,kmeans_raw,0,0,[],"{""cluster_qr"": 5.17070272138977, ""kmeans_norm"": 5.276009968802956, ""kmeans_raw"": 5.306762712520436}",,,,,,,,,,,,,
MSRC-v1,1,TEXT_MV,,formal,,Poly2,"{""eta"": 8.0}",ok,210,7,20,0.74761904761904763,0.70001812701634081,0.62170982501598959,0.70274691780207676,0.1123293999989982,0.0022967999975662002,,13.838235899746032,4.40704576250823,1.2398410143411809,,,spectral,kmeans_raw,0,0,[],"{""cluster_qr"": 9.786512927806186, ""kmeans_norm"": 13.184273846387615, ""kmeans_raw"": 13.838235899746033}",,,,,,,,,,,,,
MSRC-v1,2,TEXT_MV,,formal,,AggregatePower,"{""q_after"": 6.0}",ok,210,7,20,0.74285714285714288,0.67448664961525051,0.58284757703966927,0.73167118075841153,0.1218929000024218,0.0025252000050386002,,2.9663705106664278,1.3819214744630024,0.016088502939726499,,,spectral,kmeans_raw,0,0,[],"{""cluster_qr"": 2.599734060854974, ""kmeans_norm"": 2.940570116722981, ""kmeans_raw"": 2.9663705106664273}",,,,,,,,,,,,,
MSRC-v1,2,TEXT_MV,,formal,,CA,{},ok,210,7,20,0.74285714285714288,0.67448664961525051,0.58284757703966927,0.73167118075841153,0.1203829000005498,0.0028811999945901,,3.4995581011473305,1.0000000000000009,0.33135762210255981,,,spectral,kmeans_raw,0,0,[],"{""cluster_qr"": 3.3684312189384498, ""kmeans_norm"": 3.4756680928931236, ""kmeans_raw"": 3.4995581011473305}",,,,,,,,,,,,,
MSRC-v1,2,TEXT_MV,,formal,,LinearPair,"{""lambda"": 3.0}",ok,210,7,20,0.74285714285714288,0.67448664961525051,0.58284757703966927,0.73167118075841153,0.11868690000846981,0.0023721000034129,,11.457087327691566,3.7264391365577216,0.9596810915789844,3.6670391321261263e-16,2.1341747765422001,spectral,kmeans_raw,0,0,[],"{""cluster_qr"": 11.044521507295956, ""kmeans_norm"": 11.35349841373937, ""kmeans_raw"": 11.457087327691566}",,,,,,,,,,,,,
MSRC-v1,2,TEXT_MV,,formal,,PSF-CE,"{""lambda"": 0.665, ""q"": 0.72}",ok,210,7,20,0.74285714285714288,0.67448664961525051,0.58284757703966927,0.73167118075841153,0.1118353000056231,0.0023541000118711001,,5.275006902153569,1.3478821294632992,0.47899488411653118,0.0037185893493576999,2.1818608311399692,spectral,kmeans_raw,0,0,[],"{""cluster_qr"": 4.708258165201396, ""kmeans_norm"": 5.234431730279727, ""kmeans_raw"": 5.275006902153569}",,,,,,,,,,,,,
MSRC-v1,2,TEXT_MV,,formal,,Poly2,"{""eta"": 8.0}",ok,210,7,20,0.72857142857142854,0.66668836681526644,0.59186353986052376,0.68679786814793287,0.1069275000045308,0.0022997000050963001,,14.053263164121789,4.5716329846672101,1.0946924360154018,,,spectral,kmeans_raw,0,0,[],"{""cluster_qr"": 10.705613713188479, ""kmeans_norm"": 13.801253843402893, ""kmeans_raw"": 14.05326316412179}",,,,,,,,,,,,,
Movies617,0,CONTENT_RELATION_8,,formal,,AggregatePower,"{""q_after"": 6.0}",ok,617,17,20,0.1231766612641815,0.10373773691893071,0.0066219886515514999,0.066449328866881693,0.3200996999948984,0.0087639999983366006,,5.9391635736445076,1.5068327173941869,0.067930854846081107,,,spectral,kmeans_raw,0,0,[],"{""cluster_qr"": 5.248925949581432, ""kmeans_norm"": 3.579376242315036, ""kmeans_raw"": 5.939163573644508}",,,,,,,,,,,,,
Movies617,0,CONTENT_RELATION_8,,formal,,CA,{},ok,617,17,20,0.1231766612641815,0.10373773691893071,0.0066219886515514999,0.066449328866881693,0.32153869999456219,0.0083072999987052008,,6.1626126883286538,0.99999999999999678,0.27406040773728468,,,spectral,kmeans_raw,0,0,[],"{""cluster_qr"": 5.584971877045394, ""kmeans_norm"": 4.082077304026731, ""kmeans_raw"": 6.162612688328654}",,,,,,,,,,,,,
Movies617,0,CONTENT_RELATION_8,,formal,,LinearPair,"{""lambda"": 3.0}",ok,617,17,20,0.1231766612641815,0.10373773691893071,0.0066219886515514999,0.066449328866881693,0.33730189999914728,0.0082373000041115994,,25.100656747110548,2.8251414936273247,0.99999999999999678,2.1562256203522694e-16,3.9834365534042657,spectral,kmeans_raw,0,0,[],"{""cluster_qr"": 22.41199246822594, ""kmeans_norm"": 13.829661493619515, ""kmeans_raw"": 25.10065674711055}",,,,,,,,,,,,,
Movies617,0,CONTENT_RELATION_8,,formal,,PSF-CE,"{""lambda"": 0.665, ""q"": 0.72}",ok,617,17,20,0.1231766612641815,0.1046171569042573,0.0063180665114227997,0.068812850707602194,0.30794549999700388,0.0090874000015901003,,10.357032413593268,0.99999999999999678,0.4472183444822796,0.0029064189280360998,4.0446010313327481,spectral,kmeans_raw,0,0,[],"{""cluster_qr"": 9.301957121605467, ""kmeans_norm"": 6.07352425748897, ""kmeans_raw"": 10.357032413593267}",,,,,,,,,,,,,
Movies617,0,CONTENT_RELATION_8,,formal,,Poly2,"{""eta"": 8.0}",ok,617,17,20,0.1231766612641815,0.10373773691893071,0.0066219886515514999,0.066449328866881693,0.31904750000103371,0.0091012000048067004,,20.271624735155275,2.1476835550023501,0.8749332644503014,,,spectral,kmeans_raw,0,0,[],"{""cluster_qr"": 17.826688415455177, ""kmeans_norm"": 11.514047992496486, ""kmeans_raw"": 20.271624735155275}",,,,,,,,,,,,,
Movies617,1,CONTENT_RELATION_8,,formal,,AggregatePower,"{""q_after"": 6.0}",ok,617,17,20,0.126418152350081,0.10794660870299561,0.0072970781096333998,0.064887816405715198,0.3279715000098804,0.0093158000090624998,,6.2855916577364637,1.2551827072288897,0.0446011831171114,,,spectral,kmeans_raw,0,0,[],"{""cluster_qr"": 5.019033526378067, ""kmeans_norm"": 3.020322361548828, ""kmeans_raw"": 6.285591657736464}",,,,,,,,,,,,,
Movies617,1,CONTENT_RELATION_8,,formal,,CA,{},ok,617,17,20,0.126418152350081,0.10794660870299561,0.0072970781096333998,0.064887816405715198,0.3202944999939063,0.0087501999951200005,,6.4670782606998571,1.0000000000000002,0.2703350607586486,,,spectral,kmeans_raw,0,0,[],"{""cluster_qr"": 5.204334477725309, ""kmeans_norm"": 4.017981758260713, ""kmeans_raw"": 6.467078260699857}",,,,,,,,,,,,,
Movies617,1,CONTENT_RELATION_8,,formal,,LinearPair,"{""lambda"": 3.0}",ok,617,17,20,0.126418152350081,0.10794660870299561,0.0072970781096333998,0.064971491411990795,0.32698930001060938,0.0090195000084349001,,26.119943050866471,2.7529654587930525,0.95419209154169282,1.4452075769889791e-16,3.6356467777452348,spectral,kmeans_raw,0,0,[],"{""cluster_qr"": 21.0325401140818, ""kmeans_norm"": 12.5782752545269, ""kmeans_raw"": 26.11994305086647}",,,,,,,,,,,,,
Movies617,1,CONTENT_RELATION_8,,formal,,PSF-CE,"{""lambda"": 0.665, ""q"": 0.72}",ok,617,17,20,0.126418152350081,0.1085749867365098,0.0074312792257826997,0.065169583373670806,0.35718639999686269,0.0101915999985067,,10.818989991201208,1.0000000000000002,0.43066598702605868,0.0027306782118789999,3.699289640367319,spectral,kmeans_raw,0,0,[],"{""cluster_qr"": 8.730152048101672, ""kmeans_norm"": 6.029884952913144, ""kmeans_raw"": 10.818989991201207}",,,,,,,,,,,,,
Movies617,1,CONTENT_RELATION_8,,formal,,Poly2,"{""eta"": 8.0}",ok,617,17,20,0.126418152350081,0.10794660870299561,0.0072970781096333998,0.064887816405715198,0.32063590000325348,0.0087356000003637,,22.348104989349203,2.2498196514616851,0.85498342136170713,,,spectral,kmeans_raw,0,0,[],"{""cluster_qr"": 18.054344374432734, ""kmeans_norm"": 11.190021484095894, ""kmeans_raw"": 22.348104989349203}",,,,,,,,,,,,,
NGs,0,TEXT_MV,,formal,,AggregatePower,"{""q_after"": 6.0}",ok,500,5,20,0.20999999999999999,0.0229949009148245,0.0001105618976845,0.086911344856168402,0.087291000003460795,0.00083340000128370002,,2.6546903455790041,1.0000000000000016,0.27382351668488819,,,spectral,kmeans_raw,0,0,[],"{""cluster_qr"": 2.2903621154359817, ""kmeans_norm"": 1.837728008381033, ""kmeans_raw"": 2.654690345579004}",,,,,,,,,,,,,
NGs,0,TEXT_MV,,formal,,CA,{},ok,500,5,20,0.20999999999999999,0.0229949009148245,0.0001105618976845,0.086911344856168402,0.087438799993833499,0.00083350000204510002,,2.1656358964345745,1.0000000000000011,0.27962875849108337,,,spectral,kmeans_raw,0,0,[],"{""cluster_qr"": 1.9732999380595564, ""kmeans_norm"": 1.6899135487153363, ""kmeans_raw"": 2.1656358964345745}",,,,,,,,,,,,,
NGs,0,TEXT_MV,,formal,,LinearPair,"{""lambda"": 3.0}",ok,500,5,20,0.20999999999999999,0.0229949009148245,0.0001105618976845,0.086911344856168402,0.086369700002251096,0.00091039999097119995,,6.5164272857978522,1.7031785986084289,1.0365915209243328,2.7961394149034689e-16,4.947162493289075,spectral,kmeans_raw,0,0,[],"{""cluster_qr"": 3.7763649457357302, ""kmeans_norm"": 3.007692569693507, ""kmeans_raw"": 6.516427285797852}",,,,,,,,,,,,,
NGs,0,TEXT_MV,,formal,,PSF-CE,"{""lambda"": 0.665, ""q"": 0.72}",ok,500,5,20,0.20999999999999999,0.0229949009148245,0.0001105618976845,0.086911344856168402,0.085743300005560699,0.00091509999765539997,,3.1580429455350978,1.0000000000000011,0.50124606898995083,0.0023091059576230001,4.9661018411103699,spectral,kmeans_raw,0,0,[],"{""cluster_qr"": 2.770303263151599, ""kmeans_norm"": 2.208005542269224, ""kmeans_raw"": 3.158042945535098}",,,,,,,,,,,,,
NGs,0,TEXT_MV,,formal,,Poly2,"{""eta"": 8.0}",ok,500,5,20,0.20999999999999999,0.0229949009148245,0.0001105618976845,0.086911344856168402,0.081935900001553805,0.00080560000787949996,,4.9356879686543937,1.159182266171807,0.9051666990932008,,,spectral,kmeans_raw,0,0,[],"{""cluster_qr"": 4.206673297604544, ""kmeans_norm"": 3.1594937698366783, ""kmeans_raw"": 4.935687968654394}",,,,,,,,,,,,,
NGs,1,TEXT_MV,,formal,,AggregatePower,"{""q_after"": 6.0}",ok,500,5,20,0.20599999999999999,0.0154802691564095,-3.8538764215986647e-06,0.078995282078543394,0.084700199993676506,0.00083600000652949997,,2.1468202876973592,1.0000000000000009,0.055298307578864697,,,spectral,kmeans_raw,0,0,[],"{""cluster_qr"": 1.914705656758788, ""kmeans_norm"": 1.8707472538966465, ""kmeans_raw"": 2.146820287697359}",,,,,,,,,,,,,
NGs,1,TEXT_MV,,formal,,CA,{},ok,500,5,20,0.20599999999999999,0.0154802691564095,-3.8538764215986647e-06,0.078995282078543394,0.084492499998304896,0.00088540000433559997,,2.187852886747768,1.0000000000000009,0.25068911427819068,,,spectral,kmeans_raw,0,0,[],"{""cluster_qr"": 2.056687022206777, ""kmeans_norm"": 1.8841456781553192, ""kmeans_raw"": 2.187852886747768}",,,,,,,,,,,,,
NGs,1,TEXT_MV,,formal,,LinearPair,"{""lambda"": 3.0}",ok,500,5,20,0.20599999999999999,0.0154802691564095,-3.8538764215986647e-06,0.078995282078543394,0.0823205999913625,0.00097519998962519998,,6.6703589772002987,2.41122328828112,0.97219495290715519,3.2880448321834277e-16,4.5413283982295658,spectral,kmeans_raw,0,0,[],"{""cluster_qr"": 5.853630629096551, ""kmeans_norm"": 5.083192327091073, ""kmeans_raw"": 6.670358977200299}",,,,,,,,,,,,,
NGs,1,TEXT_MV,,formal,,PSF-CE,"{""lambda"": 0.665, ""q"": 0.72}",ok,500,5,20,0.20599999999999999,0.0154802691564095,-3.8538764215986647e-06,0.078995282078543394,0.077644000004511299,0.00091260000772300004,,3.1766999649219865,1.0000000000000009,0.40924018840561438,0.0018247486594378001,4.5679056772936288,spectral,kmeans_raw,0,0,[],"{""cluster_qr"": 2.895658574311427, ""kmeans_norm"": 2.591157800904685, ""kmeans_raw"": 3.1766999649219865}",,,,,,,,,,,,,
NGs,1,TEXT_MV,,formal,,Poly2,"{""eta"": 8.0}",ok,500,5,20,0.20599999999999999,0.0154802691564095,-3.8538764215986647e-06,0.078995282078543394,0.084102599998004707,0.00086279999231909997,,5.1635139554526699,1.6821892976014574,0.7534493704188614,,,spectral,kmeans_raw,0,0,[],"{""cluster_qr"": 4.597447765564228, ""kmeans_norm"": 4.0223592160651265, ""kmeans_raw"": 5.16351395545267}",,,,,,,,,,,,,
Movies617,2,CONTENT_RELATION_8,,formal,,AggregatePower,"{""q_after"": 6.0}",ok,617,17,20,0.1150729335494327,0.086882491313051105,0.0065506887106408004,0.048724933068664301,0.30486160000145901,0.0099408000096445001,,6.0273284288963707,1.4688324784600235,0.055455643436116003,,,spectral,kmeans_raw,0,0,[],"{""cluster_qr"": 5.094642411145502, ""kmeans_norm"": 2.868887771195792, ""kmeans_raw"": 6.027328428896371}",,,,,,,,,,,,,
Movies617,2,CONTENT_RELATION_8,,formal,,CA,{},ok,617,17,20,0.1150729335494327,0.086882491313051105,0.0065506887106408004,0.048724933068664301,0.34204909999971278,0.0079909999913070004,,6.3523677503615268,0.99999999999999678,0.27210782587960758,,,spectral,kmeans_raw,0,0,[],"{""cluster_qr"": 5.78000233768786, ""kmeans_norm"": 4.142088262363443, ""kmeans_raw"": 6.352367750361527}",,,,,,,,,,,,,
Movies617,2,CONTENT_RELATION_8,,formal,,LinearPair,"{""lambda"": 3.0}",ok,617,17,20,0.1150729335494327,0.086882491313051105,0.0065506887106408004,0.048724933068664301,0.35832489999302197,0.0097900999971897995,,25.834760540046386,2.8582974221232118,0.99999999999999722,1.5375221549582896e-16,3.835074018103799,spectral,kmeans_raw,0,0,[],"{""cluster_qr"": 21.05654533644162, ""kmeans_norm"": 13.239379307046946, ""kmeans_raw"": 25.834760540046382}",,,,,,,,,,,,,
Movies617,2,CONTENT_RELATION_8,,formal,,PSF-CE,"{""lambda"": 0.665, ""q"": 0.72}",ok,617,17,20,0.1166936790923825,0.086531456130569007,0.0067742480927981998,0.0492368974147641,0.33376680000219489,0.0084356000006664007,,10.641423414197192,0.999999999999997,0.4390385493491451,0.0030727354099194001,3.907982601679802,spectral,kmeans_raw,0,0,[],"{""cluster_qr"": 8.93715522720512, ""kmeans_norm"": 6.205185592171246, ""kmeans_raw"": 10.641423414197192}",,,,,,,,,,,,,
Movies617,2,CONTENT_RELATION_8,,formal,,Poly2,"{""eta"": 8.0}",ok,617,17,20,0.1150729335494327,0.086882491313051105,0.0065506887106408004,0.048724933068664301,0.33741029999509919,0.0088199000019812002,,21.362791380610972,2.2354880863490343,0.86444917711902214,,,spectral,kmeans_raw,0,0,[],"{""cluster_qr"": 18.401188881969464, ""kmeans_norm"": 11.408317528869588, ""kmeans_raw"": 21.362791380610975}",,,,,,,,,,,,,
NGs,2,TEXT_MV,,formal,,AggregatePower,"{""q_after"": 6.0}",ok,500,5,20,0.20799999999999999,0.019246563491445001,3.6905687211158069e-05,0.082990820090412407,0.083586699998704703,0.00061400000413410003,,2.5149800345851445,1.000000000000002,0.19815422791340509,,,spectral,kmeans_raw,0,0,[],"{""cluster_qr"": 2.155468897628245, ""kmeans_norm"": 1.6045812013173972, ""kmeans_raw"": 2.5149800345851445}",,,,,,,,,,,,,
NGs,2,TEXT_MV,,formal,,CA,{},ok,500,5,20,0.20799999999999999,0.019246563491445001,3.6905687211158069e-05,0.082990820090412407,0.086552300010225694,0.0006891000084578,,2.0729512978086841,1.000000000000002,0.25012204633802498,,,spectral,kmeans_raw,0,0,[],"{""cluster_qr"": 1.9281033118561395, ""kmeans_norm"": 1.6691488815410287, ""kmeans_raw"": 2.072951297808684}",,,,,,,,,,,,,
NGs,2,TEXT_MV,,formal,,LinearPair,"{""lambda"": 3.0}",ok,500,5,20,0.20799999999999999,0.019246563491445001,3.6905687211158069e-05,0.082990820090412407,0.080539600006886702,0.00091750000137829995,,6.2435906022204994,1.635634158691567,1.000000000000002,3.7204596150996328e-16,5.4711497884181401,spectral,kmeans_raw,0,0,[],"{""cluster_qr"": 5.31618438379557, ""kmeans_norm"": 3.8219347301295254, ""kmeans_raw"": 6.243590602220499}",,,,,,,,,,,,,
NGs,2,TEXT_MV,,formal,,PSF-CE,"{""lambda"": 0.665, ""q"": 0.72}",ok,500,5,20,0.20799999999999999,0.019246563491445001,3.6905687211158069e-05,0.082990820090412407,0.088705700007267296,0.00091960000281679998,,2.989409032340145,1.000000000000002,0.4409623771795057,0.0025742855812535001,5.509410458001919,spectral,kmeans_raw,0,0,[],"{""cluster_qr"": 2.7120006003974764, ""kmeans_norm"": 2.1486519604722867, ""kmeans_raw"": 2.989409032340145}",,,,,,,,,,,,,
NGs,2,TEXT_MV,,formal,,Poly2,"{""eta"": 8.0}",ok,500,5,20,0.20799999999999999,0.019246563491445001,3.6905687211158069e-05,0.082990820090412407,0.083847499990952201,0.00092189999122630005,,4.4332833992819856,1.0419771959595956,0.75061035085259309,,,spectral,kmeans_raw,0,0,[],"{""cluster_qr"": 3.928116086032216, ""kmeans_norm"": 2.933623429298408, ""kmeans_raw"": 4.4332833992819864}",,,,,,,,,,,,,
NUSWIDE-Object-2000,0,TEXT_MV,,formal,,AggregatePower,"{""q_after"": 6.0}",ok,2000,31,20,0.17699999999999999,0.17309031361798069,0.053594778850025303,0.10792062586884341,1.7994750000070781,0.081318099997588406,,4.7285654949823943,1.903341966416128,0.0089403712954938003,,,spectral,kmeans_raw,0,0,[],"{""cluster_qr"": 4.446604511143847, ""kmeans_norm"": 4.670599502745009, ""kmeans_raw"": 4.728565494982394}",,,,,,,,,,,,,
NUSWIDE-Object-2000,0,TEXT_MV,,formal,,CA,{},ok,2000,31,20,0.17699999999999999,0.17309031361798069,0.053594778850025303,0.10792062586884341,1.6591015000012703,0.074690199995529796,,7.2913123882450606,0.99999999999999822,0.21165174722387489,,,spectral,kmeans_raw,0,0,[],"{""cluster_qr"": 5.744044324842572, ""kmeans_norm"": 6.197436031311579, ""kmeans_raw"": 7.2913123882450614}",,,,,,,,,,,,,
NUSWIDE-Object-2000,0,TEXT_MV,,formal,,LinearPair,"{""lambda"": 3.0}",ok,2000,31,20,0.17699999999999999,0.17309031361798069,0.053594778850025303,0.10792062586884341,1.7112909999996191,0.077112700004363405,,27.894265058920617,3.8006176734652768,0.67658348114780509,1.4837776424692458e-16,4.3031776880182866,spectral,kmeans_raw,0,0,[],"{""cluster_qr"": 22.4192193561038, ""kmeans_norm"": 24.14691514206548, ""kmeans_raw"": 27.894265058920617}",,,,,,,,,,,,,
NUSWIDE-Object-2000,0,TEXT_MV,,formal,,PSF-CE,"{""lambda"": 0.665, ""q"": 0.72}",ok,2000,31,20,0.17349999999999999,0.1760437668306544,0.050101437785671603,0.1125928025116662,1.6025985999876866,0.073651999991852707,,11.567320827548594,1.2049292265891498,0.32053245470644659,0.0023420041811915999,4.4897621581630727,spectral,kmeans_raw,0,0,[],"{""cluster_qr"": 9.850354356232195, ""kmeans_norm"": 9.886298321948455, ""kmeans_raw"": 11.567320827548594}",,,,,,,,,,,,,
NUSWIDE-Object-2000,0,TEXT_MV,,formal,,Poly2,"{""eta"": 8.0}",ok,2000,31,20,0.17699999999999999,0.17309031361798069,0.053594778850025303,0.10792062586884341,1.8166159999964293,0.076342699991073404,,21.937047557436948,2.6570586918171784,0.57002344404722649,,,spectral,kmeans_raw,0,0,[],"{""cluster_qr"": 17.390931654259695, ""kmeans_norm"": 18.84348832069336, ""kmeans_raw"": 21.937047557436948}",,,,,,,,,,,,,
NUSWIDE-Object-2000,1,TEXT_MV,,formal,,AggregatePower,"{""q_after"": 6.0}",ok,2000,31,20,0.17000000000000001,0.17418015660230671,0.042735002422674001,0.1098904162179629,1.7890932000009343,0.077212699994561207,,4.7323057793254497,1.9545556150160488,0.0082750636942656008,,,spectral,kmeans_raw,0,0,[],"{""cluster_qr"": 4.397845973638499, ""kmeans_norm"": 4.5166313858585445, ""kmeans_raw"": 4.73230577932545}",,,,,,,,,,,,,
NUSWIDE-Object-2000,1,TEXT_MV,,formal,,CA,{},ok,2000,31,20,0.17000000000000001,0.17418015660230671,0.042735002422674001,0.1098904162179629,1.603958200008492,0.067594000007375102,,7.1597057819433543,0.99999999999999922,0.21002986318102171,,,spectral,kmeans_raw,0,0,[],"{""cluster_qr"": 5.840916555720222, ""kmeans_norm"": 6.13654483152161, ""kmeans_raw"": 7.159705781943354}",,,,,,,,,,,,,
NUSWIDE-Object-2000,1,TEXT_MV,,formal,,LinearPair,"{""lambda"": 3.0}",ok,2000,31,20,0.17000000000000001,0.17418015660230671,0.042735002422674001,0.1098904162179629,1.6061836999870138,0.074756899994099499,,27.649686603721829,3.8469747515940327,0.66324397025645587,1.3494367756611338e-16,4.269958820869193,spectral,kmeans_raw,0,0,[],"{""cluster_qr"": 22.802434636876672, ""kmeans_norm"": 23.78747791567821, ""kmeans_raw"": 27.64968660372183}",,,,,,,,,,,,,
NUSWIDE-Object-2000,1,TEXT_MV,,formal,,PSF-CE,"{""lambda"": 0.665, ""q"": 0.72}",ok,2000,31,20,0.17549999999999999,0.16652137379934109,0.045164666892471797,0.1098916352573828,1.6307346999965375,0.0746125000005122,,11.849491225752301,1.2174058119588931,0.31698421350943301,0.0023469929935426002,4.4572763164834779,spectral,kmeans_raw,0,0,[],"{""cluster_qr"": 10.009146358423859, ""kmeans_norm"": 10.231865319494624, ""kmeans_raw"": 11.849491225752299}",,,,,,,,,,,,,
NUSWIDE-Object-2000,1,TEXT_MV,,formal,,Poly2,"{""eta"": 8.0}",ok,2000,31,20,0.17000000000000001,0.17418015660230671,0.042735002422674001,0.1098904162179629,1.7987560000037774,0.075163100002100594,,21.780134233169349,2.7036335696064184,0.56293021060373194,,,spectral,kmeans_raw,0,0,[],"{""cluster_qr"": 17.92559623922814, ""kmeans_norm"": 18.663323977485405, ""kmeans_raw"": 21.78013423316935}",,,,,,,,,,,,,
ORL,0,MULTI_RELATION_7,,formal,,AggregatePower,"{""q_after"": 6.0}",ok,400,40,20,0.66500000000000004,0.83291159559457784,0.46629659491690401,0.66487691256531389,0.52006460000120569,0.016538600000785601,,25.645519693308849,2.0055012063270072,0.051381983420052103,,,spectral,kmeans_raw,0,0,[],"{""cluster_qr"": 25.586956423772932, ""kmeans_norm"": 25.043149819815127, ""kmeans_raw"": 25.64551969330885}",,,,,,,,,,,,,
ORL,0,MULTI_RELATION_7,,formal,,CA,{},ok,400,40,20,0.66500000000000004,0.83291159559457784,0.46629659491690401,0.66487691256531389,0.52167229999031406,0.016806699990411199,,30.128667983962991,0.99999999999999978,0.54016243107245643,,,spectral,kmeans_raw,0,0,[],"{""cluster_qr"": 29.82962828894054, ""kmeans_norm"": 29.62312920967535, ""kmeans_raw"": 30.12866798396299}",,,,,,,,,,,,,
ORL,0,MULTI_RELATION_7,,formal,,LinearPair,"{""lambda"": 3.0}",ok,400,40,20,0.64749999999999996,0.84832702836584872,0.41685789214882801,0.65329579781721159,0.53435600000375416,0.013787799995043299,,120.73036400391206,4.9185886308945141,1.6059287770573634,1.0851243846455373e-16,1.3218344659559569,spectral,kmeans_raw,0,0,[],"{""cluster_qr"": 118.71393023016655, ""kmeans_norm"": 116.756688073634, ""kmeans_raw"": 120.73036400391206}",,,,,,,,,,,,,
ORL,0,MULTI_RELATION_7,,formal,,PSF-CE,"{""lambda"": 0.665, ""q"": 0.72}",ok,400,40,20,0.67500000000000004,0.83514577998011785,0.4724590118124844,0.67559025396927697,0.53250820000539534,0.017132900000433399,,50.180454450044287,1.8431157246631575,0.7963268440063852,0.00068855491679,1.336727359201072,spectral,kmeans_raw,0,0,[],"{""cluster_qr"": 49.66580371797866, ""kmeans_norm"": 49.005894072877155, ""kmeans_raw"": 50.180454450044294}",,,,,,,,,,,,,
ORL,0,MULTI_RELATION_7,,formal,,Poly2,"{""eta"": 8.0}",ok,400,40,20,0.64749999999999996,0.84832702836584872,0.41685789214882801,0.65329579781721159,0.4946773999981815,0.015886199995293199,,215.3710500756703,8.9127441345061413,2.8026637967360841,,,spectral,kmeans_raw,0,0,[],"{""cluster_qr"": 211.51946121002, ""kmeans_norm"": 208.21126515877302, ""kmeans_raw"": 215.3710500756703}",,,,,,,,,,,,,
Letter,0,BKCC_V2,,formal,,AggregatePower,"{""q_after"": 6.0}",ok,20000,26,20,0.26340000000000002,0.39220294708042891,0.12803491712394341,0.27795965253865501,7.3326358999911463,0.2965562000026693,,24.295506898540925,2.3278244893438171,0.44858635800287627,,,spectral,kmeans_raw,0,0,[],"{""cluster_qr"": 23.937058061948022, ""kmeans_norm"": 24.12883293026158, ""kmeans_raw"": 24.295506898540925}",,,,,,,,,,,,,
Letter,0,BKCC_V2,,formal,,CA,{},ok,20000,26,20,0.26340000000000002,0.39220294708042891,0.12803491712394341,0.27795965253865501,3.5266510999936145,0.30600369999592658,,20.205801108775308,1.0000000000000011,0.75736403639797867,,,spectral,kmeans_raw,0,0,[],"{""cluster_qr"": 19.8783319063294, ""kmeans_norm"": 20.06505134842478, ""kmeans_raw"": 20.205801108775308}",,,,,,,,,,,,,
Letter,0,BKCC_V2,,formal,,LinearPair,"{""lambda"": 3.0}",ok,20000,26,20,0.26934999999999998,0.3828914497254699,0.1220752216107881,0.27825447808678577,6.7744855000055404,0.29432909999741241,,88.292527451476587,5.1174562833078392,2.9331325695269892,7.8177863833837966e-17,1.3834907769356732,spectral,kmeans_raw,0,0,[],"{""cluster_qr"": 83.08043704562779, ""kmeans_norm"": 85.9257568846704, ""kmeans_raw"": 88.29252745147659}",,,,,,,,,,,,,
Letter,0,BKCC_V2,,formal,,PSF-CE,"{""lambda"": 0.665, ""q"": 0.72}",ok,20000,26,20,0.26195000000000002,0.3786219043506095,0.1184235825874605,0.27191701807249258,7.2120646999974269,0.30187339999247342,,35.274096333907679,1.876479975550402,1.233385274399823,0.00057464615413879998,1.3990873439175211,spectral,kmeans_raw,0,0,[],"{""cluster_qr"": 33.64088215797534, ""kmeans_norm"": 34.263074841810365, ""kmeans_raw"": 35.27409633390768}",,,,,,,,,,,,,
Letter,0,BKCC_V2,,formal,,Poly2,"{""eta"": 8.0}",ok,20000,26,20,0.26934999999999998,0.3828914497254699,0.1220752216107881,0.27825447808678577,7.0439499999920372,0.27833990000362968,,152.5030209745432,8.9410413856011441,5.0541279722749186,,,spectral,kmeans_raw,0,0,[],"{""cluster_qr"": 148.77226757504383, ""kmeans_norm"": 148.35594116090482, ""kmeans_raw"": 152.5030209745432}",,,,,,,,,,,,,
ORL,1,MULTI_RELATION_7,,formal,,AggregatePower,"{""q_after"": 6.0}",ok,400,40,20,0.63749999999999996,0.84036560602327692,0.45982810926008949,0.63087567959966029,0.57400659999984782,0.017630300004384401,,26.120669241837032,1.8699025273234779,0.053078520407261201,,,spectral,kmeans_raw,0,0,[],"{""cluster_qr"": 26.019217258247323, ""kmeans_norm"": 25.801550733330494, ""kmeans_raw"": 26.12066924183703}",,,,,,,,,,,,,
ORL,1,MULTI_RELATION_7,,formal,,CA,{},ok,400,40,20,0.63749999999999996,0.84036560602327692,0.45982810926008949,0.63087567959966029,0.4877630000119097,0.017880100000184002,,30.411275259577188,0.99999999999999878,0.54493521039886961,,,spectral,kmeans_raw,0,0,[],"{""cluster_qr"": 30.05726733124274, ""kmeans_norm"": 29.911484343600954, ""kmeans_raw"": 30.411275259577188}",,,,,,,,,,,,,
ORL,1,MULTI_RELATION_7,,formal,,LinearPair,"{""lambda"": 3.0}",ok,400,40,20,0.63749999999999996,0.83792496529160598,0.4329212987447148,0.637344692500044,0.58315659999789204,0.0209639000095194,,121.40739401626898,4.8091987102185501,1.531053149646104,6.886074687649976e-17,1.3098408151676657,spectral,kmeans_raw,0,0,[],"{""cluster_qr"": 118.3453024436134, ""kmeans_norm"": 115.79963233220104, ""kmeans_raw"": 121.40739401626898}",,,,,,,,,,,,,
ORL,1,MULTI_RELATION_7,,formal,,PSF-CE,"{""lambda"": 0.665, ""q"": 0.72}",ok,400,40,20,0.63749999999999996,0.84056167616346744,0.44720312870348422,0.63456852489698312,0.53567019999900367,0.020793699994101099,,50.608408323020448,1.8154958235506748,0.80331997103516883,0.00069430730764889997,1.3243511326024129,spectral,kmeans_raw,0,0,[],"{""cluster_qr"": 50.10353299237056, ""kmeans_norm"": 49.15015785418414, ""kmeans_raw"": 50.60840832302045}",,,,,,,,,,,,,
ORL,1,MULTI_RELATION_7,,formal,,Poly2,"{""eta"": 8.0}",ok,400,40,20,0.63749999999999996,0.83792496529160598,0.4329212987447148,0.637344692500044,0.62263150000944734,0.0185331000102451,,218.16796165991892,8.7744164198999979,2.6834410890586891,,,spectral,kmeans_raw,0,0,[],"{""cluster_qr"": 211.90587897651943, ""kmeans_norm"": 207.93387994112157, ""kmeans_raw"": 218.16796165991894}",,,,,,,,,,,,,
ORL,2,MULTI_RELATION_7,,formal,,AggregatePower,"{""q_after"": 6.0}",ok,400,40,20,0.66500000000000004,0.83942230891831859,0.4767931641582025,0.65660119807340267,0.54984509998757858,0.014008400001330299,,26.119774930459634,1.9367073043772076,0.056135377249785803,,,spectral,kmeans_raw,0,0,[],"{""cluster_qr"": 25.910685022015738, ""kmeans_norm"": 25.859692193632945, ""kmeans_raw"": 26.119774930459634}",,,,,,,,,,,,,
ORL,2,MULTI_RELATION_7,,formal,,CA,{},ok,400,40,20,0.66500000000000004,0.83942230891831859,0.4767931641582025,0.65660119807340267,0.50342350000573788,0.018018999995547302,,30.416674414827,1.0000000000000009,0.55118979576690619,,,spectral,kmeans_raw,0,0,[],"{""cluster_qr"": 30.03056433832497, ""kmeans_norm"": 29.880898360111743, ""kmeans_raw"": 30.416674414826996}",,,,,,,,,,,,,
ORL,2,MULTI_RELATION_7,,formal,,LinearPair,"{""lambda"": 3.0}",ok,400,40,20,0.67000000000000004,0.85095947292161223,0.49252429320245472,0.66215179651534462,0.53250430000480264,0.0161681000026874,,121.5237536438284,4.8771067693442367,1.5173179640944103,6.3268772731413261e-17,1.30893126199252,spectral,kmeans_raw,0,0,[],"{""cluster_qr"": 119.32898006724193, ""kmeans_norm"": 120.01730150643218, ""kmeans_raw"": 121.52375364382839}",,,,,,,,,,,,,
ORL,2,MULTI_RELATION_7,,formal,,PSF-CE,"{""lambda"": 0.665, ""q"": 0.72}",ok,400,40,20,0.66500000000000004,0.83942230891831837,0.4767931641582025,0.65660119807340267,0.48370670000440441,0.016478000005008601,,50.676033679905359,1.8341762531729429,0.81673833250925121,0.00069465099454429999,1.3231457682103511,spectral,kmeans_raw,0,0,[],"{""cluster_qr"": 49.9997096317268, ""kmeans_norm"": 49.987219857506005, ""kmeans_raw"": 50.67603367990536}",,,,,,,,,,,,,
ORL,2,MULTI_RELATION_7,,formal,,Poly2,"{""eta"": 8.0}",ok,400,40,20,0.67000000000000004,0.85095947292161223,0.49252429320245472,0.66215179651534462,0.52126310000312515,0.016711399992345801,,218.5066650893352,8.906778359471426,2.6595896881086238,,,spectral,kmeans_raw,0,0,[],"{""cluster_qr"": 213.8647556580114, ""kmeans_norm"": 215.78558092167924, ""kmeans_raw"": 218.50666508933517}",,,,,,,,,,,,,
Letter,1,BKCC_V2,,formal,,AggregatePower,"{""q_after"": 6.0}",ok,20000,26,20,0.27015,0.38910040620671521,0.12821543618174039,0.28122969305707429,3.979319699996267,0.330357599988929,,23.476153701218795,2.4608164890081041,0.32822889160267238,,,spectral,kmeans_raw,0,0,[],"{""cluster_qr"": 23.113119077210094, ""kmeans_norm"": 23.153379531223443, ""kmeans_raw"": 23.476153701218795}",,,,,,,,,,,,,
Letter,1,BKCC_V2,,formal,,CA,{},ok,20000,26,20,0.27015,0.38910040620671521,0.12821543618174039,0.28122969305707429,5.3396911000018008,0.15896139999676959,,20.204056798304631,1.0000000000000011,0.71202518141015581,,,spectral,kmeans_raw,0,0,[],"{""cluster_qr"": 19.609479092219413, ""kmeans_norm"": 19.765308834958397, ""kmeans_raw"": 20.20405679830463}",,,,,,,,,,,,,
Letter,1,BKCC_V2,,formal,,LinearPair,"{""lambda"": 3.0}",ok,20000,26,20,0.27255000000000001,0.3934575873863615,0.1322219421829075,0.28290459108178989,7.3240160000132164,0.32074880000436679,,88.266738505644838,5.2506149417657495,2.7963935659902845,8.3031410443405867e-17,1.429521636436949,spectral,kmeans_raw,0,0,[],"{""cluster_qr"": 82.53775728040887, ""kmeans_norm"": 85.258824862324, ""kmeans_raw"": 88.26673850564484}",,,,,,,,,,,,,
Letter,1,BKCC_V2,,formal,,PSF-CE,"{""lambda"": 0.665, ""q"": 0.72}",ok,20000,26,20,0.27255000000000001,0.39210679926484682,0.13139640787059889,0.28301185854949867,7.1374515000061365,0.31680739999865182,,35.188595618676842,1.9060210773258184,1.1806750150343948,0.00052378698079019997,1.4461140432299024,spectral,kmeans_raw,0,0,[],"{""cluster_qr"": 33.36629124216522, ""kmeans_norm"": 33.74327424123865, ""kmeans_raw"": 35.18859561867684}",,,,,,,,,,,,,
Letter,1,BKCC_V2,,formal,,Poly2,"{""eta"": 8.0}",ok,20000,26,20,0.27255000000000001,0.3934575873863615,0.1322219421829075,0.28290459108178989,6.4985888999945018,0.300611900005606,,148.49680893775755,8.9341900987845406,4.6929178163364558,,,spectral,kmeans_raw,0,0,[],"{""cluster_qr"": 142.6436865308097, ""kmeans_norm"": 143.38792525372332, ""kmeans_raw"": 148.49680893775755}",,,,,,,,,,,,,
NUSWIDE-Object-2000,2,TEXT_MV,,formal,,AggregatePower,"{""q_after"": 6.0}",ok,2000,31,20,0.159,0.1640739642884618,0.038179646913554001,0.115613037866599,1.7097133999923244,0.068490499994368195,,4.7398866636402444,1.9142552713884424,0.0077365241386606002,,,spectral,kmeans_raw,0,0,[],"{""cluster_qr"": 4.358702789060466, ""kmeans_norm"": 4.710893371455786, ""kmeans_raw"": 4.7398866636402435}",,,,,,,,,,,,,
NUSWIDE-Object-2000,2,TEXT_MV,,formal,,CA,{},ok,2000,31,20,0.159,0.1640739642884618,0.038179646913554001,0.115613037866599,1.582874499988975,0.070156199988559806,,7.0436131294297386,1.0000000000000009,0.2085831952309774,,,spectral,kmeans_raw,0,0,[],"{""cluster_qr"": 5.890354886721325, ""kmeans_norm"": 6.2115212769725, ""kmeans_raw"": 7.043613129429739}",,,,,,,,,,,,,
NUSWIDE-Object-2000,2,TEXT_MV,,formal,,LinearPair,"{""lambda"": 3.0}",ok,2000,31,20,0.159,0.1640739642884618,0.038179646913554001,0.115613037866599,1.6700068999925859,0.079642400000011507,,27.18111021561166,3.8285804836942359,0.65130493049587823,9.8079039904045901e-17,4.2383489944327701,spectral,kmeans_raw,0,0,[],"{""cluster_qr"": 23.153084797984086, ""kmeans_norm"": 24.289461709416937, ""kmeans_raw"": 27.18111021561166}",,,,,,,,,,,,,
NUSWIDE-Object-2000,2,TEXT_MV,,formal,,PSF-CE,"{""lambda"": 0.665, ""q"": 0.72}",ok,2000,31,20,0.1575,0.16363623452434539,0.0367362765799241,0.11101422180963511,1.5737089000031119,0.074037000013049595,,11.682889368328681,1.2152520213001996,0.3122296769610341,0.0023302341335312,4.427838939873606,spectral,kmeans_raw,0,0,[],"{""cluster_qr"": 9.708218260435729, ""kmeans_norm"": 9.896393752336857, ""kmeans_raw"": 11.68288936832868}",,,,,,,,,,,,,
NUSWIDE-Object-2000,2,TEXT_MV,,formal,,Poly2,"{""eta"": 8.0}",ok,2000,31,20,0.159,0.1640739642884618,0.038179646913554001,0.115613037866599,1.6322481000097468,0.069397800005390295,,21.497583142456001,2.7076990565645382,0.55663878989308924,,,spectral,kmeans_raw,0,0,[],"{""cluster_qr"": 18.358464043347016, ""kmeans_norm"": 19.10162248212965, ""kmeans_raw"": 21.497583142456}",,,,,,,,,,,,,
PubMed,0,GRAPH_GEOMETRY_8,,formal,,AggregatePower,"{""q_after"": 6.0}",ok,19717,3,20,0.51579854947507231,0.15896901544314079,0.1119027970631092,0.43637971612569632,0.38810569999623112,0.0031880000024101999,,1.9614440265968136,1.0000000000000038,0.22109552292859619,,,spectral,kmeans_raw,0,0,[],"{""cluster_qr"": 1.953934225038579, ""kmeans_norm"": 1.954220428412445, ""kmeans_raw"": 1.9614440265968138}",,,,,,,,,,,,,
PubMed,0,GRAPH_GEOMETRY_8,,formal,,CA,{},ok,19717,3,20,0.51579854947507231,0.15896901544314079,0.1119027970631092,0.43637971612569632,0.39012929999444168,0.0032193999941226999,,1.9050506319880585,1.0000000000000038,0.41845682382842392,,,spectral,kmeans_raw,0,0,[],"{""cluster_qr"": 1.8985153181571492, ""kmeans_norm"": 1.8927046887849654, ""kmeans_raw"": 1.9050506319880585}",,,,,,,,,,,,,
PubMed,0,GRAPH_GEOMETRY_8,,formal,,LinearPair,"{""lambda"": 3.0}",ok,19717,3,20,0.51579854947507231,0.15896901544314079,0.1119027970631092,0.43637971612569632,0.34347549999074539,0.0022535999887621999,,4.9991444016081434,2.4583180605661892,1.0000000000000031,1.5036667162565128e-14,2.5699565552437544,spectral,kmeans_raw,0,0,[],"{""cluster_qr"": 4.945074276507114, ""kmeans_norm"": 4.9472736843016, ""kmeans_raw"": 4.999144401608143}",,,,,,,,,,,,,
PubMed,0,GRAPH_GEOMETRY_8,,formal,,PSF-CE,"{""lambda"": 0.665, ""q"": 0.72}",ok,19717,3,20,0.51584926712988788,0.15896487390330999,0.11191908962096769,0.43640751712196169,0.3402598999964539,0.0033106999908340999,,2.5923791292615279,1.0000000000000038,0.70034011141311725,0.0028126183535107001,2.575960049617616,spectral,kmeans_raw,0,0,[],"{""cluster_qr"": 2.5836467508085845, ""kmeans_norm"": 2.5711510194820852, ""kmeans_raw"": 2.592379129261528}",,,,,,,,,,,,,
PubMed,0,GRAPH_GEOMETRY_8,,formal,,Poly2,"{""eta"": 8.0}",ok,19717,3,20,0.59775827965714867,0.18647744067362071,0.1793368354569084,0.58671879256901815,0.46307730000989977,0.0030152000108500002,,4.7399114717692399,2.6366165390651859,1.0448493679240844,,,spectral,kmeans_norm,0,0,[],"{""cluster_qr"": 4.1711167984827355, ""kmeans_norm"": 4.73991147176924, ""kmeans_raw"": 4.676452794112129}",,,,,,,,,,,,,
Reuters,0,NEW10,,formal,,AggregatePower,"{""q_after"": 6.0}",ok,1500,6,20,0.47333333333333327,0.1799425933741868,0.17970747888507599,0.2069656717449552,0.19196490000467739,0.0012721999955829001,,2.4627263735497182,0.999999999999998,0.0034768844469618,,,spectral,kmeans_raw,0,0,[],"{""cluster_qr"": 2.252088853928644, ""kmeans_norm"": 1.5696113326783645, ""kmeans_raw"": 2.4627263735497182}",,,,,,,,,,,,,
Reuters,0,NEW10,,formal,,CA,{},ok,1500,6,20,0.47333333333333327,0.1799425933741868,0.17970747888507599,0.2069656717449552,0.2166730000026291,0.0015667999978177,,2.4303743528721862,0.999999999999998,0.1695165065943324,,,spectral,kmeans_raw,0,0,[],"{""cluster_qr"": 2.1974708438877775, ""kmeans_norm"": 1.6777960015680042, ""kmeans_raw"": 2.430374352872186}",,,,,,,,,,,,,
Reuters,0,NEW10,,formal,,LinearPair,"{""lambda"": 3.0}",ok,1500,6,20,0.47333333333333327,0.1799425933741868,0.17970747888507599,0.2069656717449552,0.2246287000016309,0.0017520999972475001,,7.4292487070183677,2.2883951938318474,0.41620292181344121,2.4938090224553946e-15,3.855739639166575,spectral,kmeans_raw,0,0,[],"{""cluster_qr"": 6.477437671975372, ""kmeans_norm"": 3.811005385565032, ""kmeans_raw"": 7.429248707018368}",,,,,,,,,,,,,
Reuters,0,NEW10,,formal,,PSF-CE,"{""lambda"": 0.665, ""q"": 0.72}",ok,1500,6,20,0.47333333333333327,0.17963913305911491,0.17919541410467149,0.2070303562767116,0.22788380000565661,0.0015586999943479,,3.5395020855851471,0.99999999999999778,0.2255684871542353,0.0061524745472671004,3.8953246852293111,spectral,kmeans_raw,0,0,[],"{""cluster_qr"": 3.1315241380035372, ""kmeans_norm"": 2.154986540757383, ""kmeans_raw"": 3.539502085585147}",,,,,,,,,,,,,
Reuters,0,NEW10,,formal,,Poly2,"{""eta"": 8.0}",ok,1500,6,20,0.47333333333333327,0.1799425933741868,0.17970747888507599,0.2069656717449552,0.1868178000004263,0.0015810999902896,,6.2869302561656006,1.8139235488010477,0.39940327465790271,,,spectral,kmeans_raw,0,0,[],"{""cluster_qr"": 5.460957840508502, ""kmeans_norm"": 3.350495148095169, ""kmeans_raw"": 6.286930256165601}",,,,,,,,,,,,,
Reuters,1,NEW10,,formal,,AggregatePower,"{""q_after"": 6.0}",ok,1500,6,20,0.48066666666666669,0.219467866316778,0.18007223975777431,0.2146756901213607,0.20165420000557779,0.0015973000117810001,,2.5068385955447745,1.0000000000000002,0.0040045600995558999,,,spectral,kmeans_raw,0,0,[],"{""cluster_qr"": 2.4901607079118686, ""kmeans_norm"": 1.5967259085096788, ""kmeans_raw"": 2.5068385955447745}",,,,,,,,,,,,,
Reuters,1,NEW10,,formal,,CA,{},ok,1500,6,20,0.48066666666666669,0.219467866316778,0.18007223975777431,0.2146756901213607,0.22408159999758931,0.0015864000015426,,2.4034591821245792,1.0000000000000004,0.16138287645609309,,,spectral,kmeans_raw,0,0,[],"{""cluster_qr"": 2.3192254415303, ""kmeans_norm"": 1.5594076328870412, ""kmeans_raw"": 2.403459182124579}",,,,,,,,,,,,,
Reuters,1,NEW10,,formal,,LinearPair,"{""lambda"": 3.0}",ok,1500,6,20,0.48066666666666669,0.219467866316778,0.18007223975777431,0.2146756901213607,0.1926932999922428,0.0013365999911911001,,7.4584995590997112,2.058903988528717,0.40370632929196909,3.6771625887629126e-15,4.2689583519638434,spectral,kmeans_raw,0,0,[],"{""cluster_qr"": 7.200518940628825, ""kmeans_norm"": 3.431768751251768, ""kmeans_raw"": 7.458499559099711}",,,,,,,,,,,,,
Reuters,1,NEW10,,formal,,PSF-CE,"{""lambda"": 0.665, ""q"": 0.72}",ok,1500,6,20,0.48066666666666669,0.22075595941792489,0.18073628220376539,0.21481274630880931,0.20356229999742931,0.0015993999986676001,,3.5250749613076997,1.0000000000000004,0.217435918573882,0.006751277826329,4.3061960264682648,spectral,kmeans_raw,0,0,[],"{""cluster_qr"": 3.42298251836336, ""kmeans_norm"": 1.9688460626508169, ""kmeans_raw"": 3.5250749613076993}",,,,,,,,,,,,,
Reuters,1,NEW10,,formal,,Poly2,"{""eta"": 8.0}",ok,1500,6,20,0.48066666666666669,0.219467866316778,0.18007223975777431,0.2146756901213607,0.18610029999399549,0.0013161999959265,,5.9646618348072327,1.5274275544759135,0.3697383389620344,,,spectral,kmeans_raw,0,0,[],"{""cluster_qr"": 5.694976280340611, ""kmeans_norm"": 2.894288303530108, ""kmeans_raw"": 5.964661834807233}",,,,,,,,,,,,,
PubMed,1,GRAPH_GEOMETRY_8,,formal,,AggregatePower,"{""q_after"": 6.0}",ok,19717,3,20,0.51615357305878173,0.15870196658421659,0.11198318626725549,0.4365827775424343,0.36581849999492988,0.0036886000016237998,,1.9466109931069979,1.000000000000002,0.2034894134475842,,,spectral,kmeans_raw,0,0,[],"{""cluster_qr"": 1.9424582341980576, ""kmeans_norm"": 1.9399739351853347, ""kmeans_raw"": 1.9466109931069981}",,,,,,,,,,,,,
PubMed,1,GRAPH_GEOMETRY_8,,formal,,CA,{},ok,19717,3,20,0.51615357305878173,0.15870196658421659,0.11198318626725549,0.4365827775424343,0.3535835000075167,0.0023688000073889002,,1.903518306776798,1.0000000000000018,0.4152450222025143,,,spectral,kmeans_raw,0,0,[],"{""cluster_qr"": 1.9006009664452048, ""kmeans_norm"": 1.8913470437334876, ""kmeans_raw"": 1.903518306776798}",,,,,,,,,,,,,
PubMed,1,GRAPH_GEOMETRY_8,,formal,,LinearPair,"{""lambda"": 3.0}",ok,19717,3,20,0.51615357305878173,0.15870196658421659,0.11198318626725549,0.4365827775424343,0.37319489999208599,0.0031556999892926999,,4.9780979095553723,2.4788097441067101,1.000000000000002,5.0216829971980815e-15,2.5528897148327383,spectral,kmeans_raw,0,0,[],"{""cluster_qr"": 4.944882812664967, ""kmeans_norm"": 4.92806661641331, ""kmeans_raw"": 4.9780979095553715}",,,,,,,,,,,,,
PubMed,1,GRAPH_GEOMETRY_8,,formal,,PSF-CE,"{""lambda"": 0.665, ""q"": 0.72}",ok,19717,3,20,0.51615357305878173,0.15870196658421659,0.11198318626725549,0.4365827775424343,0.39583199999469798,0.0022878000017954002,,2.586658599062833,1.000000000000002,0.69103322181062965,0.0031748426424456,2.5605081534313512,spectral,kmeans_raw,0,0,[],"{""cluster_qr"": 2.5815330590224606, ""kmeans_norm"": 2.5659840871198982, ""kmeans_raw"": 2.5866585990628335}",,,,,,,,,,,,,
PubMed,1,GRAPH_GEOMETRY_8,,formal,,Poly2,"{""eta"": 8.0}",ok,19717,3,20,0.60009129177866816,0.1877739490859478,0.18165300113521221,0.58888619816556265,0.43505040000309231,0.0031921999907353,,4.7583771206049708,2.6712824535927333,1.0577389376866433,,,spectral,kmeans_norm,0,0,[],"{""cluster_qr"": 4.186423420237799, ""kmeans_norm"": 4.758377120604971, ""kmeans_raw"": 4.703784259044904}",,,,,,,,,,,,,
PubMed,2,GRAPH_GEOMETRY_8,,formal,,AggregatePower,"{""q_after"": 6.0}",ok,19717,3,20,0.51595070243951924,0.1588981128270284,0.1119178414132861,0.436450364271047,0.3998655000032158,0.0029766000079689001,,1.9495388182617297,1.0000000000000049,0.2100931546541624,,,spectral,kmeans_raw,0,0,[],"{""cluster_qr"": 1.9460087172053073, ""kmeans_norm"": 1.9422444580883693, ""kmeans_raw"": 1.9495388182617297}",,,,,,,,,,,,,
PubMed,2,GRAPH_GEOMETRY_8,,formal,,CA,{},ok,19717,3,20,0.51595070243951924,0.1588981128270284,0.1119178414132861,0.436450364271047,0.39426509999611881,0.0032489999866810999,,1.9019925769951589,1.0000000000000049,0.4157586850813631,,,spectral,kmeans_raw,0,0,[],"{""cluster_qr"": 1.896185567970575, ""kmeans_norm"": 1.889439539197894, ""kmeans_raw"": 1.9019925769951587}",,,,,,,,,,,,,
PubMed,2,GRAPH_GEOMETRY_8,,formal,,LinearPair,"{""lambda"": 3.0}",ok,19717,3,20,0.51595070243951924,0.1588981128270284,0.1119178414132861,0.436450364271047,0.3900901000015437,0.0023805000091669999,,4.9777236272581487,2.4668767050242209,1.0000000000000042,1.4085589213289288e-14,2.5665332971491819,spectral,kmeans_raw,0,0,[],"{""cluster_qr"": 4.924536987376365, ""kmeans_norm"": 4.92539677981299, ""kmeans_raw"": 4.977723627258149}",,,,,,,,,,,,,
PubMed,2,GRAPH_GEOMETRY_8,,formal,,PSF-CE,"{""lambda"": 0.665, ""q"": 0.72}",ok,19717,3,20,0.51595070243951924,0.1588981128270284,0.1119178414132861,0.436450364271047,0.42629830000805669,0.0026052000030175998,,2.5853166824942395,1.0000000000000049,0.69366432947987211,0.0030689424383405,2.5742738557058185,spectral,kmeans_raw,0,0,[],"{""cluster_qr"": 2.5709598359997963, ""kmeans_norm"": 2.5637028595747204, ""kmeans_raw"": 2.5853166824942395}",,,,,,,,,,,,,
PubMed,2,GRAPH_GEOMETRY_8,,formal,,Poly2,"{""eta"": 8.0}",ok,19717,3,20,0.59968555054014305,0.187774930629796,0.1812618909182222,0.58847788505466225,0.47275869999430142,0.003266400002758,,4.732143909458542,2.6481337367098825,1.03955146995355,,,spectral,kmeans_norm,0,0,[],"{""cluster_qr"": 4.317150585019448, ""kmeans_norm"": 4.732143909458542, ""kmeans_raw"": 4.660455594019254}",,,,,,,,,,,,,
Reuters,2,NEW10,,formal,,AggregatePower,"{""q_after"": 6.0}",ok,1500,6,20,0.46400000000000002,0.2221772957388885,0.14607091389300439,0.21114466730131631,0.18957940000109369,0.0012378999963402,,2.4864937316812061,1,0.0026032316838968,,,spectral,kmeans_raw,0,0,[],"{""cluster_qr"": 2.3557983171964096, ""kmeans_norm"": 1.245243513923353, ""kmeans_raw"": 2.486493731681206}",,,,,,,,,,,,,
Reuters,2,NEW10,,formal,,CA,{},ok,1500,6,20,0.46400000000000002,0.2221772957388885,0.14607091389300439,0.21114466730131631,0.22281819999625441,0.0016108999989228,,2.4346241368370398,1,0.15869026605571379,,,spectral,kmeans_raw,0,0,[],"{""cluster_qr"": 2.2112605747813787, ""kmeans_norm"": 1.5187046484520283, ""kmeans_raw"": 2.43462413683704}",,,,,,,,,,,,,
Reuters,2,NEW10,,formal,,LinearPair,"{""lambda"": 3.0}",ok,1500,6,20,0.46400000000000002,0.2221772957388885,0.14607091389300439,0.21114466730131631,0.22499329999845941,0.0016290000057779001,,7.491301319576845,2.1781155515070831,0.37452506338395058,6.7831420478083393e-16,3.962624079836516,spectral,kmeans_raw,0,0,[],"{""cluster_qr"": 6.705673005115601, ""kmeans_norm"": 2.8712902468297585, ""kmeans_raw"": 7.491301319576845}",,,,,,,,,,,,,
Reuters,2,NEW10,,formal,,PSF-CE,"{""lambda"": 0.665, ""q"": 0.72}",ok,1500,6,20,0.46333333333333332,0.22244005350006479,0.14488001468233541,0.2110093905011016,0.24771589999727439,0.0017546000017318001,,3.5580611815625964,0.99999999999999978,0.20756324501203069,0.0056210229895472998,4.0076638103988156,spectral,kmeans_raw,0,0,[],"{""cluster_qr"": 3.26107278916548, ""kmeans_norm"": 1.8216335359144653, ""kmeans_raw"": 3.5580611815625964}",,,,,,,,,,,,,
Reuters,2,NEW10,,formal,,Poly2,"{""eta"": 8.0}",ok,1500,6,20,0.46400000000000002,0.2221772957388885,0.14607091389300439,0.21114466730131631,0.2184893999947235,0.0016075000021373001,,6.2412429376850902,1.6986763822218525,0.36015107038237948,,,spectral,kmeans_raw,0,0,[],"{""cluster_qr"": 5.453519295583163, ""kmeans_norm"": 2.590903956049195, ""kmeans_raw"": 6.24124293768509}",,,,,,,,,,,,,
Squirrel,0,GRAPH_GEOMETRY_8,,formal,,AggregatePower,"{""q_after"": 6.0}",ok,5201,5,20,0.23380119207844641,0.010381429528761201,0.0041764317731287004,0.1904557016345505,0.28196310000203079,0.0020927000005031,,2.512408690209555,1.0000000000000002,0.1080292598615027,,,spectral,kmeans_raw,0,0,[],"{""cluster_qr"": 2.494680885559305, ""kmeans_norm"": 2.4803857488918686, ""kmeans_raw"": 2.512408690209555}",,,,,,,,,,,,,
Squirrel,0,GRAPH_GEOMETRY_8,,formal,,CA,{},ok,5201,5,20,0.23380119207844641,0.010381429528761201,0.0041764317731287004,0.1904557016345505,0.2840890999941621,0.0022280999983194999,,2.632414102873589,1,0.37229187621099419,,,spectral,kmeans_raw,0,0,[],"{""cluster_qr"": 2.5510573303227266, ""kmeans_norm"": 2.5698632622292354, ""kmeans_raw"": 2.6324141028735886}",,,,,,,,,,,,,
Squirrel,0,GRAPH_GEOMETRY_8,,formal,,LinearPair,"{""lambda"": 3.0}",ok,5201,5,20,0.23380119207844641,0.010381429528761201,0.0041764317731287004,0.1904557016345505,0.2310799999977462,0.0017250000091735,,8.1180453280754516,2.7184702328668782,0.99999999999999978,4.1740038800158921e-15,2.66654752101703,spectral,kmeans_raw,0,0,[],"{""cluster_qr"": 7.852457951855268, ""kmeans_norm"": 7.857025623474518, ""kmeans_raw"": 8.118045328075452}",,,,,,,,,,,,,
Squirrel,0,GRAPH_GEOMETRY_8,,formal,,PSF-CE,"{""lambda"": 0.665, ""q"": 0.72}",ok,5201,5,20,0.23380119207844641,0.010381429528761201,0.0041764317731287004,0.1904557016345505,0.2888601000013295,0.0022055000008548999,,3.8535044199217841,1.0086927059876878,0.60458904284798975,0.0035769487047135002,2.695259426665737,spectral,kmeans_raw,0,0,[],"{""cluster_qr"": 3.7178167179462545, ""kmeans_norm"": 3.7467749352516773, ""kmeans_raw"": 3.8535044199217836}",,,,,,,,,,,,,
Squirrel,0,GRAPH_GEOMETRY_8,,formal,,Poly2,"{""eta"": 8.0}",ok,5201,5,20,0.23380119207844641,0.010381429528761201,0.0041764317731287004,0.1904557016345505,0.25397170000360347,0.0021909000060985999,,8.4969622594839596,2.8233197234018577,1.0000000000000002,,,spectral,kmeans_raw,0,0,[],"{""cluster_qr"": 8.182734587592478, ""kmeans_norm"": 8.220837237309224, ""kmeans_raw"": 8.49696225948396}",,,,,,,,,,,,,
Squirrel,1,GRAPH_GEOMETRY_8,,formal,,AggregatePower,"{""q_after"": 6.0}",ok,5201,5,20,0.2339934627956162,0.0106412565199983,0.0042744411268622997,0.19061413996254101,0.23343950000707989,0.0019394999981159,,2.4895515935289803,0.99999999999999822,0.084541734764540299,,,spectral,kmeans_raw,0,0,[],"{""cluster_qr"": 2.486812581604238, ""kmeans_norm"": 2.486972999762272, ""kmeans_raw"": 2.4895515935289803}",,,,,,,,,,,,,
Squirrel,1,GRAPH_GEOMETRY_8,,formal,,CA,{},ok,5201,5,20,0.2339934627956162,0.0106412565199983,0.0042744411268622997,0.19061413996254101,0.23500270000658929,0.0019742000004043,,2.6449522405786272,0.99999999999999845,0.36332513607906908,,,spectral,kmeans_raw,0,0,[],"{""cluster_qr"": 2.616322826522696, ""kmeans_norm"": 2.617424299571599, ""kmeans_raw"": 2.644952240578627}",,,,,,,,,,,,,
Squirrel,1,GRAPH_GEOMETRY_8,,formal,,LinearPair,"{""lambda"": 3.0}",ok,5201,5,20,0.2339934627956162,0.0106412565199983,0.0042744411268622997,0.19061413996254101,0.22561819999828001,0.0019494999869493,,8.1237834135556479,2.7789271199802816,0.99999999999999822,5.1912286607220404e-15,2.6140183970542781,spectral,kmeans_raw,0,0,[],"{""cluster_qr"": 7.987514174627796, ""kmeans_norm"": 8.021184431202084, ""kmeans_raw"": 8.123783413555648}",,,,,,,,,,,,,
Squirrel,1,GRAPH_GEOMETRY_8,,formal,,PSF-CE,"{""lambda"": 0.665, ""q"": 0.72}",ok,5201,5,20,0.2339934627956162,0.0106412565199983,0.0042744411268622997,0.19061413996254101,0.21424770000157869,0.0015300000086426,,3.8646000463992554,1.0308705681552299,0.57986016984612043,0.0037672484876798999,2.6419422965072821,spectral,kmeans_raw,0,0,[],"{""cluster_qr"": 3.81907110720704, ""kmeans_norm"": 3.8202521991417515, ""kmeans_raw"": 3.8646000463992545}",,,,,,,,,,,,,
Squirrel,1,GRAPH_GEOMETRY_8,,formal,,Poly2,"{""eta"": 8.0}",ok,5201,5,20,0.2339934627956162,0.0106412565199983,0.0042744411268622997,0.19061413996254101,0.21232469999813469,0.0019803000031969999,,8.6126530889915198,2.9282880763910479,0.99999999999999822,,,spectral,kmeans_raw,0,0,[],"{""cluster_qr"": 8.515675852400957, ""kmeans_norm"": 8.501360095164618, ""kmeans_raw"": 8.61265308899152}",,,,,,,,,,,,,
Squirrel,2,GRAPH_GEOMETRY_8,,formal,,AggregatePower,"{""q_after"": 6.0}",ok,5201,5,20,0.2351470870986348,0.010808323493831601,0.0044622481305903999,0.1911833873669179,0.2172982000047341,0.0020407999982126001,,2.4913651464467867,0.99999999999999944,0.094263482819957001,,,spectral,kmeans_raw,0,0,[],"{""cluster_qr"": 2.489589535530728, ""kmeans_norm"": 2.488628372264464, ""kmeans_raw"": 2.4913651464467867}",,,,,,,,,,,,,
Squirrel,2,GRAPH_GEOMETRY_8,,formal,,CA,{},ok,5201,5,20,0.2351470870986348,0.010808323493831601,0.0044622481305903999,0.1911833873669179,0.22522409999510271,0.0015775999927427,,2.633051000905088,0.99999999999999944,0.36830796947312139,,,spectral,kmeans_raw,0,0,[],"{""cluster_qr"": 2.607144926275925, ""kmeans_norm"": 2.605655688672155, ""kmeans_raw"": 2.6330510009050876}",,,,,,,,,,,,,
Squirrel,2,GRAPH_GEOMETRY_8,,formal,,LinearPair,"{""lambda"": 3.0}",ok,5201,5,20,0.2351470870986348,0.010808323493831601,0.0044622481305903999,0.1911833873669179,0.1844281000085175,0.0015606000088155001,,8.0895146999797198,2.7625791682179077,0.99999999999999922,2.3268592090504744e-15,2.6281561276136798,spectral,kmeans_raw,0,0,[],"{""cluster_qr"": 7.960600542695577, ""kmeans_norm"": 7.985465113699345, ""kmeans_raw"": 8.08951469997972}",,,,,,,,,,,,,
Squirrel,2,GRAPH_GEOMETRY_8,,formal,,PSF-CE,"{""lambda"": 0.665, ""q"": 0.72}",ok,5201,5,20,0.23533935781580459,0.0091641152368583997,0.0042907140081975999,0.19052086421187789,0.18628449999960139,0.0014545999874826,,3.836312196731833,1.0248642101606704,0.59188052005814995,0.0037964794976968999,2.6561555120753488,spectral,kmeans_raw,0,0,[],"{""cluster_qr"": 3.7884438869055312, ""kmeans_norm"": 3.8042421336972474, ""kmeans_raw"": 3.836312196731833}",,,,,,,,,,,,,
Squirrel,2,GRAPH_GEOMETRY_8,,formal,,Poly2,"{""eta"": 8.0}",ok,5201,5,20,0.2351470870986348,0.010808323493831601,0.0044622481305903999,0.1911833873669179,0.22026430000551039,0.0014685000060125999,,8.5458681298451058,2.8995989292032864,0.99999999999999922,,,spectral,kmeans_raw,0,0,[],"{""cluster_qr"": 8.437922084081281, ""kmeans_norm"": 8.433626073414189, ""kmeans_raw"": 8.545868129845106}",,,,,,,,,,,,,
Scene15,0,NEW10,,formal,,AggregatePower,"{""q_after"": 6.0}",ok,4485,15,20,0.41806020066889632,0.4161702058502843,0.243801274498888,0.40991612141637879,1.3430741999909517,0.014228200001525601,,3.3038498858503198,1.7838256250015452,0.00099839633498640008,,,spectral,kmeans_norm,0,0,[],"{""cluster_qr"": 3.255938602307887, ""kmeans_norm"": 3.3038498858503194, ""kmeans_raw"": 3.2923527263815906}",,,,,,,,,,,,,
Scene15,0,NEW10,,formal,,CA,{},ok,4485,15,20,0.40490523968784831,0.4178312001558005,0.22668879512563131,0.4029077100785779,1.2842908000020543,0.015493300001253299,,5.1143926645377222,0.99999999999999878,0.22669267140346799,,,spectral,kmeans_raw,0,0,[],"{""cluster_qr"": 4.821253443758485, ""kmeans_norm"": 5.074844673399731, ""kmeans_raw"": 5.114392664537722}",,,,,,,,,,,,,
Scene15,0,NEW10,,formal,,LinearPair,"{""lambda"": 3.0}",ok,4485,15,20,0.40490523968784831,0.4178312001558005,0.22668879512563131,0.4029077100785779,1.3296308999997564,0.0128194999997504,,16.927298183900472,4.7571223680516752,0.49876471478903123,2.4921923874221983e-16,2.1509496862975057,spectral,kmeans_raw,0,0,[],"{""cluster_qr"": 16.233300166084135, ""kmeans_norm"": 16.86522788323, ""kmeans_raw"": 16.927298183900472}",,,,,,,,,,,,,
Scene15,0,NEW10,,formal,,PSF-CE,"{""lambda"": 0.665, ""q"": 0.72}",ok,4485,15,20,0.40267558528428088,0.41605927424355837,0.22543415186686799,0.40066743143734679,1.2965820000099484,0.014018800007761401,,7.8130924276285203,1.6277884518424572,0.29473690093269828,0.0039328109744335999,2.2816765738374052,spectral,kmeans_raw,0,0,[],"{""cluster_qr"": 7.437821201648679, ""kmeans_norm"": 7.768679349264449, ""kmeans_raw"": 7.81309242762852}",,,,,,,,,,,,,
Scene15,0,NEW10,,formal,,Poly2,"{""eta"": 8.0}",ok,4485,15,20,0.40490523968784831,0.4178312001558005,0.22668879512563131,0.4029077100785779,1.3021762999997009,0.0149766999966232,,20.673086656009843,5.7783016002144088,0.63780920954779363,,,spectral,kmeans_raw,0,0,[],"{""cluster_qr"": 19.193337725618523, ""kmeans_norm"": 20.591193270316445, ""kmeans_raw"": 20.673086656009843}",,,,,,,,,,,,,
UMIST,0,NEW10,,formal,,AggregatePower,"{""q_after"": 6.0}",ok,575,20,20,0.42086956521739127,0.6130150374409099,0.31069240550368382,0.40381213369305641,0.29049600000143982,0.0087678999989292995,,10.832346593041136,1.6489075936544171,0.0103845223357252,,,spectral,kmeans_raw,0,0,[],"{""cluster_qr"": 10.790246138621438, ""kmeans_norm"": 10.815532859019532, ""kmeans_raw"": 10.832346593041137}",,,,,,,,,,,,,
UMIST,0,NEW10,,formal,,CA,{},ok,575,20,20,0.42086956521739127,0.6130150374409099,0.31069240550368382,0.40381213369305641,0.30220230000850279,0.0092158000043126992,,13.315432911137639,1.0000000000000004,0.40947219995802342,,,spectral,kmeans_raw,0,0,[],"{""cluster_qr"": 13.091099215269821, ""kmeans_norm"": 13.230347810215738, ""kmeans_raw"": 13.31543291113764}",,,,,,,,,,,,,
UMIST,0,NEW10,,formal,,LinearPair,"{""lambda"": 3.0}",ok,575,20,20,0.42086956521739127,0.6130150374409099,0.31069240550368382,0.40381213369305641,0.2753484999993816,0.0074140000069746002,,49.543763503824863,4.5473398210328124,0.99999999999999978,1.4798507742183731e-16,1.3231099969226827,spectral,kmeans_raw,0,0,[],"{""cluster_qr"": 48.99604475813398, ""kmeans_norm"": 49.30834293428661, ""kmeans_raw"": 49.54376350382486}",,,,,,,,,,,,,
UMIST,0,NEW10,,formal,,PSF-CE,"{""lambda"": 0.665, ""q"": 0.72}",ok,575,20,20,0.42086956521739127,0.6130150374409099,0.31069240550368382,0.40381213369305641,0.30939000000944361,0.0087683000019751003,,21.39018832119854,1.7282985791225776,0.55618280636331896,0.0010776108905698001,1.3388147329541498,spectral,kmeans_raw,0,0,[],"{""cluster_qr"": 21.09593176153873, ""kmeans_norm"": 21.30427773640936, ""kmeans_raw"": 21.39018832119854}",,,,,,,,,,,,,
UMIST,0,NEW10,,formal,,Poly2,"{""eta"": 8.0}",ok,575,20,20,0.4226086956521739,0.61495306408643613,0.31169552902827141,0.40570352146436911,0.26395890000276268,0.0097013000049628005,,87.611544381394381,8.2162890050142057,1.5715046039216882,,,spectral,kmeans_raw,0,0,[],"{""cluster_qr"": 82.72751559824653, ""kmeans_norm"": 85.69171552754545, ""kmeans_raw"": 87.61154438139438}",,,,,,,,,,,,,
Scene15,2,NEW10,,formal,,AggregatePower,"{""q_after"": 6.0}",ok,4485,15,20,0.41739130434782601,0.42847843328687901,0.25151472223939142,0.40177067209504091,1.2162004999991041,0.0153796999948099,,3.3627382514501951,1.788556872645074,0.00086232698473610002,,,spectral,kmeans_norm,0,0,[],"{""cluster_qr"": 3.3284633773340238, ""kmeans_norm"": 3.362738251450195, ""kmeans_raw"": 3.3560587541245046}",,,,,,,,,,,,,
Scene15,2,NEW10,,formal,,CA,{},ok,4485,15,20,0.4122630992196209,0.42239961291556383,0.22694862802756369,0.40159325917871919,1.3266962000052445,0.0124144000001251,,5.2621309863754426,0.99999999999999978,0.2215837762024746,,,spectral,kmeans_raw,0,0,[],"{""cluster_qr"": 4.8696488128059965, ""kmeans_norm"": 5.205261426852692, ""kmeans_raw"": 5.262130986375443}",,,,,,,,,,,,,
Scene15,2,NEW10,,formal,,LinearPair,"{""lambda"": 3.0}",ok,4485,15,20,0.4122630992196209,0.42239961291556383,0.22694862802756369,0.40159325917871919,1.2938269000005675,0.0132718999957432,,17.487418103169947,4.7433157652353453,0.47773316396046428,3.0982024978449117e-16,2.1334451997787736,spectral,kmeans_raw,0,0,[],"{""cluster_qr"": 16.063468942255408, ""kmeans_norm"": 17.380498930777637, ""kmeans_raw"": 17.487418103169947}",,,,,,,,,,,,,
Scene15,2,NEW10,,formal,,PSF-CE,"{""lambda"": 0.665, ""q"": 0.72}",ok,4485,15,20,0.41181716833890741,0.42308693745557752,0.2265378710438046,0.40150761648602512,1.3585309000045529,0.014305400007287901,,8.0600735927569342,1.6244422396927125,0.28752357299153208,0.0039500378163355001,2.2599905946641838,spectral,kmeans_raw,0,0,[],"{""cluster_qr"": 7.622506863435203, ""kmeans_norm"": 7.98487234852423, ""kmeans_raw"": 8.060073592756934}",,,,,,,,,,,,,
Scene15,2,NEW10,,formal,,Poly2,"{""eta"": 8.0}",ok,4485,15,20,0.4122630992196209,0.42239961291556383,0.22694862802756369,0.40159325917871919,1.2434407999971882,0.012321999995037899,,21.483750610642868,5.8005933892833443,0.61437873521166142,,,spectral,kmeans_raw,0,0,[],"{""cluster_qr"": 20.418333561696002, ""kmeans_norm"": 21.344702428424785, ""kmeans_raw"": 21.48375061064287}",,,,,,,,,,,,,
Scene15,1,NEW10,,formal,,AggregatePower,"{""q_after"": 6.0}",ok,4485,15,20,0.40000000000000002,0.42191489026401507,0.2324518371912157,0.38065136585030229,1.3203095999924701,0.0150078000006033,,3.3898821441044187,1.819095300367449,0.0012716743741134999,,,spectral,kmeans_raw,0,0,[],"{""cluster_qr"": 3.3072925953584047, ""kmeans_norm"": 3.375637831900905, ""kmeans_raw"": 3.3898821441044187}",,,,,,,,,,,,,
Scene15,1,NEW10,,formal,,CA,{},ok,4485,15,20,0.40000000000000002,0.42191489026401507,0.2324518371912157,0.38065136585030229,1.2935250000009546,0.013306299995747299,,5.3330458292379364,0.99999999999999878,0.2384963006105697,,,spectral,kmeans_raw,0,0,[],"{""cluster_qr"": 4.750260168864509, ""kmeans_norm"": 5.214347605959069, ""kmeans_raw"": 5.333045829237936}",,,,,,,,,,,,,
Scene15,1,NEW10,,formal,,LinearPair,"{""lambda"": 3.0}",ok,4485,15,20,0.40000000000000002,0.42191489026401507,0.2324518371912157,0.38065136585030229,1.4306614000088302,0.016254600006504898,,17.838375450009597,4.8212025852261506,0.53931050739295872,2.8946528422087843e-16,2.1189280763568257,spectral,kmeans_raw,0,0,[],"{""cluster_qr"": 16.13170988150136, ""kmeans_norm"": 17.485417931253203, ""kmeans_raw"": 17.838375450009597}",,,,,,,,,,,,,
Scene15,1,NEW10,,formal,,PSF-CE,"{""lambda"": 0.665, ""q"": 0.72}",ok,4485,15,20,0.40133779264214048,0.42207185714679102,0.23326381408569641,0.38166453643546838,1.3366110000060871,0.0132756999955745,,8.1832882067500989,1.6494532463040044,0.31611309861322828,0.0040005061195523004,2.2424041848264986,spectral,kmeans_raw,0,0,[],"{""cluster_qr"": 7.6571393430940375, ""kmeans_norm"": 8.011222394480908, ""kmeans_raw"": 8.183288206750099}",,,,,,,,,,,,,
Scene15,1,NEW10,,formal,,Poly2,"{""eta"": 8.0}",ok,4485,15,20,0.40000000000000002,0.42191489026401507,0.2324518371912157,0.38065136585030229,1.3564837000012631,0.023193000000901499,,22.017299416028106,5.9277563588548547,0.69354018384998684,,,spectral,kmeans_raw,0,0,[],"{""cluster_qr"": 20.09255644800145, ""kmeans_norm"": 21.57104779969713, ""kmeans_raw"": 22.017299416028106}",,,,,,,,,,,,,
UMIST,1,NEW10,,formal,,AggregatePower,"{""q_after"": 6.0}",ok,575,20,20,0.39826086956521739,0.59652737198272765,0.28767069149920371,0.40320966695010502,0.29343809999409132,0.0095911999960661999,,10.747256913947812,1.6525669401578875,0.0127069851487388,,,spectral,kmeans_norm,0,0,[],"{""cluster_qr"": 10.695401159749833, ""kmeans_norm"": 10.747256913947812, ""kmeans_raw"": 10.744498025676092}",,,,,,,,,,,,,
UMIST,1,NEW10,,formal,,CA,{},ok,575,20,20,0.40869565217391302,0.59255735564050338,0.27725865033054298,0.41407230187442928,0.30299019999802113,0.0104960000026039,,13.288348723162349,1,0.42031546844070361,,,spectral,kmeans_raw,0,0,[],"{""cluster_qr"": 12.87367491760211, ""kmeans_norm"": 13.17146200615933, ""kmeans_raw"": 13.288348723162349}",,,,,,,,,,,,,
UMIST,1,NEW10,,formal,,LinearPair,"{""lambda"": 3.0}",ok,575,20,20,0.40869565217391302,0.59255735564050338,0.27725865033054298,0.41407230187442928,0.29807479999726638,0.0080999000056180999,,49.496154793301976,4.5312828017251254,1,1.1930354107003e-16,1.3391857222311223,spectral,kmeans_raw,0,0,[],"{""cluster_qr"": 48.86342825458375, ""kmeans_norm"": 49.16842400952833, ""kmeans_raw"": 49.496154793301976}",,,,,,,,,,,,,
UMIST,1,NEW10,,formal,,PSF-CE,"{""lambda"": 0.665, ""q"": 0.72}",ok,575,20,20,0.40521739130434781,0.58962766785686715,0.2751571999602907,0.41011231706827928,0.2771741000033216,0.0098322999983793003,,21.325067707807008,1.7190597745227825,0.57573083824342453,0.0012163804357553001,1.3543500865800455,spectral,kmeans_raw,0,0,[],"{""cluster_qr"": 21.00059083399762, ""kmeans_norm"": 21.185308650256417, ""kmeans_raw"": 21.325067707807012}",,,,,,,,,,,,,
UMIST,1,NEW10,,formal,,Poly2,"{""eta"": 8.0}",ok,575,20,20,0.39304347826086949,0.58373683195506132,0.26496595069795331,0.39852069421593861,0.27422110000043171,0.0107741000101668,,86.621770731008397,8.1066283482688082,1.5729466195766315,,,spectral,kmeans_norm,0,0,[],"{""cluster_qr"": 80.51706273011968, ""kmeans_norm"": 86.6217707310084, ""kmeans_raw"": 86.29144900357603}",,,,,,,,,,,,,
UMIST,2,NEW10,,formal,,AggregatePower,"{""q_after"": 6.0}",ok,575,20,20,0.43478260869565211,0.62320428271918327,0.3143832997257785,0.43651244396742622,0.27720379999664141,0.0096908999985316005,,10.657269452637731,1.6906434910206964,0.017385897006219599,,,spectral,kmeans_norm,0,0,[],"{""cluster_qr"": 10.649732162904415, ""kmeans_norm"": 10.657269452637731, ""kmeans_raw"": 10.64474460949757}",,,,,,,,,,,,,
UMIST,2,NEW10,,formal,,CA,{},ok,575,20,20,0.43478260869565211,0.62320428271918327,0.3143832997257785,0.43651244396742622,0.26805899999453681,0.0078928000002633,,13.440818829969778,1.0000000000000011,0.4419369364912446,,,spectral,kmeans_norm,0,0,[],"{""cluster_qr"": 13.253191729466893, ""kmeans_norm"": 13.440818829969778, ""kmeans_raw"": 13.437586324752148}",,,,,,,,,,,,,
UMIST,2,NEW10,,formal,,LinearPair,"{""lambda"": 3.0}",ok,575,20,20,0.40869565217391302,0.61993713705557518,0.29530436654224063,0.40557145033642011,0.30184569999983069,0.0095021000015548997,,50.495667351193028,4.5785894365977429,1.0239973849413999,1.3142011988080095e-16,1.3515016133440654,spectral,kmeans_raw,0,0,[],"{""cluster_qr"": 48.47228277470756, ""kmeans_norm"": 50.39081525862674, ""kmeans_raw"": 50.49566735119303}",,,,,,,,,,,,,
UMIST,2,NEW10,,formal,,PSF-CE,"{""lambda"": 0.665, ""q"": 0.72}",ok,575,20,20,0.42086956521739127,0.61383262776804148,0.30483652516292109,0.418988995360141,0.2393371999933151,0.0083976000023540005,,21.662816228072881,1.7311205918584047,0.61344222921538138,0.0012222871233626999,1.3677470458630894,spectral,kmeans_raw,0,0,[],"{""cluster_qr"": 21.48878647932666, ""kmeans_norm"": 21.659160570647874, ""kmeans_raw"": 21.662816228072877}",,,,,,,,,,,,,
UMIST,2,NEW10,,formal,,Poly2,"{""eta"": 8.0}",ok,575,20,20,0.40869565217391302,0.61993713705557518,0.29530436654224063,0.40557145033642011,0.28442930000892369,0.0095612000004620997,,87.856632085041511,8.1327320915422039,1.7266839895209811,,,spectral,kmeans_raw,0,0,[],"{""cluster_qr"": 84.2148751158831, ""kmeans_norm"": 87.68027779751706, ""kmeans_raw"": 87.85663208504151}",,,,,,,,,,,,,
USPS3568,0,BKCC_V2,,formal,,AggregatePower,"{""q_after"": 6.0}",ok,3082,4,20,0.67358857884490586,0.65290897028497297,0.53456939422912186,0.61104117108576894,0.17497380000713739,0.027070300013292501,,5.4992817356497827,2.1090873900922791,1.0249415010207237,,,spectral,kmeans_raw,0,0,[],"{""cluster_qr"": 4.315406898441302, ""kmeans_norm"": 5.27700456538707, ""kmeans_raw"": 5.499281735649783}",,,,,,,,,,,,,
USPS3568,0,BKCC_V2,,formal,,CA,{},ok,3082,4,20,0.67456197274497076,0.64848018864103818,0.5361017782709967,0.61117706477112688,0.20081490000302429,0.023204400000395201,,3.5820404844565932,1.0000000000000011,0.88500497103484321,,,spectral,kmeans_raw,0,0,[],"{""cluster_qr"": 3.461331664578715, ""kmeans_norm"": 3.4883136112514017, ""kmeans_raw"": 3.582040484456593}",,,,,,,,,,,,,
USPS3568,0,BKCC_V2,,formal,,LinearPair,"{""lambda"": 3.0}",ok,3082,4,20,0.67358857884490586,0.65290897028497297,0.53456939422912186,0.61104117108576894,0.1689849999966099,0.021477000002050699,,13.87000055948786,5.0280080629893211,4.0278868630374927,1.7186645142045782e-16,1.4518992557402364,spectral,kmeans_raw,0,0,[],"{""cluster_qr"": 10.648833422917516, ""kmeans_norm"": 13.49790447044382, ""kmeans_raw"": 13.87000055948786}",,,,,,,,,,,,,
USPS3568,0,BKCC_V2,,formal,,PSF-CE,"{""lambda"": 0.665, ""q"": 0.72}",ok,3082,4,20,0.67391304347826086,0.65308731937599818,0.53522421560136124,0.61121921400890045,0.20017510000616309,0.027418500001658599,,5.7997449009492783,1.8294717524921649,1.5531360541186201,0.00090746788351380001,1.4797485359410882,spectral,kmeans_raw,0,0,[],"{""cluster_qr"": 5.0822369885113, ""kmeans_norm"": 5.680445822713978, ""kmeans_raw"": 5.799744900949278}",,,,,,,,,,,,,
USPS3568,0,BKCC_V2,,formal,,Poly2,"{""eta"": 8.0}",ok,3082,4,20,0.67358857884490586,0.65290897028497297,0.53456939422912186,0.61104117108576894,0.19238020000921091,0.026967300000251201,,22.563760968568296,8.4397794320278035,6.732495629040355,,,spectral,kmeans_raw,0,0,[],"{""cluster_qr"": 18.35138801455716, ""kmeans_norm"": 21.933700039092543, ""kmeans_raw"": 22.563760968568296}",,,,,,,,,,,,,
USPS3568,1,BKCC_V2,,formal,,AggregatePower,"{""q_after"": 6.0}",ok,3082,4,20,0.67326411421155097,0.63438849566426714,0.52983650207225463,0.60959024627273406,0.1660736000048928,0.022706700008711701,,5.5643178942475391,2.1680499894473217,0.99999999999999878,,,spectral,kmeans_raw,0,0,[],"{""cluster_qr"": 5.3379822917974336, ""kmeans_norm"": 5.455435693502211, ""kmeans_raw"": 5.564317894247539}",,,,,,,,,,,,,
USPS3568,1,BKCC_V2,,formal,,CA,{},ok,3082,4,20,0.67326411421155097,0.63438849566426714,0.52983650207225463,0.60959024627273406,0.2101009999896632,0.0277459999924758,,3.572607477558539,0.999999999999999,0.88140575829187673,,,spectral,kmeans_raw,0,0,[],"{""cluster_qr"": 3.4577922643028676, ""kmeans_norm"": 3.486701629452115, ""kmeans_raw"": 3.572607477558539}",,,,,,,,,,,,,
USPS3568,1,BKCC_V2,,formal,,LinearPair,"{""lambda"": 3.0}",ok,3082,4,20,0.67423750811161587,0.64587933020995081,0.53620002509677134,0.61161811000441002,0.15078349999384949,0.027462099998956501,,14.157840812198977,5.156396543908305,3.9793282560415721,1.1860597933413979e-16,1.5120631757104026,spectral,kmeans_raw,0,0,[],"{""cluster_qr"": 11.154786683257726, ""kmeans_norm"": 13.403510607134752, ""kmeans_raw"": 14.157840812198975}",,,,,,,,,,,,,
USPS3568,1,BKCC_V2,,formal,,PSF-CE,"{""lambda"": 0.665, ""q"": 0.72}",ok,3082,4,20,0.67423750811161587,0.64587933020995081,0.53620002509677134,0.61161811000441002,0.19769069999165359,0.0269174999993992,,5.8620863093673865,1.8571758495237825,1.5315308549225195,0.00099503320052289992,1.5452703580900258,spectral,kmeans_raw,0,0,[],"{""cluster_qr"": 5.028613901429305, ""kmeans_norm"": 5.629231277787317, ""kmeans_raw"": 5.8620863093673865}",,,,,,,,,,,,,
USPS3568,1,BKCC_V2,,formal,,Poly2,"{""eta"": 8.0}",ok,3082,4,20,0.67423750811161587,0.64587933020995081,0.53620002509677134,0.61161811000441002,0.20369150000624359,0.025530099999741599,,22.334879112839339,8.3740127866489313,6.4365987187734932,,,spectral,kmeans_raw,0,0,[],"{""cluster_qr"": 16.505098201180925, ""kmeans_norm"": 21.104717048905258, ""kmeans_raw"": 22.33487911283934}",,,,,,,,,,,,,
WebKB,0,TEXT_MV,,formal,,AggregatePower,"{""q_after"": 6.0}",ok,1051,2,20,0.78020932445290203,0.00088222944156950004,-0.001367446150206,0.43826830571886688,0.050624700001208098,0.0003909000079147,,1.4082464586832897,0.99999999999999356,0.40833872183698672,,,spectral,cluster_qr,0,0,[],"{""cluster_qr"": 1.4082464586832895, ""kmeans_norm"": 1.4082464586832895, ""kmeans_raw"": 1.4082464586832895}",,,,,,,,,,,,,
WebKB,0,TEXT_MV,,formal,,CA,{},ok,1051,2,20,0.78020932445290203,0.00088222944156950004,-0.001367446150206,0.43826830571886688,0.041235500000766402,0.0004216999950585,,1.2501984277206279,0.99999999999999356,0.25024205613347061,,,spectral,cluster_qr,0,0,[],"{""cluster_qr"": 1.250198427720628, ""kmeans_norm"": 1.250198427720628, ""kmeans_raw"": 1.250198427720628}",,,,,,,,,,,,,
WebKB,0,TEXT_MV,,formal,,LinearPair,"{""lambda"": 3.0}",ok,1051,2,20,0.78020932445290203,0.00088222944156950004,-0.001367446150206,0.43826830571886688,0.056135199993150302,0.00050109998846890001,,2.2853397059884872,1.2856095478186678,0.99999999999999356,1.2992392050312037e-15,6.5430656774116249,spectral,cluster_qr,0,0,[],"{""cluster_qr"": 2.2853397059884872, ""kmeans_norm"": 2.2853397059884872, ""kmeans_raw"": 2.2853397059884872}",,,,,,,,,,,,,
WebKB,0,TEXT_MV,,formal,,PSF-CE,"{""lambda"": 0.665, ""q"": 0.72}",ok,1051,2,20,0.78020932445290203,0.00088222944156950004,-0.001367446150206,0.43826830571886688,0.041527900000801303,0.00031909999961490001,,1.4798177163628323,0.99999999999999356,0.47991197351722731,0.0004656858409888,6.5477093204774821,spectral,cluster_qr,0,0,[],"{""cluster_qr"": 1.4798177163628323, ""kmeans_norm"": 1.4798177163628323, ""kmeans_raw"": 1.4798177163628323}",,,,,,,,,,,,,
WebKB,0,TEXT_MV,,formal,,Poly2,"{""eta"": 8.0}",ok,1051,2,20,0.78020932445290203,0.00088222944156950004,-0.001367446150206,0.43826830571886688,0.041181100008543498,0.00033690000418570002,,1.7510620846824461,0.99999999999999356,0.75121074939672716,,,spectral,cluster_qr,0,0,[],"{""cluster_qr"": 1.751062084682446, ""kmeans_norm"": 1.751062084682446, ""kmeans_raw"": 1.751062084682446}",,,,,,,,,,,,,
WebKB,1,TEXT_MV,,formal,,AggregatePower,"{""q_after"": 6.0}",ok,1051,2,20,0.78020932445290203,0.00088222944156950004,-0.001367446150206,0.43826830571886688,0.055294600009801798,0.00027750000299420002,,1.3898470760630901,0.99999999999999378,0.39035012869585689,,,spectral,cluster_qr,0,0,[],"{""cluster_qr"": 1.38984707606309, ""kmeans_norm"": 1.38984707606309, ""kmeans_raw"": 1.38984707606309}",,,,,,,,,,,,,
WebKB,1,TEXT_MV,,formal,,CA,{},ok,1051,2,20,0.78020932445290203,0.00088222944156950004,-0.001367446150206,0.43826830571886688,0.052841999990050598,0.00041409999539609998,,1.2507754179296682,0.99999999999999378,0.25097476947914521,,,spectral,cluster_qr,0,0,[],"{""cluster_qr"": 1.2507754179296682, ""kmeans_norm"": 1.2507754179296682, ""kmeans_raw"": 1.2507754179296682}",,,,,,,,,,,,,
WebKB,1,TEXT_MV,,formal,,LinearPair,"{""lambda"": 3.0}",ok,1051,2,20,0.78020932445290203,0.00088222944156950004,-0.001367446150206,0.43826830571886688,0.065828300008433802,0.00088500000128980002,,2.2701446914685439,1.2714775629772717,0.999999999999994,1.423253113452309e-15,6.4068557391829799,spectral,cluster_qr,0,0,[],"{""cluster_qr"": 2.270144691468544, ""kmeans_norm"": 2.270144691468544, ""kmeans_raw"": 2.270144691468544}",,,,,,,,,,,,,
WebKB,1,TEXT_MV,,formal,,PSF-CE,"{""lambda"": 0.665, ""q"": 0.72}",ok,1051,2,20,0.78020932445290203,0.00088222944156950004,-0.001367446150206,0.43826830571886688,0.055027299997163902,0.00037989999691490003,,1.4767884576892669,0.999999999999994,0.47723497615028038,0.00057890948664990002,6.4083969458505177,spectral,cluster_qr,0,0,[],"{""cluster_qr"": 1.476788457689267, ""kmeans_norm"": 1.476788457689267, ""kmeans_raw"": 1.476788457689267}",,,,,,,,,,,,,
WebKB,1,TEXT_MV,,formal,,Poly2,"{""eta"": 8.0}",ok,1051,2,20,0.78020932445290203,0.00088222944156950004,-0.001367446150206,0.43826830571886688,0.057410699999309103,0.0004220999981043,,1.7541541517680792,0.999999999999994,0.75488144880002583,,,spectral,cluster_qr,0,0,[],"{""cluster_qr"": 1.7541541517680792, ""kmeans_norm"": 1.7541541517680792, ""kmeans_raw"": 1.7541541517680792}",,,,,,,,,,,,,
WebKB,2,TEXT_MV,,formal,,AggregatePower,"{""q_after"": 6.0}",ok,1051,2,20,0.78020932445290203,0.00088222944156950004,-0.001367446150206,0.43826830571886688,0.038315700003295199,0.00034800000139510002,,1.4270926894551337,0.99999999999999323,0.4271473590807951,,,spectral,cluster_qr,0,0,[],"{""cluster_qr"": 1.4270926894551337, ""kmeans_norm"": 1.4270926894551337, ""kmeans_raw"": 1.4270926894551337}",,,,,,,,,,,,,
WebKB,2,TEXT_MV,,formal,,CA,{},ok,1051,2,20,0.78020932445290203,0.00088222944156950004,-0.001367446150206,0.43826830571886688,0.046077699997113003,0.00046299998939499997,,1.3001846208242611,0.99999999999999323,0.30021665036420592,,,spectral,cluster_qr,0,0,[],"{""cluster_qr"": 1.3001846208242613, ""kmeans_norm"": 1.3001846208242613, ""kmeans_raw"": 1.3001846208242613}",,,,,,,,,,,,,
WebKB,2,TEXT_MV,,formal,,LinearPair,"{""lambda"": 3.0}",ok,1051,2,20,0.78020932445290203,0.00088222944156950004,-0.001367446150206,0.43826830571886688,0.0408163999964017,0.00052729999879370004,,2.558606042180041,1.5587984789347209,0.99999999999999301,1.0921510490369188e-15,5.3055795026439592,spectral,cluster_qr,0,0,[],"{""cluster_qr"": 2.558606042180041, ""kmeans_norm"": 2.558606042180041, ""kmeans_raw"": 2.558606042180041}",,,,,,,,,,,,,
WebKB,2,TEXT_MV,,formal,,PSF-CE,"{""lambda"": 0.665, ""q"": 0.72}",ok,1051,2,20,0.78020932445290203,0.00088222944156950004,-0.001367446150206,0.43826830571886688,0.073787100001936695,0.00039479999395549998,,1.579144867749116,0.99999999999999323,0.57921256955107248,0.00030881993361349998,5.305766160208603,spectral,cluster_qr,0,0,[],"{""cluster_qr"": 1.579144867749116, ""kmeans_norm"": 1.579144867749116, ""kmeans_raw"": 1.579144867749116}",,,,,,,,,,,,,
WebKB,2,TEXT_MV,,formal,,Poly2,"{""eta"": 8.0}",ok,1051,2,20,0.78020932445290203,0.00088222944156950004,-0.001367446150206,0.43826830571886688,0.048822099997778402,0.0004364999913377,,2.0211355142557599,1.0212569476114373,0.99999999999999323,,,spectral,cluster_qr,0,0,[],"{""cluster_qr"": 2.02113551425576, ""kmeans_norm"": 2.02113551425576, ""kmeans_raw"": 2.02113551425576}",,,,,,,,,,,,,
WebKB-Cornell,0,CONTENT_RELATION_8,,formal,,AggregatePower,"{""q_after"": 6.0}",ok,195,5,20,0.33333333333333331,0.087014124838953502,0.032258687224457398,0.28631389103461963,0.060748700008843998,0.00059590001183089999,,3.0757521575889872,0.99999999999999878,0.31981898307567658,,,spectral,kmeans_raw,0,0,[],"{""cluster_qr"": 3.075077780850224, ""kmeans_norm"": 3.0739315400201783, ""kmeans_raw"": 3.0757521575889872}",,,,,,,,,,,,,
WebKB-Cornell,0,CONTENT_RELATION_8,,formal,,CA,{},ok,195,5,20,0.33333333333333331,0.087014124838953502,0.032258687224457398,0.28631389103461963,0.058581299992511,0.00054309998813549998,,2.796368766143805,0.99999999999999878,0.44513779426652622,,,spectral,kmeans_raw,0,0,[],"{""cluster_qr"": 2.7897957862337277, ""kmeans_norm"": 2.789605958348197, ""kmeans_raw"": 2.7963687661438055}",,,,,,,,,,,,,
WebKB-Cornell,0,CONTENT_RELATION_8,,formal,,LinearPair,"{""lambda"": 3.0}",ok,195,5,20,0.3282051282051282,0.082593796897903998,0.026220407439719699,0.28738130603437317,0.072437099996022797,0.00075170000491189999,,9.0672467599295281,2.6288932569147438,1.2865388897602528,2.1467413911521863e-16,2.5898598186029709,spectral,kmeans_norm,0,0,[],"{""cluster_qr"": 7.9075232349318565, ""kmeans_norm"": 9.067246759929528, ""kmeans_raw"": 8.66392073445072}",,,,,,,,,,,,,
WebKB-Cornell,0,CONTENT_RELATION_8,,formal,,PSF-CE,"{""lambda"": 0.665, ""q"": 0.72}",ok,195,5,20,0.33333333333333331,0.087014124838953502,0.032258687224457398,0.28631389103461963,0.059028399991802802,0.00049939999007609997,,4.1943929568548741,0.99999999999999878,0.76891914057134547,0.002915267161346,2.5944698776735842,spectral,kmeans_raw,0,0,[],"{""cluster_qr"": 4.194314584498703, ""kmeans_norm"": 4.1836017762979365, ""kmeans_raw"": 4.194392956854874}",,,,,,,,,,,,,
WebKB-Cornell,0,CONTENT_RELATION_8,,formal,,Poly2,"{""eta"": 8.0}",ok,195,5,20,0.3282051282051282,0.082593796897903998,0.026220407439719699,0.28738130603437317,0.068780400004470693,0.00050320000445929999,,9.6460728585456916,2.7959139687362242,1.4112133159902984,,,spectral,kmeans_norm,0,0,[],"{""cluster_qr"": 8.375950378650225, ""kmeans_norm"": 9.646072858545693, ""kmeans_raw"": 9.233744516312061}",,,,,,,,,,,,,
WebKB-Cornell,1,CONTENT_RELATION_8,,formal,,AggregatePower,"{""q_after"": 6.0}",ok,195,5,20,0.33846153846153848,0.084052697589275693,0.023194914814477899,0.2859550291299533,0.066761399997631005,0.00061209998966660004,,3.0046468693701369,0.99999999999999756,0.20449184077403071,,,spectral,kmeans_raw,0,0,[],"{""cluster_qr"": 2.9938004020877975, ""kmeans_norm"": 2.9870993496859324, ""kmeans_raw"": 3.004646869370137}",,,,,,,,,,,,,
WebKB-Cornell,1,CONTENT_RELATION_8,,formal,,CA,{},ok,195,5,20,0.32307692307692309,0.077108865292629905,0.021152270628157499,0.2795075915127464,0.070378299991716603,0.00049859999853649997,,2.7462806086501481,0.99999999999999756,0.41180682852714101,,,spectral,kmeans_norm,0,0,[],"{""cluster_qr"": 2.73845841431725, ""kmeans_norm"": 2.7462806086501477, ""kmeans_raw"": 2.7445551034353075}",,,,,,,,,,,,,
WebKB-Cornell,1,CONTENT_RELATION_8,,formal,,LinearPair,"{""lambda"": 3.0}",ok,195,5,20,0.32307692307692309,0.077108865292629905,0.021152270628157499,0.2795075915127464,0.067386599999735994,0.00067799999669649995,,8.9631453515024972,2.7131137343873291,1.0633461855203838,1.8443613142373639e-16,2.6691191576981224,spectral,kmeans_norm,0,0,[],"{""cluster_qr"": 7.5102673196374905, ""kmeans_norm"": 8.963145351502497, ""kmeans_raw"": 8.700413262691125}",,,,,,,,,,,,,
WebKB-Cornell,1,CONTENT_RELATION_8,,formal,,PSF-CE,"{""lambda"": 0.665, ""q"": 0.72}",ok,195,5,20,0.33846153846153848,0.084052697589275693,0.023194914814477899,0.2859550291299533,0.068589799993787795,0.00054389999422709999,,4.1294584184686318,1.0106952952058657,0.69755906651200306,0.0027996733180525001,2.6742106700848578,spectral,kmeans_raw,0,0,[],"{""cluster_qr"": 4.109529563925184, ""kmeans_norm"": 4.126129932781781, ""kmeans_raw"": 4.129458418468632}",,,,,,,,,,,,,
WebKB-Cornell,1,CONTENT_RELATION_8,,formal,,Poly2,"{""eta"": 8.0}",ok,195,5,20,0.32307692307692309,0.077108865292629905,0.021152270628157499,0.2795075915127464,0.077553899987833505,0.00050809999811460001,,9.3453876743642432,2.815886046087559,1.1546656590278568,,,spectral,kmeans_norm,0,0,[],"{""cluster_qr"": 8.461953458999115, ""kmeans_norm"": 9.345387674364245, ""kmeans_raw"": 9.088870257883318}",,,,,,,,,,,,,
WebKB-Cornell,2,CONTENT_RELATION_8,,formal,,AggregatePower,"{""q_after"": 6.0}",ok,195,5,20,0.3487179487179487,0.0835919475574151,0.015471233775878199,0.27035192872214492,0.076355400000466006,0.00057689999812279998,,3.1141946826264788,1.0000000000000002,0.3002324342344776,,,spectral,kmeans_raw,0,0,[],"{""cluster_qr"": 3.0889526106020937, ""kmeans_norm"": 3.108402479759967, ""kmeans_raw"": 3.114194682626479}",,,,,,,,,,,,,
WebKB-Cornell,2,CONTENT_RELATION_8,,formal,,CA,{},ok,195,5,20,0.3487179487179487,0.0835919475574151,0.015471233775878199,0.27035192872214492,0.072978199998033205,0.00059379999584050001,,2.805823445847639,1.0000000000000002,0.43775031913957668,,,spectral,kmeans_raw,0,0,[],"{""cluster_qr"": 2.7946259699156992, ""kmeans_norm"": 2.794625969915699, ""kmeans_raw"": 2.805823445847639}",,,,,,,,,,,,,
WebKB-Cornell,2,CONTENT_RELATION_8,,formal,,LinearPair,"{""lambda"": 3.0}",ok,195,5,20,0.35384615384615381,0.083918834883673493,0.0185842126453734,0.2729555340454542,0.063734300012583803,0.00051800000073849999,,9.240851116681462,2.6425327916942547,1.0955905803987742,1.6123947256195386e-16,2.6414022789725742,spectral,kmeans_raw,0,0,[],"{""cluster_qr"": 7.609605035689109, ""kmeans_norm"": 8.555143662944399, ""kmeans_raw"": 9.240851116681462}",,,,,,,,,,,,,
WebKB-Cornell,2,CONTENT_RELATION_8,,formal,,PSF-CE,"{""lambda"": 0.665, ""q"": 0.72}",ok,195,5,20,0.3487179487179487,0.0835919475574151,0.015471233775878199,0.27035192872214492,0.068336399999679998,0.0005875000060768,,4.2340213424951596,1.0000000000000002,0.75671724989105116,0.0025720328704892,2.6463671910871551,spectral,kmeans_raw,0,0,[],"{""cluster_qr"": 4.216471061292952, ""kmeans_norm"": 4.216471061292952, ""kmeans_raw"": 4.23402134249516}",,,,,,,,,,,,,
WebKB-Cornell,2,CONTENT_RELATION_8,,formal,,Poly2,"{""eta"": 8.0}",ok,195,5,20,0.35384615384615381,0.083918834883673493,0.0185842126453734,0.2729555340454542,0.076202299998840303,0.00058019999414680003,,9.7003885218798107,2.7676575383083044,1.1958947291843509,,,spectral,kmeans_raw,0,0,[],"{""cluster_qr"": 7.282095894446601, ""kmeans_norm"": 8.99321434342143, ""kmeans_raw"": 9.70038852187981}",,,,,,,,,,,,,
WebKB-Texas,0,CONTENT_RELATION_8,,formal,,AggregatePower,"{""q_after"": 6.0}",ok,187,5,20,0.42245989304812831,0.069384642276742001,0.086509792992764997,0.25793103448275861,0.075590500011458006,0.00057370000286020005,,2.9819257341009537,0.99999999999999878,0.31277367476681478,,,spectral,kmeans_norm,0,0,[],"{""cluster_qr"": 2.9754424642695843, ""kmeans_norm"": 2.9819257341009537, ""kmeans_raw"": 2.9812688410290393}",,,,,,,,,,,,,
WebKB-Texas,0,CONTENT_RELATION_8,,formal,,CA,{},ok,187,5,20,0.42245989304812831,0.069384642276742001,0.086509792992764997,0.25793103448275861,0.061869799988926298,0.00067470000067259997,,2.6798235933810624,0.99999999999999878,0.42098096914591809,,,spectral,cluster_qr,0,0,[],"{""cluster_qr"": 2.6798235933810624, ""kmeans_norm"": 2.6798235933810624, ""kmeans_raw"": 2.678631068521389}",,,,,,,,,,,,,
WebKB-Texas,0,CONTENT_RELATION_8,,formal,,LinearPair,"{""lambda"": 3.0}",ok,187,5,20,0.41176470588235292,0.059258752002734602,0.080175789681683901,0.2491843599438536,0.070237799998721998,0.00059789999795609996,,8.4281644131132012,2.506993431583548,1.2054757241135194,1.7804703416635755e-16,2.7957951674364807,spectral,kmeans_norm,0,0,[],"{""cluster_qr"": 7.509257515267899, ""kmeans_norm"": 8.428164413113201, ""kmeans_raw"": 8.396650926282078}",,,,,,,,,,,,,
WebKB-Texas,0,CONTENT_RELATION_8,,formal,,PSF-CE,"{""lambda"": 0.665, ""q"": 0.72}",ok,187,5,20,0.42245989304812831,0.069384642276742001,0.086509792992764997,0.25793103448275861,0.070132900000316994,0.00054269999964159997,,3.992357929829736,0.99999999999999878,0.73239708824439231,0.0022695461298108,2.802039953688221,spectral,kmeans_norm,0,0,[],"{""cluster_qr"": 3.984630855957576, ""kmeans_norm"": 3.992357929829736, ""kmeans_raw"": 3.9898026934621575}",,,,,,,,,,,,,
WebKB-Texas,0,CONTENT_RELATION_8,,formal,,Poly2,"{""eta"": 8.0}",ok,187,5,20,0.41176470588235292,0.059258752002734602,0.080175789681683901,0.2491843599438536,0.066157499997643698,0.00064189999829969999,,8.5499720851125183,2.5196589135468361,1.2598469507835883,,,spectral,kmeans_norm,0,0,[],"{""cluster_qr"": 7.27789848803338, ""kmeans_norm"": 8.549972085112518, ""kmeans_raw"": 8.525544117367833}",,,,,,,,,,,,,
WebKB-Texas,1,CONTENT_RELATION_8,,formal,,AggregatePower,"{""q_after"": 6.0}",ok,187,5,20,0.42245989304812831,0.020229332885190101,0.0035762861149028998,0.19736951720777429,0.071679200002108701,0.00055260000226549995,,3.1148967521959392,1,0.25081941219401149,,,spectral,kmeans_raw,0,0,[],"{""cluster_qr"": 2.9249535398308826, ""kmeans_norm"": 2.9256237003711787, ""kmeans_raw"": 3.114896752195939}",,,,,,,,,,,,,
WebKB-Texas,1,CONTENT_RELATION_8,,formal,,CA,{},ok,187,5,20,0.42245989304812831,0.020229332885190101,0.0035762861149028998,0.19736951720777429,0.058034200003021397,0.00067839999974230001,,2.7846737622891871,1,0.41594118959377752,,,spectral,kmeans_raw,0,0,[],"{""cluster_qr"": 2.7394025578494645, ""kmeans_norm"": 2.699119035319968, ""kmeans_raw"": 2.784673762289187}",,,,,,,,,,,,,
WebKB-Texas,1,CONTENT_RELATION_8,,formal,,LinearPair,"{""lambda"": 3.0}",ok,187,5,20,0.42245989304812831,0.020811105775315801,0.0069807925717806996,0.19729139362166881,0.079917900002328596,0.00065819999144869999,,9.0664294145602167,2.4845982177194812,1.3711253580817309,5.297639592277197e-16,2.6704902039295129,spectral,kmeans_raw,0,0,[],"{""cluster_qr"": 7.986686625366732, ""kmeans_norm"": 8.412606922446788, ""kmeans_raw"": 9.066429414560215}",,,,,,,,,,,,,
WebKB-Texas,1,CONTENT_RELATION_8,,formal,,PSF-CE,"{""lambda"": 0.665, ""q"": 0.72}",ok,187,5,20,0.42245989304812831,0.020811105775315801,0.0069807925717806996,0.2024585551106694,0.076064900000346797,0.00054539999109689998,,4.1730967193068196,1,0.70537858122708597,0.0026892104019490002,2.6805047095120278,spectral,kmeans_raw,0,0,[],"{""cluster_qr"": 3.8533863961147237, ""kmeans_norm"": 4.000772699757514, ""kmeans_raw"": 4.17309671930682}",,,,,,,,,,,,,
WebKB-Texas,1,CONTENT_RELATION_8,,formal,,Poly2,"{""eta"": 8.0}",ok,187,5,20,0.42245989304812831,0.020811105775315801,0.0069807925717806996,0.19729139362166881,0.063660500003606998,0.00069660000735889997,,9.4589826589843966,2.5869949245343169,1.4678822470762662,,,spectral,kmeans_raw,0,0,[],"{""cluster_qr"": 7.738970657251111, ""kmeans_norm"": 8.79225681109496, ""kmeans_raw"": 9.458982658984397}",,,,,,,,,,,,,
WebKB-Texas,2,CONTENT_RELATION_8,,formal,,AggregatePower,"{""q_after"": 6.0}",ok,187,5,20,0.4331550802139037,0.029957651496173299,0.013796342585889401,0.2018864468864468,0.077183200002764296,0.0005588999920291,,3.0457903875341099,0.999999999999998,0.41361804525239748,,,spectral,kmeans_raw,0,0,[],"{""cluster_qr"": 2.889809328314141, ""kmeans_norm"": 2.9351422750651794, ""kmeans_raw"": 3.04579038753411}",,,,,,,,,,,,,
WebKB-Texas,2,CONTENT_RELATION_8,,formal,,CA,{},ok,187,5,20,0.4331550802139037,0.029957651496173299,0.013796342585889401,0.2018864468864468,0.071139300009235698,0.00062289999914350003,,2.7295064391448376,0.999999999999998,0.4473242256801947,,,spectral,kmeans_raw,0,0,[],"{""cluster_qr"": 2.6769576304142024, ""kmeans_norm"": 2.679547853499679, ""kmeans_raw"": 2.7295064391448376}",,,,,,,,,,,,,
WebKB-Texas,2,CONTENT_RELATION_8,,formal,,LinearPair,"{""lambda"": 3.0}",ok,187,5,20,0.4331550802139037,0.021142070806509702,0.0076053599379985,0.20133204633204629,0.0591056999983266,0.00050320000445929999,,8.5938773900741197,2.4739264061336361,1.3424613859517918,2.2590499142741834e-16,2.6887822509529866,spectral,kmeans_raw,0,0,[],"{""cluster_qr"": 7.455365059819314, ""kmeans_norm"": 8.405725388631701, ""kmeans_raw"": 8.59387739007412}",,,,,,,,,,,,,
WebKB-Texas,2,CONTENT_RELATION_8,,formal,,PSF-CE,"{""lambda"": 0.665, ""q"": 0.72}",ok,187,5,20,0.4331550802139037,0.029957651496173299,0.013796342585889401,0.2018864468864468,0.078998800003319006,0.00048290000995620001,,4.0478696922362083,0.999999999999998,0.7823483484434357,0.0023488094724717998,2.6972636857423944,spectral,kmeans_raw,0,0,[],"{""cluster_qr"": 3.942860959145012, ""kmeans_norm"": 3.9559192457468146, ""kmeans_raw"": 4.047869692236208}",,,,,,,,,,,,,
WebKB-Texas,2,CONTENT_RELATION_8,,formal,,Poly2,"{""eta"": 8.0}",ok,187,5,20,0.4331550802139037,0.021142070806509702,0.0076053599379985,0.20133204633204629,0.059768599996459601,0.00060400000074869997,,8.9417607205874976,2.5629906030457841,1.4320330711216871,,,spectral,kmeans_raw,0,0,[],"{""cluster_qr"": 7.07403965261949, ""kmeans_norm"": 8.74447316247377, ""kmeans_raw"": 8.941760720587498}",,,,,,,,,,,,,
Letter,2,BKCC_V2,,formal,,AggregatePower,"{""q_after"": 6.0}",ok,20000,26,20,0.28184999999999999,0.38886470681215168,0.13525182369599639,0.29447526221207798,7.912801300000865,0.3965940999914892,,23.37616157099216,2.5031737803478631,0.35188748669654352,,,spectral,kmeans_raw,0,0,[],"{""cluster_qr"": 22.343917034730087, ""kmeans_norm"": 22.94646766938192, ""kmeans_raw"": 23.37616157099216}",,,,,,,,,,,,,
Letter,2,BKCC_V2,,formal,,CA,{},ok,20000,26,20,0.28184999999999999,0.38886470681215168,0.13525182369599639,0.29447526221207798,7.5891778999939561,0.34825729999283789,,19.239333517550183,1.0000000000000009,0.68908292015763195,,,spectral,kmeans_raw,0,0,[],"{""cluster_qr"": 18.611093055838175, ""kmeans_norm"": 18.776692958777517, ""kmeans_raw"": 19.239333517550183}",,,,,,,,,,,,,
Letter,2,BKCC_V2,,formal,,LinearPair,"{""lambda"": 3.0}",ok,20000,26,20,0.28110000000000002,0.38942381631147038,0.134988174827817,0.29423806978053729,7.237128999986453,0.42377439999836491,,85.3808797027433,5.1609613761740611,2.7737205073211739,6.874659016325673e-17,1.5387589087949962,spectral,kmeans_raw,0,0,[],"{""cluster_qr"": 79.84480922321103, ""kmeans_norm"": 82.00092930521753, ""kmeans_raw"": 85.3808797027433}",,,,,,,,,,,,,
Letter,2,BKCC_V2,,formal,,PSF-CE,"{""lambda"": 0.665, ""q"": 0.72}",ok,20000,26,20,0.28075,0.38683773320473719,0.13291111160564081,0.29436701185675851,7.0021147999941604,0.4112712000060128,,33.771865421399482,1.8591310836490609,1.1473118660631307,0.00052292498922470001,1.55755760038339,spectral,kmeans_raw,0,0,[],"{""cluster_qr"": 32.12724967588092, ""kmeans_norm"": 32.27270275888491, ""kmeans_raw"": 33.77186542139948}",,,,,,,,,,,,,
Letter,2,BKCC_V2,,formal,,Poly2,"{""eta"": 8.0}",ok,20000,26,20,0.28110000000000002,0.38942381631147038,0.134988174827817,0.29423806978053729,6.8317145999899367,0.40126449998933822,,135.42238750114032,8.2613248007548634,4.3985918213335049,,,spectral,kmeans_raw,0,0,[],"{""cluster_qr"": 126.67706772726766, ""kmeans_norm"": 130.00112653550232, ""kmeans_raw"": 135.42238750114032}",,,,,,,,,,,,,
USPS3568,2,BKCC_V2,,formal,,AggregatePower,"{""q_after"": 6.0}",ok,3082,4,20,0.67553536664503566,0.63024505450705859,0.53514225571105711,0.60876998023755813,0.20194250000349709,0.032810899996547897,,5.6042965945636487,2.3069038144275527,1.0000000000000004,,,spectral,kmeans_raw,0,0,[],"{""cluster_qr"": 5.267042403738423, ""kmeans_norm"": 5.314353658051128, ""kmeans_raw"": 5.604296594563649}",,,,,,,,,,,,,
USPS3568,2,BKCC_V2,,formal,,CA,{},ok,3082,4,20,0.67553536664503566,0.63024505450705859,0.53514225571105711,0.60876998023755813,0.20456790000025649,0.030127999998512602,,3.4705758164384619,1.0000000000000009,0.83159057200785258,,,spectral,kmeans_raw,0,0,[],"{""cluster_qr"": 3.322012577609159, ""kmeans_norm"": 3.343466786812396, ""kmeans_raw"": 3.470575816438462}",,,,,,,,,,,,,
USPS3568,2,BKCC_V2,,formal,,LinearPair,"{""lambda"": 3.0}",ok,3082,4,20,0.67423750811161587,0.64012804205949547,0.53776060240108958,0.60924815303926383,0.18530169999576171,0.029281099996296599,,14.139972142781442,5.2489715269564963,3.7896054669324033,1.271415840156706e-16,1.6557411103921904,spectral,kmeans_raw,0,0,[],"{""cluster_qr"": 11.374164992540834, ""kmeans_norm"": 13.288356789154973, ""kmeans_raw"": 14.139972142781442}",,,,,,,,,,,,,
USPS3568,2,BKCC_V2,,formal,,PSF-CE,"{""lambda"": 0.665, ""q"": 0.72}",ok,3082,4,20,0.67456197274497076,0.64079249875647404,0.53862548882162031,0.609515948413341,0.2173949999996693,0.032826799986651098,,5.7787144981596494,1.86022861960416,1.444584032845772,0.0011649452053220999,1.6965525965175288,spectral,kmeans_raw,0,0,[],"{""cluster_qr"": 4.648460933349249, ""kmeans_norm"": 5.510108441860187, ""kmeans_raw"": 5.778714498159649}",,,,,,,,,,,,,
USPS3568,2,BKCC_V2,,formal,,Poly2,"{""eta"": 8.0}",ok,3082,4,20,0.67423750811161587,0.64012804205949547,0.53776060240108958,0.60924815303926383,0.20417500000621649,0.030499900007271201,,20.782581603899693,7.9096612574652543,5.6963134851593251,,,spectral,kmeans_raw,0,0,[],"{""cluster_qr"": 16.57677152334815, ""kmeans_norm"": 19.4971592332874, ""kmeans_raw"": 20.782581603899693}",,,,,,,,,,,,,
WebKB-Washington,0,CONTENT_RELATION_8,,formal,,AggregatePower,"{""q_after"": 6.0}",ok,230,5,20,0.44347826086956521,0.075562730739936704,0.047454000927828303,0.22303644202721121,0.069895499997073701,0.00072159999399439999,,3.0388547187191479,1.0144280236017156,0.17140298947724081,,,spectral,kmeans_raw,0,0,[],"{""cluster_qr"": 2.9719462847554814, ""kmeans_norm"": 2.971946284755482, ""kmeans_raw"": 3.038854718719148}",,,,,,,,,,,,,
WebKB-Washington,0,CONTENT_RELATION_8,,formal,,CA,{},ok,230,5,20,0.44347826086956521,0.075562730739936704,0.047454000927828303,0.22303644202721121,0.070739200004027197,0.00064840000413820002,,2.8259062941175381,1.0000000000000018,0.40675683605292851,,,spectral,kmeans_raw,0,0,[],"{""cluster_qr"": 2.785110367832446, ""kmeans_norm"": 2.785110367832446, ""kmeans_raw"": 2.825906294117538}",,,,,,,,,,,,,
WebKB-Washington,0,CONTENT_RELATION_8,,formal,,LinearPair,"{""lambda"": 3.0}",ok,230,5,20,0.44347826086956521,0.068261493729308703,0.055772808302970503,0.2227852335312519,0.095225400000344906,0.00082800000382120004,,9.3080419250532458,2.7787290965501339,1.0906452810132692,2.0365803360104119e-16,2.5988875992705238,spectral,kmeans_raw,0,0,[],"{""cluster_qr"": 7.142151212076559, ""kmeans_norm"": 7.730685246125683, ""kmeans_raw"": 9.308041925053246}",,,,,,,,,,,,,
WebKB-Washington,0,CONTENT_RELATION_8,,formal,,PSF-CE,"{""lambda"": 0.665, ""q"": 0.72}",ok,230,5,20,0.44347826086956521,0.075562730739936704,0.047454000927828303,0.22303644202721121,0.063532999993185499,0.00056610000319769996,,4.262566511962099,1.0373175408107431,0.67852724034374423,0.0030145223658642,2.6135416930421225,spectral,kmeans_raw,0,0,[],"{""cluster_qr"": 4.18263265493277, ""kmeans_norm"": 4.18263265493277, ""kmeans_raw"": 4.262566511962099}",,,,,,,,,,,,,
WebKB-Washington,0,CONTENT_RELATION_8,,formal,,Poly2,"{""eta"": 8.0}",ok,230,5,20,0.44347826086956521,0.068261493729308703,0.055772808302970503,0.2227852335312519,0.081016500000259797,0.00057829999423119997,,9.8753116825449911,2.941261739708128,1.2036227523736938,,,spectral,kmeans_raw,0,0,[],"{""cluster_qr"": 7.484812718139288, ""kmeans_norm"": 8.219930067233996, ""kmeans_raw"": 9.875311682544993}",,,,,,,,,,,,,
WebKB-Washington,1,CONTENT_RELATION_8,,formal,,AggregatePower,"{""q_after"": 6.0}",ok,230,5,20,0.44347826086956521,0.072708793983032899,0.0536300048057902,0.22938607716220391,0.057085699998424298,0.00081359999603590005,,2.9999063317881598,1.0006888180461606,0.1800837367927878,,,spectral,kmeans_raw,0,0,[],"{""cluster_qr"": 2.9370063065568823, ""kmeans_norm"": 2.9370063065568823, ""kmeans_raw"": 2.9999063317881602}",,,,,,,,,,,,,
WebKB-Washington,1,CONTENT_RELATION_8,,formal,,CA,{},ok,230,5,20,0.44347826086956521,0.072708793983032899,0.0536300048057902,0.22938607716220391,0.049282599997241001,0.00055609999981239997,,2.813620284686245,1.0000000000000009,0.40662486691907251,,,spectral,kmeans_raw,0,0,[],"{""cluster_qr"": 2.7870132827151632, ""kmeans_norm"": 2.7651614731745804, ""kmeans_raw"": 2.813620284686245}",,,,,,,,,,,,,
WebKB-Washington,1,CONTENT_RELATION_8,,formal,,LinearPair,"{""lambda"": 3.0}",ok,230,5,20,0.44347826086956521,0.072708793983032899,0.0536300048057902,0.22938607716220391,0.073836800002027303,0.00079819999518800002,,9.2450639344473284,2.7522332422062727,1.1095688833328861,2.8863373316310547e-16,2.6341681362047966,spectral,kmeans_raw,0,0,[],"{""cluster_qr"": 7.438738307035005, ""kmeans_norm"": 7.894428200182537, ""kmeans_raw"": 9.245063934447327}",,,,,,,,,,,,,
WebKB-Washington,1,CONTENT_RELATION_8,,formal,,PSF-CE,"{""lambda"": 0.665, ""q"": 0.72}",ok,230,5,20,0.44347826086956521,0.072708793983032899,0.0536300048057902,0.22938607716220391,0.075848000007681493,0.00075940000533590004,,4.2391270301402573,1.0261415486319909,0.68178585414925352,0.0029933972728322,2.6479053060948696,spectral,kmeans_raw,0,0,[],"{""cluster_qr"": 4.126670317767392, ""kmeans_norm"": 4.149411944670135, ""kmeans_raw"": 4.239127030140257}",,,,,,,,,,,,,
WebKB-Washington,1,CONTENT_RELATION_8,,formal,,Poly2,"{""eta"": 8.0}",ok,230,5,20,0.44347826086956521,0.072708793983032899,0.0536300048057902,0.22938607716220391,0.090225600011763094,0.00067890000354960003,,9.7243192014457165,2.8840614240256044,1.2125152090381419,,,spectral,kmeans_raw,0,0,[],"{""cluster_qr"": 7.516201946048618, ""kmeans_norm"": 8.322917434890924, ""kmeans_raw"": 9.724319201445715}",,,,,,,,,,,,,
WebKB-Washington,2,CONTENT_RELATION_8,,formal,,AggregatePower,"{""q_after"": 6.0}",ok,230,5,20,0.4521739130434782,0.076073865621386003,0.063300015217976305,0.23664587760216829,0.064978299997164798,0.00071979999484020004,,2.9907529881849282,1.0117138253765312,0.1674801651151582,,,spectral,kmeans_raw,0,0,[],"{""cluster_qr"": 2.9580814832528994, ""kmeans_norm"": 2.9551083817262267, ""kmeans_raw"": 2.9907529881849277}",,,,,,,,,,,,,
WebKB-Washington,2,CONTENT_RELATION_8,,formal,,CA,{},ok,230,5,20,0.4521739130434782,0.076073865621386003,0.063300015217976305,0.23664587760216829,0.062373200009460499,0.00066859999787989999,,2.8147585618615363,1.0000000000000009,0.40412076262420249,,,spectral,kmeans_raw,0,0,[],"{""cluster_qr"": 2.789599379172622, ""kmeans_norm"": 2.789599379172622, ""kmeans_raw"": 2.8147585618615363}",,,,,,,,,,,,,
WebKB-Washington,2,CONTENT_RELATION_8,,formal,,LinearPair,"{""lambda"": 3.0}",ok,230,5,20,0.4521739130434782,0.076073865621386003,0.063300015217976305,0.23664587760216829,0.070565599991823505,0.00063969999609979995,,9.2235725253126777,2.7698406160532958,1.0542396900029405,4.1520399037769432e-16,2.6073700538593299,spectral,kmeans_raw,0,0,[],"{""cluster_qr"": 7.128564011706393, ""kmeans_norm"": 7.832502015947584, ""kmeans_raw"": 9.223572525312678}",,,,,,,,,,,,,
WebKB-Washington,2,CONTENT_RELATION_8,,formal,,PSF-CE,"{""lambda"": 0.665, ""q"": 0.72}",ok,230,5,20,0.4521739130434782,0.076073865621386003,0.063300015217976305,0.23664587760216829,0.074425600003451095,0.00082709999696809996,,4.2357935851797164,1.0338539177545889,0.67431429289111688,0.0030930071210126002,2.6231825900823029,spectral,kmeans_raw,0,0,[],"{""cluster_qr"": 4.188962053798822, ""kmeans_norm"": 4.186904450621988, ""kmeans_raw"": 4.235793585179716}",,,,,,,,,,,,,
WebKB-Washington,2,CONTENT_RELATION_8,,formal,,Poly2,"{""eta"": 8.0}",ok,230,5,20,0.4521739130434782,0.076073865621386003,0.063300015217976305,0.23664587760216829,0.059319599997252198,0.00058700000226960005,,9.7674965767754678,2.9248256300783342,1.1630520306943422,,,spectral,kmeans_raw,0,0,[],"{""cluster_qr"": 7.50550124405372, ""kmeans_norm"": 8.318255086148392, ""kmeans_raw"": 9.767496576775468}",,,,,,,,,,,,,
WebKB-Wisconsin,0,CONTENT_RELATION_8,,formal,,AggregatePower,"{""q_after"": 6.0}",ok,265,5,20,0.30943396226415087,0.046006195921787597,0.017111729263916301,0.25516649512307849,0.081998499998007901,0.00044259999413040003,,3.1299141155799144,0.99999999999999956,0.28924829616522252,,,spectral,kmeans_raw,0,0,[],"{""cluster_qr"": 3.124432246387009, ""kmeans_norm"": 3.124432246387009, ""kmeans_raw"": 3.1299141155799144}",,,,,,,,,,,,,
WebKB-Wisconsin,0,CONTENT_RELATION_8,,formal,,CA,{},ok,265,5,20,0.30943396226415087,0.046006195921787597,0.017111729263916301,0.25516649512307849,0.079924500008928506,0.00063180000870479997,,2.8635860016724521,0.99999999999999978,0.44244508440151009,,,spectral,kmeans_raw,0,0,[],"{""cluster_qr"": 2.8486129370014264, ""kmeans_norm"": 2.862600902699639, ""kmeans_raw"": 2.8635860016724517}",,,,,,,,,,,,,
WebKB-Wisconsin,0,CONTENT_RELATION_8,,formal,,LinearPair,"{""lambda"": 3.0}",ok,265,5,20,0.30943396226415087,0.046006195921787597,0.017111729263916301,0.25516649512307849,0.075664200005121501,0.00055550000979559999,,9.3688423354130403,2.6463824860427372,1.494519356697656,2.8620518929024069e-16,2.5353914360483856,spectral,kmeans_raw,0,0,[],"{""cluster_qr"": 6.286833800409294, ""kmeans_norm"": 9.33911834601474, ""kmeans_raw"": 9.368842335413039}",,,,,,,,,,,,,
WebKB-Wisconsin,0,CONTENT_RELATION_8,,formal,,PSF-CE,"{""lambda"": 0.665, ""q"": 0.72}",ok,265,5,20,0.30943396226415087,0.046006195921787597,0.017111729263916301,0.25516649512307849,0.0622975000005681,0.00064600000041530005,,4.3077143625452559,1.0024191746640931,0.76070734105511595,0.0027937331780760002,2.5407573896741802,spectral,kmeans_raw,0,0,[],"{""cluster_qr"": 4.299263909293832, ""kmeans_norm"": 4.304790322943424, ""kmeans_raw"": 4.307714362545256}",,,,,,,,,,,,,
WebKB-Wisconsin,0,CONTENT_RELATION_8,,formal,,Poly2,"{""eta"": 8.0}",ok,265,5,20,0.30943396226415087,0.046006195921787597,0.017111729263916301,0.25516649512307849,0.078409000008832594,0.00066800000786310001,,10.108996097545408,2.8601459258638537,1.6521142823025363,,,spectral,kmeans_raw,0,0,[],"{""cluster_qr"": 7.817203007277065, ""kmeans_norm"": 10.077431333165821, ""kmeans_raw"": 10.108996097545408}",,,,,,,,,,,,,
WebKB-Wisconsin,1,CONTENT_RELATION_8,,formal,,AggregatePower,"{""q_after"": 6.0}",ok,265,5,20,0.32452830188679238,0.038757879895774998,0.013388111630272899,0.26350290203029197,0.077239200007170397,0.00067229999694969999,,3.2723031871445114,1.000000000000002,0.4127179988767149,,,spectral,kmeans_raw,0,0,[],"{""cluster_qr"": 3.2685678345131115, ""kmeans_norm"": 3.2685678345131115, ""kmeans_raw"": 3.2723031871445114}",,,,,,,,,,,,,
WebKB-Wisconsin,1,CONTENT_RELATION_8,,formal,,CA,{},ok,265,5,20,0.32452830188679238,0.038757879895774998,0.013388111630272899,0.26350290203029197,0.080791200001840396,0.00068810000084339998,,2.8875949547711359,1.000000000000002,0.46579719616360682,,,spectral,kmeans_raw,0,0,[],"{""cluster_qr"": 2.8824931174436363, ""kmeans_norm"": 2.8824931174436363, ""kmeans_raw"": 2.887594954771136}",,,,,,,,,,,,,
WebKB-Wisconsin,1,CONTENT_RELATION_8,,formal,,LinearPair,"{""lambda"": 3.0}",ok,265,5,20,0.32452830188679238,0.038757879895774998,0.013388111630272899,0.26350290203029197,0.065838099995744401,0.00079050000931599998,,9.5793281293351633,2.5665648295171049,1.3207602965732912,1.7353854554891574e-16,2.551725984739396,spectral,kmeans_raw,0,0,[],"{""cluster_qr"": 7.447639126579002, ""kmeans_norm"": 9.558176982681585, ""kmeans_raw"": 9.579328129335163}",,,,,,,,,,,,,
WebKB-Wisconsin,1,CONTENT_RELATION_8,,formal,,PSF-CE,"{""lambda"": 0.665, ""q"": 0.72}",ok,265,5,20,0.32452830188679238,0.038757879895774998,0.013388111630272899,0.26350290203029197,0.066010399998049196,0.00071009999373920004,,4.370698842939162,1.000000000000002,0.81043603290104294,0.0029806765896320002,2.554452315250292,spectral,kmeans_raw,0,0,[],"{""cluster_qr"": 4.36211039546923, ""kmeans_norm"": 4.36211039546923, ""kmeans_raw"": 4.370698842939162}",,,,,,,,,,,,,
WebKB-Wisconsin,1,CONTENT_RELATION_8,,formal,,Poly2,"{""eta"": 8.0}",ok,265,5,20,0.32452830188679238,0.038757879895774998,0.013388111630272899,0.26350290203029197,0.078464699996402404,0.00067519998992789999,,10.28613259545148,2.7632870570431147,1.4617012842878869,,,spectral,kmeans_raw,0,0,[],"{""cluster_qr"": 8.399184716238313, ""kmeans_norm"": 10.263056396096694, ""kmeans_raw"": 10.28613259545148}",,,,,,,,,,,,,
WebKB-Wisconsin,2,CONTENT_RELATION_8,,formal,,AggregatePower,"{""q_after"": 6.0}",ok,265,5,20,0.3056603773584905,0.0360361469720126,0.0150311384133069,0.22641979813540281,0.072003199995378894,0.00066279999737159996,,3.0095630025196023,0.99999999999999956,0.27776474347388991,,,spectral,kmeans_raw,0,0,[],"{""cluster_qr"": 2.9765204133028393, ""kmeans_norm"": 2.9983956749856033, ""kmeans_raw"": 3.0095630025196023}",,,,,,,,,,,,,
WebKB-Wisconsin,2,CONTENT_RELATION_8,,formal,,CA,{},ok,265,5,20,0.3056603773584905,0.0360361469720126,0.0150311384133069,0.22641979813540281,0.080408299996634,0.00071290000050789996,,2.7535347468578801,0.99999999999999956,0.42906435596067999,,,spectral,kmeans_raw,0,0,[],"{""cluster_qr"": 2.740382331697362, ""kmeans_norm"": 2.74404996038664, ""kmeans_raw"": 2.7535347468578797}",,,,,,,,,,,,,
WebKB-Wisconsin,2,CONTENT_RELATION_8,,formal,,LinearPair,"{""lambda"": 3.0}",ok,265,5,20,0.3056603773584905,0.0360361469720126,0.0150311384133069,0.22641979813540281,0.080256200002622693,0.00073240000347139995,,8.8295205033758162,2.58100000860698,1.5470217532123005,1.8858714173031536e-16,2.605695577146439,spectral,kmeans_raw,0,0,[],"{""cluster_qr"": 6.6769703391677195, ""kmeans_norm"": 8.80583237669752, ""kmeans_raw"": 8.829520503375816}",,,,,,,,,,,,,
WebKB-Wisconsin,2,CONTENT_RELATION_8,,formal,,PSF-CE,"{""lambda"": 0.665, ""q"": 0.72}",ok,265,5,20,0.3056603773584905,0.0360361469720126,0.0150311384133069,0.24087712754316179,0.083490399993024697,0.00065739999990909999,,4.1041812747934436,0.99999999999999978,0.73386286884622509,0.0029664489981430999,2.6151137053800118,spectral,kmeans_raw,0,0,[],"{""cluster_qr"": 4.048684578293324, ""kmeans_norm"": 4.08693676068076, ""kmeans_raw"": 4.104181274793444}",,,,,,,,,,,,,
WebKB-Wisconsin,2,CONTENT_RELATION_8,,formal,,Poly2,"{""eta"": 8.0}",ok,265,5,20,0.3056603773584905,0.0360361469720126,0.0150311384133069,0.22641979813540281,0.070340599995688494,0.00071819999720900004,,9.3621994330096356,2.7340892728968602,1.6748713509691504,,,spectral,kmeans_raw,0,0,[],"{""cluster_qr"": 7.51943043908471, ""kmeans_norm"": 9.338627841633993, ""kmeans_raw"": 9.362199433009637}",,,,,,,,,,,,,
Wiki,1,TEXT_MV,,formal,,AggregatePower,"{""q_after"": 6.0}",ok,2866,10,20,0.52372644801116541,0.4341269840571107,0.31974510942419282,0.50915370739611154,0.58305859999381937,0.0067506999912438003,,3.1985759274435845,1.3621939725704899,0.060306336694807901,,,spectral,kmeans_raw,0,0,[],"{""cluster_qr"": 3.0870324999163063, ""kmeans_norm"": 3.1887877023441233, ""kmeans_raw"": 3.1985759274435845}",,,,,,,,,,,,,
Wiki,1,TEXT_MV,,formal,,CA,{},ok,2866,10,20,0.52372644801116541,0.4341269840571107,0.31974510942419282,0.50915370739611154,0.52352149999933317,0.0063268000085372001,,3.6238263426117561,0.99999999999999978,0.3172369935064342,,,spectral,kmeans_raw,0,0,[],"{""cluster_qr"": 3.352922398290589, ""kmeans_norm"": 3.5809137385686713, ""kmeans_raw"": 3.623826342611756}",,,,,,,,,,,,,
Wiki,1,TEXT_MV,,formal,,LinearPair,"{""lambda"": 3.0}",ok,2866,10,20,0.51605024424284718,0.45538151234930319,0.3168138700025136,0.49040202275353922,0.55911360000027344,0.0050163999985670003,,12.644429807371118,3.0375015286745159,1.0346278106721651,3.6982719672398456e-16,3.0757308808943185,spectral,kmeans_raw,0,0,[],"{""cluster_qr"": 10.829466483548085, ""kmeans_norm"": 12.173928145415696, ""kmeans_raw"": 12.644429807371118}",,,,,,,,,,,,,
Wiki,1,TEXT_MV,,formal,,PSF-CE,"{""lambda"": 0.665, ""q"": 0.72}",ok,2866,10,20,0.52128401953942782,0.43237707699651579,0.31707114656623248,0.50701775140671246,0.5284475999942515,0.0059143999969818997,,5.5900016343657972,1.0641793931409966,0.50072089462717206,0.0032838596257171999,3.1440705259808488,spectral,kmeans_raw,0,0,[],"{""cluster_qr"": 5.264939390451866, ""kmeans_norm"": 5.522534510755695, ""kmeans_raw"": 5.590001634365797}",,,,,,,,,,,,,
Wiki,1,TEXT_MV,,formal,,Poly2,"{""eta"": 8.0}",ok,2866,10,20,0.51605024424284718,0.45538151234930319,0.3168138700025136,0.49040202275353922,0.57363729999633506,0.0059107999986736,,12.144102640709768,2.8092529946713878,1.0256374563986863,,,spectral,kmeans_raw,0,0,[],"{""cluster_qr"": 9.204987873616977, ""kmeans_norm"": 11.676941797900902, ""kmeans_raw"": 12.144102640709768}",,,,,,,,,,,,,
Wiki,0,TEXT_MV,,formal,,AggregatePower,"{""q_after"": 6.0}",ok,2866,10,20,0.51186322400558271,0.43916891520519741,0.33870250567128851,0.47609483032720479,0.52140800000051968,0.0046564000076613999,,3.0839469100039545,1.4085118033462261,0.044146147151736599,,,spectral,kmeans_raw,0,0,[],"{""cluster_qr"": 2.921358682817635, ""kmeans_norm"": 3.0316991297164684, ""kmeans_raw"": 3.0839469100039545}",,,,,,,,,,,,,
Wiki,0,TEXT_MV,,formal,,CA,{},ok,2866,10,20,0.51186322400558271,0.43916891520519741,0.33870250567128851,0.47609483032720479,0.50673199999437202,0.005278199998429,,3.6379157389569543,1.0000000000000009,0.31109216506625031,,,spectral,kmeans_raw,0,0,[],"{""cluster_qr"": 3.241719426271062, ""kmeans_norm"": 3.5060270052952913, ""kmeans_raw"": 3.6379157389569547}",,,,,,,,,,,,,
Wiki,0,TEXT_MV,,formal,,LinearPair,"{""lambda"": 3.0}",ok,2866,10,20,0.49476622470341941,0.4611880413959909,0.3182860948598914,0.46788612465281632,0.63396869999996852,0.0049682999961078002,,12.818641755213276,3.1958822432309173,1.0192527737715948,3.5503841437017743e-16,2.9958514147940662,spectral,kmeans_raw,0,0,[],"{""cluster_qr"": 10.685014423174346, ""kmeans_norm"": 12.315341136152554, ""kmeans_raw"": 12.818641755213275}",,,,,,,,,,,,,
Wiki,0,TEXT_MV,,formal,,PSF-CE,"{""lambda"": 0.665, ""q"": 0.72}",ok,2866,10,20,0.5143056524773203,0.4445783816537095,0.34361623792998502,0.4786694630499076,0.59533150000788737,0.0049718000082065996,,5.6021969016260798,1.1141564841965683,0.4879022264654363,0.0034554598371522001,3.0675864565991597,spectral,kmeans_raw,0,0,[],"{""cluster_qr"": 5.321288764323511, ""kmeans_norm"": 5.393073028889891, ""kmeans_raw"": 5.60219690162608}",,,,,,,,,,,,,
Wiki,0,TEXT_MV,,formal,,Poly2,"{""eta"": 8.0}",ok,2866,10,20,0.49476622470341941,0.4611880413959909,0.3182860948598914,0.46788612465281632,0.65793709999707062,0.0059907999966525996,,12.524653156512391,3.0096290314878811,1.0290757058126652,,,spectral,kmeans_raw,0,0,[],"{""cluster_qr"": 10.030438901057826, ""kmeans_norm"": 12.019416045469656, ""kmeans_raw"": 12.524653156512391}",,,,,,,,,,,,,
Wiki,2,TEXT_MV,,formal,,AggregatePower,"{""q_after"": 6.0}",ok,2866,10,20,0.50418702023726447,0.43254561438469702,0.3335943163592191,0.48932124549660438,0.5632766999915475,0.0065590999874984004,,3.0725625443200624,1.3751934267777663,0.040760203039266599,,,spectral,kmeans_norm,0,0,[],"{""cluster_qr"": 2.976228185082203, ""kmeans_norm"": 3.0725625443200624, ""kmeans_raw"": 3.0724843470406835}",,,,,,,,,,,,,
Wiki,2,TEXT_MV,,formal,,CA,{},ok,2866,10,20,0.48220516399162588,0.42048377539274961,0.3113321232475354,0.47526631700496419,0.53149049999774434,0.0056888999970396001,,3.5299434925486137,1.0000000000000004,0.29581450902343309,,,spectral,kmeans_raw,0,0,[],"{""cluster_qr"": 3.362642160977403, ""kmeans_norm"": 3.5087370560636435, ""kmeans_raw"": 3.5299434925486137}",,,,,,,,,,,,,
Wiki,2,TEXT_MV,,formal,,LinearPair,"{""lambda"": 3.0}",ok,2866,10,20,0.48220516399162588,0.42048377539274961,0.3113321232475354,0.47526631700496419,0.62704400000802707,0.0060052000044379002,,12.134891009878046,3.062166444534153,1.0000000000000004,6.1271208731792377e-16,3.1279903562590388,spectral,kmeans_raw,0,0,[],"{""cluster_qr"": 11.102701167506446, ""kmeans_norm"": 12.067651731169017, ""kmeans_raw"": 12.134891009878046}",,,,,,,,,,,,,
Wiki,2,TEXT_MV,,formal,,PSF-CE,"{""lambda"": 0.665, ""q"": 0.72}",ok,2866,10,20,0.48046057222609911,0.41944748174911239,0.30993132812555801,0.4739146463706872,0.54048690000490751,0.0058671000006143004,,5.4380495726358893,1.0682614705318212,0.45883923898061918,0.0033505978248179998,3.2035511307962743,spectral,kmeans_raw,0,0,[],"{""cluster_qr"": 5.266590742411456, ""kmeans_norm"": 5.405775342471743, ""kmeans_raw"": 5.438049572635889}",,,,,,,,,,,,,
Wiki,2,TEXT_MV,,formal,,Poly2,"{""eta"": 8.0}",ok,2866,10,20,0.48220516399162588,0.42048377539274961,0.3113321232475354,0.47526631700496419,0.52323150000302121,0.0061874999955762004,,11.510996204527022,2.793813114004934,0.9958642990136316,,,spectral,kmeans_raw,0,0,[],"{""cluster_qr"": 10.07619773929322, ""kmeans_norm"": 11.444025577984984, ""kmeans_raw"": 11.510996204527022}",,,,,,,,,,,,,
Worm Neuron,0,BKCC_V2,,formal,,AggregatePower,"{""q_after"": 6.0}",ok,4186,10,20,0.35475394171046343,0.2623782797038145,0.065389787906900906,0.2882012580330901,0.3763321000005817,0.014689899995573699,,11.311197964500234,2.1075047914444647,0.68497640398367587,,,spectral,kmeans_raw,0,0,[],"{""cluster_qr"": 10.157961421682867, ""kmeans_norm"": 9.67371444716924, ""kmeans_raw"": 11.311197964500234}",,,,,,,,,,,,,
Worm Neuron,0,BKCC_V2,,formal,,CA,{},ok,4186,10,20,0.35475394171046343,0.2623782797038145,0.065389787906900906,0.2882012580330901,0.33537030000297818,0.015172200000961301,,8.5649618106214138,1.0000000000000024,0.80819938922786994,,,spectral,kmeans_raw,0,0,[],"{""cluster_qr"": 7.853891766347368, ""kmeans_norm"": 7.770112639571037, ""kmeans_raw"": 8.564961810621414}",,,,,,,,,,,,,
Worm Neuron,0,BKCC_V2,,formal,,LinearPair,"{""lambda"": 3.0}",ok,4186,10,20,0.35475394171046343,0.2623782797038145,0.065389787906900906,0.2882012580330901,0.34557089999725571,0.0163003999914508,,35.568098228688442,4.8552279392882989,3.3878934309265394,1.3353827969981447e-16,1.3634200935536731,spectral,kmeans_raw,0,0,[],"{""cluster_qr"": 26.52223527088311, ""kmeans_norm"": 27.975946056915596, ""kmeans_raw"": 35.56809822868844}",,,,,,,,,,,,,
Worm Neuron,0,BKCC_V2,,formal,,PSF-CE,"{""lambda"": 0.665, ""q"": 0.72}",ok,4186,10,20,0.35475394171046343,0.2623782797038145,0.065389787906900906,0.2882012580330901,0.36878219999198331,0.0146998999989591,,14.527893932650626,1.817710459411108,1.3696507564338689,0.00069075289562809999,1.3679990114281098,spectral,kmeans_raw,0,0,[],"{""cluster_qr"": 11.393706479479915, ""kmeans_norm"": 11.817172947447919, ""kmeans_raw"": 14.527893932650626}",,,,,,,,,,,,,
Worm Neuron,0,BKCC_V2,,formal,,Poly2,"{""eta"": 8.0}",ok,4186,10,20,0.35475394171046343,0.2623782797038145,0.065389787906900906,0.2882012580330901,0.31338409999443678,0.0125143000041134,,61.764730767530999,8.5748858347985735,5.9282207426391738,,,spectral,kmeans_raw,0,0,[],"{""cluster_qr"": 47.41538968369974, ""kmeans_norm"": 48.26520700773045, ""kmeans_raw"": 61.764730767531}",,,,,,,,,,,,,
Worm Neuron,1,BKCC_V2,,formal,,AggregatePower,"{""q_after"": 6.0}",ok,4186,10,20,0.35642618251313901,0.25608866478142822,0.059355359558387097,0.28655888958464759,0.32921719999285409,0.014815399990766301,,10.802454107264424,2.0538901163491192,0.61305487112429469,,,spectral,kmeans_raw,0,0,[],"{""cluster_qr"": 9.517965508900032, ""kmeans_norm"": 9.373566016207516, ""kmeans_raw"": 10.802454107264424}",,,,,,,,,,,,,
Worm Neuron,1,BKCC_V2,,formal,,CA,{},ok,4186,10,20,0.35642618251313901,0.25608866478142822,0.059355359558387097,0.28655888958464759,0.3307416000025114,0.0137876000080723,,8.4010315205997017,0.99999999999999956,0.7809938396989804,,,spectral,kmeans_raw,0,0,[],"{""cluster_qr"": 7.606120759065887, ""kmeans_norm"": 7.617389147380934, ""kmeans_raw"": 8.401031520599702}",,,,,,,,,,,,,
Worm Neuron,1,BKCC_V2,,formal,,LinearPair,"{""lambda"": 3.0}",ok,4186,10,20,0.35642618251313901,0.25608866478142822,0.059355359558387097,0.28655888958464759,0.35702470000251191,0.019430000000284001,,34.625088868787891,4.7584372002962185,3.2164802664294148,1.1476943963642288e-16,1.3924001337181771,spectral,kmeans_raw,0,0,[],"{""cluster_qr"": 24.77560737952054, ""kmeans_norm"": 25.270668129862692, ""kmeans_raw"": 34.62508886878789}",,,,,,,,,,,,,
Worm Neuron,1,BKCC_V2,,formal,,PSF-CE,"{""lambda"": 0.665, ""q"": 0.72}",ok,4186,10,20,0.3423315814620162,0.2278770611866768,0.048849132714980502,0.26079467506143938,0.32789810000394931,0.0183642000047257,,14.103479583674066,1.7866240885380231,1.3144506635875155,0.00065419032006069997,1.3974776039678081,spectral,kmeans_raw,0,0,[],"{""cluster_qr"": 11.02040447677876, ""kmeans_norm"": 10.928760622900647, ""kmeans_raw"": 14.103479583674066}",,,,,,,,,,,,,
Worm Neuron,1,BKCC_V2,,formal,,Poly2,"{""eta"": 8.0}",ok,4186,10,20,0.35642618251313901,0.25608866478142822,0.059355359558387097,0.28655888958464759,0.3456889000080991,0.0142723000026308,,59.073504050873801,8.256830074461039,5.5286412741742081,,,spectral,kmeans_raw,0,0,[],"{""cluster_qr"": 40.90422029129496, ""kmeans_norm"": 42.71979406215899, ""kmeans_raw"": 59.0735040508738}",,,,,,,,,,,,,
WikiCS,1,GRAPH_GEOMETRY_8,,formal,,AggregatePower,"{""q_after"": 6.0}",ok,11701,10,20,0.42722844201350307,0.3552948072270577,0.25389899543489741,0.2841948259567787,0.98187459999462601,0.0068019000027560996,,4.3895580529414291,1.1934504770806724,0.078866732050878602,,,spectral,kmeans_raw,0,0,[],"{""cluster_qr"": 4.344068823896617, ""kmeans_norm"": 4.3546402293227295, ""kmeans_raw"": 4.389558052941429}",,,,,,,,,,,,,
WikiCS,1,GRAPH_GEOMETRY_8,,formal,,CA,{},ok,11701,10,20,0.42722844201350307,0.3552948072270577,0.25389899543489741,0.2841948259567787,0.94809920000261638,0.0070969999942461998,,4.6538149571903089,0.99999999999999956,0.34966476900194932,,,spectral,kmeans_raw,0,0,[],"{""cluster_qr"": 4.510421535016255, ""kmeans_norm"": 4.575726596365537, ""kmeans_raw"": 4.653814957190309}",,,,,,,,,,,,,
WikiCS,1,GRAPH_GEOMETRY_8,,formal,,LinearPair,"{""lambda"": 3.0}",ok,11701,10,20,0.42722844201350307,0.3552948072270577,0.25389899543489741,0.2841948259567787,0.97243660000094678,0.0070081000012578,,16.844639309465638,2.8704546711142478,0.99999999999999956,5.3312462819983591e-16,2.6728879585954202,spectral,kmeans_raw,0,0,[],"{""cluster_qr"": 16.676874516576763, ""kmeans_norm"": 16.551149461626256, ""kmeans_raw"": 16.844639309465638}",,,,,,,,,,,,,
WikiCS,1,GRAPH_GEOMETRY_8,,formal,,PSF-CE,"{""lambda"": 0.665, ""q"": 0.72}",ok,11701,10,20,0.42714297923254418,0.3552513015325216,0.25385398166620649,0.28411188915263452,0.96486459999869123,0.0084170999907655,,7.3690649432310895,1.0471273162344119,0.55741924301494039,0.0032853216940356999,2.7040311711949343,spectral,kmeans_raw,0,0,[],"{""cluster_qr"": 7.29779646582169, ""kmeans_norm"": 7.243329939744797, ""kmeans_raw"": 7.3690649432310895}",,,,,,,,,,,,,
WikiCS,1,GRAPH_GEOMETRY_8,,formal,,Poly2,"{""eta"": 8.0}",ok,11701,10,20,0.42722844201350307,0.3552948072270577,0.25389899543489741,0.2841948259567787,0.95516500000667282,0.0093976000061956992,,17.669668009076762,2.9692671854085444,0.99999999999999956,,,spectral,kmeans_raw,0,0,[],"{""cluster_qr"": 17.41027948905291, ""kmeans_norm"": 17.356189181987826, ""kmeans_raw"": 17.669668009076762}",,,,,,,,,,,,,
WikiCS,0,GRAPH_GEOMETRY_8,,formal,,AggregatePower,"{""q_after"": 6.0}",ok,11701,10,20,0.45944791043500549,0.37149124572793307,0.25584963408030242,0.30450543401472269,1.0259504000132438,0.0077947000099811,,4.4865399816846185,1.1402461619469899,0.070225630834519895,,,spectral,kmeans_raw,0,0,[],"{""cluster_qr"": 4.463568099709816, ""kmeans_norm"": 4.457439512906218, ""kmeans_raw"": 4.4865399816846185}",,,,,,,,,,,,,
WikiCS,0,GRAPH_GEOMETRY_8,,formal,,CA,{},ok,11701,10,20,0.45944791043500549,0.37149124572793307,0.25584963408030242,0.30450543401472269,1.1061454000009689,0.0078801999916321992,,4.7312345760163845,1.0000000000000004,0.34748746020603072,,,spectral,kmeans_raw,0,0,[],"{""cluster_qr"": 4.5536137480018954, ""kmeans_norm"": 4.688651604936035, ""kmeans_raw"": 4.7312345760163845}",,,,,,,,,,,,,
WikiCS,0,GRAPH_GEOMETRY_8,,formal,,LinearPair,"{""lambda"": 3.0}",ok,11701,10,20,0.45944791043500549,0.37149124572793307,0.25584963408030242,0.30450543401472269,0.95255889999680221,0.0077343000011751003,,17.173167083010654,2.8545987517380254,1.0000000000000009,6.595313203357996e-16,2.6207277327439567,spectral,kmeans_raw,0,0,[],"{""cluster_qr"": 16.978771394539876, ""kmeans_norm"": 16.98917762082734, ""kmeans_raw"": 17.173167083010654}",,,,,,,,,,,,,
WikiCS,0,GRAPH_GEOMETRY_8,,formal,,PSF-CE,"{""lambda"": 0.665, ""q"": 0.72}",ok,11701,10,20,0.45961883599692333,0.37167290662180891,0.25608698149145731,0.30460508631400329,0.9584060000051976,0.0080996000033336998,,7.4978022763075618,1.0483722555446529,0.55352164438304252,0.0034953584878984999,2.6521404615488628,spectral,kmeans_raw,0,0,[],"{""cluster_qr"": 7.370063933169479, ""kmeans_norm"": 7.423925614427431, ""kmeans_raw"": 7.497802276307562}",,,,,,,,,,,,,
WikiCS,0,GRAPH_GEOMETRY_8,,formal,,Poly2,"{""eta"": 8.0}",ok,11701,10,20,0.45970429877788221,0.3711119323592984,0.2558318233601718,0.30463334819443089,0.92796439999074198,0.0083895999996457006,,18.250900265134341,2.9990268796024719,1.0425381872154669,,,spectral,kmeans_raw,0,0,[],"{""cluster_qr"": 16.52272576155725, ""kmeans_norm"": 16.927728594919095, ""kmeans_raw"": 18.25090026513434}",,,,,,,,,,,,,
Worm Neuron,2,BKCC_V2,,formal,,AggregatePower,"{""q_after"": 6.0}",ok,4186,10,20,0.33492594362159578,0.19416021321734969,0.0269173515997225,0.25640353849732672,0.35499659999914002,0.021568999989540299,,11.108973377043329,2.0667705646858354,0.67739562723021196,,,spectral,kmeans_raw,0,0,[],"{""cluster_qr"": 9.557229443448648, ""kmeans_norm"": 9.144406759257715, ""kmeans_raw"": 11.108973377043327}",,,,,,,,,,,,,
Worm Neuron,2,BKCC_V2,,formal,,CA,{},ok,4186,10,20,0.33492594362159578,0.19416021321734969,0.0269173515997225,0.25640353849732672,0.4105377999949269,0.022253299990552401,,8.0019077177358042,1,0.76673648231721236,,,spectral,kmeans_raw,0,0,[],"{""cluster_qr"": 7.337441813543327, ""kmeans_norm"": 7.2670430067144025, ""kmeans_raw"": 8.001907717735804}",,,,,,,,,,,,,
Worm Neuron,2,BKCC_V2,,formal,,LinearPair,"{""lambda"": 3.0}",ok,4186,10,20,0.3193979933110368,0.17182244511961839,0.021532396880905899,0.2342693124913014,0.3546305999916512,0.023180299991508901,,33.994181645794384,4.7419742473452589,3.0665277689338919,1.4434400674142806e-16,1.4993580311941133,spectral,kmeans_raw,0,0,[],"{""cluster_qr"": 24.639889286083772, ""kmeans_norm"": 25.17964132981658, ""kmeans_raw"": 33.994181645794384}",,,,,,,,,,,,,
Worm Neuron,2,BKCC_V2,,formal,,PSF-CE,"{""lambda"": 0.665, ""q"": 0.72}",ok,4186,10,20,0.3193979933110368,0.17182244511961839,0.021532396880905899,0.2342693124913014,0.39260960000683548,0.020172400007140798,,13.778567712328554,1.7633195760040996,1.2456836509823288,0.00055386920258329998,1.505107165759505,spectral,kmeans_raw,0,0,[],"{""cluster_qr"": 10.91124496455808, ""kmeans_norm"": 10.82310740690632, ""kmeans_raw"": 13.778567712328554}",,,,,,,,,,,,,
Worm Neuron,2,BKCC_V2,,formal,,Poly2,"{""eta"": 8.0}",ok,4186,10,20,0.3193979933110368,0.17182244511961839,0.021532396880905899,0.2342693124913014,0.3904535000037867,0.018561100005172099,,54.707505463753861,7.7446701910550386,4.9703479126504702,,,spectral,kmeans_raw,0,0,[],"{""cluster_qr"": 39.37105779230397, ""kmeans_norm"": 40.19913251038069, ""kmeans_raw"": 54.70750546375386}",,,,,,,,,,,,,
WikiCS,2,GRAPH_GEOMETRY_8,,formal,,AggregatePower,"{""q_after"": 6.0}",ok,11701,10,20,0.4020169216306298,0.33833275275948987,0.2338987584998771,0.2361561363873218,1.0210749999969266,0.0059365999914007001,,4.3527385394730089,1.1816964561683194,0.055206978496847303,,,spectral,kmeans_raw,0,0,[],"{""cluster_qr"": 4.316537232934986, ""kmeans_norm"": 4.128631482048489, ""kmeans_raw"": 4.352738539473009}",,,,,,,,,,,,,
WikiCS,2,GRAPH_GEOMETRY_8,,formal,,CA,{},ok,11701,10,20,0.4020169216306298,0.33833275275948987,0.2338987584998771,0.2361561363873218,1.0032358000025852,0.0084986000001662995,,4.6486570922771859,1.0000000000000024,0.3318100670802987,,,spectral,kmeans_raw,0,0,[],"{""cluster_qr"": 4.581591910316646, ""kmeans_norm"": 4.507406908331685, ""kmeans_raw"": 4.648657092277186}",,,,,,,,,,,,,
WikiCS,2,GRAPH_GEOMETRY_8,,formal,,LinearPair,"{""lambda"": 3.0}",ok,11701,10,20,0.4020169216306298,0.33833275275948987,0.2338987584998771,0.2361561363873218,1.0671070999960648,0.0087751999963074003,,16.763172891498698,2.8822998778328577,1.0000000000000024,9.8465332717061007e-16,2.6529553995637718,spectral,kmeans_raw,0,0,[],"{""cluster_qr"": 16.283725923474364, ""kmeans_norm"": 15.960544714860195, ""kmeans_raw"": 16.763172891498698}",,,,,,,,,,,,,
WikiCS,2,GRAPH_GEOMETRY_8,,formal,,PSF-CE,"{""lambda"": 0.665, ""q"": 0.72}",ok,11701,10,20,0.40252969831638319,0.33841546789410398,0.23406342522722551,0.23643421683012669,0.97820129999308836,0.0071291999920504003,,7.3424882771848257,1.0539913127868756,0.51898490707695732,0.0034465794149103998,2.687024435923782,spectral,kmeans_raw,0,0,[],"{""cluster_qr"": 6.981679245807392, ""kmeans_norm"": 7.236820788345565, ""kmeans_raw"": 7.3424882771848266}",,,,,,,,,,,,,
WikiCS,2,GRAPH_GEOMETRY_8,,formal,,Poly2,"{""eta"": 8.0}",ok,11701,10,20,0.44329544483377481,0.36439181285965,0.27687343357717109,0.29395911708100769,0.93219530000351358,0.0068039000034331998,,17.595422391306382,2.9984241121384372,1.087710768641357,,,spectral,kmeans_raw,0,0,[],"{""cluster_qr"": 16.148101165935525, ""kmeans_norm"": 16.821825070065856, ""kmeans_raw"": 17.595422391306382}",,,,,,,,,,,,,
CoraFull,1,GRAPH_GEOMETRY_8,,formal,,AggregatePower,"{""q_after"": 6.0}",ok,19793,70,20,0.3270853331986055,0.4830902500421097,0.21966114097647149,0.23839423623679121,38.092222799998126,0.7007006000058027,,25.842775370433795,1.8098210362317677,0.031635948678249898,,,spectral,kmeans_raw,0,0,[],"{""cluster_qr"": 25.48902534589065, ""kmeans_norm"": 23.200136342442708, ""kmeans_raw"": 25.842775370433795}",,,,,,,,,,,,,
CoraFull,1,GRAPH_GEOMETRY_8,,formal,,CA,{},ok,19793,70,20,0.3270853331986055,0.4830902500421097,0.21966114097647149,0.23839423623679121,38.952338499992038,0.61008879999280907,,29.680266043301845,1.0000000000000031,0.32075189084650102,,,spectral,kmeans_raw,0,0,[],"{""cluster_qr"": 28.850018130656764, ""kmeans_norm"": 27.194829344901507, ""kmeans_raw"": 29.680266043301845}",,,,,,,,,,,,,
CoraFull,1,GRAPH_GEOMETRY_8,,formal,,LinearPair,"{""lambda"": 3.0}",ok,19793,70,20,0.3270853331986055,0.4830902500421097,0.21966114097647149,0.23839423623679121,34.171064199996181,0.65143509999325033,,125.16855946191738,3.5364214732041881,1.0000000000000031,2.5780189508433024e-16,2.5222969607954622,spectral,kmeans_raw,0,0,[],"{""cluster_qr"": 122.40863322680333, ""kmeans_norm"": 112.82722022129728, ""kmeans_raw"": 125.16855946191738}",,,,,,,,,,,,,
CoraFull,1,GRAPH_GEOMETRY_8,,formal,,PSF-CE,"{""lambda"": 0.665, ""q"": 0.72}",ok,19793,70,20,0.3280957914414187,0.48567923340187419,0.2204079689585548,0.2404868187510045,32.742934900001273,0.666918099988834,,51.072135816017649,1.2461441761410439,0.47831210754114228,0.0012718583157605001,2.5619841002939103,spectral,kmeans_raw,0,0,[],"{""cluster_qr"": 49.703534368904656, ""kmeans_norm"": 46.72913976501226, ""kmeans_raw"": 51.07213581601765}",,,,,,,,,,,,,
CoraFull,1,GRAPH_GEOMETRY_8,,formal,,Poly2,"{""eta"": 8.0}",ok,19793,70,20,0.32688324155004289,0.48262395043228978,0.21915173620326581,0.23942446125617489,32.666354899993166,0.62476769999193493,,137.11307561695307,3.8009881620743982,1.1237646548963125,,,spectral,kmeans_raw,0,0,[],"{""cluster_qr"": 131.44511193451484, ""kmeans_norm"": 128.3563686810335, ""kmeans_raw"": 137.11307561695307}",,,,,,,,,,,,,
CoraFull,0,GRAPH_GEOMETRY_8,,formal,,AggregatePower,"{""q_after"": 6.0}",ok,19793,70,20,0.33173344111554592,0.48885083933315221,0.22877734250192369,0.2377441283572109,39.640400000003865,0.6759613000031095,,25.259237611324806,2.0160177527413343,0.0305873443195669,,,spectral,kmeans_raw,0,0,[],"{""cluster_qr"": 24.660335304711374, ""kmeans_norm"": 23.270565628875932, ""kmeans_raw"": 25.259237611324806}",,,,,,,,,,,,,
CoraFull,0,GRAPH_GEOMETRY_8,,formal,,CA,{},ok,19793,70,20,0.33173344111554592,0.48885083933315221,0.22877734250192369,0.2377441283572109,39.970734999995329,0.67159800000081304,,29.895752723162342,1.0000000000000022,0.32120834655306241,,,spectral,kmeans_raw,0,0,[],"{""cluster_qr"": 28.774773659502376, ""kmeans_norm"": 27.229800787332636, ""kmeans_raw"": 29.895752723162342}",,,,,,,,,,,,,
CoraFull,0,GRAPH_GEOMETRY_8,,formal,,LinearPair,"{""lambda"": 3.0}",ok,19793,70,20,0.33173344111554592,0.48885083933315221,0.22877734250192369,0.2377441283572109,37.295560200000182,0.6565198999887798,,125.64843823632748,3.6992701514722559,1.0000000000000018,2.1313614781366406e-16,2.5150546979783819,spectral,kmeans_raw,0,0,[],"{""cluster_qr"": 121.17604816270662, ""kmeans_norm"": 113.56975479827943, ""kmeans_raw"": 125.64843823632748}",,,,,,,,,,,,,
CoraFull,0,GRAPH_GEOMETRY_8,,formal,,PSF-CE,"{""lambda"": 0.665, ""q"": 0.72}",ok,19793,70,20,0.33355226595260951,0.48596883394143681,0.23123226983292311,0.24264779397913869,37.49584830000822,0.65258239999820944,,50.962603675415991,1.2884718855061992,0.46935947393403449,0.0012472161520602999,2.5486264689138252,spectral,kmeans_raw,0,0,[],"{""cluster_qr"": 49.411752450105595, ""kmeans_norm"": 47.12512781352272, ""kmeans_raw"": 50.96260367541599}",,,,,,,,,,,,,
CoraFull,0,GRAPH_GEOMETRY_8,,formal,,Poly2,"{""eta"": 8.0}",ok,19793,70,20,0.33193553276410848,0.4888144811452142,0.22883465699506861,0.23791422985216801,32.203892000004998,0.62277159999939613,,137.90067373494901,3.979692805026577,1.0684372629702921,,,spectral,kmeans_raw,0,0,[],"{""cluster_qr"": 132.55558830918812, ""kmeans_norm"": 124.97893675497653, ""kmeans_raw"": 137.900673734949}",,,,,,,,,,,,,
CoraFull,2,GRAPH_GEOMETRY_8,,formal,,AggregatePower,"{""q_after"": 6.0}",ok,19793,70,20,0.33668468650533018,0.48860705396787668,0.23397644787232921,0.24586862218305899,33.675796299998183,0.64048249999177642,,25.180856637798627,1.9866879977386305,0.033025318702558197,,,spectral,kmeans_raw,0,0,[],"{""cluster_qr"": 24.868451514139053, ""kmeans_norm"": 23.546404617400185, ""kmeans_raw"": 25.180856637798627}",,,,,,,,,,,,,
CoraFull,2,GRAPH_GEOMETRY_8,,formal,,CA,{},ok,19793,70,20,0.33668468650533018,0.48860705396787668,0.23397644787232921,0.24586862218305899,31.729828700001235,0.62324139999691397,,29.534257166414669,0.99999999999999956,0.32416175141497278,,,spectral,kmeans_raw,0,0,[],"{""cluster_qr"": 28.852523686571253, ""kmeans_norm"": 27.360342571295167, ""kmeans_raw"": 29.53425716641467}",,,,,,,,,,,,,
CoraFull,2,GRAPH_GEOMETRY_8,,formal,,LinearPair,"{""lambda"": 3.0}",ok,19793,70,20,0.34148436315869241,0.4930244691622504,0.235312415096463,0.25003134183721049,30.246242199995319,0.62645979999797419,,125.02201372082072,3.6737719579798007,1.0202424443289899,1.4527454354246528e-16,2.5290733543067558,spectral,kmeans_raw,0,0,[],"{""cluster_qr"": 121.73613673970986, ""kmeans_norm"": 116.75458283744875, ""kmeans_raw"": 125.02201372082072}",,,,,,,,,,,,,
CoraFull,2,GRAPH_GEOMETRY_8,,formal,,PSF-CE,"{""lambda"": 0.665, ""q"": 0.72}",ok,19793,70,20,0.34006972161875409,0.4926099444297552,0.23489402960799849,0.24889833664827249,24.143265199993039,0.57788669998990372,,50.89173112156157,1.2801395197120804,0.4746839787537937,0.0012293642339466001,2.5619823558867481,spectral,kmeans_raw,0,0,[],"{""cluster_qr"": 49.42197803951164, ""kmeans_norm"": 46.598309159391874, ""kmeans_raw"": 50.89173112156157}",,,,,,,,,,,,,
CoraFull,2,GRAPH_GEOMETRY_8,,formal,,Poly2,"{""eta"": 8.0}",ok,19793,70,20,0.34148436315869241,0.4930244691622504,0.235312415096463,0.25003134183721049,23.391718899991247,0.53290239999478217,,136.6679788955268,3.935545558813192,1.1501317671532032,,,spectral,kmeans_raw,0,0,[],"{""cluster_qr"": 130.02135244237684, ""kmeans_norm"": 127.65970045845498, ""kmeans_raw"": 136.6679788955268}",,,,,,,,,,,,,
100Leaves,1,MULTI_RELATION_7,,formal,,CEHM,{},ok,1600,100,20,0.71750000000000003,0.90876333584696245,0.64873048382341525,0.66054347941454383,34.397453800003859,,,,,,,,,,,,,,,,matlab,https://github.com/FeijiangLi/Code-k-HyperEdge-Medoids-for-Clustering-Ensemble-AAAI.git,29c22fb18e05eed67728eebcb29cd7e9133723f7,2026-09-14,NOASSERTION,a2a8276aaeb36f4edf5f20ced589800009568a0c73416d89e27450eece816779,44136fa355b3678a1146ad16f7e8649e94fb4fc21fe77e8310c060f61caaff8a,False,results\cache\official_baselines\CEHM\100Leaves__pool1__b3d4ac39b5e7413ab7becbc68c1a2eb8e7bea66e41842761a8e0356f633ffd2d.npz,"{""details"": {""entrypoint"": ""CEHM"", ""input"": ""frozen_base_parts"", ""variant"": ""published""}, ""method"": ""CEHM"", ""schema"": ""psfce-v4-matlab-adapter-v1""}",v1
100Leaves,1,MULTI_RELATION_7,,formal,,RANGE,"{""alpha"": 0.8, ""anchor_offset"": 0, ""fuzzy_threshold"": 0.8, ""kmeans_replicates"": 3, ""lambda"": 0.1}",ok,1600,100,20,0.81000000000000005,0.91286382966379243,0.74376986896177411,0.79885576152443194,116.68956659999094,,,,,,,,,,,,,,,,matlab,https://github.com/middle258/RANGE.git,85d93c54d72d500034d05b5ef131bd90630a3632,2026-09-14,NOASSERTION,a2a8276aaeb36f4edf5f20ced589800009568a0c73416d89e27450eece816779,768290a1f1c2f63f8babf657f4e5e2b4da610a7bbda77136d410d91af83ab12a,False,results\cache\official_baselines\RANGE\100Leaves__pool1__69b9674324531c92830039a0b646d13877fdcf0238141ff10ac0766d20c385e1.npz,"{""details"": {""alpha"": 0.8, ""anchor_offset"": 0, ""entrypoint"": ""HFES+solve_RANGE"", ""fuzzy_threshold"": 0.8, ""input"": ""frozen_base_parts"", ""kmeans_replicates"": 3, ""lambda"": 0.1}, ""method"": ""RANGE"", ""schema"": ""psfce-v4-matlab-adapter-v1""}",v1
100Leaves,1,MULTI_RELATION_7,,formal,,YACHT,"{""alpha"": 0.99, ""anchor_offset"": 2, ""kmeans_replicates"": 3, ""theta"": 0.4, ""walk_order"": 20}",ok,1600,100,20,0.82374999999999998,0.92252156176279843,0.76784627810950157,0.81331993438392869,37.524972100000014,,,,,,,,,,,,,,,,matlab,https://github.com/scu-kdde/YACHT.git,44cb0fc35b80ec17befa199879ac947fee15f464,2026-09-14,NOASSERTION,a2a8276aaeb36f4edf5f20ced589800009568a0c73416d89e27450eece816779,62deb2b66b54ab18491847bd2cca81e375344bea0ab840d0da429a98100a165b,False,results\cache\official_baselines\YACHT\100Leaves__pool1__0a03f314b75227f91f8b53f0e16d4994415826f088886b5c88af17c2b07bd2d0.npz,"{""details"": {""alpha"": 0.99, ""anchor_offset"": 2, ""compatibility_patch"": ""paper walk order is parameterized; repository helper hard-codes 10"", ""entrypoint"": ""solve_YACHT"", ""input"": ""frozen_base_parts"", ""kmeans_replicates"": 3, ""theta"": 0.4, ""walk_order"": 20}, ""method"": ""YACHT"", ""schema"": ""psfce-v4-matlab-adapter-v1""}",v1
100Leaves,0,MULTI_RELATION_7,,formal,,CEHM,{},ok,1600,100,20,0.75749999999999995,0.91916339011206416,0.68743966730791317,0.70862713402142874,34.471993500003009,,,,,,,,,,,,,,,,matlab,https://github.com/FeijiangLi/Code-k-HyperEdge-Medoids-for-Clustering-Ensemble-AAAI.git,29c22fb18e05eed67728eebcb29cd7e9133723f7,2026-09-14,NOASSERTION,95403c7b37e347aab6b29b87515ec42dfbf1c5b7ab13383a19dd47dd02031b2a,44136fa355b3678a1146ad16f7e8649e94fb4fc21fe77e8310c060f61caaff8a,False,results\cache\official_baselines\CEHM\100Leaves__pool0__b284e364a108570da95c5f476f6f12aec72817c290844e89ea8e52247ea884e6.npz,"{""details"": {""entrypoint"": ""CEHM"", ""input"": ""frozen_base_parts"", ""variant"": ""published""}, ""method"": ""CEHM"", ""schema"": ""psfce-v4-matlab-adapter-v1""}",v1
100Leaves,0,MULTI_RELATION_7,,formal,,RANGE,"{""alpha"": 0.8, ""anchor_offset"": 0, ""fuzzy_threshold"": 0.8, ""kmeans_replicates"": 3, ""lambda"": 0.1}",ok,1600,100,20,0.82187500000000002,0.92341730882583684,0.76704519396898707,0.80619457334901656,116.74473769999167,,,,,,,,,,,,,,,,matlab,https://github.com/middle258/RANGE.git,85d93c54d72d500034d05b5ef131bd90630a3632,2026-09-14,NOASSERTION,95403c7b37e347aab6b29b87515ec42dfbf1c5b7ab13383a19dd47dd02031b2a,768290a1f1c2f63f8babf657f4e5e2b4da610a7bbda77136d410d91af83ab12a,False,results\cache\official_baselines\RANGE\100Leaves__pool0__ed4001eb7aff6e5cb667e6ac851c01cb9682111cfc61345e9942810d60b665d9.npz,"{""details"": {""alpha"": 0.8, ""anchor_offset"": 0, ""entrypoint"": ""HFES+solve_RANGE"", ""fuzzy_threshold"": 0.8, ""input"": ""frozen_base_parts"", ""kmeans_replicates"": 3, ""lambda"": 0.1}, ""method"": ""RANGE"", ""schema"": ""psfce-v4-matlab-adapter-v1""}",v1
100Leaves,0,MULTI_RELATION_7,,formal,,YACHT,"{""alpha"": 0.99, ""anchor_offset"": 2, ""kmeans_replicates"": 3, ""theta"": 0.4, ""walk_order"": 20}",ok,1600,100,20,0.83750000000000002,0.92430763844728936,0.77640575162686398,0.82388288237059104,37.560663700001896,,,,,,,,,,,,,,,,matlab,https://github.com/scu-kdde/YACHT.git,44cb0fc35b80ec17befa199879ac947fee15f464,2026-09-14,NOASSERTION,95403c7b37e347aab6b29b87515ec42dfbf1c5b7ab13383a19dd47dd02031b2a,62deb2b66b54ab18491847bd2cca81e375344bea0ab840d0da429a98100a165b,False,results\cache\official_baselines\YACHT\100Leaves__pool0__f0ee355dc4c2089a633743015401a2b0e2b31bf6b0ae3c3f33d721caaf81064c.npz,"{""details"": {""alpha"": 0.99, ""anchor_offset"": 2, ""compatibility_patch"": ""paper walk order is parameterized; repository helper hard-codes 10"", ""entrypoint"": ""solve_YACHT"", ""input"": ""frozen_base_parts"", ""kmeans_replicates"": 3, ""theta"": 0.4, ""walk_order"": 20}, ""method"": ""YACHT"", ""schema"": ""psfce-v4-matlab-adapter-v1""}",v1
100Leaves,2,MULTI_RELATION_7,,formal,,CEHM,{},ok,1600,100,20,0.77625,0.92194181483385917,0.71544593066282214,0.72774046707877349,38.877848200005246,,,,,,,,,,,,,,,,matlab,https://github.com/FeijiangLi/Code-k-HyperEdge-Medoids-for-Clustering-Ensemble-AAAI.git,29c22fb18e05eed67728eebcb29cd7e9133723f7,2026-09-14,NOASSERTION,94e363d4d59e44369c58a104a40610f285ca47a0414b4fe12433184dd000db43,44136fa355b3678a1146ad16f7e8649e94fb4fc21fe77e8310c060f61caaff8a,False,results\cache\official_baselines\CEHM\100Leaves__pool2__6b7314063811fca070cac40fa7b394f0e3ce66a9ff35c340d15389f965163bbd.npz,"{""details"": {""entrypoint"": ""CEHM"", ""input"": ""frozen_base_parts"", ""variant"": ""published""}, ""method"": ""CEHM"", ""schema"": ""psfce-v4-matlab-adapter-v1""}",v1
100Leaves,2,MULTI_RELATION_7,,formal,,RANGE,"{""alpha"": 0.8, ""anchor_offset"": 0, ""fuzzy_threshold"": 0.8, ""kmeans_replicates"": 3, ""lambda"": 0.1}",ok,1600,100,20,0.85250000000000004,0.93552094703540722,0.80669702536302534,0.83853453946791401,113.84909530000004,,,,,,,,,,,,,,,,matlab,https://github.com/middle258/RANGE.git,85d93c54d72d500034d05b5ef131bd90630a3632,2026-09-14,NOASSERTION,94e363d4d59e44369c58a104a40610f285ca47a0414b4fe12433184dd000db43,768290a1f1c2f63f8babf657f4e5e2b4da610a7bbda77136d410d91af83ab12a,False,results\cache\official_baselines\RANGE\100Leaves__pool2__dae440c2b166a8deb25d469ca67decd56bc9c114311ef1e604aa98e824eb0eb4.npz,"{""details"": {""alpha"": 0.8, ""anchor_offset"": 0, ""entrypoint"": ""HFES+solve_RANGE"", ""fuzzy_threshold"": 0.8, ""input"": ""frozen_base_parts"", ""kmeans_replicates"": 3, ""lambda"": 0.1}, ""method"": ""RANGE"", ""schema"": ""psfce-v4-matlab-adapter-v1""}",v1
100Leaves,2,MULTI_RELATION_7,,formal,,YACHT,"{""alpha"": 0.99, ""anchor_offset"": 2, ""kmeans_replicates"": 3, ""theta"": 0.4, ""walk_order"": 20}",ok,1600,100,20,0.82937499999999997,0.92463207595878283,0.77449846042632919,0.80978982504312014,36.467578600000707,,,,,,,,,,,,,,,,matlab,https://github.com/scu-kdde/YACHT.git,44cb0fc35b80ec17befa199879ac947fee15f464,2026-09-14,NOASSERTION,94e363d4d59e44369c58a104a40610f285ca47a0414b4fe12433184dd000db43,62deb2b66b54ab18491847bd2cca81e375344bea0ab840d0da429a98100a165b,False,results\cache\official_baselines\YACHT\100Leaves__pool2__9e20b4daf7b16f2dbca2dd7a2c54c38dc307ce2bfa97fb1bd4f953d42975064d.npz,"{""details"": {""alpha"": 0.99, ""anchor_offset"": 2, ""compatibility_patch"": ""paper walk order is parameterized; repository helper hard-codes 10"", ""entrypoint"": ""solve_YACHT"", ""input"": ""frozen_base_parts"", ""kmeans_replicates"": 3, ""theta"": 0.4, ""walk_order"": 20}, ""method"": ""YACHT"", ""schema"": ""psfce-v4-matlab-adapter-v1""}",v1
10X PBMC,1,BKCC_V2,,formal,,CEHM,{},ok,4271,8,20,0.46593303675954101,0.43263707398441559,0.22861238534688419,0.1682564534654627,13.472505199999432,,,,,,,,,,,,,,,,matlab,https://github.com/FeijiangLi/Code-k-HyperEdge-Medoids-for-Clustering-Ensemble-AAAI.git,29c22fb18e05eed67728eebcb29cd7e9133723f7,2026-09-14,NOASSERTION,0abccd7b02b28a0a269a080cc1a9b8a7ca43e753b76702d7409a2d78546e2b89,44136fa355b3678a1146ad16f7e8649e94fb4fc21fe77e8310c060f61caaff8a,False,results\cache\official_baselines\CEHM\10X_PBMC__pool1__560c5bc01720de8a9d116267d4de19df3c22071e96959f7f5d3ed5cbf24951f6.npz,"{""details"": {""entrypoint"": ""CEHM"", ""input"": ""frozen_base_parts"", ""variant"": ""published""}, ""method"": ""CEHM"", ""schema"": ""psfce-v4-matlab-adapter-v1""}",v1
10X PBMC,1,BKCC_V2,,formal,,RANGE,"{""alpha"": 0.8, ""anchor_offset"": 0, ""fuzzy_threshold"": 0.8, ""kmeans_replicates"": 3, ""lambda"": 0.1}",ok,4271,8,20,0.76797003043783663,0.76887871054026902,0.7848080038923676,0.65486007441872029,15.990684999997027,,,,,,,,,,,,,,,,matlab,https://github.com/middle258/RANGE.git,85d93c54d72d500034d05b5ef131bd90630a3632,2026-09-14,NOASSERTION,0abccd7b02b28a0a269a080cc1a9b8a7ca43e753b76702d7409a2d78546e2b89,768290a1f1c2f63f8babf657f4e5e2b4da610a7bbda77136d410d91af83ab12a,False,results\cache\official_baselines\RANGE\10X_PBMC__pool1__a4d0aacf9bc30cb20313f114028806195d0cbd80c5a66cba4cd8dd418ae2db29.npz,"{""details"": {""alpha"": 0.8, ""anchor_offset"": 0, ""entrypoint"": ""HFES+solve_RANGE"", ""fuzzy_threshold"": 0.8, ""input"": ""frozen_base_parts"", ""kmeans_replicates"": 3, ""lambda"": 0.1}, ""method"": ""RANGE"", ""schema"": ""psfce-v4-matlab-adapter-v1""}",v1
10X PBMC,1,BKCC_V2,,formal,,YACHT,"{""alpha"": 0.99, ""anchor_offset"": 2, ""kmeans_replicates"": 3, ""theta"": 0.4, ""walk_order"": 20}",ok,4271,8,20,0.69538749707328495,0.64737763844410412,0.6455669553976453,0.61550527182376025,19.95830090000527,,,,,,,,,,,,,,,,matlab,https://github.com/scu-kdde/YACHT.git,44cb0fc35b80ec17befa199879ac947fee15f464,2026-09-14,NOASSERTION,0abccd7b02b28a0a269a080cc1a9b8a7ca43e753b76702d7409a2d78546e2b89,62deb2b66b54ab18491847bd2cca81e375344bea0ab840d0da429a98100a165b,False,results\cache\official_baselines\YACHT\10X_PBMC__pool1__d2ea411b899f510a0ded57583cfa611e1a1a376259ce5e3f53d9710ffd3bf995.npz,"{""details"": {""alpha"": 0.99, ""anchor_offset"": 2, ""compatibility_patch"": ""paper walk order is parameterized; repository helper hard-codes 10"", ""entrypoint"": ""solve_YACHT"", ""input"": ""frozen_base_parts"", ""kmeans_replicates"": 3, ""theta"": 0.4, ""walk_order"": 20}, ""method"": ""YACHT"", ""schema"": ""psfce-v4-matlab-adapter-v1""}",v1
10X PBMC,2,BKCC_V2,,formal,,CEHM,{},ok,4271,8,20,0.5778506204635917,0.60827343812539336,0.42355226376610378,0.3056229624465237,13.083647699997528,,,,,,,,,,,,,,,,matlab,https://github.com/FeijiangLi/Code-k-HyperEdge-Medoids-for-Clustering-Ensemble-AAAI.git,29c22fb18e05eed67728eebcb29cd7e9133723f7,2026-09-14,NOASSERTION,5d285b3cefdc0bea5fb2ae725d2d119738605d1307a9bc40c65019906db34e89,44136fa355b3678a1146ad16f7e8649e94fb4fc21fe77e8310c060f61caaff8a,False,results\cache\official_baselines\CEHM\10X_PBMC__pool2__8e7683fcf52cccb50789d517ba3974e73313eae0c58cf2074d9fbcb4f21f5e23.npz,"{""details"": {""entrypoint"": ""CEHM"", ""input"": ""frozen_base_parts"", ""variant"": ""published""}, ""method"": ""CEHM"", ""schema"": ""psfce-v4-matlab-adapter-v1""}",v1
10X PBMC,2,BKCC_V2,,formal,,RANGE,"{""alpha"": 0.8, ""anchor_offset"": 0, ""fuzzy_threshold"": 0.8, ""kmeans_replicates"": 3, ""lambda"": 0.1}",ok,4271,8,20,0.75368766096932804,0.75605659401543523,0.74769033599752954,0.6239494151899998,15.727597400007651,,,,,,,,,,,,,,,,matlab,https://github.com/middle258/RANGE.git,85d93c54d72d500034d05b5ef131bd90630a3632,2026-09-14,NOASSERTION,5d285b3cefdc0bea5fb2ae725d2d119738605d1307a9bc40c65019906db34e89,768290a1f1c2f63f8babf657f4e5e2b4da610a7bbda77136d410d91af83ab12a,False,results\cache\official_baselines\RANGE\10X_PBMC__pool2__45097e40e3491c4e7cad4a4e16ced0c0e05fa6d899e5c0ef080114708140d065.npz,"{""details"": {""alpha"": 0.8, ""anchor_offset"": 0, ""entrypoint"": ""HFES+solve_RANGE"", ""fuzzy_threshold"": 0.8, ""input"": ""frozen_base_parts"", ""kmeans_replicates"": 3, ""lambda"": 0.1}, ""method"": ""RANGE"", ""schema"": ""psfce-v4-matlab-adapter-v1""}",v1
10X PBMC,2,BKCC_V2,,formal,,YACHT,"{""alpha"": 0.99, ""anchor_offset"": 2, ""kmeans_replicates"": 3, ""theta"": 0.4, ""walk_order"": 20}",ok,4271,8,20,0.77710138140950602,0.73594793842111039,0.72748524312936735,0.68378144887002201,21.335017100005643,,,,,,,,,,,,,,,,matlab,https://github.com/scu-kdde/YACHT.git,44cb0fc35b80ec17befa199879ac947fee15f464,2026-09-14,NOASSERTION,5d285b3cefdc0bea5fb2ae725d2d119738605d1307a9bc40c65019906db34e89,62deb2b66b54ab18491847bd2cca81e375344bea0ab840d0da429a98100a165b,False,results\cache\official_baselines\YACHT\10X_PBMC__pool2__3d9884fd7de727573128c2c4b9907f90a4bbc5cb00e5ebda7d0848c33e3bd23e.npz,"{""details"": {""alpha"": 0.99, ""anchor_offset"": 2, ""compatibility_patch"": ""paper walk order is parameterized; repository helper hard-codes 10"", ""entrypoint"": ""solve_YACHT"", ""input"": ""frozen_base_parts"", ""kmeans_replicates"": 3, ""theta"": 0.4, ""walk_order"": 20}, ""method"": ""YACHT"", ""schema"": ""psfce-v4-matlab-adapter-v1""}",v1
10X PBMC,0,BKCC_V2,,formal,,CEHM,{},ok,4271,8,20,0.49637087333177238,0.4884270070109849,0.24735230196076949,0.30113252611554647,15.559340799998608,,,,,,,,,,,,,,,,matlab,https://github.com/FeijiangLi/Code-k-HyperEdge-Medoids-for-Clustering-Ensemble-AAAI.git,29c22fb18e05eed67728eebcb29cd7e9133723f7,2026-09-14,NOASSERTION,04b86e92dac88ad430df5c378effe9ecaa3e03d0acd536aa97a6ca5d70ad04fd,44136fa355b3678a1146ad16f7e8649e94fb4fc21fe77e8310c060f61caaff8a,False,results\cache\official_baselines\CEHM\10X_PBMC__pool0__6fde1cfad47fea6ab2f6dca0abffcdcf14838ecee95b21aadc58e1421c5e8c26.npz,"{""details"": {""entrypoint"": ""CEHM"", ""input"": ""frozen_base_parts"", ""variant"": ""published""}, ""method"": ""CEHM"", ""schema"": ""psfce-v4-matlab-adapter-v1""}",v1
10X PBMC,0,BKCC_V2,,formal,,RANGE,"{""alpha"": 0.8, ""anchor_offset"": 0, ""fuzzy_threshold"": 0.8, ""kmeans_replicates"": 3, ""lambda"": 0.1}",ok,4271,8,20,0.82486537110746894,0.79292837783595005,0.79946328012620937,0.76248224452673607,15.163037500009525,,,,,,,,,,,,,,,,matlab,https://github.com/middle258/RANGE.git,85d93c54d72d500034d05b5ef131bd90630a3632,2026-09-14,NOASSERTION,04b86e92dac88ad430df5c378effe9ecaa3e03d0acd536aa97a6ca5d70ad04fd,768290a1f1c2f63f8babf657f4e5e2b4da610a7bbda77136d410d91af83ab12a,False,results\cache\official_baselines\RANGE\10X_PBMC__pool0__75a7cc4a3131b6c61a90f47ab359a293ebe5f61e7244624bcf977610d2c96942.npz,"{""details"": {""alpha"": 0.8, ""anchor_offset"": 0, ""entrypoint"": ""HFES+solve_RANGE"", ""fuzzy_threshold"": 0.8, ""input"": ""frozen_base_parts"", ""kmeans_replicates"": 3, ""lambda"": 0.1}, ""method"": ""RANGE"", ""schema"": ""psfce-v4-matlab-adapter-v1""}",v1
10X PBMC,0,BKCC_V2,,formal,,YACHT,"{""alpha"": 0.99, ""anchor_offset"": 2, ""kmeans_replicates"": 3, ""theta"": 0.4, ""walk_order"": 20}",ok,4271,8,20,0.63638492156403648,0.59853721940365634,0.58470417106941852,0.52047183655530094,21.190722200000891,,,,,,,,,,,,,,,,matlab,https://github.com/scu-kdde/YACHT.git,44cb0fc35b80ec17befa199879ac947fee15f464,2026-09-14,NOASSERTION,04b86e92dac88ad430df5c378effe9ecaa3e03d0acd536aa97a6ca5d70ad04fd,62deb2b66b54ab18491847bd2cca81e375344bea0ab840d0da429a98100a165b,False,results\cache\official_baselines\YACHT\10X_PBMC__pool0__22689b2ef98c33a1b0048fbfa336a3a6f602afe6eb99bc013e93c6dd21eb2672.npz,"{""details"": {""alpha"": 0.99, ""anchor_offset"": 2, ""compatibility_patch"": ""paper walk order is parameterized; repository helper hard-codes 10"", ""entrypoint"": ""solve_YACHT"", ""input"": ""frozen_base_parts"", ""kmeans_replicates"": 3, ""theta"": 0.4, ""walk_order"": 20}, ""method"": ""YACHT"", ""schema"": ""psfce-v4-matlab-adapter-v1""}",v1
11_Tumors,0,NEW10,,formal,,CEHM,{},ok,174,11,20,0.55172413793103448,0.60597060839028039,0.35229945273537788,0.43467803086588191,11.8764269999956,,,,,,,,,,,,,,,,matlab,https://github.com/FeijiangLi/Code-k-HyperEdge-Medoids-for-Clustering-Ensemble-AAAI.git,29c22fb18e05eed67728eebcb29cd7e9133723f7,2026-09-14,NOASSERTION,0bfc6ef76987abd279c8566686e069cc09393efd8d3253aaabae3c2f73190315,44136fa355b3678a1146ad16f7e8649e94fb4fc21fe77e8310c060f61caaff8a,False,results\cache\official_baselines\CEHM\11_Tumors__pool0__d5e2fd488451644608fc06cd13834e226581fc1a6c26f9521822b88bb61b7cee.npz,"{""details"": {""entrypoint"": ""CEHM"", ""input"": ""frozen_base_parts"", ""variant"": ""published""}, ""method"": ""CEHM"", ""schema"": ""psfce-v4-matlab-adapter-v1""}",v1
11_Tumors,0,NEW10,,formal,,RANGE,"{""alpha"": 0.8, ""anchor_offset"": 0, ""fuzzy_threshold"": 0.8, ""kmeans_replicates"": 3, ""lambda"": 0.1}",ok,174,11,20,0.64942528735632188,0.64418537836648182,0.50569917122795072,0.60929801982433551,12.715114000005997,,,,,,,,,,,,,,,,matlab,https://github.com/middle258/RANGE.git,85d93c54d72d500034d05b5ef131bd90630a3632,2026-09-14,NOASSERTION,0bfc6ef76987abd279c8566686e069cc09393efd8d3253aaabae3c2f73190315,768290a1f1c2f63f8babf657f4e5e2b4da610a7bbda77136d410d91af83ab12a,False,results\cache\official_baselines\RANGE\11_Tumors__pool0__f424e07e2ca299295f01622cf19989ec1f9a7a8df526397c32062c55310ebeab.npz,"{""details"": {""alpha"": 0.8, ""anchor_offset"": 0, ""entrypoint"": ""HFES+solve_RANGE"", ""fuzzy_threshold"": 0.8, ""input"": ""frozen_base_parts"", ""kmeans_replicates"": 3, ""lambda"": 0.1}, ""method"": ""RANGE"", ""schema"": ""psfce-v4-matlab-adapter-v1""}",v1
11_Tumors,0,NEW10,,formal,,YACHT,"{""alpha"": 0.99, ""anchor_offset"": 2, ""kmeans_replicates"": 3, ""theta"": 0.4, ""walk_order"": 20}",ok,174,11,20,0.55172413793103448,0.59711701663865624,0.43125905048016472,0.49522737022737018,12.022410300007325,,,,,,,,,,,,,,,,matlab,https://github.com/scu-kdde/YACHT.git,44cb0fc35b80ec17befa199879ac947fee15f464,2026-09-14,NOASSERTION,0bfc6ef76987abd279c8566686e069cc09393efd8d3253aaabae3c2f73190315,62deb2b66b54ab18491847bd2cca81e375344bea0ab840d0da429a98100a165b,False,results\cache\official_baselines\YACHT\11_Tumors__pool0__7ddca2dee07591b9baef9fc38bc6a03074fd42bd3102169599ea555393f418e8.npz,"{""details"": {""alpha"": 0.99, ""anchor_offset"": 2, ""compatibility_patch"": ""paper walk order is parameterized; repository helper hard-codes 10"", ""entrypoint"": ""solve_YACHT"", ""input"": ""frozen_base_parts"", ""kmeans_replicates"": 3, ""theta"": 0.4, ""walk_order"": 20}, ""method"": ""YACHT"", ""schema"": ""psfce-v4-matlab-adapter-v1""}",v1
11_Tumors,1,NEW10,,formal,,CEHM,{},ok,174,11,20,0.48275862068965519,0.53613995963832384,0.3343012856397376,0.39937079730292879,11.981539300002623,,,,,,,,,,,,,,,,matlab,https://github.com/FeijiangLi/Code-k-HyperEdge-Medoids-for-Clustering-Ensemble-AAAI.git,29c22fb18e05eed67728eebcb29cd7e9133723f7,2026-09-14,NOASSERTION,d0c225c0e1fbd9be43e35734c4a56661fe9b33b3341669056daa522b530619e4,44136fa355b3678a1146ad16f7e8649e94fb4fc21fe77e8310c060f61caaff8a,False,results\cache\official_baselines\CEHM\11_Tumors__pool1__7b80bd2dbb6425caa963719c4239623c4e9100081a9b748d4df6a8c01da5b966.npz,"{""details"": {""entrypoint"": ""CEHM"", ""input"": ""frozen_base_parts"", ""variant"": ""published""}, ""method"": ""CEHM"", ""schema"": ""psfce-v4-matlab-adapter-v1""}",v1
11_Tumors,1,NEW10,,formal,,RANGE,"{""alpha"": 0.8, ""anchor_offset"": 0, ""fuzzy_threshold"": 0.8, ""kmeans_replicates"": 3, ""lambda"": 0.1}",ok,174,11,20,0.63218390804597702,0.65134049426773633,0.51214240910609543,0.58296339723425228,12.740393499989295,,,,,,,,,,,,,,,,matlab,https://github.com/middle258/RANGE.git,85d93c54d72d500034d05b5ef131bd90630a3632,2026-09-14,NOASSERTION,d0c225c0e1fbd9be43e35734c4a56661fe9b33b3341669056daa522b530619e4,768290a1f1c2f63f8babf657f4e5e2b4da610a7bbda77136d410d91af83ab12a,False,results\cache\official_baselines\RANGE\11_Tumors__pool1__32b3e88d00c74183a8d3c15073bfb43d4490216c1d8adfd7fd3884f25709067e.npz,"{""details"": {""alpha"": 0.8, ""anchor_offset"": 0, ""entrypoint"": ""HFES+solve_RANGE"", ""fuzzy_threshold"": 0.8, ""input"": ""frozen_base_parts"", ""kmeans_replicates"": 3, ""lambda"": 0.1}, ""method"": ""RANGE"", ""schema"": ""psfce-v4-matlab-adapter-v1""}",v1
11_Tumors,1,NEW10,,formal,,YACHT,"{""alpha"": 0.99, ""anchor_offset"": 2, ""kmeans_replicates"": 3, ""theta"": 0.4, ""walk_order"": 20}",ok,174,11,20,0.58045977011494254,0.58632799780802969,0.441732736368592,0.52404848680927196,11.918818299993291,,,,,,,,,,,,,,,,matlab,https://github.com/scu-kdde/YACHT.git,44cb0fc35b80ec17befa199879ac947fee15f464,2026-09-14,NOASSERTION,d0c225c0e1fbd9be43e35734c4a56661fe9b33b3341669056daa522b530619e4,62deb2b66b54ab18491847bd2cca81e375344bea0ab840d0da429a98100a165b,False,results\cache\official_baselines\YACHT\11_Tumors__pool1__2467b09983206b71fc6541e964b1e7a0c7c1d6e7c8e46602f369fb6a3865bb16.npz,"{""details"": {""alpha"": 0.99, ""anchor_offset"": 2, ""compatibility_patch"": ""paper walk order is parameterized; repository helper hard-codes 10"", ""entrypoint"": ""solve_YACHT"", ""input"": ""frozen_base_parts"", ""kmeans_replicates"": 3, ""theta"": 0.4, ""walk_order"": 20}, ""method"": ""YACHT"", ""schema"": ""psfce-v4-matlab-adapter-v1""}",v1
11_Tumors,2,NEW10,,formal,,CEHM,{},ok,174,11,20,0.50574712643678166,0.55922522889625481,0.35916545290320762,0.4068705255582617,11.780234200006817,,,,,,,,,,,,,,,,matlab,https://github.com/FeijiangLi/Code-k-HyperEdge-Medoids-for-Clustering-Ensemble-AAAI.git,29c22fb18e05eed67728eebcb29cd7e9133723f7,2026-09-14,NOASSERTION,5a81c2a7d1a78b6297a7e4fdb5b9824a501fedff16821594cf7e37b8c44cac14,44136fa355b3678a1146ad16f7e8649e94fb4fc21fe77e8310c060f61caaff8a,False,results\cache\official_baselines\CEHM\11_Tumors__pool2__43eb086bbf42defa9cd1bf54bc432d51fafff32e3bf92f261c1648d75f6c3c9f.npz,"{""details"": {""entrypoint"": ""CEHM"", ""input"": ""frozen_base_parts"", ""variant"": ""published""}, ""method"": ""CEHM"", ""schema"": ""psfce-v4-matlab-adapter-v1""}",v1
11_Tumors,2,NEW10,,formal,,RANGE,"{""alpha"": 0.8, ""anchor_offset"": 0, ""fuzzy_threshold"": 0.8, ""kmeans_replicates"": 3, ""lambda"": 0.1}",ok,174,11,20,0.60919540229885061,0.63692200677075306,0.48983570950060551,0.54685803816238598,12.525538999994753,,,,,,,,,,,,,,,,matlab,https://github.com/middle258/RANGE.git,85d93c54d72d500034d05b5ef131bd90630a3632,2026-09-14,NOASSERTION,5a81c2a7d1a78b6297a7e4fdb5b9824a501fedff16821594cf7e37b8c44cac14,768290a1f1c2f63f8babf657f4e5e2b4da610a7bbda77136d410d91af83ab12a,False,results\cache\official_baselines\RANGE\11_Tumors__pool2__383dd10fc057d2fccfff9f3c24962d2f202c04fef6d7f7218b1f43f9571a0ab6.npz,"{""details"": {""alpha"": 0.8, ""anchor_offset"": 0, ""entrypoint"": ""HFES+solve_RANGE"", ""fuzzy_threshold"": 0.8, ""input"": ""frozen_base_parts"", ""kmeans_replicates"": 3, ""lambda"": 0.1}, ""method"": ""RANGE"", ""schema"": ""psfce-v4-matlab-adapter-v1""}",v1
11_Tumors,2,NEW10,,formal,,YACHT,"{""alpha"": 0.99, ""anchor_offset"": 2, ""kmeans_replicates"": 3, ""theta"": 0.4, ""walk_order"": 20}",ok,174,11,20,0.5114942528735632,0.60116430480405247,0.3632707630010451,0.49651796336913862,12.177511300003973,,,,,,,,,,,,,,,,matlab,https://github.com/scu-kdde/YACHT.git,44cb0fc35b80ec17befa199879ac947fee15f464,2026-09-14,NOASSERTION,5a81c2a7d1a78b6297a7e4fdb5b9824a501fedff16821594cf7e37b8c44cac14,62deb2b66b54ab18491847bd2cca81e375344bea0ab840d0da429a98100a165b,False,results\cache\official_baselines\YACHT\11_Tumors__pool2__335a6b4defea80b3eee70c3dc173583b29657f73b3e485f588db55878679e224.npz,"{""details"": {""alpha"": 0.99, ""anchor_offset"": 2, ""compatibility_patch"": ""paper walk order is parameterized; repository helper hard-codes 10"", ""entrypoint"": ""solve_YACHT"", ""input"": ""frozen_base_parts"", ""kmeans_replicates"": 3, ""theta"": 0.4, ""walk_order"": 20}, ""method"": ""YACHT"", ""schema"": ""psfce-v4-matlab-adapter-v1""}",v1
3Sources,0,TEXT_MV,,formal,,CEHM,{},ok,169,6,20,0.3313609467455621,0,0,0.082962962962962905,11.817547200000265,,,,,,,,,,,,,,,,matlab,https://github.com/FeijiangLi/Code-k-HyperEdge-Medoids-for-Clustering-Ensemble-AAAI.git,29c22fb18e05eed67728eebcb29cd7e9133723f7,2026-09-14,NOASSERTION,0ba3372c4c7b9193593d87f21d08267cfbbe86b05d82a8ac01334f85ed774da6,44136fa355b3678a1146ad16f7e8649e94fb4fc21fe77e8310c060f61caaff8a,False,results\cache\official_baselines\CEHM\3Sources__pool0__0a4c59c1537b609b73450fa15855a3f546617f20c6f2217bb2f8399d520af24c.npz,"{""details"": {""entrypoint"": ""CEHM"", ""input"": ""frozen_base_parts"", ""variant"": ""published""}, ""method"": ""CEHM"", ""schema"": ""psfce-v4-matlab-adapter-v1""}",v1
3Sources,0,TEXT_MV,,formal,,RANGE,"{""alpha"": 0.8, ""anchor_offset"": 0, ""fuzzy_threshold"": 0.8, ""kmeans_replicates"": 3, ""lambda"": 0.1}",ok,169,6,20,0.31952662721893488,0.12195443165966301,0.068310190765932297,0.2898971193415637,13.803915600001346,,,,,,,,,,,,,,,,matlab,https://github.com/middle258/RANGE.git,85d93c54d72d500034d05b5ef131bd90630a3632,2026-09-14,NOASSERTION,0ba3372c4c7b9193593d87f21d08267cfbbe86b05d82a8ac01334f85ed774da6,768290a1f1c2f63f8babf657f4e5e2b4da610a7bbda77136d410d91af83ab12a,False,results\cache\official_baselines\RANGE\3Sources__pool0__167786816efd50175344f40ec0b2c76dcdd09121bcddd916908b5b98a9d11417.npz,"{""details"": {""alpha"": 0.8, ""anchor_offset"": 0, ""entrypoint"": ""HFES+solve_RANGE"", ""fuzzy_threshold"": 0.8, ""input"": ""frozen_base_parts"", ""kmeans_replicates"": 3, ""lambda"": 0.1}, ""method"": ""RANGE"", ""schema"": ""psfce-v4-matlab-adapter-v1""}",v1
3Sources,0,TEXT_MV,,formal,,YACHT,"{""alpha"": 0.99, ""anchor_offset"": 2, ""kmeans_replicates"": 3, ""theta"": 0.4, ""walk_order"": 20}",ok,169,6,20,0.32544378698224852,0.1766379954141058,0.076814478684048004,0.28560424249328248,13.303302399988752,,,,,,,,,,,,,,,,matlab,https://github.com/scu-kdde/YACHT.git,44cb0fc35b80ec17befa199879ac947fee15f464,2026-09-14,NOASSERTION,0ba3372c4c7b9193593d87f21d08267cfbbe86b05d82a8ac01334f85ed774da6,62deb2b66b54ab18491847bd2cca81e375344bea0ab840d0da429a98100a165b,False,results\cache\official_baselines\YACHT\3Sources__pool0__dccda35194fe04326746ecc6e6d1ae6309f7d61609ee7fc91a5b94869315bdd7.npz,"{""details"": {""alpha"": 0.99, ""anchor_offset"": 2, ""compatibility_patch"": ""paper walk order is parameterized; repository helper hard-codes 10"", ""entrypoint"": ""solve_YACHT"", ""input"": ""frozen_base_parts"", ""kmeans_replicates"": 3, ""theta"": 0.4, ""walk_order"": 20}, ""method"": ""YACHT"", ""schema"": ""psfce-v4-matlab-adapter-v1""}",v1
3Sources,1,TEXT_MV,,formal,,CEHM,{},ok,169,6,20,0.3313609467455621,0,0,0.082962962962962905,11.580923999994411,,,,,,,,,,,,,,,,matlab,https://github.com/FeijiangLi/Code-k-HyperEdge-Medoids-for-Clustering-Ensemble-AAAI.git,29c22fb18e05eed67728eebcb29cd7e9133723f7,2026-09-14,NOASSERTION,f22f57a4755c1f681dd2868b3bf4acb243a533d2fb47175dad715dbc73d0cbbc,44136fa355b3678a1146ad16f7e8649e94fb4fc21fe77e8310c060f61caaff8a,False,results\cache\official_baselines\CEHM\3Sources__pool1__7b1529cc17abad01033640594b6f4a49d5d85b3e737fb5a725af3563f55465a0.npz,"{""details"": {""entrypoint"": ""CEHM"", ""input"": ""frozen_base_parts"", ""variant"": ""published""}, ""method"": ""CEHM"", ""schema"": ""psfce-v4-matlab-adapter-v1""}",v1
3Sources,1,TEXT_MV,,formal,,RANGE,"{""alpha"": 0.8, ""anchor_offset"": 0, ""fuzzy_threshold"": 0.8, ""kmeans_replicates"": 3, ""lambda"": 0.1}",ok,169,6,20,0.378698224852071,0.21548864981724891,0.1187272002847273,0.33915506415506419,13.884260500009988,,,,,,,,,,,,,,,,matlab,https://github.com/middle258/RANGE.git,85d93c54d72d500034d05b5ef131bd90630a3632,2026-09-14,NOASSERTION,f22f57a4755c1f681dd2868b3bf4acb243a533d2fb47175dad715dbc73d0cbbc,768290a1f1c2f63f8babf657f4e5e2b4da610a7bbda77136d410d91af83ab12a,False,results\cache\official_baselines\RANGE\3Sources__pool1__5f0a0a62ffb5e4c0ec0057b995fd7930f980cf8a1634b1b693b997f64163bf04.npz,"{""details"": {""alpha"": 0.8, ""anchor_offset"": 0, ""entrypoint"": ""HFES+solve_RANGE"", ""fuzzy_threshold"": 0.8, ""input"": ""frozen_base_parts"", ""kmeans_replicates"": 3, ""lambda"": 0.1}, ""method"": ""RANGE"", ""schema"": ""psfce-v4-matlab-adapter-v1""}",v1
3Sources,1,TEXT_MV,,formal,,YACHT,"{""alpha"": 0.99, ""anchor_offset"": 2, ""kmeans_replicates"": 3, ""theta"": 0.4, ""walk_order"": 20}",ok,169,6,20,0.40828402366863897,0.2339663777001747,0.16157229635762571,0.3595305660523051,13.223784799993156,,,,,,,,,,,,,,,,matlab,https://github.com/scu-kdde/YACHT.git,44cb0fc35b80ec17befa199879ac947fee15f464,2026-09-14,NOASSERTION,f22f57a4755c1f681dd2868b3bf4acb243a533d2fb47175dad715dbc73d0cbbc,62deb2b66b54ab18491847bd2cca81e375344bea0ab840d0da429a98100a165b,False,results\cache\official_baselines\YACHT\3Sources__pool1__28cfdc9f978768078a102355cff828303766493d02908d9e7e1ec2558070d456.npz,"{""details"": {""alpha"": 0.99, ""anchor_offset"": 2, ""compatibility_patch"": ""paper walk order is parameterized; repository helper hard-codes 10"", ""entrypoint"": ""solve_YACHT"", ""input"": ""frozen_base_parts"", ""kmeans_replicates"": 3, ""theta"": 0.4, ""walk_order"": 20}, ""method"": ""YACHT"", ""schema"": ""psfce-v4-matlab-adapter-v1""}",v1
3Sources,2,TEXT_MV,,formal,,CEHM,{},ok,169,6,20,0.3313609467455621,0,0,0.082962962962962905,11.731929699992181,,,,,,,,,,,,,,,,matlab,https://github.com/FeijiangLi/Code-k-HyperEdge-Medoids-for-Clustering-Ensemble-AAAI.git,29c22fb18e05eed67728eebcb29cd7e9133723f7,2026-09-14,NOASSERTION,e57270505149c0c0c501dbd8b1183b6123988cea7f183676c06db1dbe33ee4b9,44136fa355b3678a1146ad16f7e8649e94fb4fc21fe77e8310c060f61caaff8a,False,results\cache\official_baselines\CEHM\3Sources__pool2__9ba5b65eb3b1df0442ea48b3d1330bc1b9f7b983043d0d61c9826dd5be6344de.npz,"{""details"": {""entrypoint"": ""CEHM"", ""input"": ""frozen_base_parts"", ""variant"": ""published""}, ""method"": ""CEHM"", ""schema"": ""psfce-v4-matlab-adapter-v1""}",v1
3Sources,2,TEXT_MV,,formal,,RANGE,"{""alpha"": 0.8, ""anchor_offset"": 0, ""fuzzy_threshold"": 0.8, ""kmeans_replicates"": 3, ""lambda"": 0.1}",ok,169,6,20,0.34911242603550291,0.17331195942361749,0.074170120247188304,0.31114324272219013,13.571489800000563,,,,,,,,,,,,,,,,matlab,https://github.com/middle258/RANGE.git,85d93c54d72d500034d05b5ef131bd90630a3632,2026-09-14,NOASSERTION,e57270505149c0c0c501dbd8b1183b6123988cea7f183676c06db1dbe33ee4b9,768290a1f1c2f63f8babf657f4e5e2b4da610a7bbda77136d410d91af83ab12a,False,results\cache\official_baselines\RANGE\3Sources__pool2__6c766c164e9e1dfce35ecd050576e2a448e5f788b68af7a84d0899af887b6da9.npz,"{""details"": {""alpha"": 0.8, ""anchor_offset"": 0, ""entrypoint"": ""HFES+solve_RANGE"", ""fuzzy_threshold"": 0.8, ""input"": ""frozen_base_parts"", ""kmeans_replicates"": 3, ""lambda"": 0.1}, ""method"": ""RANGE"", ""schema"": ""psfce-v4-matlab-adapter-v1""}",v1
3Sources,2,TEXT_MV,,formal,,YACHT,"{""alpha"": 0.99, ""anchor_offset"": 2, ""kmeans_replicates"": 3, ""theta"": 0.4, ""walk_order"": 20}",ok,169,6,20,0.31952662721893488,0.18056345450937869,0.069106130093832305,0.29623446713519003,13.309188400002313,,,,,,,,,,,,,,,,matlab,https://github.com/scu-kdde/YACHT.git,44cb0fc35b80ec17befa199879ac947fee15f464,2026-09-14,NOASSERTION,e57270505149c0c0c501dbd8b1183b6123988cea7f183676c06db1dbe33ee4b9,62deb2b66b54ab18491847bd2cca81e375344bea0ab840d0da429a98100a165b,False,results\cache\official_baselines\YACHT\3Sources__pool2__e29b0dc36a38e85d821c70cce6fc10372bc3e81153aaf12650d430e88ce706a7.npz,"{""details"": {""alpha"": 0.99, ""anchor_offset"": 2, ""compatibility_patch"": ""paper walk order is parameterized; repository helper hard-codes 10"", ""entrypoint"": ""solve_YACHT"", ""input"": ""frozen_base_parts"", ""kmeans_replicates"": 3, ""theta"": 0.4, ""walk_order"": 20}, ""method"": ""YACHT"", ""schema"": ""psfce-v4-matlab-adapter-v1""}",v1
ACM,0,CONTENT_RELATION_8,,formal,,CEHM,{},ok,3025,3,20,0.68198347107438018,0.45114531808124247,0.41227526874207687,0.68850800499933218,12.89754730000277,,,,,,,,,,,,,,,,matlab,https://github.com/FeijiangLi/Code-k-HyperEdge-Medoids-for-Clustering-Ensemble-AAAI.git,29c22fb18e05eed67728eebcb29cd7e9133723f7,2026-09-14,NOASSERTION,1e00e38f7f05f47b2d51c9772d31fb973882a9547a83d118fa6fa79aa7bf5dc3,44136fa355b3678a1146ad16f7e8649e94fb4fc21fe77e8310c060f61caaff8a,False,results\cache\official_baselines\CEHM\ACM__pool0__93163d70f0622eed0d83923e918dc360b5ef0456044409f33377e056e3adc220.npz,"{""details"": {""entrypoint"": ""CEHM"", ""input"": ""frozen_base_parts"", ""variant"": ""published""}, ""method"": ""CEHM"", ""schema"": ""psfce-v4-matlab-adapter-v1""}",v1
ACM,0,CONTENT_RELATION_8,,formal,,RANGE,"{""alpha"": 0.8, ""anchor_offset"": 0, ""fuzzy_threshold"": 0.8, ""kmeans_replicates"": 3, ""lambda"": 0.1}",ok,3025,3,20,0.80528925619834713,0.50846963931741884,0.53458922241034712,0.80141464736116974,12.871668699997826,,,,,,,,,,,,,,,,matlab,https://github.com/middle258/RANGE.git,85d93c54d72d500034d05b5ef131bd90630a3632,2026-09-14,NOASSERTION,1e00e38f7f05f47b2d51c9772d31fb973882a9547a83d118fa6fa79aa7bf5dc3,768290a1f1c2f63f8babf657f4e5e2b4da610a7bbda77136d410d91af83ab12a,False,results\cache\official_baselines\RANGE\ACM__pool0__62b1979c0e0d63cfba55784d66ba662c6a523eca4a3a33538c004d887cd91525.npz,"{""details"": {""alpha"": 0.8, ""anchor_offset"": 0, ""entrypoint"": ""HFES+solve_RANGE"", ""fuzzy_threshold"": 0.8, ""input"": ""frozen_base_parts"", ""kmeans_replicates"": 3, ""lambda"": 0.1}, ""method"": ""RANGE"", ""schema"": ""psfce-v4-matlab-adapter-v1""}",v1
ACM,0,CONTENT_RELATION_8,,formal,,YACHT,"{""alpha"": 0.99, ""anchor_offset"": 2, ""kmeans_replicates"": 3, ""theta"": 0.4, ""walk_order"": 20}",ok,3025,3,20,0.68760330578512396,0.45378992416163438,0.41667195007546798,0.69364208320693466,13.401987599994754,,,,,,,,,,,,,,,,matlab,https://github.com/scu-kdde/YACHT.git,44cb0fc35b80ec17befa199879ac947fee15f464,2026-09-14,NOASSERTION,1e00e38f7f05f47b2d51c9772d31fb973882a9547a83d118fa6fa79aa7bf5dc3,62deb2b66b54ab18491847bd2cca81e375344bea0ab840d0da429a98100a165b,False,results\cache\official_baselines\YACHT\ACM__pool0__e78e209df7f80bb7c2befb792b8f6a58b2ee8eaff2c41a20f350301ad817cb0a.npz,"{""details"": {""alpha"": 0.99, ""anchor_offset"": 2, ""compatibility_patch"": ""paper walk order is parameterized; repository helper hard-codes 10"", ""entrypoint"": ""solve_YACHT"", ""input"": ""frozen_base_parts"", ""kmeans_replicates"": 3, ""theta"": 0.4, ""walk_order"": 20}, ""method"": ""YACHT"", ""schema"": ""psfce-v4-matlab-adapter-v1""}",v1
ACM,1,CONTENT_RELATION_8,,formal,,CEHM,{},ok,3025,3,20,0.67636363636363639,0.44589740056181471,0.40983860707407599,0.68124476827967051,12.932325000001583,,,,,,,,,,,,,,,,matlab,https://github.com/FeijiangLi/Code-k-HyperEdge-Medoids-for-Clustering-Ensemble-AAAI.git,29c22fb18e05eed67728eebcb29cd7e9133723f7,2026-09-14,NOASSERTION,5537c3292c238df345ae38802277345ad40210044bb5dab020423b9107dac6b0,44136fa355b3678a1146ad16f7e8649e94fb4fc21fe77e8310c060f61caaff8a,False,results\cache\official_baselines\CEHM\ACM__pool1__85b33cbe2c9e3c2cba445ca010843ab7df474d79030754856295b506fcd1133a.npz,"{""details"": {""entrypoint"": ""CEHM"", ""input"": ""frozen_base_parts"", ""variant"": ""published""}, ""method"": ""CEHM"", ""schema"": ""psfce-v4-matlab-adapter-v1""}",v1
ACM,1,CONTENT_RELATION_8,,formal,,RANGE,"{""alpha"": 0.8, ""anchor_offset"": 0, ""fuzzy_threshold"": 0.8, ""kmeans_replicates"": 3, ""lambda"": 0.1}",ok,3025,3,20,0.80363636363636359,0.50821144342039959,0.53205135883675347,0.80066674490015455,12.80708980000054,,,,,,,,,,,,,,,,matlab,https://github.com/middle258/RANGE.git,85d93c54d72d500034d05b5ef131bd90630a3632,2026-09-14,NOASSERTION,5537c3292c238df345ae38802277345ad40210044bb5dab020423b9107dac6b0,768290a1f1c2f63f8babf657f4e5e2b4da610a7bbda77136d410d91af83ab12a,False,results\cache\official_baselines\RANGE\ACM__pool1__036659235f4d6c03c3ec97c26d9027135447e74c56ba313760a9a3a013572b1f.npz,"{""details"": {""alpha"": 0.8, ""anchor_offset"": 0, ""entrypoint"": ""HFES+solve_RANGE"", ""fuzzy_threshold"": 0.8, ""input"": ""frozen_base_parts"", ""kmeans_replicates"": 3, ""lambda"": 0.1}, ""method"": ""RANGE"", ""schema"": ""psfce-v4-matlab-adapter-v1""}",v1
ACM,1,CONTENT_RELATION_8,,formal,,YACHT,"{""alpha"": 0.99, ""anchor_offset"": 2, ""kmeans_replicates"": 3, ""theta"": 0.4, ""walk_order"": 20}",ok,3025,3,20,0.68925619834710738,0.44831036489362291,0.41018052726818838,0.69644262741113794,13.064925800004858,,,,,,,,,,,,,,,,matlab,https://github.com/scu-kdde/YACHT.git,44cb0fc35b80ec17befa199879ac947fee15f464,2026-09-14,NOASSERTION,5537c3292c238df345ae38802277345ad40210044bb5dab020423b9107dac6b0,62deb2b66b54ab18491847bd2cca81e375344bea0ab840d0da429a98100a165b,False,results\cache\official_baselines\YACHT\ACM__pool1__42fa163a9fbec37f38ce5aa8313bb9b1fc71339736c6ac35836e40f82728f35a.npz,"{""details"": {""alpha"": 0.99, ""anchor_offset"": 2, ""compatibility_patch"": ""paper walk order is parameterized; repository helper hard-codes 10"", ""entrypoint"": ""solve_YACHT"", ""input"": ""frozen_base_parts"", ""kmeans_replicates"": 3, ""theta"": 0.4, ""walk_order"": 20}, ""method"": ""YACHT"", ""schema"": ""psfce-v4-matlab-adapter-v1""}",v1
ACM,2,CONTENT_RELATION_8,,formal,,CEHM,{},ok,3025,3,20,0.68628099173553714,0.4584142566479405,0.42157672834651561,0.69161487846902769,12.705766999992193,,,,,,,,,,,,,,,,matlab,https://github.com/FeijiangLi/Code-k-HyperEdge-Medoids-for-Clustering-Ensemble-AAAI.git,29c22fb18e05eed67728eebcb29cd7e9133723f7,2026-09-14,NOASSERTION,a3c20758d347ac03fa92348ab56a2790b2dbc6c8b00fef9cc61dd4e7820d63fd,44136fa355b3678a1146ad16f7e8649e94fb4fc21fe77e8310c060f61caaff8a,False,results\cache\official_baselines\CEHM\ACM__pool2__6122ee991c0d27ad79b88d66460a41a261029c1e0072e5c036bac69c140133b5.npz,"{""details"": {""entrypoint"": ""CEHM"", ""input"": ""frozen_base_parts"", ""variant"": ""published""}, ""method"": ""CEHM"", ""schema"": ""psfce-v4-matlab-adapter-v1""}",v1
ACM,2,CONTENT_RELATION_8,,formal,,RANGE,"{""alpha"": 0.8, ""anchor_offset"": 0, ""fuzzy_threshold"": 0.8, ""kmeans_replicates"": 3, ""lambda"": 0.1}",ok,3025,3,20,0.76760330578512392,0.48052258139152032,0.4606149064503256,0.77441616997198182,13.016212800008359,,,,,,,,,,,,,,,,matlab,https://github.com/middle258/RANGE.git,85d93c54d72d500034d05b5ef131bd90630a3632,2026-09-14,NOASSERTION,a3c20758d347ac03fa92348ab56a2790b2dbc6c8b00fef9cc61dd4e7820d63fd,768290a1f1c2f63f8babf657f4e5e2b4da610a7bbda77136d410d91af83ab12a,False,results\cache\official_baselines\RANGE\ACM__pool2__a6cbf11a794bc053da06d3094c68e1ba4227cf428a50a888f856aec7a43f6ffd.npz,"{""details"": {""alpha"": 0.8, ""anchor_offset"": 0, ""entrypoint"": ""HFES+solve_RANGE"", ""fuzzy_threshold"": 0.8, ""input"": ""frozen_base_parts"", ""kmeans_replicates"": 3, ""lambda"": 0.1}, ""method"": ""RANGE"", ""schema"": ""psfce-v4-matlab-adapter-v1""}",v1
ACM,2,CONTENT_RELATION_8,,formal,,YACHT,"{""alpha"": 0.99, ""anchor_offset"": 2, ""kmeans_replicates"": 3, ""theta"": 0.4, ""walk_order"": 20}",ok,3025,3,20,0.68694214876033055,0.45928301015695222,0.42246713310301481,0.69223950481006635,13.227237899991451,,,,,,,,,,,,,,,,matlab,https://github.com/scu-kdde/YACHT.git,44cb0fc35b80ec17befa199879ac947fee15f464,2026-09-14,NOASSERTION,a3c20758d347ac03fa92348ab56a2790b2dbc6c8b00fef9cc61dd4e7820d63fd,62deb2b66b54ab18491847bd2cca81e375344bea0ab840d0da429a98100a165b,False,results\cache\official_baselines\YACHT\ACM__pool2__8410bd80e4cd40d546a937c110a15c14ff772853f3009a7e9456542e3ca03506.npz,"{""details"": {""alpha"": 0.99, ""anchor_offset"": 2, ""compatibility_patch"": ""paper walk order is parameterized; repository helper hard-codes 10"", ""entrypoint"": ""solve_YACHT"", ""input"": ""frozen_base_parts"", ""kmeans_replicates"": 3, ""theta"": 0.4, ""walk_order"": 20}, ""method"": ""YACHT"", ""schema"": ""psfce-v4-matlab-adapter-v1""}",v1
ALOI,0,MULTI_RELATION_7,,formal,,CEHM,{},ok,10800,100,20,0.11546296296296291,0.2041674143327761,0.0034489534709596999,0.1234154903529652,84.639392999990378,,,,,,,,,,,,,,,,matlab,https://github.com/FeijiangLi/Code-k-HyperEdge-Medoids-for-Clustering-Ensemble-AAAI.git,29c22fb18e05eed67728eebcb29cd7e9133723f7,2026-09-14,NOASSERTION,0634bb92bad378d6412a5815c8aee0b3ee03a0de99a13c970aea13273410cdd1,44136fa355b3678a1146ad16f7e8649e94fb4fc21fe77e8310c060f61caaff8a,False,results\cache\official_baselines\CEHM\ALOI__pool0__015fef6bf7c9cee799e6d9d53e2062a1dd4a683053d4b87d6b6f056cd3a91258.npz,"{""details"": {""entrypoint"": ""CEHM"", ""input"": ""frozen_base_parts"", ""variant"": ""published""}, ""method"": ""CEHM"", ""schema"": ""psfce-v4-matlab-adapter-v1""}",v1
ALOI,0,MULTI_RELATION_7,,formal,,RANGE,"{""alpha"": 0.8, ""anchor_offset"": 0, ""fuzzy_threshold"": 0.8, ""kmeans_replicates"": 3, ""lambda"": 0.1}",ok,10800,100,20,0.74157407407407405,0.82419755517167548,0.62819417618800977,0.75769476618797726,118.66024739999555,,,,,,,,,,,,,,,,matlab,https://github.com/middle258/RANGE.git,85d93c54d72d500034d05b5ef131bd90630a3632,2026-09-14,NOASSERTION,0634bb92bad378d6412a5815c8aee0b3ee03a0de99a13c970aea13273410cdd1,768290a1f1c2f63f8babf657f4e5e2b4da610a7bbda77136d410d91af83ab12a,False,results\cache\official_baselines\RANGE\ALOI__pool0__53461697b9b958ee7379855b99a125b5779a3977785f82f283d8242e9f71b838.npz,"{""details"": {""alpha"": 0.8, ""anchor_offset"": 0, ""entrypoint"": ""HFES+solve_RANGE"", ""fuzzy_threshold"": 0.8, ""input"": ""frozen_base_parts"", ""kmeans_replicates"": 3, ""lambda"": 0.1}, ""method"": ""RANGE"", ""schema"": ""psfce-v4-matlab-adapter-v1""}",v1
ALOI,0,MULTI_RELATION_7,,formal,,YACHT,"{""alpha"": 0.99, ""anchor_offset"": 2, ""kmeans_replicates"": 3, ""theta"": 0.4, ""walk_order"": 20}",ok,10800,100,20,0.71277777777777773,0.81251646164418756,0.58997698012222155,0.7222044996860485,67.665243800001917,,,,,,,,,,,,,,,,matlab,https://github.com/scu-kdde/YACHT.git,44cb0fc35b80ec17befa199879ac947fee15f464,2026-09-14,NOASSERTION,0634bb92bad378d6412a5815c8aee0b3ee03a0de99a13c970aea13273410cdd1,62deb2b66b54ab18491847bd2cca81e375344bea0ab840d0da429a98100a165b,False,results\cache\official_baselines\YACHT\ALOI__pool0__83860c7d43a53747dff6cd4b1c094bb5b733d98fd1b215c0827963d9d095152a.npz,"{""details"": {""alpha"": 0.99, ""anchor_offset"": 2, ""compatibility_patch"": ""paper walk order is parameterized; repository helper hard-codes 10"", ""entrypoint"": ""solve_YACHT"", ""input"": ""frozen_base_parts"", ""kmeans_replicates"": 3, ""theta"": 0.4, ""walk_order"": 20}, ""method"": ""YACHT"", ""schema"": ""psfce-v4-matlab-adapter-v1""}",v1
ALOI,2,MULTI_RELATION_7,,formal,,CEHM,{},ok,10800,100,20,0.1059259259259259,0.18949524845146731,0.003258688429541,0.1098843640239807,87.943532799996319,,,,,,,,,,,,,,,,matlab,https://github.com/FeijiangLi/Code-k-HyperEdge-Medoids-for-Clustering-Ensemble-AAAI.git,29c22fb18e05eed67728eebcb29cd7e9133723f7,2026-09-14,NOASSERTION,ef097645fbdef11b7950526664a985ecb6d08bc7c0f8e680054c2b33676a7230,44136fa355b3678a1146ad16f7e8649e94fb4fc21fe77e8310c060f61caaff8a,False,results\cache\official_baselines\CEHM\ALOI__pool2__37a677a626e9e9087db7307f16edf832a2de18a3f3ef8ecf9f1faec75d19c379.npz,"{""details"": {""entrypoint"": ""CEHM"", ""input"": ""frozen_base_parts"", ""variant"": ""published""}, ""method"": ""CEHM"", ""schema"": ""psfce-v4-matlab-adapter-v1""}",v1
ALOI,2,MULTI_RELATION_7,,formal,,RANGE,"{""alpha"": 0.8, ""anchor_offset"": 0, ""fuzzy_threshold"": 0.8, ""kmeans_replicates"": 3, ""lambda"": 0.1}",ok,10800,100,20,0.75370370370370365,0.83158298144814446,0.63334113863873187,0.75798002852877244,127.7591248999961,,,,,,,,,,,,,,,,matlab,https://github.com/middle258/RANGE.git,85d93c54d72d500034d05b5ef131bd90630a3632,2026-09-14,NOASSERTION,ef097645fbdef11b7950526664a985ecb6d08bc7c0f8e680054c2b33676a7230,768290a1f1c2f63f8babf657f4e5e2b4da610a7bbda77136d410d91af83ab12a,False,results\cache\official_baselines\RANGE\ALOI__pool2__269396baf54d7091b7a38f3ce20bc1a0e5697812b5c27c22e35fcc7368453a73.npz,"{""details"": {""alpha"": 0.8, ""anchor_offset"": 0, ""entrypoint"": ""HFES+solve_RANGE"", ""fuzzy_threshold"": 0.8, ""input"": ""frozen_base_parts"", ""kmeans_replicates"": 3, ""lambda"": 0.1}, ""method"": ""RANGE"", ""schema"": ""psfce-v4-matlab-adapter-v1""}",v1
ALOI,2,MULTI_RELATION_7,,formal,,YACHT,"{""alpha"": 0.99, ""anchor_offset"": 2, ""kmeans_replicates"": 3, ""theta"": 0.4, ""walk_order"": 20}",ok,10800,100,20,0.69435185185185189,0.81028764904311978,0.59207984930609481,0.70579399278930322,68.217640599992592,,,,,,,,,,,,,,,,matlab,https://github.com/scu-kdde/YACHT.git,44cb0fc35b80ec17befa199879ac947fee15f464,2026-09-14,NOASSERTION,ef097645fbdef11b7950526664a985ecb6d08bc7c0f8e680054c2b33676a7230,62deb2b66b54ab18491847bd2cca81e375344bea0ab840d0da429a98100a165b,False,results\cache\official_baselines\YACHT\ALOI__pool2__62d819e0ea08e86bc3786db344413e475cec4859466a5edbdc160118b1792c23.npz,"{""details"": {""alpha"": 0.99, ""anchor_offset"": 2, ""compatibility_patch"": ""paper walk order is parameterized; repository helper hard-codes 10"", ""entrypoint"": ""solve_YACHT"", ""input"": ""frozen_base_parts"", ""kmeans_replicates"": 3, ""theta"": 0.4, ""walk_order"": 20}, ""method"": ""YACHT"", ""schema"": ""psfce-v4-matlab-adapter-v1""}",v1
ALOI,1,MULTI_RELATION_7,,formal,,CEHM,{},ok,10800,100,20,0.10435185185185181,0.18626983271613121,0.0031474001127603998,0.1087985595738306,92.200368499994525,,,,,,,,,,,,,,,,matlab,https://github.com/FeijiangLi/Code-k-HyperEdge-Medoids-for-Clustering-Ensemble-AAAI.git,29c22fb18e05eed67728eebcb29cd7e9133723f7,2026-09-14,NOASSERTION,17a04dcbe02e8a475761df82f9761bad81dbccaf52063560a1207cbc6c1f7dab,44136fa355b3678a1146ad16f7e8649e94fb4fc21fe77e8310c060f61caaff8a,False,results\cache\official_baselines\CEHM\ALOI__pool1__b36d984700fd65ad4252b9f4438db267ba63fe7120bd00edc6a0be192bcd602a.npz,"{""details"": {""entrypoint"": ""CEHM"", ""input"": ""frozen_base_parts"", ""variant"": ""published""}, ""method"": ""CEHM"", ""schema"": ""psfce-v4-matlab-adapter-v1""}",v1
ALOI,1,MULTI_RELATION_7,,formal,,RANGE,"{""alpha"": 0.8, ""anchor_offset"": 0, ""fuzzy_threshold"": 0.8, ""kmeans_replicates"": 3, ""lambda"": 0.1}",ok,10800,100,20,0.74703703703703705,0.82905522548107002,0.63168513418418804,0.76093158294095442,126.72552370000631,,,,,,,,,,,,,,,,matlab,https://github.com/middle258/RANGE.git,85d93c54d72d500034d05b5ef131bd90630a3632,2026-09-14,NOASSERTION,17a04dcbe02e8a475761df82f9761bad81dbccaf52063560a1207cbc6c1f7dab,768290a1f1c2f63f8babf657f4e5e2b4da610a7bbda77136d410d91af83ab12a,False,results\cache\official_baselines\RANGE\ALOI__pool1__b327b0e0a6c225367dd6461f1624bfafce7c6acf78c2c675e861dff4ddd40c87.npz,"{""details"": {""alpha"": 0.8, ""anchor_offset"": 0, ""entrypoint"": ""HFES+solve_RANGE"", ""fuzzy_threshold"": 0.8, ""input"": ""frozen_base_parts"", ""kmeans_replicates"": 3, ""lambda"": 0.1}, ""method"": ""RANGE"", ""schema"": ""psfce-v4-matlab-adapter-v1""}",v1
ALOI,1,MULTI_RELATION_7,,formal,,YACHT,"{""alpha"": 0.99, ""anchor_offset"": 2, ""kmeans_replicates"": 3, ""theta"": 0.4, ""walk_order"": 20}",ok,10800,100,20,0.71351851851851855,0.81886824596580376,0.6033518479990404,0.72618630112147731,67.75397229999362,,,,,,,,,,,,,,,,matlab,https://github.com/scu-kdde/YACHT.git,44cb0fc35b80ec17befa199879ac947fee15f464,2026-09-14,NOASSERTION,17a04dcbe02e8a475761df82f9761bad81dbccaf52063560a1207cbc6c1f7dab,62deb2b66b54ab18491847bd2cca81e375344bea0ab840d0da429a98100a165b,False,results\cache\official_baselines\YACHT\ALOI__pool1__8826c2abff6b69a4dcf38a1894c2ed6a21c1713749355bc654f6ac6fc25a3814.npz,"{""details"": {""alpha"": 0.99, ""anchor_offset"": 2, ""compatibility_patch"": ""paper walk order is parameterized; repository helper hard-codes 10"", ""entrypoint"": ""solve_YACHT"", ""input"": ""frozen_base_parts"", ""kmeans_replicates"": 3, ""theta"": 0.4, ""walk_order"": 20}, ""method"": ""YACHT"", ""schema"": ""psfce-v4-matlab-adapter-v1""}",v1
Actor,0,GRAPH_GEOMETRY_8,,formal,,CEHM,{},ok,7600,5,20,0.25907894736842108,0.0003198772553873,0.00020891815135059999,0.087029317136241999,17.50734559999546,,,,,,,,,,,,,,,,matlab,https://github.com/FeijiangLi/Code-k-HyperEdge-Medoids-for-Clustering-Ensemble-AAAI.git,29c22fb18e05eed67728eebcb29cd7e9133723f7,2026-09-14,NOASSERTION,e1c2794030d4e6bfb32b3cc042fd19142822dfa0d8a55c89412d3d2a7afcd44a,44136fa355b3678a1146ad16f7e8649e94fb4fc21fe77e8310c060f61caaff8a,False,results\cache\official_baselines\CEHM\Actor__pool0__7c700538f15101fa692eec66291155329391e311bcd9be4594f2e27f407ad7a7.npz,"{""details"": {""entrypoint"": ""CEHM"", ""input"": ""frozen_base_parts"", ""variant"": ""published""}, ""method"": ""CEHM"", ""schema"": ""psfce-v4-matlab-adapter-v1""}",v1
Actor,0,GRAPH_GEOMETRY_8,,formal,,RANGE,"{""alpha"": 0.8, ""anchor_offset"": 0, ""fuzzy_threshold"": 0.8, ""kmeans_replicates"": 3, ""lambda"": 0.1}",ok,7600,5,20,0.24289473684210519,0.0122580397241675,0.0101778329196515,0.23675522155955181,13.207517500006359,,,,,,,,,,,,,,,,matlab,https://github.com/middle258/RANGE.git,85d93c54d72d500034d05b5ef131bd90630a3632,2026-09-14,NOASSERTION,e1c2794030d4e6bfb32b3cc042fd19142822dfa0d8a55c89412d3d2a7afcd44a,768290a1f1c2f63f8babf657f4e5e2b4da610a7bbda77136d410d91af83ab12a,False,results\cache\official_baselines\RANGE\Actor__pool0__d396d669f63300d00e7b332a75dc2af0b61286aa498032e3c7a811e2e82e0cc1.npz,"{""details"": {""alpha"": 0.8, ""anchor_offset"": 0, ""entrypoint"": ""HFES+solve_RANGE"", ""fuzzy_threshold"": 0.8, ""input"": ""frozen_base_parts"", ""kmeans_replicates"": 3, ""lambda"": 0.1}, ""method"": ""RANGE"", ""schema"": ""psfce-v4-matlab-adapter-v1""}",v1
Actor,0,GRAPH_GEOMETRY_8,,formal,,YACHT,"{""alpha"": 0.99, ""anchor_offset"": 2, ""kmeans_replicates"": 3, ""theta"": 0.4, ""walk_order"": 20}",ok,7600,5,20,0.24407894736842101,0.0189504864478371,0.0134067013354741,0.2391835592224521,13.672967000005883,,,,,,,,,,,,,,,,matlab,https://github.com/scu-kdde/YACHT.git,44cb0fc35b80ec17befa199879ac947fee15f464,2026-09-14,NOASSERTION,e1c2794030d4e6bfb32b3cc042fd19142822dfa0d8a55c89412d3d2a7afcd44a,62deb2b66b54ab18491847bd2cca81e375344bea0ab840d0da429a98100a165b,False,results\cache\official_baselines\YACHT\Actor__pool0__b3f03b576aa806f2c1c801e626b33f8179ec8d65001c3983bbea0c5f27f5be80.npz,"{""details"": {""alpha"": 0.99, ""anchor_offset"": 2, ""compatibility_patch"": ""paper walk order is parameterized; repository helper hard-codes 10"", ""entrypoint"": ""solve_YACHT"", ""input"": ""frozen_base_parts"", ""kmeans_replicates"": 3, ""theta"": 0.4, ""walk_order"": 20}, ""method"": ""YACHT"", ""schema"": ""psfce-v4-matlab-adapter-v1""}",v1
Actor,1,GRAPH_GEOMETRY_8,,formal,,CEHM,{},ok,7600,5,20,0.25907894736842108,0.0003198772553873,0.00020891815135059999,0.087029317136241999,12.24792609999713,,,,,,,,,,,,,,,,matlab,https://github.com/FeijiangLi/Code-k-HyperEdge-Medoids-for-Clustering-Ensemble-AAAI.git,29c22fb18e05eed67728eebcb29cd7e9133723f7,2026-09-14,NOASSERTION,3f36458d1750a3d9fda6f861c71657197e997638e0eabd57522a27335fb7a91a,44136fa355b3678a1146ad16f7e8649e94fb4fc21fe77e8310c060f61caaff8a,False,results\cache\official_baselines\CEHM\Actor__pool1__4390fbd2ebbbf20675d9a57366f42d14fa8469d7f6256ce1818112743ebef53f.npz,"{""details"": {""entrypoint"": ""CEHM"", ""input"": ""frozen_base_parts"", ""variant"": ""published""}, ""method"": ""CEHM"", ""schema"": ""psfce-v4-matlab-adapter-v1""}",v1
Actor,1,GRAPH_GEOMETRY_8,,formal,,RANGE,"{""alpha"": 0.8, ""anchor_offset"": 0, ""fuzzy_threshold"": 0.8, ""kmeans_replicates"": 3, ""lambda"": 0.1}",ok,7600,5,20,0.22828947368421049,0.0035075276575008999,0.0028733648754193002,0.2143150293606649,12.895798600002308,,,,,,,,,,,,,,,,matlab,https://github.com/middle258/RANGE.git,85d93c54d72d500034d05b5ef131bd90630a3632,2026-09-14,NOASSERTION,3f36458d1750a3d9fda6f861c71657197e997638e0eabd57522a27335fb7a91a,768290a1f1c2f63f8babf657f4e5e2b4da610a7bbda77136d410d91af83ab12a,False,results\cache\official_baselines\RANGE\Actor__pool1__11b1dea87426cfd67dd80f090b6a29bcb9f21b394fc379020860a27f630e1516.npz,"{""details"": {""alpha"": 0.8, ""anchor_offset"": 0, ""entrypoint"": ""HFES+solve_RANGE"", ""fuzzy_threshold"": 0.8, ""input"": ""frozen_base_parts"", ""kmeans_replicates"": 3, ""lambda"": 0.1}, ""method"": ""RANGE"", ""schema"": ""psfce-v4-matlab-adapter-v1""}",v1
Actor,1,GRAPH_GEOMETRY_8,,formal,,YACHT,"{""alpha"": 0.99, ""anchor_offset"": 2, ""kmeans_replicates"": 3, ""theta"": 0.4, ""walk_order"": 20}",ok,7600,5,20,0.23289473684210521,0.0105340684719976,0.0075846616875791997,0.2267703429162076,14.946217399992747,,,,,,,,,,,,,,,,matlab,https://github.com/scu-kdde/YACHT.git,44cb0fc35b80ec17befa199879ac947fee15f464,2026-09-14,NOASSERTION,3f36458d1750a3d9fda6f861c71657197e997638e0eabd57522a27335fb7a91a,62deb2b66b54ab18491847bd2cca81e375344bea0ab840d0da429a98100a165b,False,results\cache\official_baselines\YACHT\Actor__pool1__10312b86d75c36e472e33dd4dabfdd9d64f61130fd867b0a0eef47905c822dbb.npz,"{""details"": {""alpha"": 0.99, ""anchor_offset"": 2, ""compatibility_patch"": ""paper walk order is parameterized; repository helper hard-codes 10"", ""entrypoint"": ""solve_YACHT"", ""input"": ""frozen_base_parts"", ""kmeans_replicates"": 3, ""theta"": 0.4, ""walk_order"": 20}, ""method"": ""YACHT"", ""schema"": ""psfce-v4-matlab-adapter-v1""}",v1
Actor,2,GRAPH_GEOMETRY_8,,formal,,CEHM,{},ok,7600,5,20,0.25907894736842108,0.0003198772553873,0.00020891815135059999,0.087029317136241999,12.368593799998052,,,,,,,,,,,,,,,,matlab,https://github.com/FeijiangLi/Code-k-HyperEdge-Medoids-for-Clustering-Ensemble-AAAI.git,29c22fb18e05eed67728eebcb29cd7e9133723f7,2026-09-14,NOASSERTION,763db49b232bf7e5f7129ae47a9c2a27ff83250a0e5d7cbeb40c4641920022ac,44136fa355b3678a1146ad16f7e8649e94fb4fc21fe77e8310c060f61caaff8a,False,results\cache\official_baselines\CEHM\Actor__pool2__3574e3af4207d7923ad5ff7b088ea1316846a22e05eea2014fa9c51ba72372c8.npz,"{""details"": {""entrypoint"": ""CEHM"", ""input"": ""frozen_base_parts"", ""variant"": ""published""}, ""method"": ""CEHM"", ""schema"": ""psfce-v4-matlab-adapter-v1""}",v1
Actor,2,GRAPH_GEOMETRY_8,,formal,,RANGE,"{""alpha"": 0.8, ""anchor_offset"": 0, ""fuzzy_threshold"": 0.8, ""kmeans_replicates"": 3, ""lambda"": 0.1}",ok,7600,5,20,0.22921052631578939,0.0028609188877800002,0.0026689540794576998,0.21451294165059881,12.777915999991819,,,,,,,,,,,,,,,,matlab,https://github.com/middle258/RANGE.git,85d93c54d72d500034d05b5ef131bd90630a3632,2026-09-14,NOASSERTION,763db49b232bf7e5f7129ae47a9c2a27ff83250a0e5d7cbeb40c4641920022ac,768290a1f1c2f63f8babf657f4e5e2b4da610a7bbda77136d410d91af83ab12a,False,results\cache\official_baselines\RANGE\Actor__pool2__f8953a035e84732d4c8be7f602cf38c749cf4e92cc28542ebfa9f529e91d8ce5.npz,"{""details"": {""alpha"": 0.8, ""anchor_offset"": 0, ""entrypoint"": ""HFES+solve_RANGE"", ""fuzzy_threshold"": 0.8, ""input"": ""frozen_base_parts"", ""kmeans_replicates"": 3, ""lambda"": 0.1}, ""method"": ""RANGE"", ""schema"": ""psfce-v4-matlab-adapter-v1""}",v1
Actor,2,GRAPH_GEOMETRY_8,,formal,,YACHT,"{""alpha"": 0.99, ""anchor_offset"": 2, ""kmeans_replicates"": 3, ""theta"": 0.4, ""walk_order"": 20}",ok,7600,5,20,0.2432894736842105,0.0121955416600121,0.0098645431205520006,0.22703503372961689,14.004526000004262,,,,,,,,,,,,,,,,matlab,https://github.com/scu-kdde/YACHT.git,44cb0fc35b80ec17befa199879ac947fee15f464,2026-09-14,NOASSERTION,763db49b232bf7e5f7129ae47a9c2a27ff83250a0e5d7cbeb40c4641920022ac,62deb2b66b54ab18491847bd2cca81e375344bea0ab840d0da429a98100a165b,False,results\cache\official_baselines\YACHT\Actor__pool2__0c3a8bd9443b093345edd7a226d8f1749984d8db97225515c64273d13dab3c1b.npz,"{""details"": {""alpha"": 0.99, ""anchor_offset"": 2, ""compatibility_patch"": ""paper walk order is parameterized; repository helper hard-codes 10"", ""entrypoint"": ""solve_YACHT"", ""input"": ""frozen_base_parts"", ""kmeans_replicates"": 3, ""theta"": 0.4, ""walk_order"": 20}, ""method"": ""YACHT"", ""schema"": ""psfce-v4-matlab-adapter-v1""}",v1
Amazon Computers,0,MULTI_RELATION_7,,formal,,CEHM,{},ok,13752,10,20,0.37507271669575332,0,0,0.054553146483342099,13.619076399991172,,,,,,,,,,,,,,,,matlab,https://github.com/FeijiangLi/Code-k-HyperEdge-Medoids-for-Clustering-Ensemble-AAAI.git,29c22fb18e05eed67728eebcb29cd7e9133723f7,2026-09-14,NOASSERTION,d00d3148b54931b380f8b2a819ce462f21b98efb085916d0fb8ccfff1c7ada74,44136fa355b3678a1146ad16f7e8649e94fb4fc21fe77e8310c060f61caaff8a,False,results\cache\official_baselines\CEHM\Amazon_Computers__pool0__2573def92e7940deefabef35eb2d08f18989356bc04d0b13f1fd55a09943f8f7.npz,"{""details"": {""entrypoint"": ""CEHM"", ""input"": ""frozen_base_parts"", ""variant"": ""published""}, ""method"": ""CEHM"", ""schema"": ""psfce-v4-matlab-adapter-v1""}",v1
Amazon Computers,0,MULTI_RELATION_7,,formal,,RANGE,"{""alpha"": 0.8, ""anchor_offset"": 0, ""fuzzy_threshold"": 0.8, ""kmeans_replicates"": 3, ""lambda"": 0.1}",ok,13752,10,20,0.40285049447353111,0.31910006627365212,0.26585910611765712,0.30847001003166558,13.81635660000029,,,,,,,,,,,,,,,,matlab,https://github.com/middle258/RANGE.git,85d93c54d72d500034d05b5ef131bd90630a3632,2026-09-14,NOASSERTION,d00d3148b54931b380f8b2a819ce462f21b98efb085916d0fb8ccfff1c7ada74,768290a1f1c2f63f8babf657f4e5e2b4da610a7bbda77136d410d91af83ab12a,False,results\cache\official_baselines\RANGE\Amazon_Computers__pool0__e30db266cc34bd1f9e1df5287f64e59098e03c4925c551314e968c3b3c98b665.npz,"{""details"": {""alpha"": 0.8, ""anchor_offset"": 0, ""entrypoint"": ""HFES+solve_RANGE"", ""fuzzy_threshold"": 0.8, ""input"": ""frozen_base_parts"", ""kmeans_replicates"": 3, ""lambda"": 0.1}, ""method"": ""RANGE"", ""schema"": ""psfce-v4-matlab-adapter-v1""}",v1
Amazon Computers,0,MULTI_RELATION_7,,formal,,YACHT,"{""alpha"": 0.99, ""anchor_offset"": 2, ""kmeans_replicates"": 3, ""theta"": 0.4, ""walk_order"": 20}",ok,13752,10,20,0.39834205933682371,0.31483273063392742,0.2179098905734462,0.30925850798097809,16.413037699996494,,,,,,,,,,,,,,,,matlab,https://github.com/scu-kdde/YACHT.git,44cb0fc35b80ec17befa199879ac947fee15f464,2026-09-14,NOASSERTION,d00d3148b54931b380f8b2a819ce462f21b98efb085916d0fb8ccfff1c7ada74,62deb2b66b54ab18491847bd2cca81e375344bea0ab840d0da429a98100a165b,False,results\cache\official_baselines\YACHT\Amazon_Computers__pool0__c42d3b70eec23390b6158fbaedf254a9d8da3dcc26fef9fc8bfc4a819d28d9ab.npz,"{""details"": {""alpha"": 0.99, ""anchor_offset"": 2, ""compatibility_patch"": ""paper walk order is parameterized; repository helper hard-codes 10"", ""entrypoint"": ""solve_YACHT"", ""input"": ""frozen_base_parts"", ""kmeans_replicates"": 3, ""theta"": 0.4, ""walk_order"": 20}, ""method"": ""YACHT"", ""schema"": ""psfce-v4-matlab-adapter-v1""}",v1
Amazon Computers,1,MULTI_RELATION_7,,formal,,CEHM,{},ok,13752,10,20,0.37507271669575332,0,0,0.054553146483342099,13.02219740000146,,,,,,,,,,,,,,,,matlab,https://github.com/FeijiangLi/Code-k-HyperEdge-Medoids-for-Clustering-Ensemble-AAAI.git,29c22fb18e05eed67728eebcb29cd7e9133723f7,2026-09-14,NOASSERTION,1da0af8c9eae54f3882d22743371decaaaa2ff447ee064c27f0252207f6a35e3,44136fa355b3678a1146ad16f7e8649e94fb4fc21fe77e8310c060f61caaff8a,False,results\cache\official_baselines\CEHM\Amazon_Computers__pool1__26a51020b4f673d8514133737a3ff3c0c0425a5e3e73d8f799d34e77eadf133a.npz,"{""details"": {""entrypoint"": ""CEHM"", ""input"": ""frozen_base_parts"", ""variant"": ""published""}, ""method"": ""CEHM"", ""schema"": ""psfce-v4-matlab-adapter-v1""}",v1
Amazon Computers,1,MULTI_RELATION_7,,formal,,RANGE,"{""alpha"": 0.8, ""anchor_offset"": 0, ""fuzzy_threshold"": 0.8, ""kmeans_replicates"": 3, ""lambda"": 0.1}",ok,13752,10,20,0.51330715532286209,0.43053864946112169,0.33063775668509998,0.4254609814627876,14.157912099995883,,,,,,,,,,,,,,,,matlab,https://github.com/middle258/RANGE.git,85d93c54d72d500034d05b5ef131bd90630a3632,2026-09-14,NOASSERTION,1da0af8c9eae54f3882d22743371decaaaa2ff447ee064c27f0252207f6a35e3,768290a1f1c2f63f8babf657f4e5e2b4da610a7bbda77136d410d91af83ab12a,False,results\cache\official_baselines\RANGE\Amazon_Computers__pool1__e5455a6039cbd0896fa8448302408c82b4fe257a63a8b1711308630de481ac6e.npz,"{""details"": {""alpha"": 0.8, ""anchor_offset"": 0, ""entrypoint"": ""HFES+solve_RANGE"", ""fuzzy_threshold"": 0.8, ""input"": ""frozen_base_parts"", ""kmeans_replicates"": 3, ""lambda"": 0.1}, ""method"": ""RANGE"", ""schema"": ""psfce-v4-matlab-adapter-v1""}",v1
Amazon Computers,1,MULTI_RELATION_7,,formal,,YACHT,"{""alpha"": 0.99, ""anchor_offset"": 2, ""kmeans_replicates"": 3, ""theta"": 0.4, ""walk_order"": 20}",ok,13752,10,20,0.29595695171611403,0.24122110216295381,0.13265016537660609,0.23084669297310001,17.612525799995637,,,,,,,,,,,,,,,,matlab,https://github.com/scu-kdde/YACHT.git,44cb0fc35b80ec17befa199879ac947fee15f464,2026-09-14,NOASSERTION,1da0af8c9eae54f3882d22743371decaaaa2ff447ee064c27f0252207f6a35e3,62deb2b66b54ab18491847bd2cca81e375344bea0ab840d0da429a98100a165b,False,results\cache\official_baselines\YACHT\Amazon_Computers__pool1__1d46c77c15edb5cd89d1272815100d35698ea7d5d62e6b8096a40b2f4ed6bc01.npz,"{""details"": {""alpha"": 0.99, ""anchor_offset"": 2, ""compatibility_patch"": ""paper walk order is parameterized; repository helper hard-codes 10"", ""entrypoint"": ""solve_YACHT"", ""input"": ""frozen_base_parts"", ""kmeans_replicates"": 3, ""theta"": 0.4, ""walk_order"": 20}, ""method"": ""YACHT"", ""schema"": ""psfce-v4-matlab-adapter-v1""}",v1
Amazon Computers,2,MULTI_RELATION_7,,formal,,CEHM,{},ok,13752,10,20,0.37507271669575332,0,0,0.054553146483342099,13.130690199992388,,,,,,,,,,,,,,,,matlab,https://github.com/FeijiangLi/Code-k-HyperEdge-Medoids-for-Clustering-Ensemble-AAAI.git,29c22fb18e05eed67728eebcb29cd7e9133723f7,2026-09-14,NOASSERTION,309a3a538c71cc93884214123debd90f0079040f1c66ea03a6356d25e9b8992e,44136fa355b3678a1146ad16f7e8649e94fb4fc21fe77e8310c060f61caaff8a,False,results\cache\official_baselines\CEHM\Amazon_Computers__pool2__5b8f1f8e2bb561c686989413984cc1e78f61e8b146e190b338131040f61338cb.npz,"{""details"": {""entrypoint"": ""CEHM"", ""input"": ""frozen_base_parts"", ""variant"": ""published""}, ""method"": ""CEHM"", ""schema"": ""psfce-v4-matlab-adapter-v1""}",v1
Amazon Computers,2,MULTI_RELATION_7,,formal,,RANGE,"{""alpha"": 0.8, ""anchor_offset"": 0, ""fuzzy_threshold"": 0.8, ""kmeans_replicates"": 3, ""lambda"": 0.1}",ok,13752,10,20,0.4514979639325189,0.38701494272398851,0.2633229791104385,0.38567280895162998,14.14276119999704,,,,,,,,,,,,,,,,matlab,https://github.com/middle258/RANGE.git,85d93c54d72d500034d05b5ef131bd90630a3632,2026-09-14,NOASSERTION,309a3a538c71cc93884214123debd90f0079040f1c66ea03a6356d25e9b8992e,768290a1f1c2f63f8babf657f4e5e2b4da610a7bbda77136d410d91af83ab12a,False,results\cache\official_baselines\RANGE\Amazon_Computers__pool2__f7b2de68f362225bd6efe62278859eaaf004203e434355a837037b104e29bc99.npz,"{""details"": {""alpha"": 0.8, ""anchor_offset"": 0, ""entrypoint"": ""HFES+solve_RANGE"", ""fuzzy_threshold"": 0.8, ""input"": ""frozen_base_parts"", ""kmeans_replicates"": 3, ""lambda"": 0.1}, ""method"": ""RANGE"", ""schema"": ""psfce-v4-matlab-adapter-v1""}",v1
Amazon Computers,2,MULTI_RELATION_7,,formal,,YACHT,"{""alpha"": 0.99, ""anchor_offset"": 2, ""kmeans_replicates"": 3, ""theta"": 0.4, ""walk_order"": 20}",ok,13752,10,20,0.2857038976148924,0.20599155125810589,0.13731986705543711,0.2180359202027459,17.65175440000894,,,,,,,,,,,,,,,,matlab,https://github.com/scu-kdde/YACHT.git,44cb0fc35b80ec17befa199879ac947fee15f464,2026-09-14,NOASSERTION,309a3a538c71cc93884214123debd90f0079040f1c66ea03a6356d25e9b8992e,62deb2b66b54ab18491847bd2cca81e375344bea0ab840d0da429a98100a165b,False,results\cache\official_baselines\YACHT\Amazon_Computers__pool2__7c37ca2d6a3153c8590a42a35701004cf62214886c1b27b6d705ba4e21f3743d.npz,"{""details"": {""alpha"": 0.99, ""anchor_offset"": 2, ""compatibility_patch"": ""paper walk order is parameterized; repository helper hard-codes 10"", ""entrypoint"": ""solve_YACHT"", ""input"": ""frozen_base_parts"", ""kmeans_replicates"": 3, ""theta"": 0.4, ""walk_order"": 20}, ""method"": ""YACHT"", ""schema"": ""psfce-v4-matlab-adapter-v1""}",v1
Amazon Photo,0,MULTI_RELATION_7,,formal,,CEHM,{},ok,7650,8,20,0.58901960784313723,0.55384534760091375,0.35658578433581611,0.52310804462703631,13.733003200002711,,,,,,,,,,,,,,,,matlab,https://github.com/FeijiangLi/Code-k-HyperEdge-Medoids-for-Clustering-Ensemble-AAAI.git,29c22fb18e05eed67728eebcb29cd7e9133723f7,2026-09-14,NOASSERTION,5bbd77ec83138d6bf1ac9ff862431541dd8ae61905d6b42899e85b27dd531bd9,44136fa355b3678a1146ad16f7e8649e94fb4fc21fe77e8310c060f61caaff8a,False,results\cache\official_baselines\CEHM\Amazon_Photo__pool0__8478c6ecbe5c95a40739521ae1386a33209f93b9c39547f0388d9c7e7a0a56c4.npz,"{""details"": {""entrypoint"": ""CEHM"", ""input"": ""frozen_base_parts"", ""variant"": ""published""}, ""method"": ""CEHM"", ""schema"": ""psfce-v4-matlab-adapter-v1""}",v1
Amazon Photo,0,MULTI_RELATION_7,,formal,,RANGE,"{""alpha"": 0.8, ""anchor_offset"": 0, ""fuzzy_threshold"": 0.8, ""kmeans_replicates"": 3, ""lambda"": 0.1}",ok,7650,8,20,0.55372549019607842,0.45734929299335919,0.34410790293053911,0.56526304765960522,12.68670910000219,,,,,,,,,,,,,,,,matlab,https://github.com/middle258/RANGE.git,85d93c54d72d500034d05b5ef131bd90630a3632,2026-09-14,NOASSERTION,5bbd77ec83138d6bf1ac9ff862431541dd8ae61905d6b42899e85b27dd531bd9,768290a1f1c2f63f8babf657f4e5e2b4da610a7bbda77136d410d91af83ab12a,False,results\cache\official_baselines\RANGE\Amazon_Photo__pool0__fe1c502ff64c716861c6eb0fe93caf41e2b50ae865ebc5b58be703351ab4c49e.npz,"{""details"": {""alpha"": 0.8, ""anchor_offset"": 0, ""entrypoint"": ""HFES+solve_RANGE"", ""fuzzy_threshold"": 0.8, ""input"": ""frozen_base_parts"", ""kmeans_replicates"": 3, ""lambda"": 0.1}, ""method"": ""RANGE"", ""schema"": ""psfce-v4-matlab-adapter-v1""}",v1
Amazon Photo,0,MULTI_RELATION_7,,formal,,YACHT,"{""alpha"": 0.99, ""anchor_offset"": 2, ""kmeans_replicates"": 3, ""theta"": 0.4, ""walk_order"": 20}",ok,7650,8,20,0.43307189542483659,0.35871513342383149,0.25437818071760487,0.39350221818837328,13.792014200007545,,,,,,,,,,,,,,,,matlab,https://github.com/scu-kdde/YACHT.git,44cb0fc35b80ec17befa199879ac947fee15f464,2026-09-14,NOASSERTION,5bbd77ec83138d6bf1ac9ff862431541dd8ae61905d6b42899e85b27dd531bd9,62deb2b66b54ab18491847bd2cca81e375344bea0ab840d0da429a98100a165b,False,results\cache\official_baselines\YACHT\Amazon_Photo__pool0__28b624cb29b3b54530d45e94d01223a18c453d6d2b857b864f6df5a634f3fabb.npz,"{""details"": {""alpha"": 0.99, ""anchor_offset"": 2, ""compatibility_patch"": ""paper walk order is parameterized; repository helper hard-codes 10"", ""entrypoint"": ""solve_YACHT"", ""input"": ""frozen_base_parts"", ""kmeans_replicates"": 3, ""theta"": 0.4, ""walk_order"": 20}, ""method"": ""YACHT"", ""schema"": ""psfce-v4-matlab-adapter-v1""}",v1
Amazon Photo,1,MULTI_RELATION_7,,formal,,CEHM,{},ok,7650,8,20,0.58915032679738566,0.55333102215318908,0.35878838163909382,0.52338506239588667,11.94473350000044,,,,,,,,,,,,,,,,matlab,https://github.com/FeijiangLi/Code-k-HyperEdge-Medoids-for-Clustering-Ensemble-AAAI.git,29c22fb18e05eed67728eebcb29cd7e9133723f7,2026-09-14,NOASSERTION,96f90f3c8bdf971c0afcb360540a74f89d3314ee8a6c6a2b3c66359060f11bea,44136fa355b3678a1146ad16f7e8649e94fb4fc21fe77e8310c060f61caaff8a,False,results\cache\official_baselines\CEHM\Amazon_Photo__pool1__1599d5fac86173cd1c62a1147e7f6aaa523df5baa1fbfe700bb495e9f5f181e8.npz,"{""details"": {""entrypoint"": ""CEHM"", ""input"": ""frozen_base_parts"", ""variant"": ""published""}, ""method"": ""CEHM"", ""schema"": ""psfce-v4-matlab-adapter-v1""}",v1
Amazon Photo,1,MULTI_RELATION_7,,formal,,RANGE,"{""alpha"": 0.8, ""anchor_offset"": 0, ""fuzzy_threshold"": 0.8, ""kmeans_replicates"": 3, ""lambda"": 0.1}",ok,7650,8,20,0.46013071895424829,0.37784233320576249,0.26154415223913952,0.45047598535679351,12.930936000004294,,,,,,,,,,,,,,,,matlab,https://github.com/middle258/RANGE.git,85d93c54d72d500034d05b5ef131bd90630a3632,2026-09-14,NOASSERTION,96f90f3c8bdf971c0afcb360540a74f89d3314ee8a6c6a2b3c66359060f11bea,768290a1f1c2f63f8babf657f4e5e2b4da610a7bbda77136d410d91af83ab12a,False,results\cache\official_baselines\RANGE\Amazon_Photo__pool1__4927a8ddf511aef3c5b6ae774659e42919a3e766621239e2f3e18e07de31e83a.npz,"{""details"": {""alpha"": 0.8, ""anchor_offset"": 0, ""entrypoint"": ""HFES+solve_RANGE"", ""fuzzy_threshold"": 0.8, ""input"": ""frozen_base_parts"", ""kmeans_replicates"": 3, ""lambda"": 0.1}, ""method"": ""RANGE"", ""schema"": ""psfce-v4-matlab-adapter-v1""}",v1
Amazon Photo,1,MULTI_RELATION_7,,formal,,YACHT,"{""alpha"": 0.99, ""anchor_offset"": 2, ""kmeans_replicates"": 3, ""theta"": 0.4, ""walk_order"": 20}",ok,7650,8,20,0.4788235294117647,0.40148395497206169,0.26565648320675639,0.44910652807868401,14.076315000012984,,,,,,,,,,,,,,,,matlab,https://github.com/scu-kdde/YACHT.git,44cb0fc35b80ec17befa199879ac947fee15f464,2026-09-14,NOASSERTION,96f90f3c8bdf971c0afcb360540a74f89d3314ee8a6c6a2b3c66359060f11bea,62deb2b66b54ab18491847bd2cca81e375344bea0ab840d0da429a98100a165b,False,results\cache\official_baselines\YACHT\Amazon_Photo__pool1__898afb04db5a0a1179a1121035b6419b3de814cef16907b203d35a01e2ab2d84.npz,"{""details"": {""alpha"": 0.99, ""anchor_offset"": 2, ""compatibility_patch"": ""paper walk order is parameterized; repository helper hard-codes 10"", ""entrypoint"": ""solve_YACHT"", ""input"": ""frozen_base_parts"", ""kmeans_replicates"": 3, ""theta"": 0.4, ""walk_order"": 20}, ""method"": ""YACHT"", ""schema"": ""psfce-v4-matlab-adapter-v1""}",v1
Amazon Photo,2,MULTI_RELATION_7,,formal,,CEHM,{},ok,7650,8,20,0.5883660130718954,0.55588201292762285,0.35769329978286812,0.52262393288857423,11.92059639999934,,,,,,,,,,,,,,,,matlab,https://github.com/FeijiangLi/Code-k-HyperEdge-Medoids-for-Clustering-Ensemble-AAAI.git,29c22fb18e05eed67728eebcb29cd7e9133723f7,2026-09-14,NOASSERTION,c6d3c273af5109c9e8377a63b2898cec022a777f7b6fef6320379d0ef020ec4f,44136fa355b3678a1146ad16f7e8649e94fb4fc21fe77e8310c060f61caaff8a,False,results\cache\official_baselines\CEHM\Amazon_Photo__pool2__caaf025cfeb46416d93b35b4c7b8a697fae97b8b12b765f43ad0eb4b3e5d812e.npz,"{""details"": {""entrypoint"": ""CEHM"", ""input"": ""frozen_base_parts"", ""variant"": ""published""}, ""method"": ""CEHM"", ""schema"": ""psfce-v4-matlab-adapter-v1""}",v1
Amazon Photo,2,MULTI_RELATION_7,,formal,,RANGE,"{""alpha"": 0.8, ""anchor_offset"": 0, ""fuzzy_threshold"": 0.8, ""kmeans_replicates"": 3, ""lambda"": 0.1}",ok,7650,8,20,0.49411764705882349,0.39276101193187701,0.28227816978679188,0.48219989965702881,13.074089600006118,,,,,,,,,,,,,,,,matlab,https://github.com/middle258/RANGE.git,85d93c54d72d500034d05b5ef131bd90630a3632,2026-09-14,NOASSERTION,c6d3c273af5109c9e8377a63b2898cec022a777f7b6fef6320379d0ef020ec4f,768290a1f1c2f63f8babf657f4e5e2b4da610a7bbda77136d410d91af83ab12a,False,results\cache\official_baselines\RANGE\Amazon_Photo__pool2__7df2558f2c5006dad579a64182c83285aa7618b5fae111106a2cb6e2959223b2.npz,"{""details"": {""alpha"": 0.8, ""anchor_offset"": 0, ""entrypoint"": ""HFES+solve_RANGE"", ""fuzzy_threshold"": 0.8, ""input"": ""frozen_base_parts"", ""kmeans_replicates"": 3, ""lambda"": 0.1}, ""method"": ""RANGE"", ""schema"": ""psfce-v4-matlab-adapter-v1""}",v1
Amazon Photo,2,MULTI_RELATION_7,,formal,,YACHT,"{""alpha"": 0.99, ""anchor_offset"": 2, ""kmeans_replicates"": 3, ""theta"": 0.4, ""walk_order"": 20}",ok,7650,8,20,0.44745098039215681,0.40899924351786859,0.27191694765897662,0.4136307526785829,13.881677700002911,,,,,,,,,,,,,,,,matlab,https://github.com/scu-kdde/YACHT.git,44cb0fc35b80ec17befa199879ac947fee15f464,2026-09-14,NOASSERTION,c6d3c273af5109c9e8377a63b2898cec022a777f7b6fef6320379d0ef020ec4f,62deb2b66b54ab18491847bd2cca81e375344bea0ab840d0da429a98100a165b,False,results\cache\official_baselines\YACHT\Amazon_Photo__pool2__93c9f1cf828096d91eb7930605364c239fa851da64c30b1eea12b7a05631249a.npz,"{""details"": {""alpha"": 0.99, ""anchor_offset"": 2, ""compatibility_patch"": ""paper walk order is parameterized; repository helper hard-codes 10"", ""entrypoint"": ""solve_YACHT"", ""input"": ""frozen_base_parts"", ""kmeans_replicates"": 3, ""theta"": 0.4, ""walk_order"": 20}, ""method"": ""YACHT"", ""schema"": ""psfce-v4-matlab-adapter-v1""}",v1
BBC News Sport,0,BKCC_V2,,formal,,CEHM,{},ok,737,5,20,0.38670284938941651,0.12601699985153339,0.017434246231957499,0.2061081858877965,12.177096699990216,,,,,,,,,,,,,,,,matlab,https://github.com/FeijiangLi/Code-k-HyperEdge-Medoids-for-Clustering-Ensemble-AAAI.git,29c22fb18e05eed67728eebcb29cd7e9133723f7,2026-09-14,NOASSERTION,1aa98ab12c053d78cfe7003cbb2eba3ee379efd1841b0ccb0738343d0bc54915,44136fa355b3678a1146ad16f7e8649e94fb4fc21fe77e8310c060f61caaff8a,False,results\cache\official_baselines\CEHM\BBC_News_Sport__pool0__dc1b9d91578b802ba032258eb55936801d0c2f9d7359430ad6bae48e14f4d814.npz,"{""details"": {""entrypoint"": ""CEHM"", ""input"": ""frozen_base_parts"", ""variant"": ""published""}, ""method"": ""CEHM"", ""schema"": ""psfce-v4-matlab-adapter-v1""}",v1
BBC News Sport,0,BKCC_V2,,formal,,RANGE,"{""alpha"": 0.8, ""anchor_offset"": 0, ""fuzzy_threshold"": 0.8, ""kmeans_replicates"": 3, ""lambda"": 0.1}",ok,737,5,20,0.53188602442333788,0.35883825692230981,0.24389080103723751,0.56499443737548649,13.644704299993464,,,,,,,,,,,,,,,,matlab,https://github.com/middle258/RANGE.git,85d93c54d72d500034d05b5ef131bd90630a3632,2026-09-14,NOASSERTION,1aa98ab12c053d78cfe7003cbb2eba3ee379efd1841b0ccb0738343d0bc54915,768290a1f1c2f63f8babf657f4e5e2b4da610a7bbda77136d410d91af83ab12a,False,results\cache\official_baselines\RANGE\BBC_News_Sport__pool0__2ad7e1303bf48e667e3002d9d3e5eed6c23478c5547fde00e45231469b9416dc.npz,"{""details"": {""alpha"": 0.8, ""anchor_offset"": 0, ""entrypoint"": ""HFES+solve_RANGE"", ""fuzzy_threshold"": 0.8, ""input"": ""frozen_base_parts"", ""kmeans_replicates"": 3, ""lambda"": 0.1}, ""method"": ""RANGE"", ""schema"": ""psfce-v4-matlab-adapter-v1""}",v1
BBC News Sport,0,BKCC_V2,,formal,,YACHT,"{""alpha"": 0.99, ""anchor_offset"": 2, ""kmeans_replicates"": 3, ""theta"": 0.4, ""walk_order"": 20}",ok,737,5,20,0.52645861601085486,0.32812371580093852,0.22831278977434361,0.55869969451195112,12.109005499994964,,,,,,,,,,,,,,,,matlab,https://github.com/scu-kdde/YACHT.git,44cb0fc35b80ec17befa199879ac947fee15f464,2026-09-14,NOASSERTION,1aa98ab12c053d78cfe7003cbb2eba3ee379efd1841b0ccb0738343d0bc54915,62deb2b66b54ab18491847bd2cca81e375344bea0ab840d0da429a98100a165b,False,results\cache\official_baselines\YACHT\BBC_News_Sport__pool0__cf7ad9b5940f683f75bd7169ecf3deace05cfa2dea334c5886903af3ab2d642d.npz,"{""details"": {""alpha"": 0.99, ""anchor_offset"": 2, ""compatibility_patch"": ""paper walk order is parameterized; repository helper hard-codes 10"", ""entrypoint"": ""solve_YACHT"", ""input"": ""frozen_base_parts"", ""kmeans_replicates"": 3, ""theta"": 0.4, ""walk_order"": 20}, ""method"": ""YACHT"", ""schema"": ""psfce-v4-matlab-adapter-v1""}",v1
BBC News Sport,1,BKCC_V2,,formal,,CEHM,{},ok,737,5,20,0.43826322930800538,0.2166035813834129,0.0460311462540028,0.31446202341360208,12.47144959999423,,,,,,,,,,,,,,,,matlab,https://github.com/FeijiangLi/Code-k-HyperEdge-Medoids-for-Clustering-Ensemble-AAAI.git,29c22fb18e05eed67728eebcb29cd7e9133723f7,2026-09-14,NOASSERTION,f8b9f498387e67883690045f687eb45d9b2cd7c04820d8ed0227154360669370,44136fa355b3678a1146ad16f7e8649e94fb4fc21fe77e8310c060f61caaff8a,False,results\cache\official_baselines\CEHM\BBC_News_Sport__pool1__dfc226571413f0986fa3b66282779ecf3482c68c314a55c98d40f1e45f653e44.npz,"{""details"": {""entrypoint"": ""CEHM"", ""input"": ""frozen_base_parts"", ""variant"": ""published""}, ""method"": ""CEHM"", ""schema"": ""psfce-v4-matlab-adapter-v1""}",v1
BBC News Sport,1,BKCC_V2,,formal,,RANGE,"{""alpha"": 0.8, ""anchor_offset"": 0, ""fuzzy_threshold"": 0.8, ""kmeans_replicates"": 3, ""lambda"": 0.1}",ok,737,5,20,0.56716417910447758,0.43487973322687989,0.2696474610181045,0.62826906407561411,13.42430620000232,,,,,,,,,,,,,,,,matlab,https://github.com/middle258/RANGE.git,85d93c54d72d500034d05b5ef131bd90630a3632,2026-09-14,NOASSERTION,f8b9f498387e67883690045f687eb45d9b2cd7c04820d8ed0227154360669370,768290a1f1c2f63f8babf657f4e5e2b4da610a7bbda77136d410d91af83ab12a,False,results\cache\official_baselines\RANGE\BBC_News_Sport__pool1__776af8493a7643c24a351d69dbda9e9c57ca4a88fa57ebef86193630b4e5ef63.npz,"{""details"": {""alpha"": 0.8, ""anchor_offset"": 0, ""entrypoint"": ""HFES+solve_RANGE"", ""fuzzy_threshold"": 0.8, ""input"": ""frozen_base_parts"", ""kmeans_replicates"": 3, ""lambda"": 0.1}, ""method"": ""RANGE"", ""schema"": ""psfce-v4-matlab-adapter-v1""}",v1
BBC News Sport,1,BKCC_V2,,formal,,YACHT,"{""alpha"": 0.99, ""anchor_offset"": 2, ""kmeans_replicates"": 3, ""theta"": 0.4, ""walk_order"": 20}",ok,737,5,20,0.51560379918588872,0.36435883532262681,0.21216840609826171,0.55683705153969054,12.556807899993146,,,,,,,,,,,,,,,,matlab,https://github.com/scu-kdde/YACHT.git,44cb0fc35b80ec17befa199879ac947fee15f464,2026-09-14,NOASSERTION,f8b9f498387e67883690045f687eb45d9b2cd7c04820d8ed0227154360669370,62deb2b66b54ab18491847bd2cca81e375344bea0ab840d0da429a98100a165b,False,results\cache\official_baselines\YACHT\BBC_News_Sport__pool1__63cefb332ec5cdb77e29f0f25da6e40aa3c78d91972c2f1777f75f21760576b2.npz,"{""details"": {""alpha"": 0.99, ""anchor_offset"": 2, ""compatibility_patch"": ""paper walk order is parameterized; repository helper hard-codes 10"", ""entrypoint"": ""solve_YACHT"", ""input"": ""frozen_base_parts"", ""kmeans_replicates"": 3, ""theta"": 0.4, ""walk_order"": 20}, ""method"": ""YACHT"", ""schema"": ""psfce-v4-matlab-adapter-v1""}",v1
BBC News Sport,2,BKCC_V2,,formal,,CEHM,{},ok,737,5,20,0.42469470827679778,0.17571807420681851,0.038217848583418597,0.25515714367838521,12.65539610000269,,,,,,,,,,,,,,,,matlab,https://github.com/FeijiangLi/Code-k-HyperEdge-Medoids-for-Clustering-Ensemble-AAAI.git,29c22fb18e05eed67728eebcb29cd7e9133723f7,2026-09-14,NOASSERTION,4ca48b8c6140768fae9671c02f7ecad0ecb65f3cad431d58766e55ffacdcd809,44136fa355b3678a1146ad16f7e8649e94fb4fc21fe77e8310c060f61caaff8a,False,results\cache\official_baselines\CEHM\BBC_News_Sport__pool2__803aa131f953b13da993ec6510855cfa51320d04fbbbd4f9fc5f5fc2334a657c.npz,"{""details"": {""entrypoint"": ""CEHM"", ""input"": ""frozen_base_parts"", ""variant"": ""published""}, ""method"": ""CEHM"", ""schema"": ""psfce-v4-matlab-adapter-v1""}",v1
BBC News Sport,2,BKCC_V2,,formal,,RANGE,"{""alpha"": 0.8, ""anchor_offset"": 0, ""fuzzy_threshold"": 0.8, ""kmeans_replicates"": 3, ""lambda"": 0.1}",ok,737,5,20,0.46675712347354131,0.34085034710550888,0.20821735742087849,0.49296279097167939,12.90336440000101,,,,,,,,,,,,,,,,matlab,https://github.com/middle258/RANGE.git,85d93c54d72d500034d05b5ef131bd90630a3632,2026-09-14,NOASSERTION,4ca48b8c6140768fae9671c02f7ecad0ecb65f3cad431d58766e55ffacdcd809,768290a1f1c2f63f8babf657f4e5e2b4da610a7bbda77136d410d91af83ab12a,False,results\cache\official_baselines\RANGE\BBC_News_Sport__pool2__f02167c7f2751360fc5ad24435aa2b2a7175f711d1d81743465dafdcb2facadb.npz,"{""details"": {""alpha"": 0.8, ""anchor_offset"": 0, ""entrypoint"": ""HFES+solve_RANGE"", ""fuzzy_threshold"": 0.8, ""input"": ""frozen_base_parts"", ""kmeans_replicates"": 3, ""lambda"": 0.1}, ""method"": ""RANGE"", ""schema"": ""psfce-v4-matlab-adapter-v1""}",v1
BBC News Sport,2,BKCC_V2,,formal,,YACHT,"{""alpha"": 0.99, ""anchor_offset"": 2, ""kmeans_replicates"": 3, ""theta"": 0.4, ""walk_order"": 20}",ok,737,5,20,0.45454545454545447,0.33090275209760112,0.2006071325825555,0.48301175306209948,12.215423000001463,,,,,,,,,,,,,,,,matlab,https://github.com/scu-kdde/YACHT.git,44cb0fc35b80ec17befa199879ac947fee15f464,2026-09-14,NOASSERTION,4ca48b8c6140768fae9671c02f7ecad0ecb65f3cad431d58766e55ffacdcd809,62deb2b66b54ab18491847bd2cca81e375344bea0ab840d0da429a98100a165b,False,results\cache\official_baselines\YACHT\BBC_News_Sport__pool2__1fea6bfaef3d5f8e5e81c04c99a59bcc17e74bcd9610749a204abd20ec7bc26d.npz,"{""details"": {""alpha"": 0.99, ""anchor_offset"": 2, ""compatibility_patch"": ""paper walk order is parameterized; repository helper hard-codes 10"", ""entrypoint"": ""solve_YACHT"", ""input"": ""frozen_base_parts"", ""kmeans_replicates"": 3, ""theta"": 0.4, ""walk_order"": 20}, ""method"": ""YACHT"", ""schema"": ""psfce-v4-matlab-adapter-v1""}",v1
BBC-MV,0,TEXT_MV,,formal,,CEHM,{},ok,685,5,20,0.32992700729926999,0,0,0.099231613611415997,11.420331099987379,,,,,,,,,,,,,,,,matlab,https://github.com/FeijiangLi/Code-k-HyperEdge-Medoids-for-Clustering-Ensemble-AAAI.git,29c22fb18e05eed67728eebcb29cd7e9133723f7,2026-09-14,NOASSERTION,180b10cbea34cb381517ecbf43309e4088b7f045e498fe43aabd39481f3e94cb,44136fa355b3678a1146ad16f7e8649e94fb4fc21fe77e8310c060f61caaff8a,False,results\cache\official_baselines\CEHM\BBC-MV__pool0__6d70bd54fa6b9b7962a8e581691723927ab6b6284afae107c0efe49f13a8bcb1.npz,"{""details"": {""entrypoint"": ""CEHM"", ""input"": ""frozen_base_parts"", ""variant"": ""published""}, ""method"": ""CEHM"", ""schema"": ""psfce-v4-matlab-adapter-v1""}",v1
BBC-MV,0,TEXT_MV,,formal,,RANGE,"{""alpha"": 0.8, ""anchor_offset"": 0, ""fuzzy_threshold"": 0.8, ""kmeans_replicates"": 3, ""lambda"": 0.1}",ok,685,5,20,0.25255474452554738,0.020165198019110101,0.0130260181052009,0.2419357061283344,11.985622799998964,,,,,,,,,,,,,,,,matlab,https://github.com/middle258/RANGE.git,85d93c54d72d500034d05b5ef131bd90630a3632,2026-09-14,NOASSERTION,180b10cbea34cb381517ecbf43309e4088b7f045e498fe43aabd39481f3e94cb,768290a1f1c2f63f8babf657f4e5e2b4da610a7bbda77136d410d91af83ab12a,False,results\cache\official_baselines\RANGE\BBC-MV__pool0__f5d5d31f514cf14cdc0bedbf0119638779b4e15329a2ffcc0824051c7b78ef32.npz,"{""details"": {""alpha"": 0.8, ""anchor_offset"": 0, ""entrypoint"": ""HFES+solve_RANGE"", ""fuzzy_threshold"": 0.8, ""input"": ""frozen_base_parts"", ""kmeans_replicates"": 3, ""lambda"": 0.1}, ""method"": ""RANGE"", ""schema"": ""psfce-v4-matlab-adapter-v1""}",v1
BBC-MV,0,TEXT_MV,,formal,,YACHT,"{""alpha"": 0.99, ""anchor_offset"": 2, ""kmeans_replicates"": 3, ""theta"": 0.4, ""walk_order"": 20}",ok,685,5,20,0.26423357664233571,0.031837985253753198,0.0095291129462091,0.2318609843968143,12.137380000000119,,,,,,,,,,,,,,,,matlab,https://github.com/scu-kdde/YACHT.git,44cb0fc35b80ec17befa199879ac947fee15f464,2026-09-14,NOASSERTION,180b10cbea34cb381517ecbf43309e4088b7f045e498fe43aabd39481f3e94cb,62deb2b66b54ab18491847bd2cca81e375344bea0ab840d0da429a98100a165b,False,results\cache\official_baselines\YACHT\BBC-MV__pool0__c9844650f5af4a513af776ddfecdd6411a1c3ff6a488aac185b8b854a3e6f13c.npz,"{""details"": {""alpha"": 0.99, ""anchor_offset"": 2, ""compatibility_patch"": ""paper walk order is parameterized; repository helper hard-codes 10"", ""entrypoint"": ""solve_YACHT"", ""input"": ""frozen_base_parts"", ""kmeans_replicates"": 3, ""theta"": 0.4, ""walk_order"": 20}, ""method"": ""YACHT"", ""schema"": ""psfce-v4-matlab-adapter-v1""}",v1
BBC-MV,2,TEXT_MV,,formal,,CEHM,{},ok,685,5,20,0.33138686131386857,0.0040590592267677004,0.00088778881280040004,0.10415993644909299,12.026121700007934,,,,,,,,,,,,,,,,matlab,https://github.com/FeijiangLi/Code-k-HyperEdge-Medoids-for-Clustering-Ensemble-AAAI.git,29c22fb18e05eed67728eebcb29cd7e9133723f7,2026-09-14,NOASSERTION,91d30339f35f7898389a8aec2fea225608414f6e8d254eddda24b5d8540d31a0,44136fa355b3678a1146ad16f7e8649e94fb4fc21fe77e8310c060f61caaff8a,False,results\cache\official_baselines\CEHM\BBC-MV__pool2__d4f5a39b2d8d240735b5fd33344939d36d2218ad9427a5f44924db53d73a408e.npz,"{""details"": {""entrypoint"": ""CEHM"", ""input"": ""frozen_base_parts"", ""variant"": ""published""}, ""method"": ""CEHM"", ""schema"": ""psfce-v4-matlab-adapter-v1""}",v1
BBC-MV,2,TEXT_MV,,formal,,RANGE,"{""alpha"": 0.8, ""anchor_offset"": 0, ""fuzzy_threshold"": 0.8, ""kmeans_replicates"": 3, ""lambda"": 0.1}",ok,685,5,20,0.38978102189781022,0.1302380219712391,0.11400975419398721,0.36325710541543771,12.877350499999013,,,,,,,,,,,,,,,,matlab,https://github.com/middle258/RANGE.git,85d93c54d72d500034d05b5ef131bd90630a3632,2026-09-14,NOASSERTION,91d30339f35f7898389a8aec2fea225608414f6e8d254eddda24b5d8540d31a0,768290a1f1c2f63f8babf657f4e5e2b4da610a7bbda77136d410d91af83ab12a,False,results\cache\official_baselines\RANGE\BBC-MV__pool2__23ef92747f4f47ab515ee8341fe3edb1764e171c8468105ce5737eb800e7a4f6.npz,"{""details"": {""alpha"": 0.8, ""anchor_offset"": 0, ""entrypoint"": ""HFES+solve_RANGE"", ""fuzzy_threshold"": 0.8, ""input"": ""frozen_base_parts"", ""kmeans_replicates"": 3, ""lambda"": 0.1}, ""method"": ""RANGE"", ""schema"": ""psfce-v4-matlab-adapter-v1""}",v1
BBC-MV,2,TEXT_MV,,formal,,YACHT,"{""alpha"": 0.99, ""anchor_offset"": 2, ""kmeans_replicates"": 3, ""theta"": 0.4, ""walk_order"": 20}",ok,685,5,20,0.39854014598540138,0.15288917661156851,0.076471830380746397,0.35931848477450329,12.383882699999958,,,,,,,,,,,,,,,,matlab,https://github.com/scu-kdde/YACHT.git,44cb0fc35b80ec17befa199879ac947fee15f464,2026-09-14,NOASSERTION,91d30339f35f7898389a8aec2fea225608414f6e8d254eddda24b5d8540d31a0,62deb2b66b54ab18491847bd2cca81e375344bea0ab840d0da429a98100a165b,False,results\cache\official_baselines\YACHT\BBC-MV__pool2__05b0442d31ba751a2eb8f57d98715a623d966eda0c3750950240f24298aba886.npz,"{""details"": {""alpha"": 0.99, ""anchor_offset"": 2, ""compatibility_patch"": ""paper walk order is parameterized; repository helper hard-codes 10"", ""entrypoint"": ""solve_YACHT"", ""input"": ""frozen_base_parts"", ""kmeans_replicates"": 3, ""theta"": 0.4, ""walk_order"": 20}, ""method"": ""YACHT"", ""schema"": ""psfce-v4-matlab-adapter-v1""}",v1
BBC-MV,1,TEXT_MV,,formal,,CEHM,{},ok,685,5,20,0.32846715328467152,0.0021178853253227999,-0.00072153744824220004,0.098901098901098897,12.337701299999026,,,,,,,,,,,,,,,,matlab,https://github.com/FeijiangLi/Code-k-HyperEdge-Medoids-for-Clustering-Ensemble-AAAI.git,29c22fb18e05eed67728eebcb29cd7e9133723f7,2026-09-14,NOASSERTION,e90de8b07ff8d83432029d11be688a3988b07dddfe47c81b97ee3d65950e4dad,44136fa355b3678a1146ad16f7e8649e94fb4fc21fe77e8310c060f61caaff8a,False,results\cache\official_baselines\CEHM\BBC-MV__pool1__5e9389e511827ec1101752ba5f8e15dd8f0a06a8b73802717d4af07dd81bd550.npz,"{""details"": {""entrypoint"": ""CEHM"", ""input"": ""frozen_base_parts"", ""variant"": ""published""}, ""method"": ""CEHM"", ""schema"": ""psfce-v4-matlab-adapter-v1""}",v1
BBC-MV,1,TEXT_MV,,formal,,RANGE,"{""alpha"": 0.8, ""anchor_offset"": 0, ""fuzzy_threshold"": 0.8, ""kmeans_replicates"": 3, ""lambda"": 0.1}",ok,685,5,20,0.37956204379562042,0.1109716356246163,0.10492979559157049,0.35071048313785858,12.781035400010296,,,,,,,,,,,,,,,,matlab,https://github.com/middle258/RANGE.git,85d93c54d72d500034d05b5ef131bd90630a3632,2026-09-14,NOASSERTION,e90de8b07ff8d83432029d11be688a3988b07dddfe47c81b97ee3d65950e4dad,768290a1f1c2f63f8babf657f4e5e2b4da610a7bbda77136d410d91af83ab12a,False,results\cache\official_baselines\RANGE\BBC-MV__pool1__65eeff6526f4bc0ffb36cb085ad9e9d2256ad2860da19eadb8db6319d1990033.npz,"{""details"": {""alpha"": 0.8, ""anchor_offset"": 0, ""entrypoint"": ""HFES+solve_RANGE"", ""fuzzy_threshold"": 0.8, ""input"": ""frozen_base_parts"", ""kmeans_replicates"": 3, ""lambda"": 0.1}, ""method"": ""RANGE"", ""schema"": ""psfce-v4-matlab-adapter-v1""}",v1
BBC-MV,1,TEXT_MV,,formal,,YACHT,"{""alpha"": 0.99, ""anchor_offset"": 2, ""kmeans_replicates"": 3, ""theta"": 0.4, ""walk_order"": 20}",ok,685,5,20,0.38686131386861311,0.096299504862236596,0.084139767351939301,0.34355678736008921,12.477718599999209,,,,,,,,,,,,,,,,matlab,https://github.com/scu-kdde/YACHT.git,44cb0fc35b80ec17befa199879ac947fee15f464,2026-09-14,NOASSERTION,e90de8b07ff8d83432029d11be688a3988b07dddfe47c81b97ee3d65950e4dad,62deb2b66b54ab18491847bd2cca81e375344bea0ab840d0da429a98100a165b,False,results\cache\official_baselines\YACHT\BBC-MV__pool1__a9b8d9ec4491708e0c820c84e4eb28ac733ace573c56a2fca9d41357a6794cc6.npz,"{""details"": {""alpha"": 0.99, ""anchor_offset"": 2, ""compatibility_patch"": ""paper walk order is parameterized; repository helper hard-codes 10"", ""entrypoint"": ""solve_YACHT"", ""input"": ""frozen_base_parts"", ""kmeans_replicates"": 3, ""theta"": 0.4, ""walk_order"": 20}, ""method"": ""YACHT"", ""schema"": ""psfce-v4-matlab-adapter-v1""}",v1
BBCSport-MV,0,TEXT_MV,,formal,,CEHM,{},ok,544,5,20,0.3547794117647059,0,0,0.1047489823609226,11.899636799993459,,,,,,,,,,,,,,,,matlab,https://github.com/FeijiangLi/Code-k-HyperEdge-Medoids-for-Clustering-Ensemble-AAAI.git,29c22fb18e05eed67728eebcb29cd7e9133723f7,2026-09-14,NOASSERTION,48f4b74d591ddc5523db81a59b79358865cf590979f4a3d4f13a36348339794e,44136fa355b3678a1146ad16f7e8649e94fb4fc21fe77e8310c060f61caaff8a,False,results\cache\official_baselines\CEHM\BBCSport-MV__pool0__90906767619a0245e9dd908bbd38b1fe3d1bb1eebe26c977214d1dab6890429f.npz,"{""details"": {""entrypoint"": ""CEHM"", ""input"": ""frozen_base_parts"", ""variant"": ""published""}, ""method"": ""CEHM"", ""schema"": ""psfce-v4-matlab-adapter-v1""}",v1
BBCSport-MV,0,TEXT_MV,,formal,,RANGE,"{""alpha"": 0.8, ""anchor_offset"": 0, ""fuzzy_threshold"": 0.8, ""kmeans_replicates"": 3, ""lambda"": 0.1}",ok,544,5,20,0.5,0.31475848939209139,0.22934665691066281,0.4717971891125613,12.770236099997421,,,,,,,,,,,,,,,,matlab,https://github.com/middle258/RANGE.git,85d93c54d72d500034d05b5ef131bd90630a3632,2026-09-14,NOASSERTION,48f4b74d591ddc5523db81a59b79358865cf590979f4a3d4f13a36348339794e,768290a1f1c2f63f8babf657f4e5e2b4da610a7bbda77136d410d91af83ab12a,False,results\cache\official_baselines\RANGE\BBCSport-MV__pool0__9aff9505f147648e09d2d94c75dab5d3d8189e8bf1c349111475c8d4bde03c29.npz,"{""details"": {""alpha"": 0.8, ""anchor_offset"": 0, ""entrypoint"": ""HFES+solve_RANGE"", ""fuzzy_threshold"": 0.8, ""input"": ""frozen_base_parts"", ""kmeans_replicates"": 3, ""lambda"": 0.1}, ""method"": ""RANGE"", ""schema"": ""psfce-v4-matlab-adapter-v1""}",v1
BBCSport-MV,0,TEXT_MV,,formal,,YACHT,"{""alpha"": 0.99, ""anchor_offset"": 2, ""kmeans_replicates"": 3, ""theta"": 0.4, ""walk_order"": 20}",ok,544,5,20,0.3529411764705882,0.088331190681678898,0.0727355333262929,0.3322129929147245,12.095285699993838,,,,,,,,,,,,,,,,matlab,https://github.com/scu-kdde/YACHT.git,44cb0fc35b80ec17befa199879ac947fee15f464,2026-09-14,NOASSERTION,48f4b74d591ddc5523db81a59b79358865cf590979f4a3d4f13a36348339794e,62deb2b66b54ab18491847bd2cca81e375344bea0ab840d0da429a98100a165b,False,results\cache\official_baselines\YACHT\BBCSport-MV__pool0__3906a8ba61ca8bd1a7b557b929155ab2274ecac895576e741c94790b6a09b681.npz,"{""details"": {""alpha"": 0.99, ""anchor_offset"": 2, ""compatibility_patch"": ""paper walk order is parameterized; repository helper hard-codes 10"", ""entrypoint"": ""solve_YACHT"", ""input"": ""frozen_base_parts"", ""kmeans_replicates"": 3, ""theta"": 0.4, ""walk_order"": 20}, ""method"": ""YACHT"", ""schema"": ""psfce-v4-matlab-adapter-v1""}",v1
BBCSport-MV,1,TEXT_MV,,formal,,CEHM,{},ok,544,5,20,0.3547794117647059,0,0,0.1047489823609226,12.016105599992445,,,,,,,,,,,,,,,,matlab,https://github.com/FeijiangLi/Code-k-HyperEdge-Medoids-for-Clustering-Ensemble-AAAI.git,29c22fb18e05eed67728eebcb29cd7e9133723f7,2026-09-14,NOASSERTION,018a4443dbc6aebc4f15dd46f2c0c5c204e38d0abbc92f390d0164a27ae4902d,44136fa355b3678a1146ad16f7e8649e94fb4fc21fe77e8310c060f61caaff8a,False,results\cache\official_baselines\CEHM\BBCSport-MV__pool1__9f39a7d1af643206502c89460a895d91eddc901cb88d1bc9120ff30bf44865d8.npz,"{""details"": {""entrypoint"": ""CEHM"", ""input"": ""frozen_base_parts"", ""variant"": ""published""}, ""method"": ""CEHM"", ""schema"": ""psfce-v4-matlab-adapter-v1""}",v1
BBCSport-MV,1,TEXT_MV,,formal,,RANGE,"{""alpha"": 0.8, ""anchor_offset"": 0, ""fuzzy_threshold"": 0.8, ""kmeans_replicates"": 3, ""lambda"": 0.1}",ok,544,5,20,0.52389705882352944,0.3207962859489541,0.2490441372628788,0.5073599405259247,12.535500600002706,,,,,,,,,,,,,,,,matlab,https://github.com/middle258/RANGE.git,85d93c54d72d500034d05b5ef131bd90630a3632,2026-09-14,NOASSERTION,018a4443dbc6aebc4f15dd46f2c0c5c204e38d0abbc92f390d0164a27ae4902d,768290a1f1c2f63f8babf657f4e5e2b4da610a7bbda77136d410d91af83ab12a,False,results\cache\official_baselines\RANGE\BBCSport-MV__pool1__25132ad065cb175b397ceface5ee5b6087dbc8a96993c245ea2604539917c0b7.npz,"{""details"": {""alpha"": 0.8, ""anchor_offset"": 0, ""entrypoint"": ""HFES+solve_RANGE"", ""fuzzy_threshold"": 0.8, ""input"": ""frozen_base_parts"", ""kmeans_replicates"": 3, ""lambda"": 0.1}, ""method"": ""RANGE"", ""schema"": ""psfce-v4-matlab-adapter-v1""}",v1
BBCSport-MV,1,TEXT_MV,,formal,,YACHT,"{""alpha"": 0.99, ""anchor_offset"": 2, ""kmeans_replicates"": 3, ""theta"": 0.4, ""walk_order"": 20}",ok,544,5,20,0.36213235294117641,0.12062285658074361,0.081000052662238795,0.34352508968717138,14.579397199995585,,,,,,,,,,,,,,,,matlab,https://github.com/scu-kdde/YACHT.git,44cb0fc35b80ec17befa199879ac947fee15f464,2026-09-14,NOASSERTION,018a4443dbc6aebc4f15dd46f2c0c5c204e38d0abbc92f390d0164a27ae4902d,62deb2b66b54ab18491847bd2cca81e375344bea0ab840d0da429a98100a165b,False,results\cache\official_baselines\YACHT\BBCSport-MV__pool1__61576d44e68b7fcdff9282435183fc7c78cee4513efcb909c214431d1a28981d.npz,"{""details"": {""alpha"": 0.99, ""anchor_offset"": 2, ""compatibility_patch"": ""paper walk order is parameterized; repository helper hard-codes 10"", ""entrypoint"": ""solve_YACHT"", ""input"": ""frozen_base_parts"", ""kmeans_replicates"": 3, ""theta"": 0.4, ""walk_order"": 20}, ""method"": ""YACHT"", ""schema"": ""psfce-v4-matlab-adapter-v1""}",v1
BBCSport-MV,2,TEXT_MV,,formal,,CEHM,{},ok,544,5,20,0.3547794117647059,0,0,0.1047489823609226,11.93273169999884,,,,,,,,,,,,,,,,matlab,https://github.com/FeijiangLi/Code-k-HyperEdge-Medoids-for-Clustering-Ensemble-AAAI.git,29c22fb18e05eed67728eebcb29cd7e9133723f7,2026-09-14,NOASSERTION,4a9630cf5b64b20f4a1810f4615ef537ddb0427977919938d3ce4adf740c4ade,44136fa355b3678a1146ad16f7e8649e94fb4fc21fe77e8310c060f61caaff8a,False,results\cache\official_baselines\CEHM\BBCSport-MV__pool2__f2e9d3c5a53f38b6e6b18a6272def8a2857efe84397a978343f59029685dcfb5.npz,"{""details"": {""entrypoint"": ""CEHM"", ""input"": ""frozen_base_parts"", ""variant"": ""published""}, ""method"": ""CEHM"", ""schema"": ""psfce-v4-matlab-adapter-v1""}",v1
BBCSport-MV,2,TEXT_MV,,formal,,RANGE,"{""alpha"": 0.8, ""anchor_offset"": 0, ""fuzzy_threshold"": 0.8, ""kmeans_replicates"": 3, ""lambda"": 0.1}",ok,544,5,20,0.53860294117647056,0.29695932994448671,0.22277945938912819,0.53243521058543042,12.540441599994663,,,,,,,,,,,,,,,,matlab,https://github.com/middle258/RANGE.git,85d93c54d72d500034d05b5ef131bd90630a3632,2026-09-14,NOASSERTION,4a9630cf5b64b20f4a1810f4615ef537ddb0427977919938d3ce4adf740c4ade,768290a1f1c2f63f8babf657f4e5e2b4da610a7bbda77136d410d91af83ab12a,False,results\cache\official_baselines\RANGE\BBCSport-MV__pool2__2a22af905c64ad41227e29558ef960b44ef05cbde4d91d00fcab81a5a6ecd8f4.npz,"{""details"": {""alpha"": 0.8, ""anchor_offset"": 0, ""entrypoint"": ""HFES+solve_RANGE"", ""fuzzy_threshold"": 0.8, ""input"": ""frozen_base_parts"", ""kmeans_replicates"": 3, ""lambda"": 0.1}, ""method"": ""RANGE"", ""schema"": ""psfce-v4-matlab-adapter-v1""}",v1
BBCSport-MV,2,TEXT_MV,,formal,,YACHT,"{""alpha"": 0.99, ""anchor_offset"": 2, ""kmeans_replicates"": 3, ""theta"": 0.4, ""walk_order"": 20}",ok,544,5,20,0.31617647058823528,0.054349918483774302,0.028601231837807502,0.30659246976510979,14.542109699992579,,,,,,,,,,,,,,,,matlab,https://github.com/scu-kdde/YACHT.git,44cb0fc35b80ec17befa199879ac947fee15f464,2026-09-14,NOASSERTION,4a9630cf5b64b20f4a1810f4615ef537ddb0427977919938d3ce4adf740c4ade,62deb2b66b54ab18491847bd2cca81e375344bea0ab840d0da429a98100a165b,False,results\cache\official_baselines\YACHT\BBCSport-MV__pool2__6c7ad018bd6399eb7502e5d0637d0b874e1d44496901e7cee21ef16348cf4dff.npz,"{""details"": {""alpha"": 0.99, ""anchor_offset"": 2, ""compatibility_patch"": ""paper walk order is parameterized; repository helper hard-codes 10"", ""entrypoint"": ""solve_YACHT"", ""input"": ""frozen_base_parts"", ""kmeans_replicates"": 3, ""theta"": 0.4, ""walk_order"": 20}, ""method"": ""YACHT"", ""schema"": ""psfce-v4-matlab-adapter-v1""}",v1
COIL100,0,NEW10,,formal,,CEHM,{},ok,7200,100,20,0.48986111111111108,0.78089395081961277,0.35773979088315661,0.4526505633831705,62.1979527999938,,,,,,,,,,,,,,,,matlab,https://github.com/FeijiangLi/Code-k-HyperEdge-Medoids-for-Clustering-Ensemble-AAAI.git,29c22fb18e05eed67728eebcb29cd7e9133723f7,2026-09-14,NOASSERTION,fe7c1340f70fb16dacb0db58af4097beef52f69f97b3217c96448f9ac1ccef2d,44136fa355b3678a1146ad16f7e8649e94fb4fc21fe77e8310c060f61caaff8a,False,results\cache\official_baselines\CEHM\COIL100__pool0__8986cd06729f6d537280f3bb9fdffa89d7ca98cf3a14b21e226afa703240325d.npz,"{""details"": {""entrypoint"": ""CEHM"", ""input"": ""frozen_base_parts"", ""variant"": ""published""}, ""method"": ""CEHM"", ""schema"": ""psfce-v4-matlab-adapter-v1""}",v1
COIL100,0,NEW10,,formal,,RANGE,"{""alpha"": 0.8, ""anchor_offset"": 0, ""fuzzy_threshold"": 0.8, ""kmeans_replicates"": 3, ""lambda"": 0.1}",ok,7200,100,20,0.57361111111111107,0.78405601836623129,0.52038655327635508,0.56043145847004472,89.903336799994577,,,,,,,,,,,,,,,,matlab,https://github.com/middle258/RANGE.git,85d93c54d72d500034d05b5ef131bd90630a3632,2026-09-14,NOASSERTION,fe7c1340f70fb16dacb0db58af4097beef52f69f97b3217c96448f9ac1ccef2d,768290a1f1c2f63f8babf657f4e5e2b4da610a7bbda77136d410d91af83ab12a,False,results\cache\official_baselines\RANGE\COIL100__pool0__f3458946db155d9500a34bad2d9b2fa03c239a02cfe6898077964acde46e0440.npz,"{""details"": {""alpha"": 0.8, ""anchor_offset"": 0, ""entrypoint"": ""HFES+solve_RANGE"", ""fuzzy_threshold"": 0.8, ""input"": ""frozen_base_parts"", ""kmeans_replicates"": 3, ""lambda"": 0.1}, ""method"": ""RANGE"", ""schema"": ""psfce-v4-matlab-adapter-v1""}",v1
COIL100,0,NEW10,,formal,,YACHT,"{""alpha"": 0.99, ""anchor_offset"": 2, ""kmeans_replicates"": 3, ""theta"": 0.4, ""walk_order"": 20}",ok,7200,100,20,0.55791666666666662,0.77840898458302776,0.5064879950851463,0.54128196416665375,52.108041900006363,,,,,,,,,,,,,,,,matlab,https://github.com/scu-kdde/YACHT.git,44cb0fc35b80ec17befa199879ac947fee15f464,2026-09-14,NOASSERTION,fe7c1340f70fb16dacb0db58af4097beef52f69f97b3217c96448f9ac1ccef2d,62deb2b66b54ab18491847bd2cca81e375344bea0ab840d0da429a98100a165b,False,results\cache\official_baselines\YACHT\COIL100__pool0__ffceb14037c0e74ce93914348ae58e6a2e440d6fea6acb31e6c99c2e0a809f7d.npz,"{""details"": {""alpha"": 0.99, ""anchor_offset"": 2, ""compatibility_patch"": ""paper walk order is parameterized; repository helper hard-codes 10"", ""entrypoint"": ""solve_YACHT"", ""input"": ""frozen_base_parts"", ""kmeans_replicates"": 3, ""theta"": 0.4, ""walk_order"": 20}, ""method"": ""YACHT"", ""schema"": ""psfce-v4-matlab-adapter-v1""}",v1
COIL100,2,NEW10,,formal,,CEHM,{},ok,7200,100,20,0.49763888888888891,0.78104055276665907,0.40496024354975518,0.45071187605777829,56.389269599996624,,,,,,,,,,,,,,,,matlab,https://github.com/FeijiangLi/Code-k-HyperEdge-Medoids-for-Clustering-Ensemble-AAAI.git,29c22fb18e05eed67728eebcb29cd7e9133723f7,2026-09-14,NOASSERTION,84623335c0aeb37ffed38419cddb41419317c79b1de0e2c4b3850aa17550ef84,44136fa355b3678a1146ad16f7e8649e94fb4fc21fe77e8310c060f61caaff8a,False,results\cache\official_baselines\CEHM\COIL100__pool2__ad742395009bee1c93b4dd5cd69a081d34711f8d4211bb261febbbd87d2ae038.npz,"{""details"": {""entrypoint"": ""CEHM"", ""input"": ""frozen_base_parts"", ""variant"": ""published""}, ""method"": ""CEHM"", ""schema"": ""psfce-v4-matlab-adapter-v1""}",v1
COIL100,2,NEW10,,formal,,RANGE,"{""alpha"": 0.8, ""anchor_offset"": 0, ""fuzzy_threshold"": 0.8, ""kmeans_replicates"": 3, ""lambda"": 0.1}",ok,7200,100,20,0.57791666666666663,0.79312252636543268,0.5257986286795594,0.57230080079700252,96.091161100004683,,,,,,,,,,,,,,,,matlab,https://github.com/middle258/RANGE.git,85d93c54d72d500034d05b5ef131bd90630a3632,2026-09-14,NOASSERTION,84623335c0aeb37ffed38419cddb41419317c79b1de0e2c4b3850aa17550ef84,768290a1f1c2f63f8babf657f4e5e2b4da610a7bbda77136d410d91af83ab12a,False,results\cache\official_baselines\RANGE\COIL100__pool2__9d51515b31609657b8f9c165075b78aff930b084897b805bf1c83746e3fe4ec5.npz,"{""details"": {""alpha"": 0.8, ""anchor_offset"": 0, ""entrypoint"": ""HFES+solve_RANGE"", ""fuzzy_threshold"": 0.8, ""input"": ""frozen_base_parts"", ""kmeans_replicates"": 3, ""lambda"": 0.1}, ""method"": ""RANGE"", ""schema"": ""psfce-v4-matlab-adapter-v1""}",v1
COIL100,2,NEW10,,formal,,YACHT,"{""alpha"": 0.99, ""anchor_offset"": 2, ""kmeans_replicates"": 3, ""theta"": 0.4, ""walk_order"": 20}",ok,7200,100,20,0.57125000000000004,0.78114338313185805,0.51000862383632661,0.5596879826383564,49.204079100003582,,,,,,,,,,,,,,,,matlab,https://github.com/scu-kdde/YACHT.git,44cb0fc35b80ec17befa199879ac947fee15f464,2026-09-14,NOASSERTION,84623335c0aeb37ffed38419cddb41419317c79b1de0e2c4b3850aa17550ef84,62deb2b66b54ab18491847bd2cca81e375344bea0ab840d0da429a98100a165b,False,results\cache\official_baselines\YACHT\COIL100__pool2__22ff52a06a0896229640a2b0024ac67a99c2abd17e60a159b0ba156f948f6048.npz,"{""details"": {""alpha"": 0.99, ""anchor_offset"": 2, ""compatibility_patch"": ""paper walk order is parameterized; repository helper hard-codes 10"", ""entrypoint"": ""solve_YACHT"", ""input"": ""frozen_base_parts"", ""kmeans_replicates"": 3, ""theta"": 0.4, ""walk_order"": 20}, ""method"": ""YACHT"", ""schema"": ""psfce-v4-matlab-adapter-v1""}",v1
COIL100,1,NEW10,,formal,,CEHM,{},ok,7200,100,20,0.5018055555555555,0.78238180012987191,0.38169866292122401,0.46655506620319648,66.54107490000024,,,,,,,,,,,,,,,,matlab,https://github.com/FeijiangLi/Code-k-HyperEdge-Medoids-for-Clustering-Ensemble-AAAI.git,29c22fb18e05eed67728eebcb29cd7e9133723f7,2026-09-14,NOASSERTION,86fb02f84b81129866d112889cdb5ec828442bb8599b9d944a21d1a3e8f71a65,44136fa355b3678a1146ad16f7e8649e94fb4fc21fe77e8310c060f61caaff8a,False,results\cache\official_baselines\CEHM\COIL100__pool1__ac1cce622b853f6f4efb65264d8c1d0fc3b7e61e2028c33ed18bdafa38af6bb7.npz,"{""details"": {""entrypoint"": ""CEHM"", ""input"": ""frozen_base_parts"", ""variant"": ""published""}, ""method"": ""CEHM"", ""schema"": ""psfce-v4-matlab-adapter-v1""}",v1
COIL100,1,NEW10,,formal,,RANGE,"{""alpha"": 0.8, ""anchor_offset"": 0, ""fuzzy_threshold"": 0.8, ""kmeans_replicates"": 3, ""lambda"": 0.1}",ok,7200,100,20,0.57138888888888884,0.78653671853452989,0.52049958496570525,0.56373643339580259,93.370723400003044,,,,,,,,,,,,,,,,matlab,https://github.com/middle258/RANGE.git,85d93c54d72d500034d05b5ef131bd90630a3632,2026-09-14,NOASSERTION,86fb02f84b81129866d112889cdb5ec828442bb8599b9d944a21d1a3e8f71a65,768290a1f1c2f63f8babf657f4e5e2b4da610a7bbda77136d410d91af83ab12a,False,results\cache\official_baselines\RANGE\COIL100__pool1__f3792aa39cd029180c847191566b6849fbb8a93d32be1ebc440e560f0d63fba3.npz,"{""details"": {""alpha"": 0.8, ""anchor_offset"": 0, ""entrypoint"": ""HFES+solve_RANGE"", ""fuzzy_threshold"": 0.8, ""input"": ""frozen_base_parts"", ""kmeans_replicates"": 3, ""lambda"": 0.1}, ""method"": ""RANGE"", ""schema"": ""psfce-v4-matlab-adapter-v1""}",v1
COIL100,1,NEW10,,formal,,YACHT,"{""alpha"": 0.99, ""anchor_offset"": 2, ""kmeans_replicates"": 3, ""theta"": 0.4, ""walk_order"": 20}",ok,7200,100,20,0.55666666666666664,0.78131053264439609,0.50104682676978873,0.53934717981752522,50.48483080000733,,,,,,,,,,,,,,,,matlab,https://github.com/scu-kdde/YACHT.git,44cb0fc35b80ec17befa199879ac947fee15f464,2026-09-14,NOASSERTION,86fb02f84b81129866d112889cdb5ec828442bb8599b9d944a21d1a3e8f71a65,62deb2b66b54ab18491847bd2cca81e375344bea0ab840d0da429a98100a165b,False,results\cache\official_baselines\YACHT\COIL100__pool1__4d860f7b26d9150b3b2131ac80aee13ca9ef5a1ba53aa7a8be9c1979f8a1bce4.npz,"{""details"": {""alpha"": 0.99, ""anchor_offset"": 2, ""compatibility_patch"": ""paper walk order is parameterized; repository helper hard-codes 10"", ""entrypoint"": ""solve_YACHT"", ""input"": ""frozen_base_parts"", ""kmeans_replicates"": 3, ""theta"": 0.4, ""walk_order"": 20}, ""method"": ""YACHT"", ""schema"": ""psfce-v4-matlab-adapter-v1""}",v1
COIL20,0,BKCC_V2,,formal,,CEHM,{},ok,1440,20,20,0.68055555555555558,0.80028451400800327,0.60398378194206825,0.64222289932374532,17.505496800004039,,,,,,,,,,,,,,,,matlab,https://github.com/FeijiangLi/Code-k-HyperEdge-Medoids-for-Clustering-Ensemble-AAAI.git,29c22fb18e05eed67728eebcb29cd7e9133723f7,2026-09-14,NOASSERTION,123ffa6349a13c5b7b24299eccadfac5a367a8a51f7fab1a415e4883059e9323,44136fa355b3678a1146ad16f7e8649e94fb4fc21fe77e8310c060f61caaff8a,False,results\cache\official_baselines\CEHM\COIL20__pool0__fb2eb8888cab39f318745da204735db7819cf99f99dab84e86f2b9a0e0175552.npz,"{""details"": {""entrypoint"": ""CEHM"", ""input"": ""frozen_base_parts"", ""variant"": ""published""}, ""method"": ""CEHM"", ""schema"": ""psfce-v4-matlab-adapter-v1""}",v1
COIL20,0,BKCC_V2,,formal,,RANGE,"{""alpha"": 0.8, ""anchor_offset"": 0, ""fuzzy_threshold"": 0.8, ""kmeans_replicates"": 3, ""lambda"": 0.1}",ok,1440,20,20,0.74861111111111112,0.81843155221739783,0.69198969722343295,0.7356000274100406,14.913139399999636,,,,,,,,,,,,,,,,matlab,https://github.com/middle258/RANGE.git,85d93c54d72d500034d05b5ef131bd90630a3632,2026-09-14,NOASSERTION,123ffa6349a13c5b7b24299eccadfac5a367a8a51f7fab1a415e4883059e9323,768290a1f1c2f63f8babf657f4e5e2b4da610a7bbda77136d410d91af83ab12a,False,results\cache\official_baselines\RANGE\COIL20__pool0__a083f5e0d8f062ebc1513da0bd2e62dc1bb378d615c575332f28bebdb4a5f659.npz,"{""details"": {""alpha"": 0.8, ""anchor_offset"": 0, ""entrypoint"": ""HFES+solve_RANGE"", ""fuzzy_threshold"": 0.8, ""input"": ""frozen_base_parts"", ""kmeans_replicates"": 3, ""lambda"": 0.1}, ""method"": ""RANGE"", ""schema"": ""psfce-v4-matlab-adapter-v1""}",v1
COIL20,0,BKCC_V2,,formal,,YACHT,"{""alpha"": 0.99, ""anchor_offset"": 2, ""kmeans_replicates"": 3, ""theta"": 0.4, ""walk_order"": 20}",ok,1440,20,20,0.71527777777777779,0.7990667648948413,0.6560630983052903,0.70557007210621325,13.827548600005684,,,,,,,,,,,,,,,,matlab,https://github.com/scu-kdde/YACHT.git,44cb0fc35b80ec17befa199879ac947fee15f464,2026-09-14,NOASSERTION,123ffa6349a13c5b7b24299eccadfac5a367a8a51f7fab1a415e4883059e9323,62deb2b66b54ab18491847bd2cca81e375344bea0ab840d0da429a98100a165b,False,results\cache\official_baselines\YACHT\COIL20__pool0__69f4df13c035c1ff7458d4284efb306c28b86627402c3d4bcd5e9bc58bd2931f.npz,"{""details"": {""alpha"": 0.99, ""anchor_offset"": 2, ""compatibility_patch"": ""paper walk order is parameterized; repository helper hard-codes 10"", ""entrypoint"": ""solve_YACHT"", ""input"": ""frozen_base_parts"", ""kmeans_replicates"": 3, ""theta"": 0.4, ""walk_order"": 20}, ""method"": ""YACHT"", ""schema"": ""psfce-v4-matlab-adapter-v1""}",v1
COIL20,1,BKCC_V2,,formal,,CEHM,{},ok,1440,20,20,0.70763888888888893,0.79957732202740017,0.62186967447455921,0.68028569098276548,13.920406500008539,,,,,,,,,,,,,,,,matlab,https://github.com/FeijiangLi/Code-k-HyperEdge-Medoids-for-Clustering-Ensemble-AAAI.git,29c22fb18e05eed67728eebcb29cd7e9133723f7,2026-09-14,NOASSERTION,534d965ca580aa4ae63975b179929245508feb1ae61bd403a77de491b259fab0,44136fa355b3678a1146ad16f7e8649e94fb4fc21fe77e8310c060f61caaff8a,False,results\cache\official_baselines\CEHM\COIL20__pool1__2a0c2da0387bae6c20840dd7653034019fac64f6f959dcea2ff5bc55a654ba55.npz,"{""details"": {""entrypoint"": ""CEHM"", ""input"": ""frozen_base_parts"", ""variant"": ""published""}, ""method"": ""CEHM"", ""schema"": ""psfce-v4-matlab-adapter-v1""}",v1
COIL20,1,BKCC_V2,,formal,,RANGE,"{""alpha"": 0.8, ""anchor_offset"": 0, ""fuzzy_threshold"": 0.8, ""kmeans_replicates"": 3, ""lambda"": 0.1}",ok,1440,20,20,0.7104166666666667,0.80662180938286354,0.65161760471530183,0.71323047255566474,14.424615399999311,,,,,,,,,,,,,,,,matlab,https://github.com/middle258/RANGE.git,85d93c54d72d500034d05b5ef131bd90630a3632,2026-09-14,NOASSERTION,534d965ca580aa4ae63975b179929245508feb1ae61bd403a77de491b259fab0,768290a1f1c2f63f8babf657f4e5e2b4da610a7bbda77136d410d91af83ab12a,False,results\cache\official_baselines\RANGE\COIL20__pool1__94ad55a98f7d0ff1bf9a23a22434008152dae005faef469079bac97a16a8bbdd.npz,"{""details"": {""alpha"": 0.8, ""anchor_offset"": 0, ""entrypoint"": ""HFES+solve_RANGE"", ""fuzzy_threshold"": 0.8, ""input"": ""frozen_base_parts"", ""kmeans_replicates"": 3, ""lambda"": 0.1}, ""method"": ""RANGE"", ""schema"": ""psfce-v4-matlab-adapter-v1""}",v1
COIL20,1,BKCC_V2,,formal,,YACHT,"{""alpha"": 0.99, ""anchor_offset"": 2, ""kmeans_replicates"": 3, ""theta"": 0.4, ""walk_order"": 20}",ok,1440,20,20,0.69374999999999998,0.81420722833340808,0.63216596435619798,0.69029080743770965,13.580232899999828,,,,,,,,,,,,,,,,matlab,https://github.com/scu-kdde/YACHT.git,44cb0fc35b80ec17befa199879ac947fee15f464,2026-09-14,NOASSERTION,534d965ca580aa4ae63975b179929245508feb1ae61bd403a77de491b259fab0,62deb2b66b54ab18491847bd2cca81e375344bea0ab840d0da429a98100a165b,False,results\cache\official_baselines\YACHT\COIL20__pool1__b14a213ad90073f47759794f748798cf383764cec476e57ee402cef9606b25a1.npz,"{""details"": {""alpha"": 0.99, ""anchor_offset"": 2, ""compatibility_patch"": ""paper walk order is parameterized; repository helper hard-codes 10"", ""entrypoint"": ""solve_YACHT"", ""input"": ""frozen_base_parts"", ""kmeans_replicates"": 3, ""theta"": 0.4, ""walk_order"": 20}, ""method"": ""YACHT"", ""schema"": ""psfce-v4-matlab-adapter-v1""}",v1
COIL20,2,BKCC_V2,,formal,,CEHM,{},ok,1440,20,20,0.69444444444444442,0.79993176767618834,0.63324243244323908,0.67963526260273299,13.68170870000904,,,,,,,,,,,,,,,,matlab,https://github.com/FeijiangLi/Code-k-HyperEdge-Medoids-for-Clustering-Ensemble-AAAI.git,29c22fb18e05eed67728eebcb29cd7e9133723f7,2026-09-14,NOASSERTION,7dfcbb2092e1618f7f3a0261363cb6bd1d35e7971bd833b2c06c0b4220f2fa9e,44136fa355b3678a1146ad16f7e8649e94fb4fc21fe77e8310c060f61caaff8a,False,results\cache\official_baselines\CEHM\COIL20__pool2__e5979b8f165e0c306e422fd5d5842c3a682a5e3c1b9f41fb3500c4360fd2da7a.npz,"{""details"": {""entrypoint"": ""CEHM"", ""input"": ""frozen_base_parts"", ""variant"": ""published""}, ""method"": ""CEHM"", ""schema"": ""psfce-v4-matlab-adapter-v1""}",v1
COIL20,2,BKCC_V2,,formal,,RANGE,"{""alpha"": 0.8, ""anchor_offset"": 0, ""fuzzy_threshold"": 0.8, ""kmeans_replicates"": 3, ""lambda"": 0.1}",ok,1440,20,20,0.71111111111111114,0.79916839953359686,0.64894437895975021,0.69430668628284409,14.425829999992857,,,,,,,,,,,,,,,,matlab,https://github.com/middle258/RANGE.git,85d93c54d72d500034d05b5ef131bd90630a3632,2026-09-14,NOASSERTION,7dfcbb2092e1618f7f3a0261363cb6bd1d35e7971bd833b2c06c0b4220f2fa9e,768290a1f1c2f63f8babf657f4e5e2b4da610a7bbda77136d410d91af83ab12a,False,results\cache\official_baselines\RANGE\COIL20__pool2__350ba310ebf087cbbdd4bf7e2f1f955579b42e256ef6de7d4d307b547a79e556.npz,"{""details"": {""alpha"": 0.8, ""anchor_offset"": 0, ""entrypoint"": ""HFES+solve_RANGE"", ""fuzzy_threshold"": 0.8, ""input"": ""frozen_base_parts"", ""kmeans_replicates"": 3, ""lambda"": 0.1}, ""method"": ""RANGE"", ""schema"": ""psfce-v4-matlab-adapter-v1""}",v1
COIL20,2,BKCC_V2,,formal,,YACHT,"{""alpha"": 0.99, ""anchor_offset"": 2, ""kmeans_replicates"": 3, ""theta"": 0.4, ""walk_order"": 20}",ok,1440,20,20,0.69374999999999998,0.80449470687894054,0.63649898143454875,0.68133177981217874,14.038176500005648,,,,,,,,,,,,,,,,matlab,https://github.com/scu-kdde/YACHT.git,44cb0fc35b80ec17befa199879ac947fee15f464,2026-09-14,NOASSERTION,7dfcbb2092e1618f7f3a0261363cb6bd1d35e7971bd833b2c06c0b4220f2fa9e,62deb2b66b54ab18491847bd2cca81e375344bea0ab840d0da429a98100a165b,False,results\cache\official_baselines\YACHT\COIL20__pool2__9799079327b18956758a85fb5ce5838585d8ae36432e94cf412860364efadaa6.npz,"{""details"": {""alpha"": 0.99, ""anchor_offset"": 2, ""compatibility_patch"": ""paper walk order is parameterized; repository helper hard-codes 10"", ""entrypoint"": ""solve_YACHT"", ""input"": ""frozen_base_parts"", ""kmeans_replicates"": 3, ""theta"": 0.4, ""walk_order"": 20}, ""method"": ""YACHT"", ""schema"": ""psfce-v4-matlab-adapter-v1""}",v1
Caltech101-20,0,NEW10,,formal,,CEHM,{},ok,2386,20,20,0.26823134953897732,0.40004971720004889,0.16156607353072949,0.2071485756963965,13.794856699998491,,,,,,,,,,,,,,,,matlab,https://github.com/FeijiangLi/Code-k-HyperEdge-Medoids-for-Clustering-Ensemble-AAAI.git,29c22fb18e05eed67728eebcb29cd7e9133723f7,2026-09-14,NOASSERTION,a5cb76e206e7fc72f7092475d0b1189b34693bc62b05a4c0543a9000ae9d0f0f,44136fa355b3678a1146ad16f7e8649e94fb4fc21fe77e8310c060f61caaff8a,False,results\cache\official_baselines\CEHM\Caltech101-20__pool0__a13ef05dc2b603a676d24a21602654c2471e0287c80ba41f95332d5bb1aa8efe.npz,"{""details"": {""entrypoint"": ""CEHM"", ""input"": ""frozen_base_parts"", ""variant"": ""published""}, ""method"": ""CEHM"", ""schema"": ""psfce-v4-matlab-adapter-v1""}",v1
Caltech101-20,0,NEW10,,formal,,RANGE,"{""alpha"": 0.8, ""anchor_offset"": 0, ""fuzzy_threshold"": 0.8, ""kmeans_replicates"": 3, ""lambda"": 0.1}",ok,2386,20,20,0.26320201173512148,0.3838747750595663,0.16303608305184231,0.21772594094092951,15.164201099993081,,,,,,,,,,,,,,,,matlab,https://github.com/middle258/RANGE.git,85d93c54d72d500034d05b5ef131bd90630a3632,2026-09-14,NOASSERTION,a5cb76e206e7fc72f7092475d0b1189b34693bc62b05a4c0543a9000ae9d0f0f,768290a1f1c2f63f8babf657f4e5e2b4da610a7bbda77136d410d91af83ab12a,False,results\cache\official_baselines\RANGE\Caltech101-20__pool0__24ab6aea783d6f9860347d2fac6d858f5eef5713f2399f249fa64cf4e7031f87.npz,"{""details"": {""alpha"": 0.8, ""anchor_offset"": 0, ""entrypoint"": ""HFES+solve_RANGE"", ""fuzzy_threshold"": 0.8, ""input"": ""frozen_base_parts"", ""kmeans_replicates"": 3, ""lambda"": 0.1}, ""method"": ""RANGE"", ""schema"": ""psfce-v4-matlab-adapter-v1""}",v1
Caltech101-20,0,NEW10,,formal,,YACHT,"{""alpha"": 0.99, ""anchor_offset"": 2, ""kmeans_replicates"": 3, ""theta"": 0.4, ""walk_order"": 20}",ok,2386,20,20,0.25859178541492039,0.38710553903853301,0.16974258052172969,0.2065752977390917,15.23058139999921,,,,,,,,,,,,,,,,matlab,https://github.com/scu-kdde/YACHT.git,44cb0fc35b80ec17befa199879ac947fee15f464,2026-09-14,NOASSERTION,a5cb76e206e7fc72f7092475d0b1189b34693bc62b05a4c0543a9000ae9d0f0f,62deb2b66b54ab18491847bd2cca81e375344bea0ab840d0da429a98100a165b,False,results\cache\official_baselines\YACHT\Caltech101-20__pool0__356abc7255f542de4da31e7c018dd8bad0fa1c611102c5dc714c1e85d485cf38.npz,"{""details"": {""alpha"": 0.99, ""anchor_offset"": 2, ""compatibility_patch"": ""paper walk order is parameterized; repository helper hard-codes 10"", ""entrypoint"": ""solve_YACHT"", ""input"": ""frozen_base_parts"", ""kmeans_replicates"": 3, ""theta"": 0.4, ""walk_order"": 20}, ""method"": ""YACHT"", ""schema"": ""psfce-v4-matlab-adapter-v1""}",v1
Caltech101-20,1,NEW10,,formal,,CEHM,{},ok,2386,20,20,0.26865046102263201,0.3931637111699961,0.1487592298014008,0.21074736871652039,13.121879799989983,,,,,,,,,,,,,,,,matlab,https://github.com/FeijiangLi/Code-k-HyperEdge-Medoids-for-Clustering-Ensemble-AAAI.git,29c22fb18e05eed67728eebcb29cd7e9133723f7,2026-09-14,NOASSERTION,bb1e6758f34293ddaa2f0d7c41703fff8e6c6b7fd46f536d3d13969c0f3db479,44136fa355b3678a1146ad16f7e8649e94fb4fc21fe77e8310c060f61caaff8a,False,results\cache\official_baselines\CEHM\Caltech101-20__pool1__ccb9499ada31e531875b1245f865bc6fe49c667cbf69b466bd236193879e87cb.npz,"{""details"": {""entrypoint"": ""CEHM"", ""input"": ""frozen_base_parts"", ""variant"": ""published""}, ""method"": ""CEHM"", ""schema"": ""psfce-v4-matlab-adapter-v1""}",v1
Caltech101-20,1,NEW10,,formal,,RANGE,"{""alpha"": 0.8, ""anchor_offset"": 0, ""fuzzy_threshold"": 0.8, ""kmeans_replicates"": 3, ""lambda"": 0.1}",ok,2386,20,20,0.27242246437552381,0.37420984133443591,0.15998038106446519,0.2294891876115944,15.319834199995968,,,,,,,,,,,,,,,,matlab,https://github.com/middle258/RANGE.git,85d93c54d72d500034d05b5ef131bd90630a3632,2026-09-14,NOASSERTION,bb1e6758f34293ddaa2f0d7c41703fff8e6c6b7fd46f536d3d13969c0f3db479,768290a1f1c2f63f8babf657f4e5e2b4da610a7bbda77136d410d91af83ab12a,False,results\cache\official_baselines\RANGE\Caltech101-20__pool1__30203dd7ae79a47141303c53dae97bee8b101470ce5f682a2173c39975be930d.npz,"{""details"": {""alpha"": 0.8, ""anchor_offset"": 0, ""entrypoint"": ""HFES+solve_RANGE"", ""fuzzy_threshold"": 0.8, ""input"": ""frozen_base_parts"", ""kmeans_replicates"": 3, ""lambda"": 0.1}, ""method"": ""RANGE"", ""schema"": ""psfce-v4-matlab-adapter-v1""}",v1
Caltech101-20,1,NEW10,,formal,,YACHT,"{""alpha"": 0.99, ""anchor_offset"": 2, ""kmeans_replicates"": 3, ""theta"": 0.4, ""walk_order"": 20}",ok,2386,20,20,0.25440067057837379,0.4152378928035973,0.1668559203452199,0.1844635531533427,14.989763200006564,,,,,,,,,,,,,,,,matlab,https://github.com/scu-kdde/YACHT.git,44cb0fc35b80ec17befa199879ac947fee15f464,2026-09-14,NOASSERTION,bb1e6758f34293ddaa2f0d7c41703fff8e6c6b7fd46f536d3d13969c0f3db479,62deb2b66b54ab18491847bd2cca81e375344bea0ab840d0da429a98100a165b,False,results\cache\official_baselines\YACHT\Caltech101-20__pool1__a06614212553773d67579b9c3f9bec26b106ce377999beb709733a82693b005c.npz,"{""details"": {""alpha"": 0.99, ""anchor_offset"": 2, ""compatibility_patch"": ""paper walk order is parameterized; repository helper hard-codes 10"", ""entrypoint"": ""solve_YACHT"", ""input"": ""frozen_base_parts"", ""kmeans_replicates"": 3, ""theta"": 0.4, ""walk_order"": 20}, ""method"": ""YACHT"", ""schema"": ""psfce-v4-matlab-adapter-v1""}",v1
Caltech101-20,2,NEW10,,formal,,CEHM,{},ok,2386,20,20,0.26026823134953891,0.39246941793898299,0.14303306093869581,0.19800001025433819,13.514922400005162,,,,,,,,,,,,,,,,matlab,https://github.com/FeijiangLi/Code-k-HyperEdge-Medoids-for-Clustering-Ensemble-AAAI.git,29c22fb18e05eed67728eebcb29cd7e9133723f7,2026-09-14,NOASSERTION,caddd0275c91628cae4244f670910e428a1f9e65f5e16264146277e9c84b548b,44136fa355b3678a1146ad16f7e8649e94fb4fc21fe77e8310c060f61caaff8a,False,results\cache\official_baselines\CEHM\Caltech101-20__pool2__800a2ed49d27e5adfbacfc33e94f917a4ceb2be207a3bc984745f5424c61a619.npz,"{""details"": {""entrypoint"": ""CEHM"", ""input"": ""frozen_base_parts"", ""variant"": ""published""}, ""method"": ""CEHM"", ""schema"": ""psfce-v4-matlab-adapter-v1""}",v1
Caltech101-20,2,NEW10,,formal,,RANGE,"{""alpha"": 0.8, ""anchor_offset"": 0, ""fuzzy_threshold"": 0.8, ""kmeans_replicates"": 3, ""lambda"": 0.1}",ok,2386,20,20,0.26529756915339481,0.4078023491951866,0.17553390670369559,0.2129842642959526,15.301752200000919,,,,,,,,,,,,,,,,matlab,https://github.com/middle258/RANGE.git,85d93c54d72d500034d05b5ef131bd90630a3632,2026-09-14,NOASSERTION,caddd0275c91628cae4244f670910e428a1f9e65f5e16264146277e9c84b548b,768290a1f1c2f63f8babf657f4e5e2b4da610a7bbda77136d410d91af83ab12a,False,results\cache\official_baselines\RANGE\Caltech101-20__pool2__6d0d9fe6e413e98fb1f5e8fbffa8024fe9e0c268706092c7a65477145238bb29.npz,"{""details"": {""alpha"": 0.8, ""anchor_offset"": 0, ""entrypoint"": ""HFES+solve_RANGE"", ""fuzzy_threshold"": 0.8, ""input"": ""frozen_base_parts"", ""kmeans_replicates"": 3, ""lambda"": 0.1}, ""method"": ""RANGE"", ""schema"": ""psfce-v4-matlab-adapter-v1""}",v1
Caltech101-20,2,NEW10,,formal,,YACHT,"{""alpha"": 0.99, ""anchor_offset"": 2, ""kmeans_replicates"": 3, ""theta"": 0.4, ""walk_order"": 20}",ok,2386,20,20,0.28709136630343668,0.40693025452565751,0.18174542399326879,0.20562890952517479,15.497016399996935,,,,,,,,,,,,,,,,matlab,https://github.com/scu-kdde/YACHT.git,44cb0fc35b80ec17befa199879ac947fee15f464,2026-09-14,NOASSERTION,caddd0275c91628cae4244f670910e428a1f9e65f5e16264146277e9c84b548b,62deb2b66b54ab18491847bd2cca81e375344bea0ab840d0da429a98100a165b,False,results\cache\official_baselines\YACHT\Caltech101-20__pool2__3fe098c8e7fc2d794e0232993cb62c4614dd84a5e50f520bd7ccda9243617980.npz,"{""details"": {""alpha"": 0.99, ""anchor_offset"": 2, ""compatibility_patch"": ""paper walk order is parameterized; repository helper hard-codes 10"", ""entrypoint"": ""solve_YACHT"", ""input"": ""frozen_base_parts"", ""kmeans_replicates"": 3, ""theta"": 0.4, ""walk_order"": 20}, ""method"": ""YACHT"", ""schema"": ""psfce-v4-matlab-adapter-v1""}",v1
Caltech101-20-MV,0,TEXT_MV,,formal,,CEHM,{},ok,2386,20,20,0.3491198658843252,0.32009236887013848,-0.0037376139442456,0.095368809335197202,13.942565600009402,,,,,,,,,,,,,,,,matlab,https://github.com/FeijiangLi/Code-k-HyperEdge-Medoids-for-Clustering-Ensemble-AAAI.git,29c22fb18e05eed67728eebcb29cd7e9133723f7,2026-09-14,NOASSERTION,e13ca7cdd4491ed937d911f0aaa5f7e8b20a6afe7a889533d6f42a3309e942da,44136fa355b3678a1146ad16f7e8649e94fb4fc21fe77e8310c060f61caaff8a,False,results\cache\official_baselines\CEHM\Caltech101-20-MV__pool0__f4020a0f2d0809f38a23f2451b5e30eb432ceea046bdd1dda35a46c6939f62ee.npz,"{""details"": {""entrypoint"": ""CEHM"", ""input"": ""frozen_base_parts"", ""variant"": ""published""}, ""method"": ""CEHM"", ""schema"": ""psfce-v4-matlab-adapter-v1""}",v1
Caltech101-20-MV,0,TEXT_MV,,formal,,RANGE,"{""alpha"": 0.8, ""anchor_offset"": 0, ""fuzzy_threshold"": 0.8, ""kmeans_replicates"": 3, ""lambda"": 0.1}",ok,2386,20,20,0.36001676445934611,0.56427649925796186,0.26272345354313897,0.32830292382273152,14.38978140000836,,,,,,,,,,,,,,,,matlab,https://github.com/middle258/RANGE.git,85d93c54d72d500034d05b5ef131bd90630a3632,2026-09-14,NOASSERTION,e13ca7cdd4491ed937d911f0aaa5f7e8b20a6afe7a889533d6f42a3309e942da,768290a1f1c2f63f8babf657f4e5e2b4da610a7bbda77136d410d91af83ab12a,False,results\cache\official_baselines\RANGE\Caltech101-20-MV__pool0__ab809eb8d829d4e0dadb4832a69dcb4e495c42b0a8fe7850432023ae8947935e.npz,"{""details"": {""alpha"": 0.8, ""anchor_offset"": 0, ""entrypoint"": ""HFES+solve_RANGE"", ""fuzzy_threshold"": 0.8, ""input"": ""frozen_base_parts"", ""kmeans_replicates"": 3, ""lambda"": 0.1}, ""method"": ""RANGE"", ""schema"": ""psfce-v4-matlab-adapter-v1""}",v1
Caltech101-20-MV,0,TEXT_MV,,formal,,YACHT,"{""alpha"": 0.99, ""anchor_offset"": 2, ""kmeans_replicates"": 3, ""theta"": 0.4, ""walk_order"": 20}",ok,2386,20,20,0.35456831517183568,0.55076000301603756,0.2565273988325748,0.33366526579496619,14.690438599995105,,,,,,,,,,,,,,,,matlab,https://github.com/scu-kdde/YACHT.git,44cb0fc35b80ec17befa199879ac947fee15f464,2026-09-14,NOASSERTION,e13ca7cdd4491ed937d911f0aaa5f7e8b20a6afe7a889533d6f42a3309e942da,62deb2b66b54ab18491847bd2cca81e375344bea0ab840d0da429a98100a165b,False,results\cache\official_baselines\YACHT\Caltech101-20-MV__pool0__4c6449984eee6889d61a81700d3d699c3672ff9e74977bd26ba485a91f2ee4f5.npz,"{""details"": {""alpha"": 0.99, ""anchor_offset"": 2, ""compatibility_patch"": ""paper walk order is parameterized; repository helper hard-codes 10"", ""entrypoint"": ""solve_YACHT"", ""input"": ""frozen_base_parts"", ""kmeans_replicates"": 3, ""theta"": 0.4, ""walk_order"": 20}, ""method"": ""YACHT"", ""schema"": ""psfce-v4-matlab-adapter-v1""}",v1
Caltech101-20-MV,1,TEXT_MV,,formal,,CEHM,{},ok,2386,20,20,0.40695725062866722,0.45000817422070438,0.099105996661664406,0.1341966876030998,13.66601850000734,,,,,,,,,,,,,,,,matlab,https://github.com/FeijiangLi/Code-k-HyperEdge-Medoids-for-Clustering-Ensemble-AAAI.git,29c22fb18e05eed67728eebcb29cd7e9133723f7,2026-09-14,NOASSERTION,917b64714e8cb1dbf22b48d18c54a0f55f6442d6dd050fea3d7bfc48c43abd69,44136fa355b3678a1146ad16f7e8649e94fb4fc21fe77e8310c060f61caaff8a,False,results\cache\official_baselines\CEHM\Caltech101-20-MV__pool1__08ae340f29892fe6def690a43bad690108ebce4690c1c7b2dd16e65ca32201fa.npz,"{""details"": {""entrypoint"": ""CEHM"", ""input"": ""frozen_base_parts"", ""variant"": ""published""}, ""method"": ""CEHM"", ""schema"": ""psfce-v4-matlab-adapter-v1""}",v1
Caltech101-20-MV,1,TEXT_MV,,formal,,RANGE,"{""alpha"": 0.8, ""anchor_offset"": 0, ""fuzzy_threshold"": 0.8, ""kmeans_replicates"": 3, ""lambda"": 0.1}",ok,2386,20,20,0.38222967309304268,0.56988008571311422,0.27607378826179751,0.347908231261704,14.367362399993,,,,,,,,,,,,,,,,matlab,https://github.com/middle258/RANGE.git,85d93c54d72d500034d05b5ef131bd90630a3632,2026-09-14,NOASSERTION,917b64714e8cb1dbf22b48d18c54a0f55f6442d6dd050fea3d7bfc48c43abd69,768290a1f1c2f63f8babf657f4e5e2b4da610a7bbda77136d410d91af83ab12a,False,results\cache\official_baselines\RANGE\Caltech101-20-MV__pool1__e11fc671ab76b628efd37601b9d02393f3498c587f33fdb65317dc624da1000c.npz,"{""details"": {""alpha"": 0.8, ""anchor_offset"": 0, ""entrypoint"": ""HFES+solve_RANGE"", ""fuzzy_threshold"": 0.8, ""input"": ""frozen_base_parts"", ""kmeans_replicates"": 3, ""lambda"": 0.1}, ""method"": ""RANGE"", ""schema"": ""psfce-v4-matlab-adapter-v1""}",v1
Caltech101-20-MV,1,TEXT_MV,,formal,,YACHT,"{""alpha"": 0.99, ""anchor_offset"": 2, ""kmeans_replicates"": 3, ""theta"": 0.4, ""walk_order"": 20}",ok,2386,20,20,0.35582564962279961,0.54232389893507293,0.26263492454394149,0.30725296029051791,13.980648700002348,,,,,,,,,,,,,,,,matlab,https://github.com/scu-kdde/YACHT.git,44cb0fc35b80ec17befa199879ac947fee15f464,2026-09-14,NOASSERTION,917b64714e8cb1dbf22b48d18c54a0f55f6442d6dd050fea3d7bfc48c43abd69,62deb2b66b54ab18491847bd2cca81e375344bea0ab840d0da429a98100a165b,False,results\cache\official_baselines\YACHT\Caltech101-20-MV__pool1__e1acaf6b6c8da006fc0d49af66a3d74fb573d2e2a75ce28f7a7210fee270164e.npz,"{""details"": {""alpha"": 0.99, ""anchor_offset"": 2, ""compatibility_patch"": ""paper walk order is parameterized; repository helper hard-codes 10"", ""entrypoint"": ""solve_YACHT"", ""input"": ""frozen_base_parts"", ""kmeans_replicates"": 3, ""theta"": 0.4, ""walk_order"": 20}, ""method"": ""YACHT"", ""schema"": ""psfce-v4-matlab-adapter-v1""}",v1
Caltech101-20-MV,2,TEXT_MV,,formal,,CEHM,{},ok,2386,20,20,0.43713327745180219,0.47326661481945598,0.13910666289274581,0.13921633138897441,13.613192299992081,,,,,,,,,,,,,,,,matlab,https://github.com/FeijiangLi/Code-k-HyperEdge-Medoids-for-Clustering-Ensemble-AAAI.git,29c22fb18e05eed67728eebcb29cd7e9133723f7,2026-09-14,NOASSERTION,47ec93201008b7d86a39483609fc58e9ea4c7031f2fe85d04dd4e6ca0fcbf559,44136fa355b3678a1146ad16f7e8649e94fb4fc21fe77e8310c060f61caaff8a,False,results\cache\official_baselines\CEHM\Caltech101-20-MV__pool2__6711c12a7abd13b6306a6fdfbf63562e25776b37456946a2777491a8273f2f15.npz,"{""details"": {""entrypoint"": ""CEHM"", ""input"": ""frozen_base_parts"", ""variant"": ""published""}, ""method"": ""CEHM"", ""schema"": ""psfce-v4-matlab-adapter-v1""}",v1
Caltech101-20-MV,2,TEXT_MV,,formal,,RANGE,"{""alpha"": 0.8, ""anchor_offset"": 0, ""fuzzy_threshold"": 0.8, ""kmeans_replicates"": 3, ""lambda"": 0.1}",ok,2386,20,20,0.33780385582564959,0.55624992837028597,0.27737259286383148,0.30095725360679487,14.390926499996567,,,,,,,,,,,,,,,,matlab,https://github.com/middle258/RANGE.git,85d93c54d72d500034d05b5ef131bd90630a3632,2026-09-14,NOASSERTION,47ec93201008b7d86a39483609fc58e9ea4c7031f2fe85d04dd4e6ca0fcbf559,768290a1f1c2f63f8babf657f4e5e2b4da610a7bbda77136d410d91af83ab12a,False,results\cache\official_baselines\RANGE\Caltech101-20-MV__pool2__06b618e7560d844405a03a2c291ab209618c42b815f185eb2c6f6d81e1dbf020.npz,"{""details"": {""alpha"": 0.8, ""anchor_offset"": 0, ""entrypoint"": ""HFES+solve_RANGE"", ""fuzzy_threshold"": 0.8, ""input"": ""frozen_base_parts"", ""kmeans_replicates"": 3, ""lambda"": 0.1}, ""method"": ""RANGE"", ""schema"": ""psfce-v4-matlab-adapter-v1""}",v1
Caltech101-20-MV,2,TEXT_MV,,formal,,YACHT,"{""alpha"": 0.99, ""anchor_offset"": 2, ""kmeans_replicates"": 3, ""theta"": 0.4, ""walk_order"": 20}",ok,2386,20,20,0.35414920368818098,0.53434551483018922,0.2479331134779923,0.310354419141116,14.644800100009888,,,,,,,,,,,,,,,,matlab,https://github.com/scu-kdde/YACHT.git,44cb0fc35b80ec17befa199879ac947fee15f464,2026-09-14,NOASSERTION,47ec93201008b7d86a39483609fc58e9ea4c7031f2fe85d04dd4e6ca0fcbf559,62deb2b66b54ab18491847bd2cca81e375344bea0ab840d0da429a98100a165b,False,results\cache\official_baselines\YACHT\Caltech101-20-MV__pool2__2ade54a37542758238a0597c1fd0ec2dc4b3bca634f8fc5e94e1a6baf13ea4eb.npz,"{""details"": {""alpha"": 0.99, ""anchor_offset"": 2, ""compatibility_patch"": ""paper walk order is parameterized; repository helper hard-codes 10"", ""entrypoint"": ""solve_YACHT"", ""input"": ""frozen_base_parts"", ""kmeans_replicates"": 3, ""theta"": 0.4, ""walk_order"": 20}, ""method"": ""YACHT"", ""schema"": ""psfce-v4-matlab-adapter-v1""}",v1
Cardiotocography,0,NEW10,,formal,,CEHM,{},ok,2126,10,20,0.3476011288805268,0.2023060407002045,0.079590079636741001,0.1215333599894468,13.310823600011645,,,,,,,,,,,,,,,,matlab,https://github.com/FeijiangLi/Code-k-HyperEdge-Medoids-for-Clustering-Ensemble-AAAI.git,29c22fb18e05eed67728eebcb29cd7e9133723f7,2026-09-14,NOASSERTION,48e4c67eabdcbeafc97c9b1f19925f6e504801a882de7f8606f6604d79916d38,44136fa355b3678a1146ad16f7e8649e94fb4fc21fe77e8310c060f61caaff8a,False,results\cache\official_baselines\CEHM\Cardiotocography__pool0__c80ec7b301c2082a05040ec2b0b90ed1a81743f1ac2acefa23df6586359a130c.npz,"{""details"": {""entrypoint"": ""CEHM"", ""input"": ""frozen_base_parts"", ""variant"": ""published""}, ""method"": ""CEHM"", ""schema"": ""psfce-v4-matlab-adapter-v1""}",v1
Cardiotocography,0,NEW10,,formal,,RANGE,"{""alpha"": 0.8, ""anchor_offset"": 0, ""fuzzy_threshold"": 0.8, ""kmeans_replicates"": 3, ""lambda"": 0.1}",ok,2126,10,20,0.3673565380997178,0.36015189522621832,0.16921473913017571,0.35938085937967068,13.992573600000467,,,,,,,,,,,,,,,,matlab,https://github.com/middle258/RANGE.git,85d93c54d72d500034d05b5ef131bd90630a3632,2026-09-14,NOASSERTION,48e4c67eabdcbeafc97c9b1f19925f6e504801a882de7f8606f6604d79916d38,768290a1f1c2f63f8babf657f4e5e2b4da610a7bbda77136d410d91af83ab12a,False,results\cache\official_baselines\RANGE\Cardiotocography__pool0__7ffee4a1fe6eeb54984a9fc9608815e7c6b803dd5ff2dd4a7781b1837311764c.npz,"{""details"": {""alpha"": 0.8, ""anchor_offset"": 0, ""entrypoint"": ""HFES+solve_RANGE"", ""fuzzy_threshold"": 0.8, ""input"": ""frozen_base_parts"", ""kmeans_replicates"": 3, ""lambda"": 0.1}, ""method"": ""RANGE"", ""schema"": ""psfce-v4-matlab-adapter-v1""}",v1
Cardiotocography,0,NEW10,,formal,,YACHT,"{""alpha"": 0.99, ""anchor_offset"": 2, ""kmeans_replicates"": 3, ""theta"": 0.4, ""walk_order"": 20}",ok,2126,10,20,0.36829727187206018,0.34863934335898861,0.1622260252303952,0.3754656741381992,13.564748399992824,,,,,,,,,,,,,,,,matlab,https://github.com/scu-kdde/YACHT.git,44cb0fc35b80ec17befa199879ac947fee15f464,2026-09-14,NOASSERTION,48e4c67eabdcbeafc97c9b1f19925f6e504801a882de7f8606f6604d79916d38,62deb2b66b54ab18491847bd2cca81e375344bea0ab840d0da429a98100a165b,False,results\cache\official_baselines\YACHT\Cardiotocography__pool0__b95009eb7268820383a4027ab847e1325aa218131748b7ab631265115763bd06.npz,"{""details"": {""alpha"": 0.99, ""anchor_offset"": 2, ""compatibility_patch"": ""paper walk order is parameterized; repository helper hard-codes 10"", ""entrypoint"": ""solve_YACHT"", ""input"": ""frozen_base_parts"", ""kmeans_replicates"": 3, ""theta"": 0.4, ""walk_order"": 20}, ""method"": ""YACHT"", ""schema"": ""psfce-v4-matlab-adapter-v1""}",v1
Cardiotocography,1,NEW10,,formal,,CEHM,{},ok,2126,10,20,0.33443085606773282,0.29072620280121048,0.12660299270012151,0.19893016766518209,13.48845319999964,,,,,,,,,,,,,,,,matlab,https://github.com/FeijiangLi/Code-k-HyperEdge-Medoids-for-Clustering-Ensemble-AAAI.git,29c22fb18e05eed67728eebcb29cd7e9133723f7,2026-09-14,NOASSERTION,772ba07fb9057d091b0e68e3f43b7015d1983aa6afbea6e0ec91465b78c5a567,44136fa355b3678a1146ad16f7e8649e94fb4fc21fe77e8310c060f61caaff8a,False,results\cache\official_baselines\CEHM\Cardiotocography__pool1__5564c4c031527480061c5cc033c41348b8dde3fa357174831a8c3eb7ec70daa8.npz,"{""details"": {""entrypoint"": ""CEHM"", ""input"": ""frozen_base_parts"", ""variant"": ""published""}, ""method"": ""CEHM"", ""schema"": ""psfce-v4-matlab-adapter-v1""}",v1
Cardiotocography,1,NEW10,,formal,,RANGE,"{""alpha"": 0.8, ""anchor_offset"": 0, ""fuzzy_threshold"": 0.8, ""kmeans_replicates"": 3, ""lambda"": 0.1}",ok,2126,10,20,0.39840075258701779,0.34849524145348659,0.17214199590713461,0.38236023118409779,13.430917700010468,,,,,,,,,,,,,,,,matlab,https://github.com/middle258/RANGE.git,85d93c54d72d500034d05b5ef131bd90630a3632,2026-09-14,NOASSERTION,772ba07fb9057d091b0e68e3f43b7015d1983aa6afbea6e0ec91465b78c5a567,768290a1f1c2f63f8babf657f4e5e2b4da610a7bbda77136d410d91af83ab12a,False,results\cache\official_baselines\RANGE\Cardiotocography__pool1__55962034b45f3e6044b6adad4bbc0939396d57de55794f5e3d41c0f325b1bd6a.npz,"{""details"": {""alpha"": 0.8, ""anchor_offset"": 0, ""entrypoint"": ""HFES+solve_RANGE"", ""fuzzy_threshold"": 0.8, ""input"": ""frozen_base_parts"", ""kmeans_replicates"": 3, ""lambda"": 0.1}, ""method"": ""RANGE"", ""schema"": ""psfce-v4-matlab-adapter-v1""}",v1
Cardiotocography,1,NEW10,,formal,,YACHT,"{""alpha"": 0.99, ""anchor_offset"": 2, ""kmeans_replicates"": 3, ""theta"": 0.4, ""walk_order"": 20}",ok,2126,10,20,0.38052681091251178,0.34571157161365418,0.1654373540340138,0.36305519550565141,13.362858899999992,,,,,,,,,,,,,,,,matlab,https://github.com/scu-kdde/YACHT.git,44cb0fc35b80ec17befa199879ac947fee15f464,2026-09-14,NOASSERTION,772ba07fb9057d091b0e68e3f43b7015d1983aa6afbea6e0ec91465b78c5a567,62deb2b66b54ab18491847bd2cca81e375344bea0ab840d0da429a98100a165b,False,results\cache\official_baselines\YACHT\Cardiotocography__pool1__35217c211e17dd71d5ee5b7e0db6f5711b3142c6c9711b7c77217ec774f546a5.npz,"{""details"": {""alpha"": 0.99, ""anchor_offset"": 2, ""compatibility_patch"": ""paper walk order is parameterized; repository helper hard-codes 10"", ""entrypoint"": ""solve_YACHT"", ""input"": ""frozen_base_parts"", ""kmeans_replicates"": 3, ""theta"": 0.4, ""walk_order"": 20}, ""method"": ""YACHT"", ""schema"": ""psfce-v4-matlab-adapter-v1""}",v1
Cardiotocography,2,NEW10,,formal,,CEHM,{},ok,2126,10,20,0.39228598306679208,0.31282806110571781,0.1379172244986569,0.25589069549352478,13.290379900005064,,,,,,,,,,,,,,,,matlab,https://github.com/FeijiangLi/Code-k-HyperEdge-Medoids-for-Clustering-Ensemble-AAAI.git,29c22fb18e05eed67728eebcb29cd7e9133723f7,2026-09-14,NOASSERTION,1ae66a72cb43602d4bab6a548e7aa35e78dc62f48dd57604083b5b6382809772,44136fa355b3678a1146ad16f7e8649e94fb4fc21fe77e8310c060f61caaff8a,False,results\cache\official_baselines\CEHM\Cardiotocography__pool2__d95cee689d640630a1bcddfc16b225729a1ce39927099513556b4be505059547.npz,"{""details"": {""entrypoint"": ""CEHM"", ""input"": ""frozen_base_parts"", ""variant"": ""published""}, ""method"": ""CEHM"", ""schema"": ""psfce-v4-matlab-adapter-v1""}",v1
Cardiotocography,2,NEW10,,formal,,RANGE,"{""alpha"": 0.8, ""anchor_offset"": 0, ""fuzzy_threshold"": 0.8, ""kmeans_replicates"": 3, ""lambda"": 0.1}",ok,2126,10,20,0.3941674506114769,0.34245100215477808,0.1712154291363728,0.37758263393061059,13.533754600008251,,,,,,,,,,,,,,,,matlab,https://github.com/middle258/RANGE.git,85d93c54d72d500034d05b5ef131bd90630a3632,2026-09-14,NOASSERTION,1ae66a72cb43602d4bab6a548e7aa35e78dc62f48dd57604083b5b6382809772,768290a1f1c2f63f8babf657f4e5e2b4da610a7bbda77136d410d91af83ab12a,False,results\cache\official_baselines\RANGE\Cardiotocography__pool2__1d8e8083d0f0179743edbe29c6c32821ab7f6895d876b2168099cb2290a362fb.npz,"{""details"": {""alpha"": 0.8, ""anchor_offset"": 0, ""entrypoint"": ""HFES+solve_RANGE"", ""fuzzy_threshold"": 0.8, ""input"": ""frozen_base_parts"", ""kmeans_replicates"": 3, ""lambda"": 0.1}, ""method"": ""RANGE"", ""schema"": ""psfce-v4-matlab-adapter-v1""}",v1
Cardiotocography,2,NEW10,,formal,,YACHT,"{""alpha"": 0.99, ""anchor_offset"": 2, ""kmeans_replicates"": 3, ""theta"": 0.4, ""walk_order"": 20}",ok,2126,10,20,0.39463781749764809,0.3395038890292672,0.1732733850364023,0.37709507405788623,13.410419899999397,,,,,,,,,,,,,,,,matlab,https://github.com/scu-kdde/YACHT.git,44cb0fc35b80ec17befa199879ac947fee15f464,2026-09-14,NOASSERTION,1ae66a72cb43602d4bab6a548e7aa35e78dc62f48dd57604083b5b6382809772,62deb2b66b54ab18491847bd2cca81e375344bea0ab840d0da429a98100a165b,False,results\cache\official_baselines\YACHT\Cardiotocography__pool2__98dc9b6488a0bea99ce2fe263ab87f9db177de4563bfd2d02067bc33602ecc85.npz,"{""details"": {""alpha"": 0.99, ""anchor_offset"": 2, ""compatibility_patch"": ""paper walk order is parameterized; repository helper hard-codes 10"", ""entrypoint"": ""solve_YACHT"", ""input"": ""frozen_base_parts"", ""kmeans_replicates"": 3, ""theta"": 0.4, ""walk_order"": 20}, ""method"": ""YACHT"", ""schema"": ""psfce-v4-matlab-adapter-v1""}",v1
Chameleon,0,GRAPH_GEOMETRY_8,,formal,,CEHM,{},ok,2277,5,20,0.33113746157224411,0.067466342940941795,0.049766136491698303,0.27780550851107899,12.777917300001718,,,,,,,,,,,,,,,,matlab,https://github.com/FeijiangLi/Code-k-HyperEdge-Medoids-for-Clustering-Ensemble-AAAI.git,29c22fb18e05eed67728eebcb29cd7e9133723f7,2026-09-14,NOASSERTION,7dd0036afa6c0b334862350d9ac54d4048fd7fcc2f34132551d64086bc862bfa,44136fa355b3678a1146ad16f7e8649e94fb4fc21fe77e8310c060f61caaff8a,False,results\cache\official_baselines\CEHM\Chameleon__pool0__57186db5584937edf09032ebbb5540cd8013b930b29976f9e24cd5093b084067.npz,"{""details"": {""entrypoint"": ""CEHM"", ""input"": ""frozen_base_parts"", ""variant"": ""published""}, ""method"": ""CEHM"", ""schema"": ""psfce-v4-matlab-adapter-v1""}",v1
Chameleon,0,GRAPH_GEOMETRY_8,,formal,,RANGE,"{""alpha"": 0.8, ""anchor_offset"": 0, ""fuzzy_threshold"": 0.8, ""kmeans_replicates"": 3, ""lambda"": 0.1}",ok,2277,5,20,0.33201581027667981,0.084150057836833395,0.045176938516309398,0.3282388008807432,13.216191599989545,,,,,,,,,,,,,,,,matlab,https://github.com/middle258/RANGE.git,85d93c54d72d500034d05b5ef131bd90630a3632,2026-09-14,NOASSERTION,7dd0036afa6c0b334862350d9ac54d4048fd7fcc2f34132551d64086bc862bfa,768290a1f1c2f63f8babf657f4e5e2b4da610a7bbda77136d410d91af83ab12a,False,results\cache\official_baselines\RANGE\Chameleon__pool0__90993e481a7eeff3cb34d76a3eee2f296fa026eedfb70d978b50a98e56cd7a98.npz,"{""details"": {""alpha"": 0.8, ""anchor_offset"": 0, ""entrypoint"": ""HFES+solve_RANGE"", ""fuzzy_threshold"": 0.8, ""input"": ""frozen_base_parts"", ""kmeans_replicates"": 3, ""lambda"": 0.1}, ""method"": ""RANGE"", ""schema"": ""psfce-v4-matlab-adapter-v1""}",v1
Chameleon,0,GRAPH_GEOMETRY_8,,formal,,YACHT,"{""alpha"": 0.99, ""anchor_offset"": 2, ""kmeans_replicates"": 3, ""theta"": 0.4, ""walk_order"": 20}",ok,2277,5,20,0.3205972771190162,0.093647977603488794,0.057617057738367998,0.32150548181834171,13.133006900010514,,,,,,,,,,,,,,,,matlab,https://github.com/scu-kdde/YACHT.git,44cb0fc35b80ec17befa199879ac947fee15f464,2026-09-14,NOASSERTION,7dd0036afa6c0b334862350d9ac54d4048fd7fcc2f34132551d64086bc862bfa,62deb2b66b54ab18491847bd2cca81e375344bea0ab840d0da429a98100a165b,False,results\cache\official_baselines\YACHT\Chameleon__pool0__4f1d5642029570a61684dbb9e3deeba44ab30554630948693e9fc005604c8eb0.npz,"{""details"": {""alpha"": 0.99, ""anchor_offset"": 2, ""compatibility_patch"": ""paper walk order is parameterized; repository helper hard-codes 10"", ""entrypoint"": ""solve_YACHT"", ""input"": ""frozen_base_parts"", ""kmeans_replicates"": 3, ""theta"": 0.4, ""walk_order"": 20}, ""method"": ""YACHT"", ""schema"": ""psfce-v4-matlab-adapter-v1""}",v1
Chameleon,1,GRAPH_GEOMETRY_8,,formal,,CEHM,{},ok,2277,5,20,0.33025911286780851,0.066869804277145103,0.0491050803044496,0.27713625382844531,12.380383899988374,,,,,,,,,,,,,,,,matlab,https://github.com/FeijiangLi/Code-k-HyperEdge-Medoids-for-Clustering-Ensemble-AAAI.git,29c22fb18e05eed67728eebcb29cd7e9133723f7,2026-09-14,NOASSERTION,a5328a887c72f5b4bc656215d3395edd6135662bb317857777f894032a3893fb,44136fa355b3678a1146ad16f7e8649e94fb4fc21fe77e8310c060f61caaff8a,False,results\cache\official_baselines\CEHM\Chameleon__pool1__a8678828595fa7cf9758d2bb40a3f16d64029e3c5d82d755cb8972ea0a90e683.npz,"{""details"": {""entrypoint"": ""CEHM"", ""input"": ""frozen_base_parts"", ""variant"": ""published""}, ""method"": ""CEHM"", ""schema"": ""psfce-v4-matlab-adapter-v1""}",v1
Chameleon,1,GRAPH_GEOMETRY_8,,formal,,RANGE,"{""alpha"": 0.8, ""anchor_offset"": 0, ""fuzzy_threshold"": 0.8, ""kmeans_replicates"": 3, ""lambda"": 0.1}",ok,2277,5,20,0.3162055335968379,0.072692184625175904,0.046662503092438898,0.31521908845481678,13.442319199995836,,,,,,,,,,,,,,,,matlab,https://github.com/middle258/RANGE.git,85d93c54d72d500034d05b5ef131bd90630a3632,2026-09-14,NOASSERTION,a5328a887c72f5b4bc656215d3395edd6135662bb317857777f894032a3893fb,768290a1f1c2f63f8babf657f4e5e2b4da610a7bbda77136d410d91af83ab12a,False,results\cache\official_baselines\RANGE\Chameleon__pool1__c2e5fb9c3168b94cc77287f378bda4353f211eaa89516479b4a262907852bd2f.npz,"{""details"": {""alpha"": 0.8, ""anchor_offset"": 0, ""entrypoint"": ""HFES+solve_RANGE"", ""fuzzy_threshold"": 0.8, ""input"": ""frozen_base_parts"", ""kmeans_replicates"": 3, ""lambda"": 0.1}, ""method"": ""RANGE"", ""schema"": ""psfce-v4-matlab-adapter-v1""}",v1
Chameleon,1,GRAPH_GEOMETRY_8,,formal,,YACHT,"{""alpha"": 0.99, ""anchor_offset"": 2, ""kmeans_replicates"": 3, ""theta"": 0.4, ""walk_order"": 20}",ok,2277,5,20,0.3249890206411945,0.075461285877986201,0.045248373937481497,0.31988131443448609,13.828200499992818,,,,,,,,,,,,,,,,matlab,https://github.com/scu-kdde/YACHT.git,44cb0fc35b80ec17befa199879ac947fee15f464,2026-09-14,NOASSERTION,a5328a887c72f5b4bc656215d3395edd6135662bb317857777f894032a3893fb,62deb2b66b54ab18491847bd2cca81e375344bea0ab840d0da429a98100a165b,False,results\cache\official_baselines\YACHT\Chameleon__pool1__668c54ebcc0ac445d2d778c65e246235084b7a71b4c1127c6d2cc6e3a6790ed9.npz,"{""details"": {""alpha"": 0.99, ""anchor_offset"": 2, ""compatibility_patch"": ""paper walk order is parameterized; repository helper hard-codes 10"", ""entrypoint"": ""solve_YACHT"", ""input"": ""frozen_base_parts"", ""kmeans_replicates"": 3, ""theta"": 0.4, ""walk_order"": 20}, ""method"": ""YACHT"", ""schema"": ""psfce-v4-matlab-adapter-v1""}",v1
Chameleon,2,GRAPH_GEOMETRY_8,,formal,,CEHM,{},ok,2277,5,20,0.33025911286780851,0.066818252216418794,0.049008891646594201,0.27713703503487441,12.788522200004079,,,,,,,,,,,,,,,,matlab,https://github.com/FeijiangLi/Code-k-HyperEdge-Medoids-for-Clustering-Ensemble-AAAI.git,29c22fb18e05eed67728eebcb29cd7e9133723f7,2026-09-14,NOASSERTION,5c84016ffaf63148cb869e8801ade7be1b71ed28e7308189832a0f9e17eb9906,44136fa355b3678a1146ad16f7e8649e94fb4fc21fe77e8310c060f61caaff8a,False,results\cache\official_baselines\CEHM\Chameleon__pool2__d3329f84a75e0dcf0ffc19a1b254963609f3c81c373e1ec91624507f19cdfb02.npz,"{""details"": {""entrypoint"": ""CEHM"", ""input"": ""frozen_base_parts"", ""variant"": ""published""}, ""method"": ""CEHM"", ""schema"": ""psfce-v4-matlab-adapter-v1""}",v1
Chameleon,2,GRAPH_GEOMETRY_8,,formal,,RANGE,"{""alpha"": 0.8, ""anchor_offset"": 0, ""fuzzy_threshold"": 0.8, ""kmeans_replicates"": 3, ""lambda"": 0.1}",ok,2277,5,20,0.33069828722002631,0.079421068077654602,0.039560409829392101,0.3250379592003721,12.931953799998157,,,,,,,,,,,,,,,,matlab,https://github.com/middle258/RANGE.git,85d93c54d72d500034d05b5ef131bd90630a3632,2026-09-14,NOASSERTION,5c84016ffaf63148cb869e8801ade7be1b71ed28e7308189832a0f9e17eb9906,768290a1f1c2f63f8babf657f4e5e2b4da610a7bbda77136d410d91af83ab12a,False,results\cache\official_baselines\RANGE\Chameleon__pool2__d9c8f76df7f39db9bf4b085b3ca5d63e5b7a4fdf4ef77075273ba5d23a5ebf51.npz,"{""details"": {""alpha"": 0.8, ""anchor_offset"": 0, ""entrypoint"": ""HFES+solve_RANGE"", ""fuzzy_threshold"": 0.8, ""input"": ""frozen_base_parts"", ""kmeans_replicates"": 3, ""lambda"": 0.1}, ""method"": ""RANGE"", ""schema"": ""psfce-v4-matlab-adapter-v1""}",v1
Chameleon,2,GRAPH_GEOMETRY_8,,formal,,YACHT,"{""alpha"": 0.99, ""anchor_offset"": 2, ""kmeans_replicates"": 3, ""theta"": 0.4, ""walk_order"": 20}",ok,2277,5,20,0.3153271848924023,0.068140470001714096,0.048532010880789199,0.31181532888520419,13.55745670000033,,,,,,,,,,,,,,,,matlab,https://github.com/scu-kdde/YACHT.git,44cb0fc35b80ec17befa199879ac947fee15f464,2026-09-14,NOASSERTION,5c84016ffaf63148cb869e8801ade7be1b71ed28e7308189832a0f9e17eb9906,62deb2b66b54ab18491847bd2cca81e375344bea0ab840d0da429a98100a165b,False,results\cache\official_baselines\YACHT\Chameleon__pool2__674bf7a0b6044dd3976c748bd85312529a01aaf041165bab5165af23bf7c1c18.npz,"{""details"": {""alpha"": 0.99, ""anchor_offset"": 2, ""compatibility_patch"": ""paper walk order is parameterized; repository helper hard-codes 10"", ""entrypoint"": ""solve_YACHT"", ""input"": ""frozen_base_parts"", ""kmeans_replicates"": 3, ""theta"": 0.4, ""walk_order"": 20}, ""method"": ""YACHT"", ""schema"": ""psfce-v4-matlab-adapter-v1""}",v1
CiteSeer,0,CONTENT_RELATION_8,,formal,,CEHM,{},ok,3312,6,20,0.3641304347826087,0.13697168545664409,0.14838473221533319,0.29432529683811948,12.676640699995914,,,,,,,,,,,,,,,,matlab,https://github.com/FeijiangLi/Code-k-HyperEdge-Medoids-for-Clustering-Ensemble-AAAI.git,29c22fb18e05eed67728eebcb29cd7e9133723f7,2026-09-14,NOASSERTION,c54a4a350ca5a40f0fb763fc2902a5af60489170a208e7d17cd9162179423f93,44136fa355b3678a1146ad16f7e8649e94fb4fc21fe77e8310c060f61caaff8a,False,results\cache\official_baselines\CEHM\CiteSeer__pool0__d5cde2218a4130eedd5bab26a106a14080c7e9fd9fe4c50f5a4c3fd8958aaba4.npz,"{""details"": {""entrypoint"": ""CEHM"", ""input"": ""frozen_base_parts"", ""variant"": ""published""}, ""method"": ""CEHM"", ""schema"": ""psfce-v4-matlab-adapter-v1""}",v1
CiteSeer,0,CONTENT_RELATION_8,,formal,,RANGE,"{""alpha"": 0.8, ""anchor_offset"": 0, ""fuzzy_threshold"": 0.8, ""kmeans_replicates"": 3, ""lambda"": 0.1}",ok,3312,6,20,0.41485507246376813,0.16849550288232801,0.17807189498450621,0.36453693256143582,12.645728699993924,,,,,,,,,,,,,,,,matlab,https://github.com/middle258/RANGE.git,85d93c54d72d500034d05b5ef131bd90630a3632,2026-09-14,NOASSERTION,c54a4a350ca5a40f0fb763fc2902a5af60489170a208e7d17cd9162179423f93,768290a1f1c2f63f8babf657f4e5e2b4da610a7bbda77136d410d91af83ab12a,False,results\cache\official_baselines\RANGE\CiteSeer__pool0__d12e835c48388d045b9b4b731aa52cd5b1e974df3f83fca28acb6a33c067fe2c.npz,"{""details"": {""alpha"": 0.8, ""anchor_offset"": 0, ""entrypoint"": ""HFES+solve_RANGE"", ""fuzzy_threshold"": 0.8, ""input"": ""frozen_base_parts"", ""kmeans_replicates"": 3, ""lambda"": 0.1}, ""method"": ""RANGE"", ""schema"": ""psfce-v4-matlab-adapter-v1""}",v1
CiteSeer,0,CONTENT_RELATION_8,,formal,,YACHT,"{""alpha"": 0.99, ""anchor_offset"": 2, ""kmeans_replicates"": 3, ""theta"": 0.4, ""walk_order"": 20}",ok,3312,6,20,0.41878019323671489,0.17321369576439821,0.17480391560322159,0.36797847253192761,13.283461900005932,,,,,,,,,,,,,,,,matlab,https://github.com/scu-kdde/YACHT.git,44cb0fc35b80ec17befa199879ac947fee15f464,2026-09-14,NOASSERTION,c54a4a350ca5a40f0fb763fc2902a5af60489170a208e7d17cd9162179423f93,62deb2b66b54ab18491847bd2cca81e375344bea0ab840d0da429a98100a165b,False,results\cache\official_baselines\YACHT\CiteSeer__pool0__0f3ade53e2923dc17366597a893d34ccf5845812c238b65d028021e653605440.npz,"{""details"": {""alpha"": 0.99, ""anchor_offset"": 2, ""compatibility_patch"": ""paper walk order is parameterized; repository helper hard-codes 10"", ""entrypoint"": ""solve_YACHT"", ""input"": ""frozen_base_parts"", ""kmeans_replicates"": 3, ""theta"": 0.4, ""walk_order"": 20}, ""method"": ""YACHT"", ""schema"": ""psfce-v4-matlab-adapter-v1""}",v1
CiteSeer,1,CONTENT_RELATION_8,,formal,,CEHM,{},ok,3312,6,20,0.3689613526570048,0.13282356586833491,0.1420998078641095,0.29472051368171709,11.867043100006413,,,,,,,,,,,,,,,,matlab,https://github.com/FeijiangLi/Code-k-HyperEdge-Medoids-for-Clustering-Ensemble-AAAI.git,29c22fb18e05eed67728eebcb29cd7e9133723f7,2026-09-14,NOASSERTION,4e3dc95ec3ef779b3fc4a0f6dc74056b8ddf7618cf8ca08fede89997934a5fb9,44136fa355b3678a1146ad16f7e8649e94fb4fc21fe77e8310c060f61caaff8a,False,results\cache\official_baselines\CEHM\CiteSeer__pool1__bb43f7883222c24ccc1e0cfdd0571353aed8143ab4a749a048651e0dd58ae5c1.npz,"{""details"": {""entrypoint"": ""CEHM"", ""input"": ""frozen_base_parts"", ""variant"": ""published""}, ""method"": ""CEHM"", ""schema"": ""psfce-v4-matlab-adapter-v1""}",v1
CiteSeer,1,CONTENT_RELATION_8,,formal,,RANGE,"{""alpha"": 0.8, ""anchor_offset"": 0, ""fuzzy_threshold"": 0.8, ""kmeans_replicates"": 3, ""lambda"": 0.1}",ok,3312,6,20,0.43236714975845408,0.17031603331167469,0.178430952065363,0.37332149742358811,12.36039649999293,,,,,,,,,,,,,,,,matlab,https://github.com/middle258/RANGE.git,85d93c54d72d500034d05b5ef131bd90630a3632,2026-09-14,NOASSERTION,4e3dc95ec3ef779b3fc4a0f6dc74056b8ddf7618cf8ca08fede89997934a5fb9,768290a1f1c2f63f8babf657f4e5e2b4da610a7bbda77136d410d91af83ab12a,False,results\cache\official_baselines\RANGE\CiteSeer__pool1__1b6b8b337d5daa83bf208fa509b4d375fd559365094facaba355b3ba2a30f7d0.npz,"{""details"": {""alpha"": 0.8, ""anchor_offset"": 0, ""entrypoint"": ""HFES+solve_RANGE"", ""fuzzy_threshold"": 0.8, ""input"": ""frozen_base_parts"", ""kmeans_replicates"": 3, ""lambda"": 0.1}, ""method"": ""RANGE"", ""schema"": ""psfce-v4-matlab-adapter-v1""}",v1
CiteSeer,1,CONTENT_RELATION_8,,formal,,YACHT,"{""alpha"": 0.99, ""anchor_offset"": 2, ""kmeans_replicates"": 3, ""theta"": 0.4, ""walk_order"": 20}",ok,3312,6,20,0.4393115942028985,0.1772600773436368,0.18408641957978009,0.39365554188049801,13.413434799993411,,,,,,,,,,,,,,,,matlab,https://github.com/scu-kdde/YACHT.git,44cb0fc35b80ec17befa199879ac947fee15f464,2026-09-14,NOASSERTION,4e3dc95ec3ef779b3fc4a0f6dc74056b8ddf7618cf8ca08fede89997934a5fb9,62deb2b66b54ab18491847bd2cca81e375344bea0ab840d0da429a98100a165b,False,results\cache\official_baselines\YACHT\CiteSeer__pool1__ec77399320ff4ab31b7b5e1f3f35871356441f421aeb379a871eb35e8d01c76d.npz,"{""details"": {""alpha"": 0.99, ""anchor_offset"": 2, ""compatibility_patch"": ""paper walk order is parameterized; repository helper hard-codes 10"", ""entrypoint"": ""solve_YACHT"", ""input"": ""frozen_base_parts"", ""kmeans_replicates"": 3, ""theta"": 0.4, ""walk_order"": 20}, ""method"": ""YACHT"", ""schema"": ""psfce-v4-matlab-adapter-v1""}",v1
CiteSeer,2,CONTENT_RELATION_8,,formal,,CEHM,{},ok,3312,6,20,0.37137681159420288,0.139762286970114,0.14912407378087039,0.30249784986533701,11.821370899997421,,,,,,,,,,,,,,,,matlab,https://github.com/FeijiangLi/Code-k-HyperEdge-Medoids-for-Clustering-Ensemble-AAAI.git,29c22fb18e05eed67728eebcb29cd7e9133723f7,2026-09-14,NOASSERTION,4318f3ef0399825af7ca74e28ac4d939757682886910402b11d13dc687253524,44136fa355b3678a1146ad16f7e8649e94fb4fc21fe77e8310c060f61caaff8a,False,results\cache\official_baselines\CEHM\CiteSeer__pool2__e52323d5aa1cc7ffdcf508aeafe44c90b2127057cfbd6f77599da12dcffab872.npz,"{""details"": {""entrypoint"": ""CEHM"", ""input"": ""frozen_base_parts"", ""variant"": ""published""}, ""method"": ""CEHM"", ""schema"": ""psfce-v4-matlab-adapter-v1""}",v1
CiteSeer,2,CONTENT_RELATION_8,,formal,,RANGE,"{""alpha"": 0.8, ""anchor_offset"": 0, ""fuzzy_threshold"": 0.8, ""kmeans_replicates"": 3, ""lambda"": 0.1}",ok,3312,6,20,0.33574879227053139,0.15029966929113511,0.12714555899539159,0.30098613079628672,12.621192099992186,,,,,,,,,,,,,,,,matlab,https://github.com/middle258/RANGE.git,85d93c54d72d500034d05b5ef131bd90630a3632,2026-09-14,NOASSERTION,4318f3ef0399825af7ca74e28ac4d939757682886910402b11d13dc687253524,768290a1f1c2f63f8babf657f4e5e2b4da610a7bbda77136d410d91af83ab12a,False,results\cache\official_baselines\RANGE\CiteSeer__pool2__075f695bc04e7be9edb75cbe30ebf336bff5ab6e4cfdc715d7bfe6bce92adb6d.npz,"{""details"": {""alpha"": 0.8, ""anchor_offset"": 0, ""entrypoint"": ""HFES+solve_RANGE"", ""fuzzy_threshold"": 0.8, ""input"": ""frozen_base_parts"", ""kmeans_replicates"": 3, ""lambda"": 0.1}, ""method"": ""RANGE"", ""schema"": ""psfce-v4-matlab-adapter-v1""}",v1
CiteSeer,2,CONTENT_RELATION_8,,formal,,YACHT,"{""alpha"": 0.99, ""anchor_offset"": 2, ""kmeans_replicates"": 3, ""theta"": 0.4, ""walk_order"": 20}",ok,3312,6,20,0.42179951690821249,0.16944057417109071,0.17249706248572441,0.3838478451752243,14.68644740000309,,,,,,,,,,,,,,,,matlab,https://github.com/scu-kdde/YACHT.git,44cb0fc35b80ec17befa199879ac947fee15f464,2026-09-14,NOASSERTION,4318f3ef0399825af7ca74e28ac4d939757682886910402b11d13dc687253524,62deb2b66b54ab18491847bd2cca81e375344bea0ab840d0da429a98100a165b,False,results\cache\official_baselines\YACHT\CiteSeer__pool2__725653860c5309aa7d738e1ec5df462ae6b6031fa224f792d231a58bd82cddb2.npz,"{""details"": {""alpha"": 0.99, ""anchor_offset"": 2, ""compatibility_patch"": ""paper walk order is parameterized; repository helper hard-codes 10"", ""entrypoint"": ""solve_YACHT"", ""input"": ""frozen_base_parts"", ""kmeans_replicates"": 3, ""theta"": 0.4, ""walk_order"": 20}, ""method"": ""YACHT"", ""schema"": ""psfce-v4-matlab-adapter-v1""}",v1
Coauthor CS,0,GRAPH_GEOMETRY_8,,formal,,CEHM,{},ok,18333,15,20,0.38651611847488138,0.34750137621984961,0.12785144377927349,0.160121132267805,19.305141200005892,,,,,,,,,,,,,,,,matlab,https://github.com/FeijiangLi/Code-k-HyperEdge-Medoids-for-Clustering-Ensemble-AAAI.git,29c22fb18e05eed67728eebcb29cd7e9133723f7,2026-09-14,NOASSERTION,15614d71c8184d2874189ad803b3acbd1f9cf49068625776091f9f332f17e5e9,44136fa355b3678a1146ad16f7e8649e94fb4fc21fe77e8310c060f61caaff8a,False,results\cache\official_baselines\CEHM\Coauthor_CS__pool0__5e4c382e927a86bc2fd1653f372185714afb3b2405770615f09b2f8e48a4dd05.npz,"{""details"": {""entrypoint"": ""CEHM"", ""input"": ""frozen_base_parts"", ""variant"": ""published""}, ""method"": ""CEHM"", ""schema"": ""psfce-v4-matlab-adapter-v1""}",v1
Coauthor CS,0,GRAPH_GEOMETRY_8,,formal,,RANGE,"{""alpha"": 0.8, ""anchor_offset"": 0, ""fuzzy_threshold"": 0.8, ""kmeans_replicates"": 3, ""lambda"": 0.1}",ok,18333,15,20,0.57322860415643917,0.60364004545887218,0.44180575856343901,0.49146425572532348,16.728930099998252,,,,,,,,,,,,,,,,matlab,https://github.com/middle258/RANGE.git,85d93c54d72d500034d05b5ef131bd90630a3632,2026-09-14,NOASSERTION,15614d71c8184d2874189ad803b3acbd1f9cf49068625776091f9f332f17e5e9,768290a1f1c2f63f8babf657f4e5e2b4da610a7bbda77136d410d91af83ab12a,False,results\cache\official_baselines\RANGE\Coauthor_CS__pool0__0fcebaab57560b7ca2d5b5ca356f858d90e852f58ab7d783c61b2ad4816bff13.npz,"{""details"": {""alpha"": 0.8, ""anchor_offset"": 0, ""entrypoint"": ""HFES+solve_RANGE"", ""fuzzy_threshold"": 0.8, ""input"": ""frozen_base_parts"", ""kmeans_replicates"": 3, ""lambda"": 0.1}, ""method"": ""RANGE"", ""schema"": ""psfce-v4-matlab-adapter-v1""}",v1
Coauthor CS,0,GRAPH_GEOMETRY_8,,formal,,YACHT,"{""alpha"": 0.99, ""anchor_offset"": 2, ""kmeans_replicates"": 3, ""theta"": 0.4, ""walk_order"": 20}",ok,18333,15,20,0.55539191621665851,0.60464766039961515,0.44029181634142439,0.4845986256610223,24.478426899993792,,,,,,,,,,,,,,,,matlab,https://github.com/scu-kdde/YACHT.git,44cb0fc35b80ec17befa199879ac947fee15f464,2026-09-14,NOASSERTION,15614d71c8184d2874189ad803b3acbd1f9cf49068625776091f9f332f17e5e9,62deb2b66b54ab18491847bd2cca81e375344bea0ab840d0da429a98100a165b,False,results\cache\official_baselines\YACHT\Coauthor_CS__pool0__212e22c73e46d644a82c4937e01ae29654f5084290bebb7c046511e003a9bf77.npz,"{""details"": {""alpha"": 0.99, ""anchor_offset"": 2, ""compatibility_patch"": ""paper walk order is parameterized; repository helper hard-codes 10"", ""entrypoint"": ""solve_YACHT"", ""input"": ""frozen_base_parts"", ""kmeans_replicates"": 3, ""theta"": 0.4, ""walk_order"": 20}, ""method"": ""YACHT"", ""schema"": ""psfce-v4-matlab-adapter-v1""}",v1
Coauthor CS,1,GRAPH_GEOMETRY_8,,formal,,CEHM,{},ok,18333,15,20,0.38831615120274909,0.35048240882375531,0.12950735584509199,0.1610626783706903,18.238495500001591,,,,,,,,,,,,,,,,matlab,https://github.com/FeijiangLi/Code-k-HyperEdge-Medoids-for-Clustering-Ensemble-AAAI.git,29c22fb18e05eed67728eebcb29cd7e9133723f7,2026-09-14,NOASSERTION,0df78e5288c95b32ee4c30b9c236351e0db2e6877685eafa85ad34434f119406,44136fa355b3678a1146ad16f7e8649e94fb4fc21fe77e8310c060f61caaff8a,False,results\cache\official_baselines\CEHM\Coauthor_CS__pool1__ee6b90e36f6a71e247518555324a7df61a16b26a3c75697281f4daf6499346e6.npz,"{""details"": {""entrypoint"": ""CEHM"", ""input"": ""frozen_base_parts"", ""variant"": ""published""}, ""method"": ""CEHM"", ""schema"": ""psfce-v4-matlab-adapter-v1""}",v1
Coauthor CS,1,GRAPH_GEOMETRY_8,,formal,,RANGE,"{""alpha"": 0.8, ""anchor_offset"": 0, ""fuzzy_threshold"": 0.8, ""kmeans_replicates"": 3, ""lambda"": 0.1}",ok,18333,15,20,0.5411007472863143,0.58213534146694712,0.44123621658766238,0.46870566608621939,16.622696000005817,,,,,,,,,,,,,,,,matlab,https://github.com/middle258/RANGE.git,85d93c54d72d500034d05b5ef131bd90630a3632,2026-09-14,NOASSERTION,0df78e5288c95b32ee4c30b9c236351e0db2e6877685eafa85ad34434f119406,768290a1f1c2f63f8babf657f4e5e2b4da610a7bbda77136d410d91af83ab12a,False,results\cache\official_baselines\RANGE\Coauthor_CS__pool1__9440c4056e37cf9d5a596ca1fb7e3638697d57231a42ddb92a20d56b740dfe1a.npz,"{""details"": {""alpha"": 0.8, ""anchor_offset"": 0, ""entrypoint"": ""HFES+solve_RANGE"", ""fuzzy_threshold"": 0.8, ""input"": ""frozen_base_parts"", ""kmeans_replicates"": 3, ""lambda"": 0.1}, ""method"": ""RANGE"", ""schema"": ""psfce-v4-matlab-adapter-v1""}",v1
Coauthor CS,1,GRAPH_GEOMETRY_8,,formal,,YACHT,"{""alpha"": 0.99, ""anchor_offset"": 2, ""kmeans_replicates"": 3, ""theta"": 0.4, ""walk_order"": 20}",ok,18333,15,20,0.53575519554900997,0.58431314884634311,0.40530057205379189,0.43368172540266392,23.583392500004265,,,,,,,,,,,,,,,,matlab,https://github.com/scu-kdde/YACHT.git,44cb0fc35b80ec17befa199879ac947fee15f464,2026-09-14,NOASSERTION,0df78e5288c95b32ee4c30b9c236351e0db2e6877685eafa85ad34434f119406,62deb2b66b54ab18491847bd2cca81e375344bea0ab840d0da429a98100a165b,False,results\cache\official_baselines\YACHT\Coauthor_CS__pool1__c7163863eed9eacc37d02466cf9cba46d113f1dd95530b4f7610a1a6c6f7e2bc.npz,"{""details"": {""alpha"": 0.99, ""anchor_offset"": 2, ""compatibility_patch"": ""paper walk order is parameterized; repository helper hard-codes 10"", ""entrypoint"": ""solve_YACHT"", ""input"": ""frozen_base_parts"", ""kmeans_replicates"": 3, ""theta"": 0.4, ""walk_order"": 20}, ""method"": ""YACHT"", ""schema"": ""psfce-v4-matlab-adapter-v1""}",v1
Coauthor CS,2,GRAPH_GEOMETRY_8,,formal,,CEHM,{},ok,18333,15,20,0.4770632193312605,0.47862507357210582,0.23046284742041079,0.26036854433207718,19.643449699986377,,,,,,,,,,,,,,,,matlab,https://github.com/FeijiangLi/Code-k-HyperEdge-Medoids-for-Clustering-Ensemble-AAAI.git,29c22fb18e05eed67728eebcb29cd7e9133723f7,2026-09-14,NOASSERTION,4bc00bcee601f952d26d16ba09581d349e4a5ef356814d98c7bc5b15ff2dcddb,44136fa355b3678a1146ad16f7e8649e94fb4fc21fe77e8310c060f61caaff8a,False,results\cache\official_baselines\CEHM\Coauthor_CS__pool2__8e1b9ee595cc107c6a97ba041f2812fd61e996395ab88cc14a572ebf921cbd60.npz,"{""details"": {""entrypoint"": ""CEHM"", ""input"": ""frozen_base_parts"", ""variant"": ""published""}, ""method"": ""CEHM"", ""schema"": ""psfce-v4-matlab-adapter-v1""}",v1
Coauthor CS,2,GRAPH_GEOMETRY_8,,formal,,RANGE,"{""alpha"": 0.8, ""anchor_offset"": 0, ""fuzzy_threshold"": 0.8, ""kmeans_replicates"": 3, ""lambda"": 0.1}",ok,18333,15,20,0.63110238367970328,0.6258366772720606,0.50049401053678555,0.57026826169144962,18.131328799994662,,,,,,,,,,,,,,,,matlab,https://github.com/middle258/RANGE.git,85d93c54d72d500034d05b5ef131bd90630a3632,2026-09-14,NOASSERTION,4bc00bcee601f952d26d16ba09581d349e4a5ef356814d98c7bc5b15ff2dcddb,768290a1f1c2f63f8babf657f4e5e2b4da610a7bbda77136d410d91af83ab12a,False,results\cache\official_baselines\RANGE\Coauthor_CS__pool2__d35d1d4087886c75c49c4cd8e2f8c90491793fb81ba8d10b7ac07c29bec0ba17.npz,"{""details"": {""alpha"": 0.8, ""anchor_offset"": 0, ""entrypoint"": ""HFES+solve_RANGE"", ""fuzzy_threshold"": 0.8, ""input"": ""frozen_base_parts"", ""kmeans_replicates"": 3, ""lambda"": 0.1}, ""method"": ""RANGE"", ""schema"": ""psfce-v4-matlab-adapter-v1""}",v1
Coauthor CS,2,GRAPH_GEOMETRY_8,,formal,,YACHT,"{""alpha"": 0.99, ""anchor_offset"": 2, ""kmeans_replicates"": 3, ""theta"": 0.4, ""walk_order"": 20}",ok,18333,15,20,0.61250204549173626,0.62337802386811747,0.4673267502552686,0.56832733500449995,23.08550839999225,,,,,,,,,,,,,,,,matlab,https://github.com/scu-kdde/YACHT.git,44cb0fc35b80ec17befa199879ac947fee15f464,2026-09-14,NOASSERTION,4bc00bcee601f952d26d16ba09581d349e4a5ef356814d98c7bc5b15ff2dcddb,62deb2b66b54ab18491847bd2cca81e375344bea0ab840d0da429a98100a165b,False,results\cache\official_baselines\YACHT\Coauthor_CS__pool2__b2a2bdd147981e49926afdf4f12e47388bbd32faa3ee856d77ced9bef134af3b.npz,"{""details"": {""alpha"": 0.99, ""anchor_offset"": 2, ""compatibility_patch"": ""paper walk order is parameterized; repository helper hard-codes 10"", ""entrypoint"": ""solve_YACHT"", ""input"": ""frozen_base_parts"", ""kmeans_replicates"": 3, ""theta"": 0.4, ""walk_order"": 20}, ""method"": ""YACHT"", ""schema"": ""psfce-v4-matlab-adapter-v1""}",v1
Coauthor Physics,0,GRAPH_GEOMETRY_8,,formal,,CEHM,{},ok,34493,5,20,0.81909372916243872,0.63857704128529325,0.69826413611744265,0.66875516484566144,14.76483129999542,,,,,,,,,,,,,,,,matlab,https://github.com/FeijiangLi/Code-k-HyperEdge-Medoids-for-Clustering-Ensemble-AAAI.git,29c22fb18e05eed67728eebcb29cd7e9133723f7,2026-09-14,NOASSERTION,5890fc4f7208f5ad391a10e51011fe2ab9c28fb1ecc727975a409e71b1d4fffd,44136fa355b3678a1146ad16f7e8649e94fb4fc21fe77e8310c060f61caaff8a,False,results\cache\official_baselines\CEHM\Coauthor_Physics__pool0__687120e94fd1166936d39b2c6533fa2a72e282fbd4aab05cfc60bbe0dbb78e59.npz,"{""details"": {""entrypoint"": ""CEHM"", ""input"": ""frozen_base_parts"", ""variant"": ""published""}, ""method"": ""CEHM"", ""schema"": ""psfce-v4-matlab-adapter-v1""}",v1
Coauthor Physics,0,GRAPH_GEOMETRY_8,,formal,,RANGE,"{""alpha"": 0.8, ""anchor_offset"": 0, ""fuzzy_threshold"": 0.8, ""kmeans_replicates"": 3, ""lambda"": 0.1}",ok,34493,5,20,0.77607050705940339,0.59343931925102356,0.6841192507693169,0.65655429447834057,14.305256699997701,,,,,,,,,,,,,,,,matlab,https://github.com/middle258/RANGE.git,85d93c54d72d500034d05b5ef131bd90630a3632,2026-09-14,NOASSERTION,5890fc4f7208f5ad391a10e51011fe2ab9c28fb1ecc727975a409e71b1d4fffd,768290a1f1c2f63f8babf657f4e5e2b4da610a7bbda77136d410d91af83ab12a,False,results\cache\official_baselines\RANGE\Coauthor_Physics__pool0__28a84b987839bfd73d7d4d215b2d08ede855d0ef3512584cbc50bcf47b984069.npz,"{""details"": {""alpha"": 0.8, ""anchor_offset"": 0, ""entrypoint"": ""HFES+solve_RANGE"", ""fuzzy_threshold"": 0.8, ""input"": ""frozen_base_parts"", ""kmeans_replicates"": 3, ""lambda"": 0.1}, ""method"": ""RANGE"", ""schema"": ""psfce-v4-matlab-adapter-v1""}",v1
Coauthor Physics,0,GRAPH_GEOMETRY_8,,formal,,YACHT,"{""alpha"": 0.99, ""anchor_offset"": 2, ""kmeans_replicates"": 3, ""theta"": 0.4, ""walk_order"": 20}",ok,34493,5,20,0.56565100165250926,0.52238620997545526,0.41161898795045659,0.57170219860796134,23.083668600011151,,,,,,,,,,,,,,,,matlab,https://github.com/scu-kdde/YACHT.git,44cb0fc35b80ec17befa199879ac947fee15f464,2026-09-14,NOASSERTION,5890fc4f7208f5ad391a10e51011fe2ab9c28fb1ecc727975a409e71b1d4fffd,62deb2b66b54ab18491847bd2cca81e375344bea0ab840d0da429a98100a165b,False,results\cache\official_baselines\YACHT\Coauthor_Physics__pool0__5fc64f8e099db3cb4f7548394bb6d6a855a6a0e770b1c8195746d9c5440c8c5a.npz,"{""details"": {""alpha"": 0.99, ""anchor_offset"": 2, ""compatibility_patch"": ""paper walk order is parameterized; repository helper hard-codes 10"", ""entrypoint"": ""solve_YACHT"", ""input"": ""frozen_base_parts"", ""kmeans_replicates"": 3, ""theta"": 0.4, ""walk_order"": 20}, ""method"": ""YACHT"", ""schema"": ""psfce-v4-matlab-adapter-v1""}",v1
Coauthor Physics,1,GRAPH_GEOMETRY_8,,formal,,CEHM,{},ok,34493,5,20,0.82187690255993973,0.64308546818457923,0.70308233321293034,0.67100833709173913,15.032839500010596,,,,,,,,,,,,,,,,matlab,https://github.com/FeijiangLi/Code-k-HyperEdge-Medoids-for-Clustering-Ensemble-AAAI.git,29c22fb18e05eed67728eebcb29cd7e9133723f7,2026-09-14,NOASSERTION,fbd153391b5f20b5b1a035b9b27119d06607e553240381dbf368db5e50a57bf0,44136fa355b3678a1146ad16f7e8649e94fb4fc21fe77e8310c060f61caaff8a,False,results\cache\official_baselines\CEHM\Coauthor_Physics__pool1__ecaecc61e52a754687f89039d297cba70dff5333ea34b8d2e09b32edd94f319d.npz,"{""details"": {""entrypoint"": ""CEHM"", ""input"": ""frozen_base_parts"", ""variant"": ""published""}, ""method"": ""CEHM"", ""schema"": ""psfce-v4-matlab-adapter-v1""}",v1
Coauthor Physics,1,GRAPH_GEOMETRY_8,,formal,,RANGE,"{""alpha"": 0.8, ""anchor_offset"": 0, ""fuzzy_threshold"": 0.8, ""kmeans_replicates"": 3, ""lambda"": 0.1}",ok,34493,5,20,0.63099759371466679,0.52781908753242301,0.43808327533676328,0.60247548999201406,13.775311799996416,,,,,,,,,,,,,,,,matlab,https://github.com/middle258/RANGE.git,85d93c54d72d500034d05b5ef131bd90630a3632,2026-09-14,NOASSERTION,fbd153391b5f20b5b1a035b9b27119d06607e553240381dbf368db5e50a57bf0,768290a1f1c2f63f8babf657f4e5e2b4da610a7bbda77136d410d91af83ab12a,False,results\cache\official_baselines\RANGE\Coauthor_Physics__pool1__6f6768559a51d4898df8faa1203ed3f4e7fa0c3b7d4b7d467a6402d5d30286f4.npz,"{""details"": {""alpha"": 0.8, ""anchor_offset"": 0, ""entrypoint"": ""HFES+solve_RANGE"", ""fuzzy_threshold"": 0.8, ""input"": ""frozen_base_parts"", ""kmeans_replicates"": 3, ""lambda"": 0.1}, ""method"": ""RANGE"", ""schema"": ""psfce-v4-matlab-adapter-v1""}",v1
Coauthor Physics,1,GRAPH_GEOMETRY_8,,formal,,YACHT,"{""alpha"": 0.99, ""anchor_offset"": 2, ""kmeans_replicates"": 3, ""theta"": 0.4, ""walk_order"": 20}",ok,34493,5,20,0.58142231757168117,0.52905947515030227,0.42038833696178801,0.55484180870118294,23.089345200001844,,,,,,,,,,,,,,,,matlab,https://github.com/scu-kdde/YACHT.git,44cb0fc35b80ec17befa199879ac947fee15f464,2026-09-14,NOASSERTION,fbd153391b5f20b5b1a035b9b27119d06607e553240381dbf368db5e50a57bf0,62deb2b66b54ab18491847bd2cca81e375344bea0ab840d0da429a98100a165b,False,results\cache\official_baselines\YACHT\Coauthor_Physics__pool1__9271ddc64df97f0debd80128cc029c8d8767d7f248711d83692d806451ced265.npz,"{""details"": {""alpha"": 0.99, ""anchor_offset"": 2, ""compatibility_patch"": ""paper walk order is parameterized; repository helper hard-codes 10"", ""entrypoint"": ""solve_YACHT"", ""input"": ""frozen_base_parts"", ""kmeans_replicates"": 3, ""theta"": 0.4, ""walk_order"": 20}, ""method"": ""YACHT"", ""schema"": ""psfce-v4-matlab-adapter-v1""}",v1
Coauthor Physics,2,GRAPH_GEOMETRY_8,,formal,,CEHM,{},ok,34493,5,20,0.82074623836720495,0.64188760863429195,0.70113126990850505,0.67026211934593793,13.389240899996366,,,,,,,,,,,,,,,,matlab,https://github.com/FeijiangLi/Code-k-HyperEdge-Medoids-for-Clustering-Ensemble-AAAI.git,29c22fb18e05eed67728eebcb29cd7e9133723f7,2026-09-14,NOASSERTION,129f6cab75d88426e9f162e88d326bcf79514077b3948ed15ceef96c1fd4fb95,44136fa355b3678a1146ad16f7e8649e94fb4fc21fe77e8310c060f61caaff8a,False,results\cache\official_baselines\CEHM\Coauthor_Physics__pool2__78f75cf041cc40f8b286af5f82655740803e2f013f473881fce885c274e0b81b.npz,"{""details"": {""entrypoint"": ""CEHM"", ""input"": ""frozen_base_parts"", ""variant"": ""published""}, ""method"": ""CEHM"", ""schema"": ""psfce-v4-matlab-adapter-v1""}",v1
Coauthor Physics,2,GRAPH_GEOMETRY_8,,formal,,RANGE,"{""alpha"": 0.8, ""anchor_offset"": 0, ""fuzzy_threshold"": 0.8, ""kmeans_replicates"": 3, ""lambda"": 0.1}",ok,34493,5,20,0.77636042095497637,0.59457830049022742,0.68575346293977324,0.65624528934336579,15.57453459998942,,,,,,,,,,,,,,,,matlab,https://github.com/middle258/RANGE.git,85d93c54d72d500034d05b5ef131bd90630a3632,2026-09-14,NOASSERTION,129f6cab75d88426e9f162e88d326bcf79514077b3948ed15ceef96c1fd4fb95,768290a1f1c2f63f8babf657f4e5e2b4da610a7bbda77136d410d91af83ab12a,False,results\cache\official_baselines\RANGE\Coauthor_Physics__pool2__d9bd4571e775e7aab3fc15f051b2d01a89d49dbdbcfde198a641442093318e2a.npz,"{""details"": {""alpha"": 0.8, ""anchor_offset"": 0, ""entrypoint"": ""HFES+solve_RANGE"", ""fuzzy_threshold"": 0.8, ""input"": ""frozen_base_parts"", ""kmeans_replicates"": 3, ""lambda"": 0.1}, ""method"": ""RANGE"", ""schema"": ""psfce-v4-matlab-adapter-v1""}",v1
Coauthor Physics,2,GRAPH_GEOMETRY_8,,formal,,YACHT,"{""alpha"": 0.99, ""anchor_offset"": 2, ""kmeans_replicates"": 3, ""theta"": 0.4, ""walk_order"": 20}",ok,34493,5,20,0.55875105093787147,0.52128662744054899,0.41135867827836597,0.53742138119225102,22.048961299995423,,,,,,,,,,,,,,,,matlab,https://github.com/scu-kdde/YACHT.git,44cb0fc35b80ec17befa199879ac947fee15f464,2026-09-14,NOASSERTION,129f6cab75d88426e9f162e88d326bcf79514077b3948ed15ceef96c1fd4fb95,62deb2b66b54ab18491847bd2cca81e375344bea0ab840d0da429a98100a165b,False,results\cache\official_baselines\YACHT\Coauthor_Physics__pool2__a9cbd2473406546bd42ae1648ea994d4add600953e299132ca1535f9c22a88ee.npz,"{""details"": {""alpha"": 0.99, ""anchor_offset"": 2, ""compatibility_patch"": ""paper walk order is parameterized; repository helper hard-codes 10"", ""entrypoint"": ""solve_YACHT"", ""input"": ""frozen_base_parts"", ""kmeans_replicates"": 3, ""theta"": 0.4, ""walk_order"": 20}, ""method"": ""YACHT"", ""schema"": ""psfce-v4-matlab-adapter-v1""}",v1
Cora,0,CONTENT_RELATION_8,,formal,,CEHM,{},ok,2708,7,20,0.48707533234859668,0.35638837811401008,0.25594852737944768,0.35508107788026633,13.468924500004505,,,,,,,,,,,,,,,,matlab,https://github.com/FeijiangLi/Code-k-HyperEdge-Medoids-for-Clustering-Ensemble-AAAI.git,29c22fb18e05eed67728eebcb29cd7e9133723f7,2026-09-14,NOASSERTION,64915423bd212e2e8e0cce2ac479a514d046bd8325b25f97f5d09b107215ac8d,44136fa355b3678a1146ad16f7e8649e94fb4fc21fe77e8310c060f61caaff8a,False,results\cache\official_baselines\CEHM\Cora__pool0__91e63c88e6a2b642d9a16849797eea4a377a2bd9ee5c1ca06f24477a2c8e5e6b.npz,"{""details"": {""entrypoint"": ""CEHM"", ""input"": ""frozen_base_parts"", ""variant"": ""published""}, ""method"": ""CEHM"", ""schema"": ""psfce-v4-matlab-adapter-v1""}",v1
Cora,0,CONTENT_RELATION_8,,formal,,RANGE,"{""alpha"": 0.8, ""anchor_offset"": 0, ""fuzzy_threshold"": 0.8, ""kmeans_replicates"": 3, ""lambda"": 0.1}",ok,2708,7,20,0.56683899556868533,0.40221403701441522,0.34495900009731217,0.53065451202421521,12.7509146000084,,,,,,,,,,,,,,,,matlab,https://github.com/middle258/RANGE.git,85d93c54d72d500034d05b5ef131bd90630a3632,2026-09-14,NOASSERTION,64915423bd212e2e8e0cce2ac479a514d046bd8325b25f97f5d09b107215ac8d,768290a1f1c2f63f8babf657f4e5e2b4da610a7bbda77136d410d91af83ab12a,False,results\cache\official_baselines\RANGE\Cora__pool0__5dd56f8ebc294fa43842c2c00b9c6b3c1c4253a2f16a27073b46f96f4f17380f.npz,"{""details"": {""alpha"": 0.8, ""anchor_offset"": 0, ""entrypoint"": ""HFES+solve_RANGE"", ""fuzzy_threshold"": 0.8, ""input"": ""frozen_base_parts"", ""kmeans_replicates"": 3, ""lambda"": 0.1}, ""method"": ""RANGE"", ""schema"": ""psfce-v4-matlab-adapter-v1""}",v1
Cora,0,CONTENT_RELATION_8,,formal,,YACHT,"{""alpha"": 0.99, ""anchor_offset"": 2, ""kmeans_replicates"": 3, ""theta"": 0.4, ""walk_order"": 20}",ok,2708,7,20,0.59416543574593794,0.3904298770049866,0.33124933317337918,0.5552640667690335,13.087355399999067,,,,,,,,,,,,,,,,matlab,https://github.com/scu-kdde/YACHT.git,44cb0fc35b80ec17befa199879ac947fee15f464,2026-09-14,NOASSERTION,64915423bd212e2e8e0cce2ac479a514d046bd8325b25f97f5d09b107215ac8d,62deb2b66b54ab18491847bd2cca81e375344bea0ab840d0da429a98100a165b,False,results\cache\official_baselines\YACHT\Cora__pool0__f7eff12e409160415859a34cdafccde2e464a89601881fd55ff3f9e9d6b7bfd2.npz,"{""details"": {""alpha"": 0.99, ""anchor_offset"": 2, ""compatibility_patch"": ""paper walk order is parameterized; repository helper hard-codes 10"", ""entrypoint"": ""solve_YACHT"", ""input"": ""frozen_base_parts"", ""kmeans_replicates"": 3, ""theta"": 0.4, ""walk_order"": 20}, ""method"": ""YACHT"", ""schema"": ""psfce-v4-matlab-adapter-v1""}",v1
Cora,1,CONTENT_RELATION_8,,formal,,CEHM,{},ok,2708,7,20,0.48485967503692762,0.35509934283170957,0.24236110981303549,0.3600331284895652,13.769884199995431,,,,,,,,,,,,,,,,matlab,https://github.com/FeijiangLi/Code-k-HyperEdge-Medoids-for-Clustering-Ensemble-AAAI.git,29c22fb18e05eed67728eebcb29cd7e9133723f7,2026-09-14,NOASSERTION,ac139c106d43630572a04a27d494373acc22ff87010f068321c0881b4de63309,44136fa355b3678a1146ad16f7e8649e94fb4fc21fe77e8310c060f61caaff8a,False,results\cache\official_baselines\CEHM\Cora__pool1__5eebc6b5dbca689ede1520648e71dc18838476abb6eb38a47362adf449858fba.npz,"{""details"": {""entrypoint"": ""CEHM"", ""input"": ""frozen_base_parts"", ""variant"": ""published""}, ""method"": ""CEHM"", ""schema"": ""psfce-v4-matlab-adapter-v1""}",v1
Cora,1,CONTENT_RELATION_8,,formal,,RANGE,"{""alpha"": 0.8, ""anchor_offset"": 0, ""fuzzy_threshold"": 0.8, ""kmeans_replicates"": 3, ""lambda"": 0.1}",ok,2708,7,20,0.55096011816838997,0.35992777154134092,0.30759590266593873,0.52300512020525147,12.873487799995928,,,,,,,,,,,,,,,,matlab,https://github.com/middle258/RANGE.git,85d93c54d72d500034d05b5ef131bd90630a3632,2026-09-14,NOASSERTION,ac139c106d43630572a04a27d494373acc22ff87010f068321c0881b4de63309,768290a1f1c2f63f8babf657f4e5e2b4da610a7bbda77136d410d91af83ab12a,False,results\cache\official_baselines\RANGE\Cora__pool1__0997c64622b570f991fc8573ba33ed0fe9250008e8bee54f7fc07d3513ec4c2a.npz,"{""details"": {""alpha"": 0.8, ""anchor_offset"": 0, ""entrypoint"": ""HFES+solve_RANGE"", ""fuzzy_threshold"": 0.8, ""input"": ""frozen_base_parts"", ""kmeans_replicates"": 3, ""lambda"": 0.1}, ""method"": ""RANGE"", ""schema"": ""psfce-v4-matlab-adapter-v1""}",v1
Cora,1,CONTENT_RELATION_8,,formal,,YACHT,"{""alpha"": 0.99, ""anchor_offset"": 2, ""kmeans_replicates"": 3, ""theta"": 0.4, ""walk_order"": 20}",ok,2708,7,20,0.52400295420974885,0.3710188139557542,0.30485504750445158,0.47915010121537488,13.437543599997298,,,,,,,,,,,,,,,,matlab,https://github.com/scu-kdde/YACHT.git,44cb0fc35b80ec17befa199879ac947fee15f464,2026-09-14,NOASSERTION,ac139c106d43630572a04a27d494373acc22ff87010f068321c0881b4de63309,62deb2b66b54ab18491847bd2cca81e375344bea0ab840d0da429a98100a165b,False,results\cache\official_baselines\YACHT\Cora__pool1__48c71d3e78657fb292b13d1102c63f38e4496a49488a745748603da1b2320037.npz,"{""details"": {""alpha"": 0.99, ""anchor_offset"": 2, ""compatibility_patch"": ""paper walk order is parameterized; repository helper hard-codes 10"", ""entrypoint"": ""solve_YACHT"", ""input"": ""frozen_base_parts"", ""kmeans_replicates"": 3, ""theta"": 0.4, ""walk_order"": 20}, ""method"": ""YACHT"", ""schema"": ""psfce-v4-matlab-adapter-v1""}",v1
Cora,2,CONTENT_RELATION_8,,formal,,CEHM,{},ok,2708,7,20,0.3020679468242245,0,0,0.066283121302973799,12.050826500009862,,,,,,,,,,,,,,,,matlab,https://github.com/FeijiangLi/Code-k-HyperEdge-Medoids-for-Clustering-Ensemble-AAAI.git,29c22fb18e05eed67728eebcb29cd7e9133723f7,2026-09-14,NOASSERTION,0c50a57e5b2840ff3dc5e8b3fc62a1fb8c4503b4521446970ae9e3451382aeea,44136fa355b3678a1146ad16f7e8649e94fb4fc21fe77e8310c060f61caaff8a,False,results\cache\official_baselines\CEHM\Cora__pool2__57e552fde2e233d10bab23bc332310c2ac01928409dcc803017dc8ce8eb384b2.npz,"{""details"": {""entrypoint"": ""CEHM"", ""input"": ""frozen_base_parts"", ""variant"": ""published""}, ""method"": ""CEHM"", ""schema"": ""psfce-v4-matlab-adapter-v1""}",v1
Cora,2,CONTENT_RELATION_8,,formal,,RANGE,"{""alpha"": 0.8, ""anchor_offset"": 0, ""fuzzy_threshold"": 0.8, ""kmeans_replicates"": 3, ""lambda"": 0.1}",ok,2708,7,20,0.52991137370753327,0.39342157020811769,0.31580331234615922,0.49022297885991861,12.74125279999862,,,,,,,,,,,,,,,,matlab,https://github.com/middle258/RANGE.git,85d93c54d72d500034d05b5ef131bd90630a3632,2026-09-14,NOASSERTION,0c50a57e5b2840ff3dc5e8b3fc62a1fb8c4503b4521446970ae9e3451382aeea,768290a1f1c2f63f8babf657f4e5e2b4da610a7bbda77136d410d91af83ab12a,False,results\cache\official_baselines\RANGE\Cora__pool2__663d1e2db358d59b7cb63647b67f8dbf9785921cb7b328762f98c1e1fa8772ae.npz,"{""details"": {""alpha"": 0.8, ""anchor_offset"": 0, ""entrypoint"": ""HFES+solve_RANGE"", ""fuzzy_threshold"": 0.8, ""input"": ""frozen_base_parts"", ""kmeans_replicates"": 3, ""lambda"": 0.1}, ""method"": ""RANGE"", ""schema"": ""psfce-v4-matlab-adapter-v1""}",v1
Cora,2,CONTENT_RELATION_8,,formal,,YACHT,"{""alpha"": 0.99, ""anchor_offset"": 2, ""kmeans_replicates"": 3, ""theta"": 0.4, ""walk_order"": 20}",ok,2708,7,20,0.4959379615952732,0.35458003336817079,0.275691277091001,0.44605262457005851,17.508237499991083,,,,,,,,,,,,,,,,matlab,https://github.com/scu-kdde/YACHT.git,44cb0fc35b80ec17befa199879ac947fee15f464,2026-09-14,NOASSERTION,0c50a57e5b2840ff3dc5e8b3fc62a1fb8c4503b4521446970ae9e3451382aeea,62deb2b66b54ab18491847bd2cca81e375344bea0ab840d0da429a98100a165b,False,results\cache\official_baselines\YACHT\Cora__pool2__0ff0531f2a5c1a1e66b9855fafd3a638efe7c0fa2768e4577804331a71109398.npz,"{""details"": {""alpha"": 0.99, ""anchor_offset"": 2, ""compatibility_patch"": ""paper walk order is parameterized; repository helper hard-codes 10"", ""entrypoint"": ""solve_YACHT"", ""input"": ""frozen_base_parts"", ""kmeans_replicates"": 3, ""theta"": 0.4, ""walk_order"": 20}, ""method"": ""YACHT"", ""schema"": ""psfce-v4-matlab-adapter-v1""}",v1
CoraFull,0,GRAPH_GEOMETRY_8,,formal,,CEHM,{},ok,19793,70,20,0.337594098923862,0.48579017323012907,0.21131194651439619,0.2169377234935046,56.009464399990975,,,,,,,,,,,,,,,,matlab,https://github.com/FeijiangLi/Code-k-HyperEdge-Medoids-for-Clustering-Ensemble-AAAI.git,29c22fb18e05eed67728eebcb29cd7e9133723f7,2026-09-14,NOASSERTION,03e1be76bc4ac2a413427a39622f831e57cb7c62a49b14e706adea9a382b2f54,44136fa355b3678a1146ad16f7e8649e94fb4fc21fe77e8310c060f61caaff8a,False,results\cache\official_baselines\CEHM\CoraFull__pool0__21ce6cc116b62312d5b2badbd08049eb1499f1e029d0c18cd98fa5e484f919f9.npz,"{""details"": {""entrypoint"": ""CEHM"", ""input"": ""frozen_base_parts"", ""variant"": ""published""}, ""method"": ""CEHM"", ""schema"": ""psfce-v4-matlab-adapter-v1""}",v1
CoraFull,0,GRAPH_GEOMETRY_8,,formal,,RANGE,"{""alpha"": 0.8, ""anchor_offset"": 0, ""fuzzy_threshold"": 0.8, ""kmeans_replicates"": 3, ""lambda"": 0.1}",ok,19793,70,20,0.2965189713535088,0.47262280561834158,0.19308634478029979,0.24374999294415689,64.101066100003663,,,,,,,,,,,,,,,,matlab,https://github.com/middle258/RANGE.git,85d93c54d72d500034d05b5ef131bd90630a3632,2026-09-14,NOASSERTION,03e1be76bc4ac2a413427a39622f831e57cb7c62a49b14e706adea9a382b2f54,768290a1f1c2f63f8babf657f4e5e2b4da610a7bbda77136d410d91af83ab12a,False,results\cache\official_baselines\RANGE\CoraFull__pool0__68f7d49c4c2d8ecf702e9b9b1d8889b556cf917087565a29d98b893f9067cfb6.npz,"{""details"": {""alpha"": 0.8, ""anchor_offset"": 0, ""entrypoint"": ""HFES+solve_RANGE"", ""fuzzy_threshold"": 0.8, ""input"": ""frozen_base_parts"", ""kmeans_replicates"": 3, ""lambda"": 0.1}, ""method"": ""RANGE"", ""schema"": ""psfce-v4-matlab-adapter-v1""}",v1
CoraFull,0,GRAPH_GEOMETRY_8,,formal,,YACHT,"{""alpha"": 0.99, ""anchor_offset"": 2, ""kmeans_replicates"": 3, ""theta"": 0.4, ""walk_order"": 20}",ok,19793,70,20,0.30763401202445301,0.47767266237095263,0.20030341954329201,0.25781616499078652,74.715247900006943,,,,,,,,,,,,,,,,matlab,https://github.com/scu-kdde/YACHT.git,44cb0fc35b80ec17befa199879ac947fee15f464,2026-09-14,NOASSERTION,03e1be76bc4ac2a413427a39622f831e57cb7c62a49b14e706adea9a382b2f54,62deb2b66b54ab18491847bd2cca81e375344bea0ab840d0da429a98100a165b,False,results\cache\official_baselines\YACHT\CoraFull__pool0__62e1d1d753f598d0fc3e52ecb2bb197fc7cd7c6d9118e4bdca8788aa7fe25fcb.npz,"{""details"": {""alpha"": 0.99, ""anchor_offset"": 2, ""compatibility_patch"": ""paper walk order is parameterized; repository helper hard-codes 10"", ""entrypoint"": ""solve_YACHT"", ""input"": ""frozen_base_parts"", ""kmeans_replicates"": 3, ""theta"": 0.4, ""walk_order"": 20}, ""method"": ""YACHT"", ""schema"": ""psfce-v4-matlab-adapter-v1""}",v1
CoraFull,1,GRAPH_GEOMETRY_8,,formal,,CEHM,{},ok,19793,70,20,0.33400697216187542,0.48453576420561362,0.2196561708264555,0.2120161389145192,58.812551600000006,,,,,,,,,,,,,,,,matlab,https://github.com/FeijiangLi/Code-k-HyperEdge-Medoids-for-Clustering-Ensemble-AAAI.git,29c22fb18e05eed67728eebcb29cd7e9133723f7,2026-09-14,NOASSERTION,91a9b625e7275d3a916782d2ba275cb81e64ef6bf1bd73cc19cc749c4cba02f4,44136fa355b3678a1146ad16f7e8649e94fb4fc21fe77e8310c060f61caaff8a,False,results\cache\official_baselines\CEHM\CoraFull__pool1__346429bd790d37a9ac19bce6329967f36cc51cadbe9b38edbf07ae260e658ad5.npz,"{""details"": {""entrypoint"": ""CEHM"", ""input"": ""frozen_base_parts"", ""variant"": ""published""}, ""method"": ""CEHM"", ""schema"": ""psfce-v4-matlab-adapter-v1""}",v1
CoraFull,1,GRAPH_GEOMETRY_8,,formal,,RANGE,"{""alpha"": 0.8, ""anchor_offset"": 0, ""fuzzy_threshold"": 0.8, ""kmeans_replicates"": 3, ""lambda"": 0.1}",ok,19793,70,20,0.30581518718738948,0.46976193143579559,0.19688569667700431,0.2421540338058269,66.787386199997854,,,,,,,,,,,,,,,,matlab,https://github.com/middle258/RANGE.git,85d93c54d72d500034d05b5ef131bd90630a3632,2026-09-14,NOASSERTION,91a9b625e7275d3a916782d2ba275cb81e64ef6bf1bd73cc19cc749c4cba02f4,768290a1f1c2f63f8babf657f4e5e2b4da610a7bbda77136d410d91af83ab12a,False,results\cache\official_baselines\RANGE\CoraFull__pool1__bbc3fb02b734670583ba9bde8b1811598a0a7dd8fb87fb0d5b28d35b65ca4cbe.npz,"{""details"": {""alpha"": 0.8, ""anchor_offset"": 0, ""entrypoint"": ""HFES+solve_RANGE"", ""fuzzy_threshold"": 0.8, ""input"": ""frozen_base_parts"", ""kmeans_replicates"": 3, ""lambda"": 0.1}, ""method"": ""RANGE"", ""schema"": ""psfce-v4-matlab-adapter-v1""}",v1
CoraFull,1,GRAPH_GEOMETRY_8,,formal,,YACHT,"{""alpha"": 0.99, ""anchor_offset"": 2, ""kmeans_replicates"": 3, ""theta"": 0.4, ""walk_order"": 20}",ok,19793,70,20,0.3149093113727075,0.46652017156098069,0.2001981804108533,0.26107395046039011,77.755208200003835,,,,,,,,,,,,,,,,matlab,https://github.com/scu-kdde/YACHT.git,44cb0fc35b80ec17befa199879ac947fee15f464,2026-09-14,NOASSERTION,91a9b625e7275d3a916782d2ba275cb81e64ef6bf1bd73cc19cc749c4cba02f4,62deb2b66b54ab18491847bd2cca81e375344bea0ab840d0da429a98100a165b,False,results\cache\official_baselines\YACHT\CoraFull__pool1__8a849f2108a9baa181cff158d08d87928740a8e31abfb177ae3efbfffbc0f69d.npz,"{""details"": {""alpha"": 0.99, ""anchor_offset"": 2, ""compatibility_patch"": ""paper walk order is parameterized; repository helper hard-codes 10"", ""entrypoint"": ""solve_YACHT"", ""input"": ""frozen_base_parts"", ""kmeans_replicates"": 3, ""theta"": 0.4, ""walk_order"": 20}, ""method"": ""YACHT"", ""schema"": ""psfce-v4-matlab-adapter-v1""}",v1
CoraFull,2,GRAPH_GEOMETRY_8,,formal,,CEHM,{},ok,19793,70,20,0.3305714141363108,0.4858253579854751,0.2177553966812045,0.20782411331524489,52.015403900004458,,,,,,,,,,,,,,,,matlab,https://github.com/FeijiangLi/Code-k-HyperEdge-Medoids-for-Clustering-Ensemble-AAAI.git,29c22fb18e05eed67728eebcb29cd7e9133723f7,2026-09-14,NOASSERTION,93f7eb385ba849599d9df4b00a75b7520c7db41b9234d56263a1831dce1be5b7,44136fa355b3678a1146ad16f7e8649e94fb4fc21fe77e8310c060f61caaff8a,False,results\cache\official_baselines\CEHM\CoraFull__pool2__043ae871185b10cae7cf7abb8fed799449a8f0f8dc18ef9a6514000e49615f94.npz,"{""details"": {""entrypoint"": ""CEHM"", ""input"": ""frozen_base_parts"", ""variant"": ""published""}, ""method"": ""CEHM"", ""schema"": ""psfce-v4-matlab-adapter-v1""}",v1
CoraFull,2,GRAPH_GEOMETRY_8,,formal,,RANGE,"{""alpha"": 0.8, ""anchor_offset"": 0, ""fuzzy_threshold"": 0.8, ""kmeans_replicates"": 3, ""lambda"": 0.1}",ok,19793,70,20,0.29338655080078818,0.46431626598946318,0.18335318091051089,0.24544526964640359,66.087873099997523,,,,,,,,,,,,,,,,matlab,https://github.com/middle258/RANGE.git,85d93c54d72d500034d05b5ef131bd90630a3632,2026-09-14,NOASSERTION,93f7eb385ba849599d9df4b00a75b7520c7db41b9234d56263a1831dce1be5b7,768290a1f1c2f63f8babf657f4e5e2b4da610a7bbda77136d410d91af83ab12a,False,results\cache\official_baselines\RANGE\CoraFull__pool2__c8d7a9eba5f6d448b562730c4eedee04c5ff4ab07c5f13e91318cad13da5f3e4.npz,"{""details"": {""alpha"": 0.8, ""anchor_offset"": 0, ""entrypoint"": ""HFES+solve_RANGE"", ""fuzzy_threshold"": 0.8, ""input"": ""frozen_base_parts"", ""kmeans_replicates"": 3, ""lambda"": 0.1}, ""method"": ""RANGE"", ""schema"": ""psfce-v4-matlab-adapter-v1""}",v1
CoraFull,2,GRAPH_GEOMETRY_8,,formal,,YACHT,"{""alpha"": 0.99, ""anchor_offset"": 2, ""kmeans_replicates"": 3, ""theta"": 0.4, ""walk_order"": 20}",ok,19793,70,20,0.32198251907239928,0.47071517053590511,0.206913179493602,0.27054859261086761,78.501239300007001,,,,,,,,,,,,,,,,matlab,https://github.com/scu-kdde/YACHT.git,44cb0fc35b80ec17befa199879ac947fee15f464,2026-09-14,NOASSERTION,93f7eb385ba849599d9df4b00a75b7520c7db41b9234d56263a1831dce1be5b7,62deb2b66b54ab18491847bd2cca81e375344bea0ab840d0da429a98100a165b,False,results\cache\official_baselines\YACHT\CoraFull__pool2__b623218409a0b7c993e9dc4f4481462b46ab2c7418eb84d02c4d76586c8628eb.npz,"{""details"": {""alpha"": 0.99, ""anchor_offset"": 2, ""compatibility_patch"": ""paper walk order is parameterized; repository helper hard-codes 10"", ""entrypoint"": ""solve_YACHT"", ""input"": ""frozen_base_parts"", ""kmeans_replicates"": 3, ""theta"": 0.4, ""walk_order"": 20}, ""method"": ""YACHT"", ""schema"": ""psfce-v4-matlab-adapter-v1""}",v1
DBLP,0,MULTI_RELATION_7,,formal,,CEHM,{},ok,4057,4,20,0.29504560019719001,0,0,0.1139132089836315,16.525495499998215,,,,,,,,,,,,,,,,matlab,https://github.com/FeijiangLi/Code-k-HyperEdge-Medoids-for-Clustering-Ensemble-AAAI.git,29c22fb18e05eed67728eebcb29cd7e9133723f7,2026-09-14,NOASSERTION,960b8b211bb361d665957f8462fbcf69e2c09e520e9a234522f54b3393a52eab,44136fa355b3678a1146ad16f7e8649e94fb4fc21fe77e8310c060f61caaff8a,False,results\cache\official_baselines\CEHM\DBLP__pool0__2706f81f93f43b122b17da401b0472812178ce4efb08fb38118eeb6b38fcb769.npz,"{""details"": {""entrypoint"": ""CEHM"", ""input"": ""frozen_base_parts"", ""variant"": ""published""}, ""method"": ""CEHM"", ""schema"": ""psfce-v4-matlab-adapter-v1""}",v1
DBLP,0,MULTI_RELATION_7,,formal,,RANGE,"{""alpha"": 0.8, ""anchor_offset"": 0, ""fuzzy_threshold"": 0.8, ""kmeans_replicates"": 3, ""lambda"": 0.1}",ok,4057,4,20,0.84569879221099331,0.59676764161994988,0.64572163006144745,0.84020326602163742,13.751367899996694,,,,,,,,,,,,,,,,matlab,https://github.com/middle258/RANGE.git,85d93c54d72d500034d05b5ef131bd90630a3632,2026-09-14,NOASSERTION,960b8b211bb361d665957f8462fbcf69e2c09e520e9a234522f54b3393a52eab,768290a1f1c2f63f8babf657f4e5e2b4da610a7bbda77136d410d91af83ab12a,False,results\cache\official_baselines\RANGE\DBLP__pool0__bd63327f71382f073fa88432f09ed544618f6b0efd80b0e29209c757817d6f6e.npz,"{""details"": {""alpha"": 0.8, ""anchor_offset"": 0, ""entrypoint"": ""HFES+solve_RANGE"", ""fuzzy_threshold"": 0.8, ""input"": ""frozen_base_parts"", ""kmeans_replicates"": 3, ""lambda"": 0.1}, ""method"": ""RANGE"", ""schema"": ""psfce-v4-matlab-adapter-v1""}",v1
DBLP,0,MULTI_RELATION_7,,formal,,YACHT,"{""alpha"": 0.99, ""anchor_offset"": 2, ""kmeans_replicates"": 3, ""theta"": 0.4, ""walk_order"": 20}",ok,4057,4,20,0.43751540547202361,0.178971400201072,0.14916742007941669,0.42118330996615833,14.404624299990246,,,,,,,,,,,,,,,,matlab,https://github.com/scu-kdde/YACHT.git,44cb0fc35b80ec17befa199879ac947fee15f464,2026-09-14,NOASSERTION,960b8b211bb361d665957f8462fbcf69e2c09e520e9a234522f54b3393a52eab,62deb2b66b54ab18491847bd2cca81e375344bea0ab840d0da429a98100a165b,False,results\cache\official_baselines\YACHT\DBLP__pool0__0123b70dc83cc9067581826fcc323c4471915eee8f230a17df727da34c37a395.npz,"{""details"": {""alpha"": 0.99, ""anchor_offset"": 2, ""compatibility_patch"": ""paper walk order is parameterized; repository helper hard-codes 10"", ""entrypoint"": ""solve_YACHT"", ""input"": ""frozen_base_parts"", ""kmeans_replicates"": 3, ""theta"": 0.4, ""walk_order"": 20}, ""method"": ""YACHT"", ""schema"": ""psfce-v4-matlab-adapter-v1""}",v1
DBLP,1,MULTI_RELATION_7,,formal,,CEHM,{},ok,4057,4,20,0.29504560019719001,0,0,0.1139132089836315,13.569914000006976,,,,,,,,,,,,,,,,matlab,https://github.com/FeijiangLi/Code-k-HyperEdge-Medoids-for-Clustering-Ensemble-AAAI.git,29c22fb18e05eed67728eebcb29cd7e9133723f7,2026-09-14,NOASSERTION,7a060e9c94280370cc66e2e5565d7c6cad169b5439c41c88bbbde553d5be09b3,44136fa355b3678a1146ad16f7e8649e94fb4fc21fe77e8310c060f61caaff8a,False,results\cache\official_baselines\CEHM\DBLP__pool1__1717d35da43a929f40ca2960d17853cec991445b8740d850eabbbe2c84683ee1.npz,"{""details"": {""entrypoint"": ""CEHM"", ""input"": ""frozen_base_parts"", ""variant"": ""published""}, ""method"": ""CEHM"", ""schema"": ""psfce-v4-matlab-adapter-v1""}",v1
DBLP,1,MULTI_RELATION_7,,formal,,RANGE,"{""alpha"": 0.8, ""anchor_offset"": 0, ""fuzzy_threshold"": 0.8, ""kmeans_replicates"": 3, ""lambda"": 0.1}",ok,4057,4,20,0.819078136554104,0.56292800155266653,0.60106735233588371,0.8123106248259262,13.628484300003038,,,,,,,,,,,,,,,,matlab,https://github.com/middle258/RANGE.git,85d93c54d72d500034d05b5ef131bd90630a3632,2026-09-14,NOASSERTION,7a060e9c94280370cc66e2e5565d7c6cad169b5439c41c88bbbde553d5be09b3,768290a1f1c2f63f8babf657f4e5e2b4da610a7bbda77136d410d91af83ab12a,False,results\cache\official_baselines\RANGE\DBLP__pool1__c5a910d558dce286674bc0f569f0579f69a40a41d08b7e46461b92252ea06928.npz,"{""details"": {""alpha"": 0.8, ""anchor_offset"": 0, ""entrypoint"": ""HFES+solve_RANGE"", ""fuzzy_threshold"": 0.8, ""input"": ""frozen_base_parts"", ""kmeans_replicates"": 3, ""lambda"": 0.1}, ""method"": ""RANGE"", ""schema"": ""psfce-v4-matlab-adapter-v1""}",v1
DBLP,1,MULTI_RELATION_7,,formal,,YACHT,"{""alpha"": 0.99, ""anchor_offset"": 2, ""kmeans_replicates"": 3, ""theta"": 0.4, ""walk_order"": 20}",ok,4057,4,20,0.60882425437515408,0.34266352320003168,0.33304771923996768,0.59981178367707932,14.35176710000087,,,,,,,,,,,,,,,,matlab,https://github.com/scu-kdde/YACHT.git,44cb0fc35b80ec17befa199879ac947fee15f464,2026-09-14,NOASSERTION,7a060e9c94280370cc66e2e5565d7c6cad169b5439c41c88bbbde553d5be09b3,62deb2b66b54ab18491847bd2cca81e375344bea0ab840d0da429a98100a165b,False,results\cache\official_baselines\YACHT\DBLP__pool1__d251126bf96bad7a5d08c66e85a36111a5b4f5a86ec147d85775c48324ef3904.npz,"{""details"": {""alpha"": 0.99, ""anchor_offset"": 2, ""compatibility_patch"": ""paper walk order is parameterized; repository helper hard-codes 10"", ""entrypoint"": ""solve_YACHT"", ""input"": ""frozen_base_parts"", ""kmeans_replicates"": 3, ""theta"": 0.4, ""walk_order"": 20}, ""method"": ""YACHT"", ""schema"": ""psfce-v4-matlab-adapter-v1""}",v1
DBLP,2,MULTI_RELATION_7,,formal,,CEHM,{},ok,4057,4,20,0.29504560019719001,0,0,0.1139132089836315,12.573874499998055,,,,,,,,,,,,,,,,matlab,https://github.com/FeijiangLi/Code-k-HyperEdge-Medoids-for-Clustering-Ensemble-AAAI.git,29c22fb18e05eed67728eebcb29cd7e9133723f7,2026-09-14,NOASSERTION,e7f463cc0337b060346f006e1604bda79d7b2d8c6b4df05fdea5528b141e6fea,44136fa355b3678a1146ad16f7e8649e94fb4fc21fe77e8310c060f61caaff8a,False,results\cache\official_baselines\CEHM\DBLP__pool2__fce47e0cf98a584ba83f438ef41ded4e42f365544b323a37a9a8d67a7a447bf5.npz,"{""details"": {""entrypoint"": ""CEHM"", ""input"": ""frozen_base_parts"", ""variant"": ""published""}, ""method"": ""CEHM"", ""schema"": ""psfce-v4-matlab-adapter-v1""}",v1
DBLP,2,MULTI_RELATION_7,,formal,,RANGE,"{""alpha"": 0.8, ""anchor_offset"": 0, ""fuzzy_threshold"": 0.8, ""kmeans_replicates"": 3, ""lambda"": 0.1}",ok,4057,4,20,0.80478185851614492,0.54670932698980179,0.5810036368603273,0.79606256399348807,13.807238599998527,,,,,,,,,,,,,,,,matlab,https://github.com/middle258/RANGE.git,85d93c54d72d500034d05b5ef131bd90630a3632,2026-09-14,NOASSERTION,e7f463cc0337b060346f006e1604bda79d7b2d8c6b4df05fdea5528b141e6fea,768290a1f1c2f63f8babf657f4e5e2b4da610a7bbda77136d410d91af83ab12a,False,results\cache\official_baselines\RANGE\DBLP__pool2__5afd29fa91d016712b964b4494bcdd59035afbc708eb9dd2f0f01494da38c438.npz,"{""details"": {""alpha"": 0.8, ""anchor_offset"": 0, ""entrypoint"": ""HFES+solve_RANGE"", ""fuzzy_threshold"": 0.8, ""input"": ""frozen_base_parts"", ""kmeans_replicates"": 3, ""lambda"": 0.1}, ""method"": ""RANGE"", ""schema"": ""psfce-v4-matlab-adapter-v1""}",v1
DBLP,2,MULTI_RELATION_7,,formal,,YACHT,"{""alpha"": 0.99, ""anchor_offset"": 2, ""kmeans_replicates"": 3, ""theta"": 0.4, ""walk_order"": 20}",ok,4057,4,20,0.4318461917673157,0.16109180403331519,0.1366203158449949,0.42644992489508171,14.329794600009336,,,,,,,,,,,,,,,,matlab,https://github.com/scu-kdde/YACHT.git,44cb0fc35b80ec17befa199879ac947fee15f464,2026-09-14,NOASSERTION,e7f463cc0337b060346f006e1604bda79d7b2d8c6b4df05fdea5528b141e6fea,62deb2b66b54ab18491847bd2cca81e375344bea0ab840d0da429a98100a165b,False,results\cache\official_baselines\YACHT\DBLP__pool2__21802721d43a720883486a661353008ad892e59c05b4b249f97f6b193b756642.npz,"{""details"": {""alpha"": 0.99, ""anchor_offset"": 2, ""compatibility_patch"": ""paper walk order is parameterized; repository helper hard-codes 10"", ""entrypoint"": ""solve_YACHT"", ""input"": ""frozen_base_parts"", ""kmeans_replicates"": 3, ""theta"": 0.4, ""walk_order"": 20}, ""method"": ""YACHT"", ""schema"": ""psfce-v4-matlab-adapter-v1""}",v1
Extended Yale-B,0,NEW10,,formal,,CEHM,{},ok,2414,38,20,0.092377796188898006,0.1170892967654364,0.0133208928556851,0.092389439241570795,15.017439999995986,,,,,,,,,,,,,,,,matlab,https://github.com/FeijiangLi/Code-k-HyperEdge-Medoids-for-Clustering-Ensemble-AAAI.git,29c22fb18e05eed67728eebcb29cd7e9133723f7,2026-09-14,NOASSERTION,a1de59baa9b4d096af3be17bf729a428656a838ab8dbe84806050cb88fb72d41,44136fa355b3678a1146ad16f7e8649e94fb4fc21fe77e8310c060f61caaff8a,False,results\cache\official_baselines\CEHM\Extended_Yale-B__pool0__6d8a9aca843c5410ecc333cb5b1bea0834ba89620bac9cd235c8b74fb4d722c1.npz,"{""details"": {""entrypoint"": ""CEHM"", ""input"": ""frozen_base_parts"", ""variant"": ""published""}, ""method"": ""CEHM"", ""schema"": ""psfce-v4-matlab-adapter-v1""}",v1
Extended Yale-B,0,NEW10,,formal,,RANGE,"{""alpha"": 0.8, ""anchor_offset"": 0, ""fuzzy_threshold"": 0.8, ""kmeans_replicates"": 3, ""lambda"": 0.1}",ok,2414,38,20,0.094034797017398503,0.127305451474862,0.016612028598901801,0.098167499673862096,15.740270299997064,,,,,,,,,,,,,,,,matlab,https://github.com/middle258/RANGE.git,85d93c54d72d500034d05b5ef131bd90630a3632,2026-09-14,NOASSERTION,a1de59baa9b4d096af3be17bf729a428656a838ab8dbe84806050cb88fb72d41,768290a1f1c2f63f8babf657f4e5e2b4da610a7bbda77136d410d91af83ab12a,False,results\cache\official_baselines\RANGE\Extended_Yale-B__pool0__b8e3d6da4b8bbe05e487cadc4987bdd84cd7a0e89681f0097c9553db4d7009d7.npz,"{""details"": {""alpha"": 0.8, ""anchor_offset"": 0, ""entrypoint"": ""HFES+solve_RANGE"", ""fuzzy_threshold"": 0.8, ""input"": ""frozen_base_parts"", ""kmeans_replicates"": 3, ""lambda"": 0.1}, ""method"": ""RANGE"", ""schema"": ""psfce-v4-matlab-adapter-v1""}",v1
Extended Yale-B,0,NEW10,,formal,,YACHT,"{""alpha"": 0.99, ""anchor_offset"": 2, ""kmeans_replicates"": 3, ""theta"": 0.4, ""walk_order"": 20}",ok,2414,38,20,0.096520298260149101,0.12637444133672629,0.0144142874208307,0.096302437465512203,15.761837300000479,,,,,,,,,,,,,,,,matlab,https://github.com/scu-kdde/YACHT.git,44cb0fc35b80ec17befa199879ac947fee15f464,2026-09-14,NOASSERTION,a1de59baa9b4d096af3be17bf729a428656a838ab8dbe84806050cb88fb72d41,62deb2b66b54ab18491847bd2cca81e375344bea0ab840d0da429a98100a165b,False,results\cache\official_baselines\YACHT\Extended_Yale-B__pool0__0e9202ef7fdcebdb003b54e05ab5840b384d37aba1f29ff0ed7a26dc62dde184.npz,"{""details"": {""alpha"": 0.99, ""anchor_offset"": 2, ""compatibility_patch"": ""paper walk order is parameterized; repository helper hard-codes 10"", ""entrypoint"": ""solve_YACHT"", ""input"": ""frozen_base_parts"", ""kmeans_replicates"": 3, ""theta"": 0.4, ""walk_order"": 20}, ""method"": ""YACHT"", ""schema"": ""psfce-v4-matlab-adapter-v1""}",v1
Extended Yale-B,1,NEW10,,formal,,CEHM,{},ok,2414,38,20,0.093620546810273403,0.11124811305706871,0.0118397284573059,0.094880279910245405,14.822005099995296,,,,,,,,,,,,,,,,matlab,https://github.com/FeijiangLi/Code-k-HyperEdge-Medoids-for-Clustering-Ensemble-AAAI.git,29c22fb18e05eed67728eebcb29cd7e9133723f7,2026-09-14,NOASSERTION,0ea3efae99ce2e9062c0856a27a10fb911890fea40c30c9e7c6e36dff03981fc,44136fa355b3678a1146ad16f7e8649e94fb4fc21fe77e8310c060f61caaff8a,False,results\cache\official_baselines\CEHM\Extended_Yale-B__pool1__782b61e8bee972509721b6a6504718361b1c413419ea2fce5fdb6737fcd174fa.npz,"{""details"": {""entrypoint"": ""CEHM"", ""input"": ""frozen_base_parts"", ""variant"": ""published""}, ""method"": ""CEHM"", ""schema"": ""psfce-v4-matlab-adapter-v1""}",v1
Extended Yale-B,1,NEW10,,formal,,RANGE,"{""alpha"": 0.8, ""anchor_offset"": 0, ""fuzzy_threshold"": 0.8, ""kmeans_replicates"": 3, ""lambda"": 0.1}",ok,2414,38,20,0.091963545981772907,0.1240035005226291,0.0139432755311211,0.094376335783523904,16.981743299998925,,,,,,,,,,,,,,,,matlab,https://github.com/middle258/RANGE.git,85d93c54d72d500034d05b5ef131bd90630a3632,2026-09-14,NOASSERTION,0ea3efae99ce2e9062c0856a27a10fb911890fea40c30c9e7c6e36dff03981fc,768290a1f1c2f63f8babf657f4e5e2b4da610a7bbda77136d410d91af83ab12a,False,results\cache\official_baselines\RANGE\Extended_Yale-B__pool1__e536b90b9985345ce8c37400f80701df3f2471c3f6725acaffa37299040ec64a.npz,"{""details"": {""alpha"": 0.8, ""anchor_offset"": 0, ""entrypoint"": ""HFES+solve_RANGE"", ""fuzzy_threshold"": 0.8, ""input"": ""frozen_base_parts"", ""kmeans_replicates"": 3, ""lambda"": 0.1}, ""method"": ""RANGE"", ""schema"": ""psfce-v4-matlab-adapter-v1""}",v1
Extended Yale-B,1,NEW10,,formal,,YACHT,"{""alpha"": 0.99, ""anchor_offset"": 2, ""kmeans_replicates"": 3, ""theta"": 0.4, ""walk_order"": 20}",ok,2414,38,20,0.096934548467274201,0.1291923718929783,0.014137869376789699,0.1002123805599081,16.25315029999183,,,,,,,,,,,,,,,,matlab,https://github.com/scu-kdde/YACHT.git,44cb0fc35b80ec17befa199879ac947fee15f464,2026-09-14,NOASSERTION,0ea3efae99ce2e9062c0856a27a10fb911890fea40c30c9e7c6e36dff03981fc,62deb2b66b54ab18491847bd2cca81e375344bea0ab840d0da429a98100a165b,False,results\cache\official_baselines\YACHT\Extended_Yale-B__pool1__83d11140957fa453b0c100cf2d000acca85c55d94dce68f87388d83baa9f6508.npz,"{""details"": {""alpha"": 0.99, ""anchor_offset"": 2, ""compatibility_patch"": ""paper walk order is parameterized; repository helper hard-codes 10"", ""entrypoint"": ""solve_YACHT"", ""input"": ""frozen_base_parts"", ""kmeans_replicates"": 3, ""theta"": 0.4, ""walk_order"": 20}, ""method"": ""YACHT"", ""schema"": ""psfce-v4-matlab-adapter-v1""}",v1
Extended Yale-B,2,NEW10,,formal,,CEHM,{},ok,2414,38,20,0.095277547638773802,0.11876031349028709,0.014719266641587301,0.097369308848439501,14.259283299994422,,,,,,,,,,,,,,,,matlab,https://github.com/FeijiangLi/Code-k-HyperEdge-Medoids-for-Clustering-Ensemble-AAAI.git,29c22fb18e05eed67728eebcb29cd7e9133723f7,2026-09-14,NOASSERTION,1653d1bb3c3cea74119745db5b8383b0033451dabfd4aead1074c94fd4503c5b,44136fa355b3678a1146ad16f7e8649e94fb4fc21fe77e8310c060f61caaff8a,False,results\cache\official_baselines\CEHM\Extended_Yale-B__pool2__986575ad385a71786d49161e5cfb31661a98a637af09508e72fb31b6293a70f5.npz,"{""details"": {""entrypoint"": ""CEHM"", ""input"": ""frozen_base_parts"", ""variant"": ""published""}, ""method"": ""CEHM"", ""schema"": ""psfce-v4-matlab-adapter-v1""}",v1
Extended Yale-B,2,NEW10,,formal,,RANGE,"{""alpha"": 0.8, ""anchor_offset"": 0, ""fuzzy_threshold"": 0.8, ""kmeans_replicates"": 3, ""lambda"": 0.1}",ok,2414,38,20,0.091135045567522693,0.1174988270719145,0.012295157126018001,0.093331580589845101,16.732074300001841,,,,,,,,,,,,,,,,matlab,https://github.com/middle258/RANGE.git,85d93c54d72d500034d05b5ef131bd90630a3632,2026-09-14,NOASSERTION,1653d1bb3c3cea74119745db5b8383b0033451dabfd4aead1074c94fd4503c5b,768290a1f1c2f63f8babf657f4e5e2b4da610a7bbda77136d410d91af83ab12a,False,results\cache\official_baselines\RANGE\Extended_Yale-B__pool2__19aa70ad1969923c097718df8d5c07c3ea219f43617595eaea87c402f0b617d3.npz,"{""details"": {""alpha"": 0.8, ""anchor_offset"": 0, ""entrypoint"": ""HFES+solve_RANGE"", ""fuzzy_threshold"": 0.8, ""input"": ""frozen_base_parts"", ""kmeans_replicates"": 3, ""lambda"": 0.1}, ""method"": ""RANGE"", ""schema"": ""psfce-v4-matlab-adapter-v1""}",v1
Extended Yale-B,2,NEW10,,formal,,YACHT,"{""alpha"": 0.99, ""anchor_offset"": 2, ""kmeans_replicates"": 3, ""theta"": 0.4, ""walk_order"": 20}",ok,2414,38,20,0.10687655343827671,0.1320045902238699,0.017114214071152701,0.1121004657078699,16.156726599991089,,,,,,,,,,,,,,,,matlab,https://github.com/scu-kdde/YACHT.git,44cb0fc35b80ec17befa199879ac947fee15f464,2026-09-14,NOASSERTION,1653d1bb3c3cea74119745db5b8383b0033451dabfd4aead1074c94fd4503c5b,62deb2b66b54ab18491847bd2cca81e375344bea0ab840d0da429a98100a165b,False,results\cache\official_baselines\YACHT\Extended_Yale-B__pool2__16cdaac52530f535de9e0789f8d80475c78e9304aff7125cc21066d886054b47.npz,"{""details"": {""alpha"": 0.99, ""anchor_offset"": 2, ""compatibility_patch"": ""paper walk order is parameterized; repository helper hard-codes 10"", ""entrypoint"": ""solve_YACHT"", ""input"": ""frozen_base_parts"", ""kmeans_replicates"": 3, ""theta"": 0.4, ""walk_order"": 20}, ""method"": ""YACHT"", ""schema"": ""psfce-v4-matlab-adapter-v1""}",v1
Handwritten,0,TEXT_MV,,formal,,CEHM,{},ok,2000,10,20,0.95099999999999996,0.90490435583195117,0.89501040844690749,0.95118463864603819,13.735114800001613,,,,,,,,,,,,,,,,matlab,https://github.com/FeijiangLi/Code-k-HyperEdge-Medoids-for-Clustering-Ensemble-AAAI.git,29c22fb18e05eed67728eebcb29cd7e9133723f7,2026-09-14,NOASSERTION,8efc53ff490961cd092467e88a7f56f798b07f7c71356a1ddca3ce0894601ae8,44136fa355b3678a1146ad16f7e8649e94fb4fc21fe77e8310c060f61caaff8a,False,results\cache\official_baselines\CEHM\Handwritten__pool0__caa6f2af546ffe0ebddd6200daf03307826ff5353481594ed96e03d953f5b84e.npz,"{""details"": {""entrypoint"": ""CEHM"", ""input"": ""frozen_base_parts"", ""variant"": ""published""}, ""method"": ""CEHM"", ""schema"": ""psfce-v4-matlab-adapter-v1""}",v1
Handwritten,0,TEXT_MV,,formal,,RANGE,"{""alpha"": 0.8, ""anchor_offset"": 0, ""fuzzy_threshold"": 0.8, ""kmeans_replicates"": 3, ""lambda"": 0.1}",ok,2000,10,20,0.94450000000000001,0.89428201514705796,0.8801871509447845,0.94512779533588198,13.588760700004061,,,,,,,,,,,,,,,,matlab,https://github.com/middle258/RANGE.git,85d93c54d72d500034d05b5ef131bd90630a3632,2026-09-14,NOASSERTION,8efc53ff490961cd092467e88a7f56f798b07f7c71356a1ddca3ce0894601ae8,768290a1f1c2f63f8babf657f4e5e2b4da610a7bbda77136d410d91af83ab12a,False,results\cache\official_baselines\RANGE\Handwritten__pool0__da01ade99d0b4a325737b1353e3063d5105d14e7aea25a7bbd08c47190849308.npz,"{""details"": {""alpha"": 0.8, ""anchor_offset"": 0, ""entrypoint"": ""HFES+solve_RANGE"", ""fuzzy_threshold"": 0.8, ""input"": ""frozen_base_parts"", ""kmeans_replicates"": 3, ""lambda"": 0.1}, ""method"": ""RANGE"", ""schema"": ""psfce-v4-matlab-adapter-v1""}",v1
Handwritten,0,TEXT_MV,,formal,,YACHT,"{""alpha"": 0.99, ""anchor_offset"": 2, ""kmeans_replicates"": 3, ""theta"": 0.4, ""walk_order"": 20}",ok,2000,10,20,0.9425,0.89229883091351769,0.87692858492940218,0.94306158881434721,13.544005000003381,,,,,,,,,,,,,,,,matlab,https://github.com/scu-kdde/YACHT.git,44cb0fc35b80ec17befa199879ac947fee15f464,2026-09-14,NOASSERTION,8efc53ff490961cd092467e88a7f56f798b07f7c71356a1ddca3ce0894601ae8,62deb2b66b54ab18491847bd2cca81e375344bea0ab840d0da429a98100a165b,False,results\cache\official_baselines\YACHT\Handwritten__pool0__74cd82b96e1524a04806a5aa476f2b86153735bd9c1975507c37a8136b11ba4c.npz,"{""details"": {""alpha"": 0.99, ""anchor_offset"": 2, ""compatibility_patch"": ""paper walk order is parameterized; repository helper hard-codes 10"", ""entrypoint"": ""solve_YACHT"", ""input"": ""frozen_base_parts"", ""kmeans_replicates"": 3, ""theta"": 0.4, ""walk_order"": 20}, ""method"": ""YACHT"", ""schema"": ""psfce-v4-matlab-adapter-v1""}",v1
Handwritten,1,TEXT_MV,,formal,,CEHM,{},ok,2000,10,20,0.94950000000000001,0.90539750423519916,0.89231390990585735,0.94979396498355995,12.59494409999752,,,,,,,,,,,,,,,,matlab,https://github.com/FeijiangLi/Code-k-HyperEdge-Medoids-for-Clustering-Ensemble-AAAI.git,29c22fb18e05eed67728eebcb29cd7e9133723f7,2026-09-14,NOASSERTION,a5aaefe4a1058492944092a7f78568b3ebebce02509c5b86114e28bcbd9a2ef2,44136fa355b3678a1146ad16f7e8649e94fb4fc21fe77e8310c060f61caaff8a,False,results\cache\official_baselines\CEHM\Handwritten__pool1__0c6bb796b512ceff6b331eea1ac157933156d3d445ca2f38baa5f82e1d3095c9.npz,"{""details"": {""entrypoint"": ""CEHM"", ""input"": ""frozen_base_parts"", ""variant"": ""published""}, ""method"": ""CEHM"", ""schema"": ""psfce-v4-matlab-adapter-v1""}",v1
Handwritten,1,TEXT_MV,,formal,,RANGE,"{""alpha"": 0.8, ""anchor_offset"": 0, ""fuzzy_threshold"": 0.8, ""kmeans_replicates"": 3, ""lambda"": 0.1}",ok,2000,10,20,0.94350000000000001,0.89502616230904575,0.88233485637550624,0.94385974001970019,13.459799699994621,,,,,,,,,,,,,,,,matlab,https://github.com/middle258/RANGE.git,85d93c54d72d500034d05b5ef131bd90630a3632,2026-09-14,NOASSERTION,a5aaefe4a1058492944092a7f78568b3ebebce02509c5b86114e28bcbd9a2ef2,768290a1f1c2f63f8babf657f4e5e2b4da610a7bbda77136d410d91af83ab12a,False,results\cache\official_baselines\RANGE\Handwritten__pool1__d333801386fbdc14c1dd4ad5c392c0b6775c5cbaac0ad6d5b04aa08c6ee6955c.npz,"{""details"": {""alpha"": 0.8, ""anchor_offset"": 0, ""entrypoint"": ""HFES+solve_RANGE"", ""fuzzy_threshold"": 0.8, ""input"": ""frozen_base_parts"", ""kmeans_replicates"": 3, ""lambda"": 0.1}, ""method"": ""RANGE"", ""schema"": ""psfce-v4-matlab-adapter-v1""}",v1
Handwritten,1,TEXT_MV,,formal,,YACHT,"{""alpha"": 0.99, ""anchor_offset"": 2, ""kmeans_replicates"": 3, ""theta"": 0.4, ""walk_order"": 20}",ok,2000,10,20,0.85650000000000004,0.83147315115696552,0.77076415482999761,0.86334474301001374,13.63063250000414,,,,,,,,,,,,,,,,matlab,https://github.com/scu-kdde/YACHT.git,44cb0fc35b80ec17befa199879ac947fee15f464,2026-09-14,NOASSERTION,a5aaefe4a1058492944092a7f78568b3ebebce02509c5b86114e28bcbd9a2ef2,62deb2b66b54ab18491847bd2cca81e375344bea0ab840d0da429a98100a165b,False,results\cache\official_baselines\YACHT\Handwritten__pool1__b04c10a868bde831d24bf24c7fc38d5e29edea5a8b4f1e8b6bca3ec883c07b99.npz,"{""details"": {""alpha"": 0.99, ""anchor_offset"": 2, ""compatibility_patch"": ""paper walk order is parameterized; repository helper hard-codes 10"", ""entrypoint"": ""solve_YACHT"", ""input"": ""frozen_base_parts"", ""kmeans_replicates"": 3, ""theta"": 0.4, ""walk_order"": 20}, ""method"": ""YACHT"", ""schema"": ""psfce-v4-matlab-adapter-v1""}",v1
Handwritten,2,TEXT_MV,,formal,,CEHM,{},ok,2000,10,20,0.94850000000000001,0.90103447470353759,0.89024487059698842,0.94876949818211798,12.504409900007886,,,,,,,,,,,,,,,,matlab,https://github.com/FeijiangLi/Code-k-HyperEdge-Medoids-for-Clustering-Ensemble-AAAI.git,29c22fb18e05eed67728eebcb29cd7e9133723f7,2026-09-14,NOASSERTION,fb73eaa98b749f5018c84a430fc5b2cb8d12c9c387f480ab63baf540c38664cf,44136fa355b3678a1146ad16f7e8649e94fb4fc21fe77e8310c060f61caaff8a,False,results\cache\official_baselines\CEHM\Handwritten__pool2__471ea5be0fa2ceca89c840d744ad355a002252b1f222d2b4b72a7d523edd7541.npz,"{""details"": {""entrypoint"": ""CEHM"", ""input"": ""frozen_base_parts"", ""variant"": ""published""}, ""method"": ""CEHM"", ""schema"": ""psfce-v4-matlab-adapter-v1""}",v1
Handwritten,2,TEXT_MV,,formal,,RANGE,"{""alpha"": 0.8, ""anchor_offset"": 0, ""fuzzy_threshold"": 0.8, ""kmeans_replicates"": 3, ""lambda"": 0.1}",ok,2000,10,20,0.85550000000000004,0.83920018026442744,0.77403376146393688,0.85892380062945117,13.649811900002533,,,,,,,,,,,,,,,,matlab,https://github.com/middle258/RANGE.git,85d93c54d72d500034d05b5ef131bd90630a3632,2026-09-14,NOASSERTION,fb73eaa98b749f5018c84a430fc5b2cb8d12c9c387f480ab63baf540c38664cf,768290a1f1c2f63f8babf657f4e5e2b4da610a7bbda77136d410d91af83ab12a,False,results\cache\official_baselines\RANGE\Handwritten__pool2__e17afc03c766e603733bd09082a2191258df69619a9b6b6744ec4dca6417a84a.npz,"{""details"": {""alpha"": 0.8, ""anchor_offset"": 0, ""entrypoint"": ""HFES+solve_RANGE"", ""fuzzy_threshold"": 0.8, ""input"": ""frozen_base_parts"", ""kmeans_replicates"": 3, ""lambda"": 0.1}, ""method"": ""RANGE"", ""schema"": ""psfce-v4-matlab-adapter-v1""}",v1
Handwritten,2,TEXT_MV,,formal,,YACHT,"{""alpha"": 0.99, ""anchor_offset"": 2, ""kmeans_replicates"": 3, ""theta"": 0.4, ""walk_order"": 20}",ok,2000,10,20,0.9425,0.89104548648969539,0.87816228482084302,0.94276171654670404,13.641380899993235,,,,,,,,,,,,,,,,matlab,https://github.com/scu-kdde/YACHT.git,44cb0fc35b80ec17befa199879ac947fee15f464,2026-09-14,NOASSERTION,fb73eaa98b749f5018c84a430fc5b2cb8d12c9c387f480ab63baf540c38664cf,62deb2b66b54ab18491847bd2cca81e375344bea0ab840d0da429a98100a165b,False,results\cache\official_baselines\YACHT\Handwritten__pool2__7442727e310f2a2fe1b5d210e6d13dbcd25acf298ca2b3da8b435990a512a28f.npz,"{""details"": {""alpha"": 0.99, ""anchor_offset"": 2, ""compatibility_patch"": ""paper walk order is parameterized; repository helper hard-codes 10"", ""entrypoint"": ""solve_YACHT"", ""input"": ""frozen_base_parts"", ""kmeans_replicates"": 3, ""theta"": 0.4, ""walk_order"": 20}, ""method"": ""YACHT"", ""schema"": ""psfce-v4-matlab-adapter-v1""}",v1
Human Kidney,0,BKCC_V2,,formal,,CEHM,{},ok,2100,11,20,0.35476190476190478,0.26606125600071368,0.081119048431905205,0.24452376202827791,13.25507519999519,,,,,,,,,,,,,,,,matlab,https://github.com/FeijiangLi/Code-k-HyperEdge-Medoids-for-Clustering-Ensemble-AAAI.git,29c22fb18e05eed67728eebcb29cd7e9133723f7,2026-09-14,NOASSERTION,e7d75f644c94aca34f5112bd9a64666628494536d36b1e64346ac035cd71362e,44136fa355b3678a1146ad16f7e8649e94fb4fc21fe77e8310c060f61caaff8a,False,results\cache\official_baselines\CEHM\Human_Kidney__pool0__03556f67ce353158432431754262c6d0f136d104e964b99de373160986e9d27a.npz,"{""details"": {""entrypoint"": ""CEHM"", ""input"": ""frozen_base_parts"", ""variant"": ""published""}, ""method"": ""CEHM"", ""schema"": ""psfce-v4-matlab-adapter-v1""}",v1
Human Kidney,0,BKCC_V2,,formal,,RANGE,"{""alpha"": 0.8, ""anchor_offset"": 0, ""fuzzy_threshold"": 0.8, ""kmeans_replicates"": 3, ""lambda"": 0.1}",ok,2100,11,20,0.39904761904761898,0.31852655802804603,0.15515718363263289,0.32939018776034967,14.160792199996649,,,,,,,,,,,,,,,,matlab,https://github.com/middle258/RANGE.git,85d93c54d72d500034d05b5ef131bd90630a3632,2026-09-14,NOASSERTION,e7d75f644c94aca34f5112bd9a64666628494536d36b1e64346ac035cd71362e,768290a1f1c2f63f8babf657f4e5e2b4da610a7bbda77136d410d91af83ab12a,False,results\cache\official_baselines\RANGE\Human_Kidney__pool0__12ef65b43c5bef224596e5c9188e22e7bec91804056b8a046d2d99313debbeea.npz,"{""details"": {""alpha"": 0.8, ""anchor_offset"": 0, ""entrypoint"": ""HFES+solve_RANGE"", ""fuzzy_threshold"": 0.8, ""input"": ""frozen_base_parts"", ""kmeans_replicates"": 3, ""lambda"": 0.1}, ""method"": ""RANGE"", ""schema"": ""psfce-v4-matlab-adapter-v1""}",v1
Human Kidney,0,BKCC_V2,,formal,,YACHT,"{""alpha"": 0.99, ""anchor_offset"": 2, ""kmeans_replicates"": 3, ""theta"": 0.4, ""walk_order"": 20}",ok,2100,11,20,0.35476190476190478,0.2637786082504337,0.1430187479838736,0.28393813144946861,14.526637400005711,,,,,,,,,,,,,,,,matlab,https://github.com/scu-kdde/YACHT.git,44cb0fc35b80ec17befa199879ac947fee15f464,2026-09-14,NOASSERTION,e7d75f644c94aca34f5112bd9a64666628494536d36b1e64346ac035cd71362e,62deb2b66b54ab18491847bd2cca81e375344bea0ab840d0da429a98100a165b,False,results\cache\official_baselines\YACHT\Human_Kidney__pool0__83854f1d4baf09abad6b0c90f07648e55ba3f470b8eba7c702fdf153a45e0412.npz,"{""details"": {""alpha"": 0.99, ""anchor_offset"": 2, ""compatibility_patch"": ""paper walk order is parameterized; repository helper hard-codes 10"", ""entrypoint"": ""solve_YACHT"", ""input"": ""frozen_base_parts"", ""kmeans_replicates"": 3, ""theta"": 0.4, ""walk_order"": 20}, ""method"": ""YACHT"", ""schema"": ""psfce-v4-matlab-adapter-v1""}",v1
Human Kidney,1,BKCC_V2,,formal,,CEHM,{},ok,2100,11,20,0.3571428571428571,0.266474769533593,0.095179295206743494,0.2486134492596693,12.715357900000528,,,,,,,,,,,,,,,,matlab,https://github.com/FeijiangLi/Code-k-HyperEdge-Medoids-for-Clustering-Ensemble-AAAI.git,29c22fb18e05eed67728eebcb29cd7e9133723f7,2026-09-14,NOASSERTION,cdcc30c9ed4dd75f3b1c5c26463414bacd28412ae65b9b1e2ff34cff4ecf77ee,44136fa355b3678a1146ad16f7e8649e94fb4fc21fe77e8310c060f61caaff8a,False,results\cache\official_baselines\CEHM\Human_Kidney__pool1__062e8d7843ef32dc46bbffaad3af8a03d908c781802b5c1243f7acc7821919dd.npz,"{""details"": {""entrypoint"": ""CEHM"", ""input"": ""frozen_base_parts"", ""variant"": ""published""}, ""method"": ""CEHM"", ""schema"": ""psfce-v4-matlab-adapter-v1""}",v1
Human Kidney,1,BKCC_V2,,formal,,RANGE,"{""alpha"": 0.8, ""anchor_offset"": 0, ""fuzzy_threshold"": 0.8, ""kmeans_replicates"": 3, ""lambda"": 0.1}",ok,2100,11,20,0.3880952380952381,0.31104386476578,0.1573451985645179,0.33740499912976563,14.074962800004869,,,,,,,,,,,,,,,,matlab,https://github.com/middle258/RANGE.git,85d93c54d72d500034d05b5ef131bd90630a3632,2026-09-14,NOASSERTION,cdcc30c9ed4dd75f3b1c5c26463414bacd28412ae65b9b1e2ff34cff4ecf77ee,768290a1f1c2f63f8babf657f4e5e2b4da610a7bbda77136d410d91af83ab12a,False,results\cache\official_baselines\RANGE\Human_Kidney__pool1__bd2f6edfcf8b22e73c159953621afbb3ed1f10ace2a5a10017825fa806795e53.npz,"{""details"": {""alpha"": 0.8, ""anchor_offset"": 0, ""entrypoint"": ""HFES+solve_RANGE"", ""fuzzy_threshold"": 0.8, ""input"": ""frozen_base_parts"", ""kmeans_replicates"": 3, ""lambda"": 0.1}, ""method"": ""RANGE"", ""schema"": ""psfce-v4-matlab-adapter-v1""}",v1
Human Kidney,1,BKCC_V2,,formal,,YACHT,"{""alpha"": 0.99, ""anchor_offset"": 2, ""kmeans_replicates"": 3, ""theta"": 0.4, ""walk_order"": 20}",ok,2100,11,20,0.41047619047619049,0.31226738848169938,0.1657506109666336,0.35955893939507738,14.40312719999929,,,,,,,,,,,,,,,,matlab,https://github.com/scu-kdde/YACHT.git,44cb0fc35b80ec17befa199879ac947fee15f464,2026-09-14,NOASSERTION,cdcc30c9ed4dd75f3b1c5c26463414bacd28412ae65b9b1e2ff34cff4ecf77ee,62deb2b66b54ab18491847bd2cca81e375344bea0ab840d0da429a98100a165b,False,results\cache\official_baselines\YACHT\Human_Kidney__pool1__0124bd0de99722b5bf6434d552f7de2d29eb37aac38fa9451f2fd86ab0ebc554.npz,"{""details"": {""alpha"": 0.99, ""anchor_offset"": 2, ""compatibility_patch"": ""paper walk order is parameterized; repository helper hard-codes 10"", ""entrypoint"": ""solve_YACHT"", ""input"": ""frozen_base_parts"", ""kmeans_replicates"": 3, ""theta"": 0.4, ""walk_order"": 20}, ""method"": ""YACHT"", ""schema"": ""psfce-v4-matlab-adapter-v1""}",v1
Human Kidney,2,BKCC_V2,,formal,,CEHM,{},ok,2100,11,20,0.35523809523809519,0.26118959185425722,0.096181062830033803,0.23864841396576189,13.614246600001934,,,,,,,,,,,,,,,,matlab,https://github.com/FeijiangLi/Code-k-HyperEdge-Medoids-for-Clustering-Ensemble-AAAI.git,29c22fb18e05eed67728eebcb29cd7e9133723f7,2026-09-14,NOASSERTION,fdffbc6286ddc19ab48ba186db79c8a220cf7aca7a7aecc49e71a081884b170c,44136fa355b3678a1146ad16f7e8649e94fb4fc21fe77e8310c060f61caaff8a,False,results\cache\official_baselines\CEHM\Human_Kidney__pool2__cc7d38bd78599d5615e6a52d4c22d9b687f47bd9ac634cef1f2a906a1f69fee6.npz,"{""details"": {""entrypoint"": ""CEHM"", ""input"": ""frozen_base_parts"", ""variant"": ""published""}, ""method"": ""CEHM"", ""schema"": ""psfce-v4-matlab-adapter-v1""}",v1
Human Kidney,2,BKCC_V2,,formal,,RANGE,"{""alpha"": 0.8, ""anchor_offset"": 0, ""fuzzy_threshold"": 0.8, ""kmeans_replicates"": 3, ""lambda"": 0.1}",ok,2100,11,20,0.38142857142857139,0.31215020382012532,0.14362066395065809,0.30506150836457868,14.266248400002951,,,,,,,,,,,,,,,,matlab,https://github.com/middle258/RANGE.git,85d93c54d72d500034d05b5ef131bd90630a3632,2026-09-14,NOASSERTION,fdffbc6286ddc19ab48ba186db79c8a220cf7aca7a7aecc49e71a081884b170c,768290a1f1c2f63f8babf657f4e5e2b4da610a7bbda77136d410d91af83ab12a,False,results\cache\official_baselines\RANGE\Human_Kidney__pool2__88a0454e388d551089b5e4a019e8db4e2002d3e5023e377228fed17a96319be0.npz,"{""details"": {""alpha"": 0.8, ""anchor_offset"": 0, ""entrypoint"": ""HFES+solve_RANGE"", ""fuzzy_threshold"": 0.8, ""input"": ""frozen_base_parts"", ""kmeans_replicates"": 3, ""lambda"": 0.1}, ""method"": ""RANGE"", ""schema"": ""psfce-v4-matlab-adapter-v1""}",v1
Human Kidney,2,BKCC_V2,,formal,,YACHT,"{""alpha"": 0.99, ""anchor_offset"": 2, ""kmeans_replicates"": 3, ""theta"": 0.4, ""walk_order"": 20}",ok,2100,11,20,0.36619047619047618,0.31316982616886407,0.14805047412437849,0.31640602883967972,14.366119600003003,,,,,,,,,,,,,,,,matlab,https://github.com/scu-kdde/YACHT.git,44cb0fc35b80ec17befa199879ac947fee15f464,2026-09-14,NOASSERTION,fdffbc6286ddc19ab48ba186db79c8a220cf7aca7a7aecc49e71a081884b170c,62deb2b66b54ab18491847bd2cca81e375344bea0ab840d0da429a98100a165b,False,results\cache\official_baselines\YACHT\Human_Kidney__pool2__829cc63a732f4cd4838f2d3a764aec61bf9970ddd761d27726f2bc723e51cd68.npz,"{""details"": {""alpha"": 0.99, ""anchor_offset"": 2, ""compatibility_patch"": ""paper walk order is parameterized; repository helper hard-codes 10"", ""entrypoint"": ""solve_YACHT"", ""input"": ""frozen_base_parts"", ""kmeans_replicates"": 3, ""theta"": 0.4, ""walk_order"": 20}, ""method"": ""YACHT"", ""schema"": ""psfce-v4-matlab-adapter-v1""}",v1
IMDB,0,MULTI_RELATION_7,,formal,,CEHM,{},ok,4278,3,20,0.3702664796633941,0,0,0.18014329580348001,12.766731499999878,,,,,,,,,,,,,,,,matlab,https://github.com/FeijiangLi/Code-k-HyperEdge-Medoids-for-Clustering-Ensemble-AAAI.git,29c22fb18e05eed67728eebcb29cd7e9133723f7,2026-09-14,NOASSERTION,8e3ecedcb46c7b3077511e5bd56ccdcd0b4c1e6039d44fcb2595cc70c3dd2c9b,44136fa355b3678a1146ad16f7e8649e94fb4fc21fe77e8310c060f61caaff8a,False,results\cache\official_baselines\CEHM\IMDB__pool0__de7436dbb21727c7325b914d7a1fdcba31a9a8c1b04c3e2290ba1115292940a9.npz,"{""details"": {""entrypoint"": ""CEHM"", ""input"": ""frozen_base_parts"", ""variant"": ""published""}, ""method"": ""CEHM"", ""schema"": ""psfce-v4-matlab-adapter-v1""}",v1
IMDB,0,MULTI_RELATION_7,,formal,,RANGE,"{""alpha"": 0.8, ""anchor_offset"": 0, ""fuzzy_threshold"": 0.8, ""kmeans_replicates"": 3, ""lambda"": 0.1}",ok,4278,3,20,0.35437120149602619,0.0028351187147446001,0.0028283782388878998,0.35125527707986443,13.213018200010993,,,,,,,,,,,,,,,,matlab,https://github.com/middle258/RANGE.git,85d93c54d72d500034d05b5ef131bd90630a3632,2026-09-14,NOASSERTION,8e3ecedcb46c7b3077511e5bd56ccdcd0b4c1e6039d44fcb2595cc70c3dd2c9b,768290a1f1c2f63f8babf657f4e5e2b4da610a7bbda77136d410d91af83ab12a,False,results\cache\official_baselines\RANGE\IMDB__pool0__a7bd90bd5f1df2578a137e886c21680946a14400ed7dee5676f5e855c18b0f41.npz,"{""details"": {""alpha"": 0.8, ""anchor_offset"": 0, ""entrypoint"": ""HFES+solve_RANGE"", ""fuzzy_threshold"": 0.8, ""input"": ""frozen_base_parts"", ""kmeans_replicates"": 3, ""lambda"": 0.1}, ""method"": ""RANGE"", ""schema"": ""psfce-v4-matlab-adapter-v1""}",v1
IMDB,0,MULTI_RELATION_7,,formal,,YACHT,"{""alpha"": 0.99, ""anchor_offset"": 2, ""kmeans_replicates"": 3, ""theta"": 0.4, ""walk_order"": 20}",ok,4278,3,20,0.35857877512856468,0.00078669745332760001,0.0019139280943424001,0.33867832980546181,14.32025099999737,,,,,,,,,,,,,,,,matlab,https://github.com/scu-kdde/YACHT.git,44cb0fc35b80ec17befa199879ac947fee15f464,2026-09-14,NOASSERTION,8e3ecedcb46c7b3077511e5bd56ccdcd0b4c1e6039d44fcb2595cc70c3dd2c9b,62deb2b66b54ab18491847bd2cca81e375344bea0ab840d0da429a98100a165b,False,results\cache\official_baselines\YACHT\IMDB__pool0__685bd5574fe009321fc2f917c868189a8631eb8fc2b63ab7cae40ca7422a7660.npz,"{""details"": {""alpha"": 0.99, ""anchor_offset"": 2, ""compatibility_patch"": ""paper walk order is parameterized; repository helper hard-codes 10"", ""entrypoint"": ""solve_YACHT"", ""input"": ""frozen_base_parts"", ""kmeans_replicates"": 3, ""theta"": 0.4, ""walk_order"": 20}, ""method"": ""YACHT"", ""schema"": ""psfce-v4-matlab-adapter-v1""}",v1
IMDB,1,MULTI_RELATION_7,,formal,,CEHM,{},ok,4278,3,20,0.3702664796633941,0,0,0.18014329580348001,12.380329999999958,,,,,,,,,,,,,,,,matlab,https://github.com/FeijiangLi/Code-k-HyperEdge-Medoids-for-Clustering-Ensemble-AAAI.git,29c22fb18e05eed67728eebcb29cd7e9133723f7,2026-09-14,NOASSERTION,074f904121671253f0a970b22cedd79a1cccd251484190e7572b32516d04c60e,44136fa355b3678a1146ad16f7e8649e94fb4fc21fe77e8310c060f61caaff8a,False,results\cache\official_baselines\CEHM\IMDB__pool1__a951473deb2b41e9c1f576a8ff76542939bcf1cf44c184991bd81a286d14ef70.npz,"{""details"": {""entrypoint"": ""CEHM"", ""input"": ""frozen_base_parts"", ""variant"": ""published""}, ""method"": ""CEHM"", ""schema"": ""psfce-v4-matlab-adapter-v1""}",v1
IMDB,1,MULTI_RELATION_7,,formal,,RANGE,"{""alpha"": 0.8, ""anchor_offset"": 0, ""fuzzy_threshold"": 0.8, ""kmeans_replicates"": 3, ""lambda"": 0.1}",ok,4278,3,20,0.36091631603553059,0.0022000642669413998,0.0024121931195734002,0.35638892034738912,13.179034699991462,,,,,,,,,,,,,,,,matlab,https://github.com/middle258/RANGE.git,85d93c54d72d500034d05b5ef131bd90630a3632,2026-09-14,NOASSERTION,074f904121671253f0a970b22cedd79a1cccd251484190e7572b32516d04c60e,768290a1f1c2f63f8babf657f4e5e2b4da610a7bbda77136d410d91af83ab12a,False,results\cache\official_baselines\RANGE\IMDB__pool1__45e00eb84148625cd8ef0a2623c9fea93d589cd9acd10d6673a3c97be2ca4d78.npz,"{""details"": {""alpha"": 0.8, ""anchor_offset"": 0, ""entrypoint"": ""HFES+solve_RANGE"", ""fuzzy_threshold"": 0.8, ""input"": ""frozen_base_parts"", ""kmeans_replicates"": 3, ""lambda"": 0.1}, ""method"": ""RANGE"", ""schema"": ""psfce-v4-matlab-adapter-v1""}",v1
IMDB,1,MULTI_RELATION_7,,formal,,YACHT,"{""alpha"": 0.99, ""anchor_offset"": 2, ""kmeans_replicates"": 3, ""theta"": 0.4, ""walk_order"": 20}",ok,4278,3,20,0.36465638148667601,0.0025501616792275002,0.0028244947878542002,0.36003399450245088,14.505002800011424,,,,,,,,,,,,,,,,matlab,https://github.com/scu-kdde/YACHT.git,44cb0fc35b80ec17befa199879ac947fee15f464,2026-09-14,NOASSERTION,074f904121671253f0a970b22cedd79a1cccd251484190e7572b32516d04c60e,62deb2b66b54ab18491847bd2cca81e375344bea0ab840d0da429a98100a165b,False,results\cache\official_baselines\YACHT\IMDB__pool1__f9c8e0f3816ec038e18a090d2007ce1a37835ca19afb6ed913179941bfe8d76f.npz,"{""details"": {""alpha"": 0.99, ""anchor_offset"": 2, ""compatibility_patch"": ""paper walk order is parameterized; repository helper hard-codes 10"", ""entrypoint"": ""solve_YACHT"", ""input"": ""frozen_base_parts"", ""kmeans_replicates"": 3, ""theta"": 0.4, ""walk_order"": 20}, ""method"": ""YACHT"", ""schema"": ""psfce-v4-matlab-adapter-v1""}",v1
IMDB,2,MULTI_RELATION_7,,formal,,CEHM,{},ok,4278,3,20,0.3702664796633941,0,0,0.18014329580348001,12.622810900007607,,,,,,,,,,,,,,,,matlab,https://github.com/FeijiangLi/Code-k-HyperEdge-Medoids-for-Clustering-Ensemble-AAAI.git,29c22fb18e05eed67728eebcb29cd7e9133723f7,2026-09-14,NOASSERTION,c0184b68cb84f472509117af13ba9c719482294a2531967106a2d006608bafac,44136fa355b3678a1146ad16f7e8649e94fb4fc21fe77e8310c060f61caaff8a,False,results\cache\official_baselines\CEHM\IMDB__pool2__4af95bdf81a8ac1f7804a5593d1dff9ffc4840b0a447d0dcfaf78ebeb93d86d7.npz,"{""details"": {""entrypoint"": ""CEHM"", ""input"": ""frozen_base_parts"", ""variant"": ""published""}, ""method"": ""CEHM"", ""schema"": ""psfce-v4-matlab-adapter-v1""}",v1
IMDB,2,MULTI_RELATION_7,,formal,,RANGE,"{""alpha"": 0.8, ""anchor_offset"": 0, ""fuzzy_threshold"": 0.8, ""kmeans_replicates"": 3, ""lambda"": 0.1}",ok,4278,3,20,0.34899485741000469,0.0020677293804799001,-0.00087158425310199998,0.32445994440017328,13.42451519999304,,,,,,,,,,,,,,,,matlab,https://github.com/middle258/RANGE.git,85d93c54d72d500034d05b5ef131bd90630a3632,2026-09-14,NOASSERTION,c0184b68cb84f472509117af13ba9c719482294a2531967106a2d006608bafac,768290a1f1c2f63f8babf657f4e5e2b4da610a7bbda77136d410d91af83ab12a,False,results\cache\official_baselines\RANGE\IMDB__pool2__d77f273d1ddb39f99e929282e7cfe06522b6f19f9321bc435d18a6e935fa5a15.npz,"{""details"": {""alpha"": 0.8, ""anchor_offset"": 0, ""entrypoint"": ""HFES+solve_RANGE"", ""fuzzy_threshold"": 0.8, ""input"": ""frozen_base_parts"", ""kmeans_replicates"": 3, ""lambda"": 0.1}, ""method"": ""RANGE"", ""schema"": ""psfce-v4-matlab-adapter-v1""}",v1
IMDB,2,MULTI_RELATION_7,,formal,,YACHT,"{""alpha"": 0.99, ""anchor_offset"": 2, ""kmeans_replicates"": 3, ""theta"": 0.4, ""walk_order"": 20}",ok,4278,3,20,0.35857877512856468,0.0014079438807105,0.00065009111201339996,0.33399193609802541,14.407786000010674,,,,,,,,,,,,,,,,matlab,https://github.com/scu-kdde/YACHT.git,44cb0fc35b80ec17befa199879ac947fee15f464,2026-09-14,NOASSERTION,c0184b68cb84f472509117af13ba9c719482294a2531967106a2d006608bafac,62deb2b66b54ab18491847bd2cca81e375344bea0ab840d0da429a98100a165b,False,results\cache\official_baselines\YACHT\IMDB__pool2__a151a7f8eb746e3afb91a2acbaf0ef42f0a225d24d447eebfd5cd8f1386456ea.npz,"{""details"": {""alpha"": 0.99, ""anchor_offset"": 2, ""compatibility_patch"": ""paper walk order is parameterized; repository helper hard-codes 10"", ""entrypoint"": ""solve_YACHT"", ""input"": ""frozen_base_parts"", ""kmeans_replicates"": 3, ""theta"": 0.4, ""walk_order"": 20}, ""method"": ""YACHT"", ""schema"": ""psfce-v4-matlab-adapter-v1""}",v1
Isolet,0,BKCC_V2,,formal,,CEHM,{},ok,1560,2,20,0.59230769230769231,0.0261702595243004,0.033487681913810997,0.58818958818958822,14.105462599996828,,,,,,,,,,,,,,,,matlab,https://github.com/FeijiangLi/Code-k-HyperEdge-Medoids-for-Clustering-Ensemble-AAAI.git,29c22fb18e05eed67728eebcb29cd7e9133723f7,2026-09-14,NOASSERTION,6bf158406c734dca731f6fb8c882b7764222b5eaaf87b8aadee99bc85c237164,44136fa355b3678a1146ad16f7e8649e94fb4fc21fe77e8310c060f61caaff8a,False,results\cache\official_baselines\CEHM\Isolet__pool0__4eb2336d247b386470dfe4d860ed75dbf53c4bf411c15766f66c38cc0b542914.npz,"{""details"": {""entrypoint"": ""CEHM"", ""input"": ""frozen_base_parts"", ""variant"": ""published""}, ""method"": ""CEHM"", ""schema"": ""psfce-v4-matlab-adapter-v1""}",v1
Isolet,0,BKCC_V2,,formal,,RANGE,"{""alpha"": 0.8, ""anchor_offset"": 0, ""fuzzy_threshold"": 0.8, ""kmeans_replicates"": 3, ""lambda"": 0.1}",ok,1560,2,20,0.50320512820512819,3.2926911743565489e-05,-0.00055284101120479999,0.49376756268551908,13.222180299999309,,,,,,,,,,,,,,,,matlab,https://github.com/middle258/RANGE.git,85d93c54d72d500034d05b5ef131bd90630a3632,2026-09-14,NOASSERTION,6bf158406c734dca731f6fb8c882b7764222b5eaaf87b8aadee99bc85c237164,768290a1f1c2f63f8babf657f4e5e2b4da610a7bbda77136d410d91af83ab12a,False,results\cache\official_baselines\RANGE\Isolet__pool0__198a1458183a811969fe09890098d343e416959384a5fdabe9845b7d2d23ebc8.npz,"{""details"": {""alpha"": 0.8, ""anchor_offset"": 0, ""entrypoint"": ""HFES+solve_RANGE"", ""fuzzy_threshold"": 0.8, ""input"": ""frozen_base_parts"", ""kmeans_replicates"": 3, ""lambda"": 0.1}, ""method"": ""RANGE"", ""schema"": ""psfce-v4-matlab-adapter-v1""}",v1
Isolet,0,BKCC_V2,,formal,,YACHT,"{""alpha"": 0.99, ""anchor_offset"": 2, ""kmeans_replicates"": 3, ""theta"": 0.4, ""walk_order"": 20}",ok,1560,2,20,0.54743589743589749,0.0092685618565158008,0.0085108961592568998,0.51983760905845688,12.808656199995312,,,,,,,,,,,,,,,,matlab,https://github.com/scu-kdde/YACHT.git,44cb0fc35b80ec17befa199879ac947fee15f464,2026-09-14,NOASSERTION,6bf158406c734dca731f6fb8c882b7764222b5eaaf87b8aadee99bc85c237164,62deb2b66b54ab18491847bd2cca81e375344bea0ab840d0da429a98100a165b,False,results\cache\official_baselines\YACHT\Isolet__pool0__41a220dd9aadf4f0af46de4e19fd51679933df79a8b9672ec956b319cd046d16.npz,"{""details"": {""alpha"": 0.99, ""anchor_offset"": 2, ""compatibility_patch"": ""paper walk order is parameterized; repository helper hard-codes 10"", ""entrypoint"": ""solve_YACHT"", ""input"": ""frozen_base_parts"", ""kmeans_replicates"": 3, ""theta"": 0.4, ""walk_order"": 20}, ""method"": ""YACHT"", ""schema"": ""psfce-v4-matlab-adapter-v1""}",v1
Isolet,1,BKCC_V2,,formal,,CEHM,{},ok,1560,2,20,0.66666666666666663,0.082019876324519306,0.1105420804634467,0.66644736842105268,12.607827599989832,,,,,,,,,,,,,,,,matlab,https://github.com/FeijiangLi/Code-k-HyperEdge-Medoids-for-Clustering-Ensemble-AAAI.git,29c22fb18e05eed67728eebcb29cd7e9133723f7,2026-09-14,NOASSERTION,88f3affca419287ee10f966c3034365e23473c1db2a7ba533fe139e2a23efc2f,44136fa355b3678a1146ad16f7e8649e94fb4fc21fe77e8310c060f61caaff8a,False,results\cache\official_baselines\CEHM\Isolet__pool1__686965f470844b37d83cdbd8963030a4b8f0a8703305c4a14ff36c7d81460bba.npz,"{""details"": {""entrypoint"": ""CEHM"", ""input"": ""frozen_base_parts"", ""variant"": ""published""}, ""method"": ""CEHM"", ""schema"": ""psfce-v4-matlab-adapter-v1""}",v1
Isolet,1,BKCC_V2,,formal,,RANGE,"{""alpha"": 0.8, ""anchor_offset"": 0, ""fuzzy_threshold"": 0.8, ""kmeans_replicates"": 3, ""lambda"": 0.1}",ok,1560,2,20,0.57051282051282048,0.017105566819311298,0.019333455915284299,0.55745168043032023,13.72997870000836,,,,,,,,,,,,,,,,matlab,https://github.com/middle258/RANGE.git,85d93c54d72d500034d05b5ef131bd90630a3632,2026-09-14,NOASSERTION,88f3affca419287ee10f966c3034365e23473c1db2a7ba533fe139e2a23efc2f,768290a1f1c2f63f8babf657f4e5e2b4da610a7bbda77136d410d91af83ab12a,False,results\cache\official_baselines\RANGE\Isolet__pool1__f5e4556319052fbf33074ba71e8070c3ce609cedadf1ae0b69d3ee1cfe602c68.npz,"{""details"": {""alpha"": 0.8, ""anchor_offset"": 0, ""entrypoint"": ""HFES+solve_RANGE"", ""fuzzy_threshold"": 0.8, ""input"": ""frozen_base_parts"", ""kmeans_replicates"": 3, ""lambda"": 0.1}, ""method"": ""RANGE"", ""schema"": ""psfce-v4-matlab-adapter-v1""}",v1
Isolet,1,BKCC_V2,,formal,,YACHT,"{""alpha"": 0.99, ""anchor_offset"": 2, ""kmeans_replicates"": 3, ""theta"": 0.4, ""walk_order"": 20}",ok,1560,2,20,0.62307692307692308,0.045207698032880897,0.0599986749617996,0.62152170325136158,13.417601499997543,,,,,,,,,,,,,,,,matlab,https://github.com/scu-kdde/YACHT.git,44cb0fc35b80ec17befa199879ac947fee15f464,2026-09-14,NOASSERTION,88f3affca419287ee10f966c3034365e23473c1db2a7ba533fe139e2a23efc2f,62deb2b66b54ab18491847bd2cca81e375344bea0ab840d0da429a98100a165b,False,results\cache\official_baselines\YACHT\Isolet__pool1__ea1faaae33c100511f93ec31a3582d7dc3caf6b89503433895fc9cb36df2dc05.npz,"{""details"": {""alpha"": 0.99, ""anchor_offset"": 2, ""compatibility_patch"": ""paper walk order is parameterized; repository helper hard-codes 10"", ""entrypoint"": ""solve_YACHT"", ""input"": ""frozen_base_parts"", ""kmeans_replicates"": 3, ""theta"": 0.4, ""walk_order"": 20}, ""method"": ""YACHT"", ""schema"": ""psfce-v4-matlab-adapter-v1""}",v1
Isolet,2,BKCC_V2,,formal,,CEHM,{},ok,1560,2,20,0.54102564102564099,0.0056922230012824001,0.0061646761919497998,0.52811871048856041,12.241807900005369,,,,,,,,,,,,,,,,matlab,https://github.com/FeijiangLi/Code-k-HyperEdge-Medoids-for-Clustering-Ensemble-AAAI.git,29c22fb18e05eed67728eebcb29cd7e9133723f7,2026-09-14,NOASSERTION,1100967473b7640de1d0cca329acef27f6cf137365c5fa23429020e01f8f9490,44136fa355b3678a1146ad16f7e8649e94fb4fc21fe77e8310c060f61caaff8a,False,results\cache\official_baselines\CEHM\Isolet__pool2__8021717e8833650804b0f4d1a7ceac94efe4cc5ccac1a7e0e33d98f87f3c501f.npz,"{""details"": {""entrypoint"": ""CEHM"", ""input"": ""frozen_base_parts"", ""variant"": ""published""}, ""method"": ""CEHM"", ""schema"": ""psfce-v4-matlab-adapter-v1""}",v1
Isolet,2,BKCC_V2,,formal,,RANGE,"{""alpha"": 0.8, ""anchor_offset"": 0, ""fuzzy_threshold"": 0.8, ""kmeans_replicates"": 3, ""lambda"": 0.1}",ok,1560,2,20,0.52179487179487183,0.0013754870419458,0.0012609582439516999,0.52151095571172246,12.990698099994916,,,,,,,,,,,,,,,,matlab,https://github.com/middle258/RANGE.git,85d93c54d72d500034d05b5ef131bd90630a3632,2026-09-14,NOASSERTION,1100967473b7640de1d0cca329acef27f6cf137365c5fa23429020e01f8f9490,768290a1f1c2f63f8babf657f4e5e2b4da610a7bbda77136d410d91af83ab12a,False,results\cache\official_baselines\RANGE\Isolet__pool2__16137c52499121f928d1b838ccbb20906564354c0f2cf237359d2315b0f24260.npz,"{""details"": {""alpha"": 0.8, ""anchor_offset"": 0, ""entrypoint"": ""HFES+solve_RANGE"", ""fuzzy_threshold"": 0.8, ""input"": ""frozen_base_parts"", ""kmeans_replicates"": 3, ""lambda"": 0.1}, ""method"": ""RANGE"", ""schema"": ""psfce-v4-matlab-adapter-v1""}",v1
Isolet,2,BKCC_V2,,formal,,YACHT,"{""alpha"": 0.99, ""anchor_offset"": 2, ""kmeans_replicates"": 3, ""theta"": 0.4, ""walk_order"": 20}",ok,1560,2,20,0.54102564102564099,0.0056922230012824001,0.0061646761919497998,0.52811871048856041,13.326600900007181,,,,,,,,,,,,,,,,matlab,https://github.com/scu-kdde/YACHT.git,44cb0fc35b80ec17befa199879ac947fee15f464,2026-09-14,NOASSERTION,1100967473b7640de1d0cca329acef27f6cf137365c5fa23429020e01f8f9490,62deb2b66b54ab18491847bd2cca81e375344bea0ab840d0da429a98100a165b,False,results\cache\official_baselines\YACHT\Isolet__pool2__705673b2d60639fc20fd8cfa6b3db7cd10eb6fb9b63112efcaad9f0f5706f4f8.npz,"{""details"": {""alpha"": 0.99, ""anchor_offset"": 2, ""compatibility_patch"": ""paper walk order is parameterized; repository helper hard-codes 10"", ""entrypoint"": ""solve_YACHT"", ""input"": ""frozen_base_parts"", ""kmeans_replicates"": 3, ""theta"": 0.4, ""walk_order"": 20}, ""method"": ""YACHT"", ""schema"": ""psfce-v4-matlab-adapter-v1""}",v1
LandUse-21,0,NEW10,,formal,,CEHM,{},ok,2100,21,20,0.047619047619047603,0,0,0.0043290043290043004,13.337832899997011,,,,,,,,,,,,,,,,matlab,https://github.com/FeijiangLi/Code-k-HyperEdge-Medoids-for-Clustering-Ensemble-AAAI.git,29c22fb18e05eed67728eebcb29cd7e9133723f7,2026-09-14,NOASSERTION,c63541b612b1211571be3da8af36e4239fa9b2b20b17ec4baed42c625bc5d0ba,44136fa355b3678a1146ad16f7e8649e94fb4fc21fe77e8310c060f61caaff8a,False,results\cache\official_baselines\CEHM\LandUse-21__pool0__99bb0b58e7c0bd74aaebc3a3487eb3b80859071880625959eeb3622f456e7026.npz,"{""details"": {""entrypoint"": ""CEHM"", ""input"": ""frozen_base_parts"", ""variant"": ""published""}, ""method"": ""CEHM"", ""schema"": ""psfce-v4-matlab-adapter-v1""}",v1
LandUse-21,0,NEW10,,formal,,RANGE,"{""alpha"": 0.8, ""anchor_offset"": 0, ""fuzzy_threshold"": 0.8, ""kmeans_replicates"": 3, ""lambda"": 0.1}",ok,2100,21,20,0.29476190476190478,0.35545916087735702,0.1557963384969466,0.29924281023935401,13.379957900004229,,,,,,,,,,,,,,,,matlab,https://github.com/middle258/RANGE.git,85d93c54d72d500034d05b5ef131bd90630a3632,2026-09-14,NOASSERTION,c63541b612b1211571be3da8af36e4239fa9b2b20b17ec4baed42c625bc5d0ba,768290a1f1c2f63f8babf657f4e5e2b4da610a7bbda77136d410d91af83ab12a,False,results\cache\official_baselines\RANGE\LandUse-21__pool0__4a99545343f9afcb0d98e657f065c0b475ce6cb2fe5693d8126aaed2262e52f4.npz,"{""details"": {""alpha"": 0.8, ""anchor_offset"": 0, ""entrypoint"": ""HFES+solve_RANGE"", ""fuzzy_threshold"": 0.8, ""input"": ""frozen_base_parts"", ""kmeans_replicates"": 3, ""lambda"": 0.1}, ""method"": ""RANGE"", ""schema"": ""psfce-v4-matlab-adapter-v1""}",v1
LandUse-21,0,NEW10,,formal,,YACHT,"{""alpha"": 0.99, ""anchor_offset"": 2, ""kmeans_replicates"": 3, ""theta"": 0.4, ""walk_order"": 20}",ok,2100,21,20,0.27619047619047621,0.35190487545735932,0.14067021237022259,0.28465520039236608,14.24486180000531,,,,,,,,,,,,,,,,matlab,https://github.com/scu-kdde/YACHT.git,44cb0fc35b80ec17befa199879ac947fee15f464,2026-09-14,NOASSERTION,c63541b612b1211571be3da8af36e4239fa9b2b20b17ec4baed42c625bc5d0ba,62deb2b66b54ab18491847bd2cca81e375344bea0ab840d0da429a98100a165b,False,results\cache\official_baselines\YACHT\LandUse-21__pool0__fe1f0ba7e4d9f2d82afb12dc7c9242c7f37ee7322c53f1e6a79a67d50a0c9031.npz,"{""details"": {""alpha"": 0.99, ""anchor_offset"": 2, ""compatibility_patch"": ""paper walk order is parameterized; repository helper hard-codes 10"", ""entrypoint"": ""solve_YACHT"", ""input"": ""frozen_base_parts"", ""kmeans_replicates"": 3, ""theta"": 0.4, ""walk_order"": 20}, ""method"": ""YACHT"", ""schema"": ""psfce-v4-matlab-adapter-v1""}",v1
LandUse-21,1,NEW10,,formal,,CEHM,{},ok,2100,21,20,0.068571428571428505,0.0418753526911885,0.0017780715740802,0.032366186784791397,12.408909300007508,,,,,,,,,,,,,,,,matlab,https://github.com/FeijiangLi/Code-k-HyperEdge-Medoids-for-Clustering-Ensemble-AAAI.git,29c22fb18e05eed67728eebcb29cd7e9133723f7,2026-09-14,NOASSERTION,0a8d0fbc328a4bdd9b266e9ebdbf5be8b28304507c7a5440941359ee24cacf61,44136fa355b3678a1146ad16f7e8649e94fb4fc21fe77e8310c060f61caaff8a,False,results\cache\official_baselines\CEHM\LandUse-21__pool1__dffaf47c2799c0b5fb4df3451a9b9083927e0d887465a89aeaf9da5c437a3f3a.npz,"{""details"": {""entrypoint"": ""CEHM"", ""input"": ""frozen_base_parts"", ""variant"": ""published""}, ""method"": ""CEHM"", ""schema"": ""psfce-v4-matlab-adapter-v1""}",v1
LandUse-21,1,NEW10,,formal,,RANGE,"{""alpha"": 0.8, ""anchor_offset"": 0, ""fuzzy_threshold"": 0.8, ""kmeans_replicates"": 3, ""lambda"": 0.1}",ok,2100,21,20,0.29999999999999999,0.37078608499672749,0.15544978438186821,0.3091814654814003,13.642548900010295,,,,,,,,,,,,,,,,matlab,https://github.com/middle258/RANGE.git,85d93c54d72d500034d05b5ef131bd90630a3632,2026-09-14,NOASSERTION,0a8d0fbc328a4bdd9b266e9ebdbf5be8b28304507c7a5440941359ee24cacf61,768290a1f1c2f63f8babf657f4e5e2b4da610a7bbda77136d410d91af83ab12a,False,results\cache\official_baselines\RANGE\LandUse-21__pool1__12e702c290c0b36f3c973cd485ddda54eaf51e27f9905b394d8b80096016a460.npz,"{""details"": {""alpha"": 0.8, ""anchor_offset"": 0, ""entrypoint"": ""HFES+solve_RANGE"", ""fuzzy_threshold"": 0.8, ""input"": ""frozen_base_parts"", ""kmeans_replicates"": 3, ""lambda"": 0.1}, ""method"": ""RANGE"", ""schema"": ""psfce-v4-matlab-adapter-v1""}",v1
LandUse-21,1,NEW10,,formal,,YACHT,"{""alpha"": 0.99, ""anchor_offset"": 2, ""kmeans_replicates"": 3, ""theta"": 0.4, ""walk_order"": 20}",ok,2100,21,20,0.29761904761904762,0.36503256202143208,0.15807443009925379,0.3051605101932699,13.911329199996544,,,,,,,,,,,,,,,,matlab,https://github.com/scu-kdde/YACHT.git,44cb0fc35b80ec17befa199879ac947fee15f464,2026-09-14,NOASSERTION,0a8d0fbc328a4bdd9b266e9ebdbf5be8b28304507c7a5440941359ee24cacf61,62deb2b66b54ab18491847bd2cca81e375344bea0ab840d0da429a98100a165b,False,results\cache\official_baselines\YACHT\LandUse-21__pool1__10f880c5f7a7d870d399cb35ee3acb789cc7f7b112c148a3bfc13093c1e27a6c.npz,"{""details"": {""alpha"": 0.99, ""anchor_offset"": 2, ""compatibility_patch"": ""paper walk order is parameterized; repository helper hard-codes 10"", ""entrypoint"": ""solve_YACHT"", ""input"": ""frozen_base_parts"", ""kmeans_replicates"": 3, ""theta"": 0.4, ""walk_order"": 20}, ""method"": ""YACHT"", ""schema"": ""psfce-v4-matlab-adapter-v1""}",v1
LandUse-21,2,NEW10,,formal,,CEHM,{},ok,2100,21,20,0.073333333333333306,0.055446205663130202,0.0019480286518315001,0.039993407771707401,12.373941199999535,,,,,,,,,,,,,,,,matlab,https://github.com/FeijiangLi/Code-k-HyperEdge-Medoids-for-Clustering-Ensemble-AAAI.git,29c22fb18e05eed67728eebcb29cd7e9133723f7,2026-09-14,NOASSERTION,850293ed07060a1a9819ef975c9bf30ca932d67ab67b4695c7e563b253e732f8,44136fa355b3678a1146ad16f7e8649e94fb4fc21fe77e8310c060f61caaff8a,False,results\cache\official_baselines\CEHM\LandUse-21__pool2__bb0fe24952c83b77a9eb4708bff476db94a2f88c17744902896f55637fa2e78f.npz,"{""details"": {""entrypoint"": ""CEHM"", ""input"": ""frozen_base_parts"", ""variant"": ""published""}, ""method"": ""CEHM"", ""schema"": ""psfce-v4-matlab-adapter-v1""}",v1
LandUse-21,2,NEW10,,formal,,RANGE,"{""alpha"": 0.8, ""anchor_offset"": 0, ""fuzzy_threshold"": 0.8, ""kmeans_replicates"": 3, ""lambda"": 0.1}",ok,2100,21,20,0.30761904761904763,0.36651228719857248,0.1628586255811014,0.30630402491715347,14.240614499998628,,,,,,,,,,,,,,,,matlab,https://github.com/middle258/RANGE.git,85d93c54d72d500034d05b5ef131bd90630a3632,2026-09-14,NOASSERTION,850293ed07060a1a9819ef975c9bf30ca932d67ab67b4695c7e563b253e732f8,768290a1f1c2f63f8babf657f4e5e2b4da610a7bbda77136d410d91af83ab12a,False,results\cache\official_baselines\RANGE\LandUse-21__pool2__ba96f7d3af18d874e7afe050d10b714855e46fce45a3eeaf80e69cdee7a87924.npz,"{""details"": {""alpha"": 0.8, ""anchor_offset"": 0, ""entrypoint"": ""HFES+solve_RANGE"", ""fuzzy_threshold"": 0.8, ""input"": ""frozen_base_parts"", ""kmeans_replicates"": 3, ""lambda"": 0.1}, ""method"": ""RANGE"", ""schema"": ""psfce-v4-matlab-adapter-v1""}",v1
LandUse-21,2,NEW10,,formal,,YACHT,"{""alpha"": 0.99, ""anchor_offset"": 2, ""kmeans_replicates"": 3, ""theta"": 0.4, ""walk_order"": 20}",ok,2100,21,20,0.27666666666666662,0.35581131579001279,0.1403790196892355,0.27850943447762322,16.421893399994588,,,,,,,,,,,,,,,,matlab,https://github.com/scu-kdde/YACHT.git,44cb0fc35b80ec17befa199879ac947fee15f464,2026-09-14,NOASSERTION,850293ed07060a1a9819ef975c9bf30ca932d67ab67b4695c7e563b253e732f8,62deb2b66b54ab18491847bd2cca81e375344bea0ab840d0da429a98100a165b,False,results\cache\official_baselines\YACHT\LandUse-21__pool2__d66e6d53fedc241a540c66bd1859458e884f23058c81b170d02959a2157a639f.npz,"{""details"": {""alpha"": 0.99, ""anchor_offset"": 2, ""compatibility_patch"": ""paper walk order is parameterized; repository helper hard-codes 10"", ""entrypoint"": ""solve_YACHT"", ""input"": ""frozen_base_parts"", ""kmeans_replicates"": 3, ""theta"": 0.4, ""walk_order"": 20}, ""method"": ""YACHT"", ""schema"": ""psfce-v4-matlab-adapter-v1""}",v1
Letter,0,BKCC_V2,,formal,,CEHM,{},ok,20000,26,20,0.28399999999999997,0.39698697200450728,0.1339713713506544,0.2996569356177457,38.403080699994462,,,,,,,,,,,,,,,,matlab,https://github.com/FeijiangLi/Code-k-HyperEdge-Medoids-for-Clustering-Ensemble-AAAI.git,29c22fb18e05eed67728eebcb29cd7e9133723f7,2026-09-14,NOASSERTION,fa3242923348092b9a2e33fa34a027882becdbc1047b9a1bcf413cfa90e06627,44136fa355b3678a1146ad16f7e8649e94fb4fc21fe77e8310c060f61caaff8a,False,results\cache\official_baselines\CEHM\Letter__pool0__6a27b0a3e2aff6635eed6cc7beee1b7ba9b6a2a04e1baf8ef0b87d76f8ff6f01.npz,"{""details"": {""entrypoint"": ""CEHM"", ""input"": ""frozen_base_parts"", ""variant"": ""published""}, ""method"": ""CEHM"", ""schema"": ""psfce-v4-matlab-adapter-v1""}",v1
Letter,0,BKCC_V2,,formal,,RANGE,"{""alpha"": 0.8, ""anchor_offset"": 0, ""fuzzy_threshold"": 0.8, ""kmeans_replicates"": 3, ""lambda"": 0.1}",ok,20000,26,20,0.25974999999999998,0.3763755243304252,0.16126110057668289,0.25562784692247092,34.512801899996703,,,,,,,,,,,,,,,,matlab,https://github.com/middle258/RANGE.git,85d93c54d72d500034d05b5ef131bd90630a3632,2026-09-14,NOASSERTION,fa3242923348092b9a2e33fa34a027882becdbc1047b9a1bcf413cfa90e06627,768290a1f1c2f63f8babf657f4e5e2b4da610a7bbda77136d410d91af83ab12a,False,results\cache\official_baselines\RANGE\Letter__pool0__90bee9f78978bad57f751c026d25176051ad7b8147859d07bb4248daedf68bfe.npz,"{""details"": {""alpha"": 0.8, ""anchor_offset"": 0, ""entrypoint"": ""HFES+solve_RANGE"", ""fuzzy_threshold"": 0.8, ""input"": ""frozen_base_parts"", ""kmeans_replicates"": 3, ""lambda"": 0.1}, ""method"": ""RANGE"", ""schema"": ""psfce-v4-matlab-adapter-v1""}",v1
Letter,0,BKCC_V2,,formal,,YACHT,"{""alpha"": 0.99, ""anchor_offset"": 2, ""kmeans_replicates"": 3, ""theta"": 0.4, ""walk_order"": 20}",ok,20000,26,20,0.2417,0.36679592045355741,0.1397946138447502,0.24422634634558871,48.649460400003591,,,,,,,,,,,,,,,,matlab,https://github.com/scu-kdde/YACHT.git,44cb0fc35b80ec17befa199879ac947fee15f464,2026-09-14,NOASSERTION,fa3242923348092b9a2e33fa34a027882becdbc1047b9a1bcf413cfa90e06627,62deb2b66b54ab18491847bd2cca81e375344bea0ab840d0da429a98100a165b,False,results\cache\official_baselines\YACHT\Letter__pool0__60dd174a7725abd6373d7642f7e6fe6373a15388dcdeed67426926d585e8264a.npz,"{""details"": {""alpha"": 0.99, ""anchor_offset"": 2, ""compatibility_patch"": ""paper walk order is parameterized; repository helper hard-codes 10"", ""entrypoint"": ""solve_YACHT"", ""input"": ""frozen_base_parts"", ""kmeans_replicates"": 3, ""theta"": 0.4, ""walk_order"": 20}, ""method"": ""YACHT"", ""schema"": ""psfce-v4-matlab-adapter-v1""}",v1
Letter,1,BKCC_V2,,formal,,CEHM,{},ok,20000,26,20,0.2545,0.38263380789032542,0.1080136272908075,0.25490688986636179,38.806503299987526,,,,,,,,,,,,,,,,matlab,https://github.com/FeijiangLi/Code-k-HyperEdge-Medoids-for-Clustering-Ensemble-AAAI.git,29c22fb18e05eed67728eebcb29cd7e9133723f7,2026-09-14,NOASSERTION,5bfafe1285367d8bbff73a9226cf8d1b0eddb596cd690dbddfb7249f9f01a992,44136fa355b3678a1146ad16f7e8649e94fb4fc21fe77e8310c060f61caaff8a,False,results\cache\official_baselines\CEHM\Letter__pool1__9cfa5e401203d4962eb38c0bf9719ecc4b8025fe241a57ca05243fd25a8cc15b.npz,"{""details"": {""entrypoint"": ""CEHM"", ""input"": ""frozen_base_parts"", ""variant"": ""published""}, ""method"": ""CEHM"", ""schema"": ""psfce-v4-matlab-adapter-v1""}",v1
Letter,1,BKCC_V2,,formal,,RANGE,"{""alpha"": 0.8, ""anchor_offset"": 0, ""fuzzy_threshold"": 0.8, ""kmeans_replicates"": 3, ""lambda"": 0.1}",ok,20000,26,20,0.2767,0.38021746501437881,0.16467531548153119,0.27694759478747899,36.415592500008643,,,,,,,,,,,,,,,,matlab,https://github.com/middle258/RANGE.git,85d93c54d72d500034d05b5ef131bd90630a3632,2026-09-14,NOASSERTION,5bfafe1285367d8bbff73a9226cf8d1b0eddb596cd690dbddfb7249f9f01a992,768290a1f1c2f63f8babf657f4e5e2b4da610a7bbda77136d410d91af83ab12a,False,results\cache\official_baselines\RANGE\Letter__pool1__2baf05ef75088e93043933bac18388f0a4d0e851a2164edd3292a3f363e36077.npz,"{""details"": {""alpha"": 0.8, ""anchor_offset"": 0, ""entrypoint"": ""HFES+solve_RANGE"", ""fuzzy_threshold"": 0.8, ""input"": ""frozen_base_parts"", ""kmeans_replicates"": 3, ""lambda"": 0.1}, ""method"": ""RANGE"", ""schema"": ""psfce-v4-matlab-adapter-v1""}",v1
Letter,1,BKCC_V2,,formal,,YACHT,"{""alpha"": 0.99, ""anchor_offset"": 2, ""kmeans_replicates"": 3, ""theta"": 0.4, ""walk_order"": 20}",ok,20000,26,20,0.2727,0.382683752491975,0.15655946420572611,0.28617190693181638,56.129594500001993,,,,,,,,,,,,,,,,matlab,https://github.com/scu-kdde/YACHT.git,44cb0fc35b80ec17befa199879ac947fee15f464,2026-09-14,NOASSERTION,5bfafe1285367d8bbff73a9226cf8d1b0eddb596cd690dbddfb7249f9f01a992,62deb2b66b54ab18491847bd2cca81e375344bea0ab840d0da429a98100a165b,False,results\cache\official_baselines\YACHT\Letter__pool1__1aa0313c733209aa56d4eaec4fcd04b9675355250679abe0312fe93faf7d0180.npz,"{""details"": {""alpha"": 0.99, ""anchor_offset"": 2, ""compatibility_patch"": ""paper walk order is parameterized; repository helper hard-codes 10"", ""entrypoint"": ""solve_YACHT"", ""input"": ""frozen_base_parts"", ""kmeans_replicates"": 3, ""theta"": 0.4, ""walk_order"": 20}, ""method"": ""YACHT"", ""schema"": ""psfce-v4-matlab-adapter-v1""}",v1
Letter,2,BKCC_V2,,formal,,CEHM,{},ok,20000,26,20,0.26195000000000002,0.37201665603912037,0.10320296906997729,0.28425912429939088,39.545578200006283,,,,,,,,,,,,,,,,matlab,https://github.com/FeijiangLi/Code-k-HyperEdge-Medoids-for-Clustering-Ensemble-AAAI.git,29c22fb18e05eed67728eebcb29cd7e9133723f7,2026-09-14,NOASSERTION,2c7c985cc3e24ed5124f1fe1fa1063bb41a44d4414d197fe980da3a6f9512ce0,44136fa355b3678a1146ad16f7e8649e94fb4fc21fe77e8310c060f61caaff8a,False,results\cache\official_baselines\CEHM\Letter__pool2__eb623e5cfafe7d4f23a5a97e1da27832c2442674d689731530e090f894a032cf.npz,"{""details"": {""entrypoint"": ""CEHM"", ""input"": ""frozen_base_parts"", ""variant"": ""published""}, ""method"": ""CEHM"", ""schema"": ""psfce-v4-matlab-adapter-v1""}",v1
Letter,2,BKCC_V2,,formal,,RANGE,"{""alpha"": 0.8, ""anchor_offset"": 0, ""fuzzy_threshold"": 0.8, ""kmeans_replicates"": 3, ""lambda"": 0.1}",ok,20000,26,20,0.26365,0.35801576725152739,0.13078923606671219,0.280266455218174,42.077975899999728,,,,,,,,,,,,,,,,matlab,https://github.com/middle258/RANGE.git,85d93c54d72d500034d05b5ef131bd90630a3632,2026-09-14,NOASSERTION,2c7c985cc3e24ed5124f1fe1fa1063bb41a44d4414d197fe980da3a6f9512ce0,768290a1f1c2f63f8babf657f4e5e2b4da610a7bbda77136d410d91af83ab12a,False,results\cache\official_baselines\RANGE\Letter__pool2__66b262b80d33ab3f40d0a698540d3a5b5908b9494498ea0c74f396d70ec0168c.npz,"{""details"": {""alpha"": 0.8, ""anchor_offset"": 0, ""entrypoint"": ""HFES+solve_RANGE"", ""fuzzy_threshold"": 0.8, ""input"": ""frozen_base_parts"", ""kmeans_replicates"": 3, ""lambda"": 0.1}, ""method"": ""RANGE"", ""schema"": ""psfce-v4-matlab-adapter-v1""}",v1
Letter,2,BKCC_V2,,formal,,YACHT,"{""alpha"": 0.99, ""anchor_offset"": 2, ""kmeans_replicates"": 3, ""theta"": 0.4, ""walk_order"": 20}",ok,20000,26,20,0.25259999999999999,0.34240025937311391,0.1313543349918663,0.25632392139258608,60.698158600003808,,,,,,,,,,,,,,,,matlab,https://github.com/scu-kdde/YACHT.git,44cb0fc35b80ec17befa199879ac947fee15f464,2026-09-14,NOASSERTION,2c7c985cc3e24ed5124f1fe1fa1063bb41a44d4414d197fe980da3a6f9512ce0,62deb2b66b54ab18491847bd2cca81e375344bea0ab840d0da429a98100a165b,False,results\cache\official_baselines\YACHT\Letter__pool2__0bca937024aeb24bdb83b82355d9934902f8b08956787ffdb44a5cf6ec1fde55.npz,"{""details"": {""alpha"": 0.99, ""anchor_offset"": 2, ""compatibility_patch"": ""paper walk order is parameterized; repository helper hard-codes 10"", ""entrypoint"": ""solve_YACHT"", ""input"": ""frozen_base_parts"", ""kmeans_replicates"": 3, ""theta"": 0.4, ""walk_order"": 20}, ""method"": ""YACHT"", ""schema"": ""psfce-v4-matlab-adapter-v1""}",v1
Leukemia,0,BKCC_V2,,formal,,CEHM,{},ok,72,2,20,0.70833333333333337,0.12531250648530329,0.162077515013866,0.6950998185117967,15.560792199990829,,,,,,,,,,,,,,,,matlab,https://github.com/FeijiangLi/Code-k-HyperEdge-Medoids-for-Clustering-Ensemble-AAAI.git,29c22fb18e05eed67728eebcb29cd7e9133723f7,2026-09-14,NOASSERTION,46211e2cad8a28f45d78d97d49ecef22debe9bf1c6ab1e1bfe63d67abaac6123,44136fa355b3678a1146ad16f7e8649e94fb4fc21fe77e8310c060f61caaff8a,False,results\cache\official_baselines\CEHM\Leukemia__pool0__b1c358949d9e886ec06339a892e4c9fa8eca2ee0bed2ee3ab9fe6a62e0865e32.npz,"{""details"": {""entrypoint"": ""CEHM"", ""input"": ""frozen_base_parts"", ""variant"": ""published""}, ""method"": ""CEHM"", ""schema"": ""psfce-v4-matlab-adapter-v1""}",v1
Leukemia,0,BKCC_V2,,formal,,RANGE,"{""alpha"": 0.8, ""anchor_offset"": 0, ""fuzzy_threshold"": 0.8, ""kmeans_replicates"": 3, ""lambda"": 0.1}",ok,72,2,20,0.70833333333333337,0.12531250648530329,0.162077515013866,0.6950998185117967,16.062919499992859,,,,,,,,,,,,,,,,matlab,https://github.com/middle258/RANGE.git,85d93c54d72d500034d05b5ef131bd90630a3632,2026-09-14,NOASSERTION,46211e2cad8a28f45d78d97d49ecef22debe9bf1c6ab1e1bfe63d67abaac6123,768290a1f1c2f63f8babf657f4e5e2b4da610a7bbda77136d410d91af83ab12a,False,results\cache\official_baselines\RANGE\Leukemia__pool0__9799ed5341758657bd3c1bb599d92acb70cea7c701753cd0b877683288e31fbc.npz,"{""details"": {""alpha"": 0.8, ""anchor_offset"": 0, ""entrypoint"": ""HFES+solve_RANGE"", ""fuzzy_threshold"": 0.8, ""input"": ""frozen_base_parts"", ""kmeans_replicates"": 3, ""lambda"": 0.1}, ""method"": ""RANGE"", ""schema"": ""psfce-v4-matlab-adapter-v1""}",v1
Leukemia,0,BKCC_V2,,formal,,YACHT,"{""alpha"": 0.99, ""anchor_offset"": 2, ""kmeans_replicates"": 3, ""theta"": 0.4, ""walk_order"": 20}",ok,72,2,20,0.52777777777777779,0.016021978262796902,-0.014987137285275599,0.5274131274131274,12.140562600005069,,,,,,,,,,,,,,,,matlab,https://github.com/scu-kdde/YACHT.git,44cb0fc35b80ec17befa199879ac947fee15f464,2026-09-14,NOASSERTION,46211e2cad8a28f45d78d97d49ecef22debe9bf1c6ab1e1bfe63d67abaac6123,62deb2b66b54ab18491847bd2cca81e375344bea0ab840d0da429a98100a165b,False,results\cache\official_baselines\YACHT\Leukemia__pool0__53b43367e415159759767f87b12f03fd180200795307e5b1b8d8830ec959e592.npz,"{""details"": {""alpha"": 0.99, ""anchor_offset"": 2, ""compatibility_patch"": ""paper walk order is parameterized; repository helper hard-codes 10"", ""entrypoint"": ""solve_YACHT"", ""input"": ""frozen_base_parts"", ""kmeans_replicates"": 3, ""theta"": 0.4, ""walk_order"": 20}, ""method"": ""YACHT"", ""schema"": ""psfce-v4-matlab-adapter-v1""}",v1
Leukemia,1,BKCC_V2,,formal,,CEHM,{},ok,72,2,20,0.70833333333333337,0.12531250648530329,0.162077515013866,0.6950998185117967,14.669808599996031,,,,,,,,,,,,,,,,matlab,https://github.com/FeijiangLi/Code-k-HyperEdge-Medoids-for-Clustering-Ensemble-AAAI.git,29c22fb18e05eed67728eebcb29cd7e9133723f7,2026-09-14,NOASSERTION,e93aaec600fc5254aca296920866214d96e6dc444bacbbc5dafaa50c6a8613c9,44136fa355b3678a1146ad16f7e8649e94fb4fc21fe77e8310c060f61caaff8a,False,results\cache\official_baselines\CEHM\Leukemia__pool1__b18474bd390d7d61e8dc9d129f7d11a378b3ea4dbc0b5e47beeabb788da4c2b9.npz,"{""details"": {""entrypoint"": ""CEHM"", ""input"": ""frozen_base_parts"", ""variant"": ""published""}, ""method"": ""CEHM"", ""schema"": ""psfce-v4-matlab-adapter-v1""}",v1
Leukemia,1,BKCC_V2,,formal,,RANGE,"{""alpha"": 0.8, ""anchor_offset"": 0, ""fuzzy_threshold"": 0.8, ""kmeans_replicates"": 3, ""lambda"": 0.1}",ok,72,2,20,0.65277777777777779,0.078925047424524206,0.081637146222520607,0.64447955757456055,13.152357900005882,,,,,,,,,,,,,,,,matlab,https://github.com/middle258/RANGE.git,85d93c54d72d500034d05b5ef131bd90630a3632,2026-09-14,NOASSERTION,e93aaec600fc5254aca296920866214d96e6dc444bacbbc5dafaa50c6a8613c9,768290a1f1c2f63f8babf657f4e5e2b4da610a7bbda77136d410d91af83ab12a,False,results\cache\official_baselines\RANGE\Leukemia__pool1__2742559c43040b63c8aa9485d401e96c15583b588a75014b62a80e570e47905c.npz,"{""details"": {""alpha"": 0.8, ""anchor_offset"": 0, ""entrypoint"": ""HFES+solve_RANGE"", ""fuzzy_threshold"": 0.8, ""input"": ""frozen_base_parts"", ""kmeans_replicates"": 3, ""lambda"": 0.1}, ""method"": ""RANGE"", ""schema"": ""psfce-v4-matlab-adapter-v1""}",v1
Leukemia,1,BKCC_V2,,formal,,YACHT,"{""alpha"": 0.99, ""anchor_offset"": 2, ""kmeans_replicates"": 3, ""theta"": 0.4, ""walk_order"": 20}",ok,72,2,20,0.70833333333333337,0.12531250648530329,0.162077515013866,0.6950998185117967,11.667653799988329,,,,,,,,,,,,,,,,matlab,https://github.com/scu-kdde/YACHT.git,44cb0fc35b80ec17befa199879ac947fee15f464,2026-09-14,NOASSERTION,e93aaec600fc5254aca296920866214d96e6dc444bacbbc5dafaa50c6a8613c9,62deb2b66b54ab18491847bd2cca81e375344bea0ab840d0da429a98100a165b,False,results\cache\official_baselines\YACHT\Leukemia__pool1__7a4ee830d14a49dcd651fb6e2f34ccbe2b2a58d9e63dfba97dde4e700f328bf7.npz,"{""details"": {""alpha"": 0.99, ""anchor_offset"": 2, ""compatibility_patch"": ""paper walk order is parameterized; repository helper hard-codes 10"", ""entrypoint"": ""solve_YACHT"", ""input"": ""frozen_base_parts"", ""kmeans_replicates"": 3, ""theta"": 0.4, ""walk_order"": 20}, ""method"": ""YACHT"", ""schema"": ""psfce-v4-matlab-adapter-v1""}",v1
Leukemia,2,BKCC_V2,,formal,,CEHM,{},ok,72,2,20,0.70833333333333337,0.12531250648530329,0.162077515013866,0.6950998185117967,11.694535200003884,,,,,,,,,,,,,,,,matlab,https://github.com/FeijiangLi/Code-k-HyperEdge-Medoids-for-Clustering-Ensemble-AAAI.git,29c22fb18e05eed67728eebcb29cd7e9133723f7,2026-09-14,NOASSERTION,8bca8c3059788726464368cbe44d496c779f37aa4bc929df7fca3668be9139c1,44136fa355b3678a1146ad16f7e8649e94fb4fc21fe77e8310c060f61caaff8a,False,results\cache\official_baselines\CEHM\Leukemia__pool2__41b0148fca9b0098a103ff215c7d9737237251ee7c8abe9ed4b2a2a724be45ee.npz,"{""details"": {""entrypoint"": ""CEHM"", ""input"": ""frozen_base_parts"", ""variant"": ""published""}, ""method"": ""CEHM"", ""schema"": ""psfce-v4-matlab-adapter-v1""}",v1
Leukemia,2,BKCC_V2,,formal,,RANGE,"{""alpha"": 0.8, ""anchor_offset"": 0, ""fuzzy_threshold"": 0.8, ""kmeans_replicates"": 3, ""lambda"": 0.1}",ok,72,2,20,0.65277777777777779,0.078925047424524206,0.081637146222520607,0.64447955757456055,11.949926000001142,,,,,,,,,,,,,,,,matlab,https://github.com/middle258/RANGE.git,85d93c54d72d500034d05b5ef131bd90630a3632,2026-09-14,NOASSERTION,8bca8c3059788726464368cbe44d496c779f37aa4bc929df7fca3668be9139c1,768290a1f1c2f63f8babf657f4e5e2b4da610a7bbda77136d410d91af83ab12a,False,results\cache\official_baselines\RANGE\Leukemia__pool2__a43bf50ebf36affc1551825a0f2793e231744c443d9eee66bd19bf1d364c7fb8.npz,"{""details"": {""alpha"": 0.8, ""anchor_offset"": 0, ""entrypoint"": ""HFES+solve_RANGE"", ""fuzzy_threshold"": 0.8, ""input"": ""frozen_base_parts"", ""kmeans_replicates"": 3, ""lambda"": 0.1}, ""method"": ""RANGE"", ""schema"": ""psfce-v4-matlab-adapter-v1""}",v1
Leukemia,2,BKCC_V2,,formal,,YACHT,"{""alpha"": 0.99, ""anchor_offset"": 2, ""kmeans_replicates"": 3, ""theta"": 0.4, ""walk_order"": 20}",ok,72,2,20,0.54166666666666663,0.0206881490245698,-0.0099720855290546997,0.54086956521739138,11.648615500002052,,,,,,,,,,,,,,,,matlab,https://github.com/scu-kdde/YACHT.git,44cb0fc35b80ec17befa199879ac947fee15f464,2026-09-14,NOASSERTION,8bca8c3059788726464368cbe44d496c779f37aa4bc929df7fca3668be9139c1,62deb2b66b54ab18491847bd2cca81e375344bea0ab840d0da429a98100a165b,False,results\cache\official_baselines\YACHT\Leukemia__pool2__cfab72d32e6653fcefab54da7a7a58bea7683c0afe63684ec84451a9da0952fd.npz,"{""details"": {""alpha"": 0.99, ""anchor_offset"": 2, ""compatibility_patch"": ""paper walk order is parameterized; repository helper hard-codes 10"", ""entrypoint"": ""solve_YACHT"", ""input"": ""frozen_base_parts"", ""kmeans_replicates"": 3, ""theta"": 0.4, ""walk_order"": 20}, ""method"": ""YACHT"", ""schema"": ""psfce-v4-matlab-adapter-v1""}",v1
Leukemia2,0,NEW10,,formal,,CEHM,{},ok,72,3,20,0.52777777777777779,0.32195895498181498,0.1622627823753863,0.42758057935536509,11.581451399993966,,,,,,,,,,,,,,,,matlab,https://github.com/FeijiangLi/Code-k-HyperEdge-Medoids-for-Clustering-Ensemble-AAAI.git,29c22fb18e05eed67728eebcb29cd7e9133723f7,2026-09-14,NOASSERTION,a7d50fe0db885177cc43f70632ceac75e18a6a5a62b2d7460f31f74e471b48a6,44136fa355b3678a1146ad16f7e8649e94fb4fc21fe77e8310c060f61caaff8a,False,results\cache\official_baselines\CEHM\Leukemia2__pool0__2fd4cd5c483c5cf439306b5d757dc5b0c9fedddd9e2e589c348ea0efd6edad5d.npz,"{""details"": {""entrypoint"": ""CEHM"", ""input"": ""frozen_base_parts"", ""variant"": ""published""}, ""method"": ""CEHM"", ""schema"": ""psfce-v4-matlab-adapter-v1""}",v1
Leukemia2,0,NEW10,,formal,,RANGE,"{""alpha"": 0.8, ""anchor_offset"": 0, ""fuzzy_threshold"": 0.8, ""kmeans_replicates"": 3, ""lambda"": 0.1}",ok,72,3,20,0.66666666666666663,0.39913278889329928,0.3379064977217402,0.65891811269962541,12.069229000000632,,,,,,,,,,,,,,,,matlab,https://github.com/middle258/RANGE.git,85d93c54d72d500034d05b5ef131bd90630a3632,2026-09-14,NOASSERTION,a7d50fe0db885177cc43f70632ceac75e18a6a5a62b2d7460f31f74e471b48a6,768290a1f1c2f63f8babf657f4e5e2b4da610a7bbda77136d410d91af83ab12a,False,results\cache\official_baselines\RANGE\Leukemia2__pool0__885b2b6346eb78233919c48756b4b4f47ac692daddf4c36fbbbd14cf4a947093.npz,"{""details"": {""alpha"": 0.8, ""anchor_offset"": 0, ""entrypoint"": ""HFES+solve_RANGE"", ""fuzzy_threshold"": 0.8, ""input"": ""frozen_base_parts"", ""kmeans_replicates"": 3, ""lambda"": 0.1}, ""method"": ""RANGE"", ""schema"": ""psfce-v4-matlab-adapter-v1""}",v1
Leukemia2,0,NEW10,,formal,,YACHT,"{""alpha"": 0.99, ""anchor_offset"": 2, ""kmeans_replicates"": 3, ""theta"": 0.4, ""walk_order"": 20}",ok,72,3,20,0.65277777777777779,0.38672942870869459,0.31568564157198609,0.64733115468409586,11.362164399994072,,,,,,,,,,,,,,,,matlab,https://github.com/scu-kdde/YACHT.git,44cb0fc35b80ec17befa199879ac947fee15f464,2026-09-14,NOASSERTION,a7d50fe0db885177cc43f70632ceac75e18a6a5a62b2d7460f31f74e471b48a6,62deb2b66b54ab18491847bd2cca81e375344bea0ab840d0da429a98100a165b,False,results\cache\official_baselines\YACHT\Leukemia2__pool0__f1becb988f24cd11d322b81ce9cbf489ebf3803a0cd26a9edfbd0591c511f7db.npz,"{""details"": {""alpha"": 0.99, ""anchor_offset"": 2, ""compatibility_patch"": ""paper walk order is parameterized; repository helper hard-codes 10"", ""entrypoint"": ""solve_YACHT"", ""input"": ""frozen_base_parts"", ""kmeans_replicates"": 3, ""theta"": 0.4, ""walk_order"": 20}, ""method"": ""YACHT"", ""schema"": ""psfce-v4-matlab-adapter-v1""}",v1
Leukemia2,1,NEW10,,formal,,CEHM,{},ok,72,3,20,0.52777777777777779,0.32195895498181498,0.1622627823753863,0.42758057935536509,11.133940899992012,,,,,,,,,,,,,,,,matlab,https://github.com/FeijiangLi/Code-k-HyperEdge-Medoids-for-Clustering-Ensemble-AAAI.git,29c22fb18e05eed67728eebcb29cd7e9133723f7,2026-09-14,NOASSERTION,5324c02163658d1edf92bc375ebcaa40038c2bb7ae68a9aeff076fd90cc47681,44136fa355b3678a1146ad16f7e8649e94fb4fc21fe77e8310c060f61caaff8a,False,results\cache\official_baselines\CEHM\Leukemia2__pool1__51da6fe0193cbd28f772f5a0051d488e12a1892dbebc05abf24907b8834b7468.npz,"{""details"": {""entrypoint"": ""CEHM"", ""input"": ""frozen_base_parts"", ""variant"": ""published""}, ""method"": ""CEHM"", ""schema"": ""psfce-v4-matlab-adapter-v1""}",v1
Leukemia2,1,NEW10,,formal,,RANGE,"{""alpha"": 0.8, ""anchor_offset"": 0, ""fuzzy_threshold"": 0.8, ""kmeans_replicates"": 3, ""lambda"": 0.1}",ok,72,3,20,0.63888888888888884,0.37545689379288549,0.29570953444472869,0.63554080281511305,11.876242100013769,,,,,,,,,,,,,,,,matlab,https://github.com/middle258/RANGE.git,85d93c54d72d500034d05b5ef131bd90630a3632,2026-09-14,NOASSERTION,5324c02163658d1edf92bc375ebcaa40038c2bb7ae68a9aeff076fd90cc47681,768290a1f1c2f63f8babf657f4e5e2b4da610a7bbda77136d410d91af83ab12a,False,results\cache\official_baselines\RANGE\Leukemia2__pool1__1e47f6b3e1bdfe09837c418972e3aebbbb9d1419faeb22488c2b610f3c9d99bb.npz,"{""details"": {""alpha"": 0.8, ""anchor_offset"": 0, ""entrypoint"": ""HFES+solve_RANGE"", ""fuzzy_threshold"": 0.8, ""input"": ""frozen_base_parts"", ""kmeans_replicates"": 3, ""lambda"": 0.1}, ""method"": ""RANGE"", ""schema"": ""psfce-v4-matlab-adapter-v1""}",v1
Leukemia2,1,NEW10,,formal,,YACHT,"{""alpha"": 0.99, ""anchor_offset"": 2, ""kmeans_replicates"": 3, ""theta"": 0.4, ""walk_order"": 20}",ok,72,3,20,0.65277777777777779,0.28496589410055911,0.24687905013322331,0.64420803782505909,12.513620100013211,,,,,,,,,,,,,,,,matlab,https://github.com/scu-kdde/YACHT.git,44cb0fc35b80ec17befa199879ac947fee15f464,2026-09-14,NOASSERTION,5324c02163658d1edf92bc375ebcaa40038c2bb7ae68a9aeff076fd90cc47681,62deb2b66b54ab18491847bd2cca81e375344bea0ab840d0da429a98100a165b,False,results\cache\official_baselines\YACHT\Leukemia2__pool1__4bb35cfbbcf3821c22ca74364eaa4f638c107aa26e3ba4a05d28f9a7241a70aa.npz,"{""details"": {""alpha"": 0.99, ""anchor_offset"": 2, ""compatibility_patch"": ""paper walk order is parameterized; repository helper hard-codes 10"", ""entrypoint"": ""solve_YACHT"", ""input"": ""frozen_base_parts"", ""kmeans_replicates"": 3, ""theta"": 0.4, ""walk_order"": 20}, ""method"": ""YACHT"", ""schema"": ""psfce-v4-matlab-adapter-v1""}",v1
Leukemia2,2,NEW10,,formal,,CEHM,{},ok,72,3,20,0.59722222222222221,0.45500293739228281,0.32995510789888077,0.4892410015649451,11.220656999998027,,,,,,,,,,,,,,,,matlab,https://github.com/FeijiangLi/Code-k-HyperEdge-Medoids-for-Clustering-Ensemble-AAAI.git,29c22fb18e05eed67728eebcb29cd7e9133723f7,2026-09-14,NOASSERTION,6f2890c7af16d64f162ae5bee8b03b1c30f3171a72ae0344b91fc107f0ff76f5,44136fa355b3678a1146ad16f7e8649e94fb4fc21fe77e8310c060f61caaff8a,False,results\cache\official_baselines\CEHM\Leukemia2__pool2__e0f9dcee64bd813241f6f06f41c108e5a53b271364cc59ac77d9f576a8df1633.npz,"{""details"": {""entrypoint"": ""CEHM"", ""input"": ""frozen_base_parts"", ""variant"": ""published""}, ""method"": ""CEHM"", ""schema"": ""psfce-v4-matlab-adapter-v1""}",v1
Leukemia2,2,NEW10,,formal,,RANGE,"{""alpha"": 0.8, ""anchor_offset"": 0, ""fuzzy_threshold"": 0.8, ""kmeans_replicates"": 3, ""lambda"": 0.1}",ok,72,3,20,0.66666666666666663,0.3167019153909561,0.2907041199635223,0.65695732838589982,12.595265399999334,,,,,,,,,,,,,,,,matlab,https://github.com/middle258/RANGE.git,85d93c54d72d500034d05b5ef131bd90630a3632,2026-09-14,NOASSERTION,6f2890c7af16d64f162ae5bee8b03b1c30f3171a72ae0344b91fc107f0ff76f5,768290a1f1c2f63f8babf657f4e5e2b4da610a7bbda77136d410d91af83ab12a,False,results\cache\official_baselines\RANGE\Leukemia2__pool2__37ac4cc1ef370bcf1f380141d300d9b5245775e71850f7874c45b731ec89934b.npz,"{""details"": {""alpha"": 0.8, ""anchor_offset"": 0, ""entrypoint"": ""HFES+solve_RANGE"", ""fuzzy_threshold"": 0.8, ""input"": ""frozen_base_parts"", ""kmeans_replicates"": 3, ""lambda"": 0.1}, ""method"": ""RANGE"", ""schema"": ""psfce-v4-matlab-adapter-v1""}",v1
Leukemia2,2,NEW10,,formal,,YACHT,"{""alpha"": 0.99, ""anchor_offset"": 2, ""kmeans_replicates"": 3, ""theta"": 0.4, ""walk_order"": 20}",ok,72,3,20,0.58333333333333337,0.33945360816882991,0.23860355989042711,0.58568171454628359,11.918838500001584,,,,,,,,,,,,,,,,matlab,https://github.com/scu-kdde/YACHT.git,44cb0fc35b80ec17befa199879ac947fee15f464,2026-09-14,NOASSERTION,6f2890c7af16d64f162ae5bee8b03b1c30f3171a72ae0344b91fc107f0ff76f5,62deb2b66b54ab18491847bd2cca81e375344bea0ab840d0da429a98100a165b,False,results\cache\official_baselines\YACHT\Leukemia2__pool2__d1ea64f956033cf724cef92a47124572615debe46fa57a07093b64521de003c3.npz,"{""details"": {""alpha"": 0.99, ""anchor_offset"": 2, ""compatibility_patch"": ""paper walk order is parameterized; repository helper hard-codes 10"", ""entrypoint"": ""solve_YACHT"", ""input"": ""frozen_base_parts"", ""kmeans_replicates"": 3, ""theta"": 0.4, ""walk_order"": 20}, ""method"": ""YACHT"", ""schema"": ""psfce-v4-matlab-adapter-v1""}",v1
MFeat-pix,0,BKCC_V2,,formal,,CEHM,{},ok,2000,10,20,0.75749999999999995,0.77069876215974364,0.65978181374539691,0.73198277234886822,12.417700100006186,,,,,,,,,,,,,,,,matlab,https://github.com/FeijiangLi/Code-k-HyperEdge-Medoids-for-Clustering-Ensemble-AAAI.git,29c22fb18e05eed67728eebcb29cd7e9133723f7,2026-09-14,NOASSERTION,2af26b9b1718d2bda5287c269e4e597dc61ee28fd0eae90ef563f199ff666579,44136fa355b3678a1146ad16f7e8649e94fb4fc21fe77e8310c060f61caaff8a,False,results\cache\official_baselines\CEHM\MFeat-pix__pool0__df096abb4e57301d9353db6c02356ced6b02e06c0e4aa37910d28aa410910301.npz,"{""details"": {""entrypoint"": ""CEHM"", ""input"": ""frozen_base_parts"", ""variant"": ""published""}, ""method"": ""CEHM"", ""schema"": ""psfce-v4-matlab-adapter-v1""}",v1
MFeat-pix,0,BKCC_V2,,formal,,RANGE,"{""alpha"": 0.8, ""anchor_offset"": 0, ""fuzzy_threshold"": 0.8, ""kmeans_replicates"": 3, ""lambda"": 0.1}",ok,2000,10,20,0.80800000000000005,0.75204770368824703,0.66944505791139453,0.81279868654874932,13.535099400003674,,,,,,,,,,,,,,,,matlab,https://github.com/middle258/RANGE.git,85d93c54d72d500034d05b5ef131bd90630a3632,2026-09-14,NOASSERTION,2af26b9b1718d2bda5287c269e4e597dc61ee28fd0eae90ef563f199ff666579,768290a1f1c2f63f8babf657f4e5e2b4da610a7bbda77136d410d91af83ab12a,False,results\cache\official_baselines\RANGE\MFeat-pix__pool0__285959534f4416b874081ef0841e3fa411fd368f9845bd575a8d12c321463a6a.npz,"{""details"": {""alpha"": 0.8, ""anchor_offset"": 0, ""entrypoint"": ""HFES+solve_RANGE"", ""fuzzy_threshold"": 0.8, ""input"": ""frozen_base_parts"", ""kmeans_replicates"": 3, ""lambda"": 0.1}, ""method"": ""RANGE"", ""schema"": ""psfce-v4-matlab-adapter-v1""}",v1
MFeat-pix,0,BKCC_V2,,formal,,YACHT,"{""alpha"": 0.99, ""anchor_offset"": 2, ""kmeans_replicates"": 3, ""theta"": 0.4, ""walk_order"": 20}",ok,2000,10,20,0.71299999999999997,0.71527824212417712,0.59848412405544982,0.70955829424525507,13.068413899993176,,,,,,,,,,,,,,,,matlab,https://github.com/scu-kdde/YACHT.git,44cb0fc35b80ec17befa199879ac947fee15f464,2026-09-14,NOASSERTION,2af26b9b1718d2bda5287c269e4e597dc61ee28fd0eae90ef563f199ff666579,62deb2b66b54ab18491847bd2cca81e375344bea0ab840d0da429a98100a165b,False,results\cache\official_baselines\YACHT\MFeat-pix__pool0__9767e0ef4f4cccbde1b70828e530864d38af1fc6efdfd6f169e75670f18d04ca.npz,"{""details"": {""alpha"": 0.99, ""anchor_offset"": 2, ""compatibility_patch"": ""paper walk order is parameterized; repository helper hard-codes 10"", ""entrypoint"": ""solve_YACHT"", ""input"": ""frozen_base_parts"", ""kmeans_replicates"": 3, ""theta"": 0.4, ""walk_order"": 20}, ""method"": ""YACHT"", ""schema"": ""psfce-v4-matlab-adapter-v1""}",v1
MFeat-pix,1,BKCC_V2,,formal,,CEHM,{},ok,2000,10,20,0.87,0.81528325622070952,0.76248632410000716,0.86853245887075503,12.302490999994916,,,,,,,,,,,,,,,,matlab,https://github.com/FeijiangLi/Code-k-HyperEdge-Medoids-for-Clustering-Ensemble-AAAI.git,29c22fb18e05eed67728eebcb29cd7e9133723f7,2026-09-14,NOASSERTION,7276fe905eb60efbce3e9e962ebf78037e4e57779bb54176a00b85e45295c360,44136fa355b3678a1146ad16f7e8649e94fb4fc21fe77e8310c060f61caaff8a,False,results\cache\official_baselines\CEHM\MFeat-pix__pool1__eaa962d56fcab1ec4672d88d93fb4608fc0dd22fa7a3da956f94e97a1d8ced9f.npz,"{""details"": {""entrypoint"": ""CEHM"", ""input"": ""frozen_base_parts"", ""variant"": ""published""}, ""method"": ""CEHM"", ""schema"": ""psfce-v4-matlab-adapter-v1""}",v1
MFeat-pix,1,BKCC_V2,,formal,,RANGE,"{""alpha"": 0.8, ""anchor_offset"": 0, ""fuzzy_threshold"": 0.8, ""kmeans_replicates"": 3, ""lambda"": 0.1}",ok,2000,10,20,0.85599999999999998,0.79056582294477651,0.7304449012980484,0.85403170957168228,13.985801799994078,,,,,,,,,,,,,,,,matlab,https://github.com/middle258/RANGE.git,85d93c54d72d500034d05b5ef131bd90630a3632,2026-09-14,NOASSERTION,7276fe905eb60efbce3e9e962ebf78037e4e57779bb54176a00b85e45295c360,768290a1f1c2f63f8babf657f4e5e2b4da610a7bbda77136d410d91af83ab12a,False,results\cache\official_baselines\RANGE\MFeat-pix__pool1__9d6dbeb73ab691bb2c35987ff725d72e51b89be059b6ec5f2092dd6cc0fcc94d.npz,"{""details"": {""alpha"": 0.8, ""anchor_offset"": 0, ""entrypoint"": ""HFES+solve_RANGE"", ""fuzzy_threshold"": 0.8, ""input"": ""frozen_base_parts"", ""kmeans_replicates"": 3, ""lambda"": 0.1}, ""method"": ""RANGE"", ""schema"": ""psfce-v4-matlab-adapter-v1""}",v1
MFeat-pix,1,BKCC_V2,,formal,,YACHT,"{""alpha"": 0.99, ""anchor_offset"": 2, ""kmeans_replicates"": 3, ""theta"": 0.4, ""walk_order"": 20}",ok,2000,10,20,0.75549999999999995,0.75381772641915901,0.66059693271288555,0.73614826320676019,12.841385399995488,,,,,,,,,,,,,,,,matlab,https://github.com/scu-kdde/YACHT.git,44cb0fc35b80ec17befa199879ac947fee15f464,2026-09-14,NOASSERTION,7276fe905eb60efbce3e9e962ebf78037e4e57779bb54176a00b85e45295c360,62deb2b66b54ab18491847bd2cca81e375344bea0ab840d0da429a98100a165b,False,results\cache\official_baselines\YACHT\MFeat-pix__pool1__b6b4addc7929e7b564b8998311cd7fbd3090dfc0713c47a54879fd9e7cae4893.npz,"{""details"": {""alpha"": 0.99, ""anchor_offset"": 2, ""compatibility_patch"": ""paper walk order is parameterized; repository helper hard-codes 10"", ""entrypoint"": ""solve_YACHT"", ""input"": ""frozen_base_parts"", ""kmeans_replicates"": 3, ""theta"": 0.4, ""walk_order"": 20}, ""method"": ""YACHT"", ""schema"": ""psfce-v4-matlab-adapter-v1""}",v1
MFeat-pix,2,BKCC_V2,,formal,,CEHM,{},ok,2000,10,20,0.73850000000000005,0.79753893914263663,0.68264453750622822,0.69081554811439116,12.120675800004392,,,,,,,,,,,,,,,,matlab,https://github.com/FeijiangLi/Code-k-HyperEdge-Medoids-for-Clustering-Ensemble-AAAI.git,29c22fb18e05eed67728eebcb29cd7e9133723f7,2026-09-14,NOASSERTION,3ff7ebef55e27bb0caeba93c6e008605c9b554820ad6b5b2756bc1d3aaecd191,44136fa355b3678a1146ad16f7e8649e94fb4fc21fe77e8310c060f61caaff8a,False,results\cache\official_baselines\CEHM\MFeat-pix__pool2__bad3129a10c44b27c3e0ba0d17fba5305276278f661f05c4ab9f175ab7281435.npz,"{""details"": {""entrypoint"": ""CEHM"", ""input"": ""frozen_base_parts"", ""variant"": ""published""}, ""method"": ""CEHM"", ""schema"": ""psfce-v4-matlab-adapter-v1""}",v1
MFeat-pix,2,BKCC_V2,,formal,,RANGE,"{""alpha"": 0.8, ""anchor_offset"": 0, ""fuzzy_threshold"": 0.8, ""kmeans_replicates"": 3, ""lambda"": 0.1}",ok,2000,10,20,0.81299999999999994,0.76412135567624884,0.68496084736260332,0.81490286196334938,13.631150800007164,,,,,,,,,,,,,,,,matlab,https://github.com/middle258/RANGE.git,85d93c54d72d500034d05b5ef131bd90630a3632,2026-09-14,NOASSERTION,3ff7ebef55e27bb0caeba93c6e008605c9b554820ad6b5b2756bc1d3aaecd191,768290a1f1c2f63f8babf657f4e5e2b4da610a7bbda77136d410d91af83ab12a,False,results\cache\official_baselines\RANGE\MFeat-pix__pool2__3e632910ca1f94b67899fa2ef0d8210d6bb6bce2c06379583a076223ae9d8ccb.npz,"{""details"": {""alpha"": 0.8, ""anchor_offset"": 0, ""entrypoint"": ""HFES+solve_RANGE"", ""fuzzy_threshold"": 0.8, ""input"": ""frozen_base_parts"", ""kmeans_replicates"": 3, ""lambda"": 0.1}, ""method"": ""RANGE"", ""schema"": ""psfce-v4-matlab-adapter-v1""}",v1
MFeat-pix,2,BKCC_V2,,formal,,YACHT,"{""alpha"": 0.99, ""anchor_offset"": 2, ""kmeans_replicates"": 3, ""theta"": 0.4, ""walk_order"": 20}",ok,2000,10,20,0.67100000000000004,0.67211785228556797,0.51578527010907083,0.66846098540286647,12.85132000000158,,,,,,,,,,,,,,,,matlab,https://github.com/scu-kdde/YACHT.git,44cb0fc35b80ec17befa199879ac947fee15f464,2026-09-14,NOASSERTION,3ff7ebef55e27bb0caeba93c6e008605c9b554820ad6b5b2756bc1d3aaecd191,62deb2b66b54ab18491847bd2cca81e375344bea0ab840d0da429a98100a165b,False,results\cache\official_baselines\YACHT\MFeat-pix__pool2__52ce5d1064366e82b0fd813df9b7f191e5c1be8f0ef557da3e2d93e29da27243.npz,"{""details"": {""alpha"": 0.99, ""anchor_offset"": 2, ""compatibility_patch"": ""paper walk order is parameterized; repository helper hard-codes 10"", ""entrypoint"": ""solve_YACHT"", ""input"": ""frozen_base_parts"", ""kmeans_replicates"": 3, ""theta"": 0.4, ""walk_order"": 20}, ""method"": ""YACHT"", ""schema"": ""psfce-v4-matlab-adapter-v1""}",v1
MSRC-v1,0,TEXT_MV,,formal,,CEHM,{},ok,210,7,20,0.14285714285714279,0,0,0.035714285714285698,11.770257500000298,,,,,,,,,,,,,,,,matlab,https://github.com/FeijiangLi/Code-k-HyperEdge-Medoids-for-Clustering-Ensemble-AAAI.git,29c22fb18e05eed67728eebcb29cd7e9133723f7,2026-09-14,NOASSERTION,a1b29b4bd524e82aae4fb01522e1e74f0a7b8fbf29d67b292fb2f4feec8c371e,44136fa355b3678a1146ad16f7e8649e94fb4fc21fe77e8310c060f61caaff8a,False,results\cache\official_baselines\CEHM\MSRC-v1__pool0__991e835f59d25aea1b1c3ac2dad549522e1feefd0378180f3d9bea4c7e72fa45.npz,"{""details"": {""entrypoint"": ""CEHM"", ""input"": ""frozen_base_parts"", ""variant"": ""published""}, ""method"": ""CEHM"", ""schema"": ""psfce-v4-matlab-adapter-v1""}",v1
MSRC-v1,0,TEXT_MV,,formal,,RANGE,"{""alpha"": 0.8, ""anchor_offset"": 0, ""fuzzy_threshold"": 0.8, ""kmeans_replicates"": 3, ""lambda"": 0.1}",ok,210,7,20,0.69523809523809521,0.62995137919259647,0.51714639807438822,0.68598333739605588,12.300430400006007,,,,,,,,,,,,,,,,matlab,https://github.com/middle258/RANGE.git,85d93c54d72d500034d05b5ef131bd90630a3632,2026-09-14,NOASSERTION,a1b29b4bd524e82aae4fb01522e1e74f0a7b8fbf29d67b292fb2f4feec8c371e,768290a1f1c2f63f8babf657f4e5e2b4da610a7bbda77136d410d91af83ab12a,False,results\cache\official_baselines\RANGE\MSRC-v1__pool0__50eabe8f45465ba2ee8246df6695fa09093854a7aacff4e74db7bacb207c1f4f.npz,"{""details"": {""alpha"": 0.8, ""anchor_offset"": 0, ""entrypoint"": ""HFES+solve_RANGE"", ""fuzzy_threshold"": 0.8, ""input"": ""frozen_base_parts"", ""kmeans_replicates"": 3, ""lambda"": 0.1}, ""method"": ""RANGE"", ""schema"": ""psfce-v4-matlab-adapter-v1""}",v1
MSRC-v1,0,TEXT_MV,,formal,,YACHT,"{""alpha"": 0.99, ""anchor_offset"": 2, ""kmeans_replicates"": 3, ""theta"": 0.4, ""walk_order"": 20}",ok,210,7,20,0.76190476190476186,0.66419055195523558,0.57822401168815729,0.75585879190713179,11.667866599993433,,,,,,,,,,,,,,,,matlab,https://github.com/scu-kdde/YACHT.git,44cb0fc35b80ec17befa199879ac947fee15f464,2026-09-14,NOASSERTION,a1b29b4bd524e82aae4fb01522e1e74f0a7b8fbf29d67b292fb2f4feec8c371e,62deb2b66b54ab18491847bd2cca81e375344bea0ab840d0da429a98100a165b,False,results\cache\official_baselines\YACHT\MSRC-v1__pool0__125b6d96b96c6a3a88d5b972684e35f72c0c1c4c183c92f223c633953eecf59d.npz,"{""details"": {""alpha"": 0.99, ""anchor_offset"": 2, ""compatibility_patch"": ""paper walk order is parameterized; repository helper hard-codes 10"", ""entrypoint"": ""solve_YACHT"", ""input"": ""frozen_base_parts"", ""kmeans_replicates"": 3, ""theta"": 0.4, ""walk_order"": 20}, ""method"": ""YACHT"", ""schema"": ""psfce-v4-matlab-adapter-v1""}",v1
MSRC-v1,1,TEXT_MV,,formal,,CEHM,{},ok,210,7,20,0.68095238095238098,0.64038207669816138,0.5055544830158798,0.63428026609302968,11.611145699993358,,,,,,,,,,,,,,,,matlab,https://github.com/FeijiangLi/Code-k-HyperEdge-Medoids-for-Clustering-Ensemble-AAAI.git,29c22fb18e05eed67728eebcb29cd7e9133723f7,2026-09-14,NOASSERTION,320478f6263429f94eddede7875620d07124792bbeeac08e6320f297328b8842,44136fa355b3678a1146ad16f7e8649e94fb4fc21fe77e8310c060f61caaff8a,False,results\cache\official_baselines\CEHM\MSRC-v1__pool1__98bd2d241d48293c12842ab44274da010c25d9bda8fe6ba139a86b872e5d2569.npz,"{""details"": {""entrypoint"": ""CEHM"", ""input"": ""frozen_base_parts"", ""variant"": ""published""}, ""method"": ""CEHM"", ""schema"": ""psfce-v4-matlab-adapter-v1""}",v1
MSRC-v1,1,TEXT_MV,,formal,,RANGE,"{""alpha"": 0.8, ""anchor_offset"": 0, ""fuzzy_threshold"": 0.8, ""kmeans_replicates"": 3, ""lambda"": 0.1}",ok,210,7,20,0.73333333333333328,0.63558608315559717,0.55852167202967951,0.72259033421230279,12.509257300000172,,,,,,,,,,,,,,,,matlab,https://github.com/middle258/RANGE.git,85d93c54d72d500034d05b5ef131bd90630a3632,2026-09-14,NOASSERTION,320478f6263429f94eddede7875620d07124792bbeeac08e6320f297328b8842,768290a1f1c2f63f8babf657f4e5e2b4da610a7bbda77136d410d91af83ab12a,False,results\cache\official_baselines\RANGE\MSRC-v1__pool1__b92447445688e593ffbcca83af3559aa4b357ac0573192970c2777cebfc12efc.npz,"{""details"": {""alpha"": 0.8, ""anchor_offset"": 0, ""entrypoint"": ""HFES+solve_RANGE"", ""fuzzy_threshold"": 0.8, ""input"": ""frozen_base_parts"", ""kmeans_replicates"": 3, ""lambda"": 0.1}, ""method"": ""RANGE"", ""schema"": ""psfce-v4-matlab-adapter-v1""}",v1
MSRC-v1,1,TEXT_MV,,formal,,YACHT,"{""alpha"": 0.99, ""anchor_offset"": 2, ""kmeans_replicates"": 3, ""theta"": 0.4, ""walk_order"": 20}",ok,210,7,20,0.65238095238095239,0.5614749080406044,0.46036066598935133,0.63946480525667904,11.604024999993271,,,,,,,,,,,,,,,,matlab,https://github.com/scu-kdde/YACHT.git,44cb0fc35b80ec17befa199879ac947fee15f464,2026-09-14,NOASSERTION,320478f6263429f94eddede7875620d07124792bbeeac08e6320f297328b8842,62deb2b66b54ab18491847bd2cca81e375344bea0ab840d0da429a98100a165b,False,results\cache\official_baselines\YACHT\MSRC-v1__pool1__32b2870a67ac36f9cb5b34e9514168fe7760ea023113f28d815e6ee5848c98bf.npz,"{""details"": {""alpha"": 0.99, ""anchor_offset"": 2, ""compatibility_patch"": ""paper walk order is parameterized; repository helper hard-codes 10"", ""entrypoint"": ""solve_YACHT"", ""input"": ""frozen_base_parts"", ""kmeans_replicates"": 3, ""theta"": 0.4, ""walk_order"": 20}, ""method"": ""YACHT"", ""schema"": ""psfce-v4-matlab-adapter-v1""}",v1
MSRC-v1,2,TEXT_MV,,formal,,CEHM,{},ok,210,7,20,0.39523809523809522,0.4724791201823928,0.17648206163588659,0.31154629951786861,11.70099389999814,,,,,,,,,,,,,,,,matlab,https://github.com/FeijiangLi/Code-k-HyperEdge-Medoids-for-Clustering-Ensemble-AAAI.git,29c22fb18e05eed67728eebcb29cd7e9133723f7,2026-09-14,NOASSERTION,06da2d909c791132b679869d9d1690904a9c8ad01711c1cb19a734ac8061eb6b,44136fa355b3678a1146ad16f7e8649e94fb4fc21fe77e8310c060f61caaff8a,False,results\cache\official_baselines\CEHM\MSRC-v1__pool2__4c2bd49e7ada87f403913c89ec74415b11cde325d02152f9adc99fb58b0583b0.npz,"{""details"": {""entrypoint"": ""CEHM"", ""input"": ""frozen_base_parts"", ""variant"": ""published""}, ""method"": ""CEHM"", ""schema"": ""psfce-v4-matlab-adapter-v1""}",v1
MSRC-v1,2,TEXT_MV,,formal,,RANGE,"{""alpha"": 0.8, ""anchor_offset"": 0, ""fuzzy_threshold"": 0.8, ""kmeans_replicates"": 3, ""lambda"": 0.1}",ok,210,7,20,0.68571428571428572,0.61833024857391194,0.51936298984443641,0.6799124247400109,12.407984799996484,,,,,,,,,,,,,,,,matlab,https://github.com/middle258/RANGE.git,85d93c54d72d500034d05b5ef131bd90630a3632,2026-09-14,NOASSERTION,06da2d909c791132b679869d9d1690904a9c8ad01711c1cb19a734ac8061eb6b,768290a1f1c2f63f8babf657f4e5e2b4da610a7bbda77136d410d91af83ab12a,False,results\cache\official_baselines\RANGE\MSRC-v1__pool2__7b0652e7cc4fc81628c48e8d67d03e4fee6f23663d112bb6daa21b093144ab6a.npz,"{""details"": {""alpha"": 0.8, ""anchor_offset"": 0, ""entrypoint"": ""HFES+solve_RANGE"", ""fuzzy_threshold"": 0.8, ""input"": ""frozen_base_parts"", ""kmeans_replicates"": 3, ""lambda"": 0.1}, ""method"": ""RANGE"", ""schema"": ""psfce-v4-matlab-adapter-v1""}",v1
MSRC-v1,2,TEXT_MV,,formal,,YACHT,"{""alpha"": 0.99, ""anchor_offset"": 2, ""kmeans_replicates"": 3, ""theta"": 0.4, ""walk_order"": 20}",ok,210,7,20,0.71904761904761905,0.65177363549273015,0.57591610722165787,0.70761120599830274,12.408704900008161,,,,,,,,,,,,,,,,matlab,https://github.com/scu-kdde/YACHT.git,44cb0fc35b80ec17befa199879ac947fee15f464,2026-09-14,NOASSERTION,06da2d909c791132b679869d9d1690904a9c8ad01711c1cb19a734ac8061eb6b,62deb2b66b54ab18491847bd2cca81e375344bea0ab840d0da429a98100a165b,False,results\cache\official_baselines\YACHT\MSRC-v1__pool2__c723de968796decd46726ac96cdb15c2cf3f4b9d5c479b67ac80c04c335e69c1.npz,"{""details"": {""alpha"": 0.99, ""anchor_offset"": 2, ""compatibility_patch"": ""paper walk order is parameterized; repository helper hard-codes 10"", ""entrypoint"": ""solve_YACHT"", ""input"": ""frozen_base_parts"", ""kmeans_replicates"": 3, ""theta"": 0.4, ""walk_order"": 20}, ""method"": ""YACHT"", ""schema"": ""psfce-v4-matlab-adapter-v1""}",v1
Movies617,0,CONTENT_RELATION_8,,formal,,CEHM,{},ok,617,17,20,0.074554294975688801,0,0,0.0081625410345133008,11.684769700004836,,,,,,,,,,,,,,,,matlab,https://github.com/FeijiangLi/Code-k-HyperEdge-Medoids-for-Clustering-Ensemble-AAAI.git,29c22fb18e05eed67728eebcb29cd7e9133723f7,2026-09-14,NOASSERTION,e9202b0ab2382c00139055623ee489a52a80a525ddb036b1b228f5b350f04e35,44136fa355b3678a1146ad16f7e8649e94fb4fc21fe77e8310c060f61caaff8a,False,results\cache\official_baselines\CEHM\Movies617__pool0__b82a79e03bc7b2ac36908152840cec3bd4e4a41f5a374dd79d883cf700247c8b.npz,"{""details"": {""entrypoint"": ""CEHM"", ""input"": ""frozen_base_parts"", ""variant"": ""published""}, ""method"": ""CEHM"", ""schema"": ""psfce-v4-matlab-adapter-v1""}",v1
Movies617,0,CONTENT_RELATION_8,,formal,,RANGE,"{""alpha"": 0.8, ""anchor_offset"": 0, ""fuzzy_threshold"": 0.8, ""kmeans_replicates"": 3, ""lambda"": 0.1}",ok,617,17,20,0.21393841166936789,0.1810450571266973,0.0588876641555778,0.2129271975208257,13.635727200002291,,,,,,,,,,,,,,,,matlab,https://github.com/middle258/RANGE.git,85d93c54d72d500034d05b5ef131bd90630a3632,2026-09-14,NOASSERTION,e9202b0ab2382c00139055623ee489a52a80a525ddb036b1b228f5b350f04e35,768290a1f1c2f63f8babf657f4e5e2b4da610a7bbda77136d410d91af83ab12a,False,results\cache\official_baselines\RANGE\Movies617__pool0__58d11b771c3f2066add24c86b03175c3ed4303214c874a4a3d27bc33a31efb58.npz,"{""details"": {""alpha"": 0.8, ""anchor_offset"": 0, ""entrypoint"": ""HFES+solve_RANGE"", ""fuzzy_threshold"": 0.8, ""input"": ""frozen_base_parts"", ""kmeans_replicates"": 3, ""lambda"": 0.1}, ""method"": ""RANGE"", ""schema"": ""psfce-v4-matlab-adapter-v1""}",v1
Movies617,0,CONTENT_RELATION_8,,formal,,YACHT,"{""alpha"": 0.99, ""anchor_offset"": 2, ""kmeans_replicates"": 3, ""theta"": 0.4, ""walk_order"": 20}",ok,617,17,20,0.233387358184765,0.19920698289537289,0.071220304613857102,0.22283087424657411,13.155695399997056,,,,,,,,,,,,,,,,matlab,https://github.com/scu-kdde/YACHT.git,44cb0fc35b80ec17befa199879ac947fee15f464,2026-09-14,NOASSERTION,e9202b0ab2382c00139055623ee489a52a80a525ddb036b1b228f5b350f04e35,62deb2b66b54ab18491847bd2cca81e375344bea0ab840d0da429a98100a165b,False,results\cache\official_baselines\YACHT\Movies617__pool0__cec4ee80c4180f69d09d29bbc555de8d4755e5668e429ca70abc9c56a1d74b8a.npz,"{""details"": {""alpha"": 0.99, ""anchor_offset"": 2, ""compatibility_patch"": ""paper walk order is parameterized; repository helper hard-codes 10"", ""entrypoint"": ""solve_YACHT"", ""input"": ""frozen_base_parts"", ""kmeans_replicates"": 3, ""theta"": 0.4, ""walk_order"": 20}, ""method"": ""YACHT"", ""schema"": ""psfce-v4-matlab-adapter-v1""}",v1
Movies617,1,CONTENT_RELATION_8,,formal,,CEHM,{},ok,617,17,20,0.074554294975688801,0,0,0.0081625410345133008,12.238454999998794,,,,,,,,,,,,,,,,matlab,https://github.com/FeijiangLi/Code-k-HyperEdge-Medoids-for-Clustering-Ensemble-AAAI.git,29c22fb18e05eed67728eebcb29cd7e9133723f7,2026-09-14,NOASSERTION,67caf53ddce95322cc55640c084ffcd73af3648f89d1c6579b7a6764cc3a8f05,44136fa355b3678a1146ad16f7e8649e94fb4fc21fe77e8310c060f61caaff8a,False,results\cache\official_baselines\CEHM\Movies617__pool1__ea0906c37ac039469522cdc453d7a1f5f5396ee6be021b0197ef6fccc51f9b4d.npz,"{""details"": {""entrypoint"": ""CEHM"", ""input"": ""frozen_base_parts"", ""variant"": ""published""}, ""method"": ""CEHM"", ""schema"": ""psfce-v4-matlab-adapter-v1""}",v1
Movies617,1,CONTENT_RELATION_8,,formal,,RANGE,"{""alpha"": 0.8, ""anchor_offset"": 0, ""fuzzy_threshold"": 0.8, ""kmeans_replicates"": 3, ""lambda"": 0.1}",ok,617,17,20,0.19935170178282011,0.17932114649945249,0.051898889167086397,0.18810663971432709,13.471944799995979,,,,,,,,,,,,,,,,matlab,https://github.com/middle258/RANGE.git,85d93c54d72d500034d05b5ef131bd90630a3632,2026-09-14,NOASSERTION,67caf53ddce95322cc55640c084ffcd73af3648f89d1c6579b7a6764cc3a8f05,768290a1f1c2f63f8babf657f4e5e2b4da610a7bbda77136d410d91af83ab12a,False,results\cache\official_baselines\RANGE\Movies617__pool1__3c8bb25e25e145fb3c602cca1620cdade3e3c369714cbdc87168252dab638c2c.npz,"{""details"": {""alpha"": 0.8, ""anchor_offset"": 0, ""entrypoint"": ""HFES+solve_RANGE"", ""fuzzy_threshold"": 0.8, ""input"": ""frozen_base_parts"", ""kmeans_replicates"": 3, ""lambda"": 0.1}, ""method"": ""RANGE"", ""schema"": ""psfce-v4-matlab-adapter-v1""}",v1
Movies617,1,CONTENT_RELATION_8,,formal,,YACHT,"{""alpha"": 0.99, ""anchor_offset"": 2, ""kmeans_replicates"": 3, ""theta"": 0.4, ""walk_order"": 20}",ok,617,17,20,0.2009724473257698,0.16450786075205739,0.045768447481767199,0.19059283196424601,12.458585000000312,,,,,,,,,,,,,,,,matlab,https://github.com/scu-kdde/YACHT.git,44cb0fc35b80ec17befa199879ac947fee15f464,2026-09-14,NOASSERTION,67caf53ddce95322cc55640c084ffcd73af3648f89d1c6579b7a6764cc3a8f05,62deb2b66b54ab18491847bd2cca81e375344bea0ab840d0da429a98100a165b,False,results\cache\official_baselines\YACHT\Movies617__pool1__fd1c7e28f8c1ef2ac30cd1a86bdedc8841c0edf2cc0cede059b2a20ea5ea9bbf.npz,"{""details"": {""alpha"": 0.99, ""anchor_offset"": 2, ""compatibility_patch"": ""paper walk order is parameterized; repository helper hard-codes 10"", ""entrypoint"": ""solve_YACHT"", ""input"": ""frozen_base_parts"", ""kmeans_replicates"": 3, ""theta"": 0.4, ""walk_order"": 20}, ""method"": ""YACHT"", ""schema"": ""psfce-v4-matlab-adapter-v1""}",v1
Movies617,2,CONTENT_RELATION_8,,formal,,CEHM,{},ok,617,17,20,0.074554294975688801,0,0,0.0081625410345133008,12.425548300001536,,,,,,,,,,,,,,,,matlab,https://github.com/FeijiangLi/Code-k-HyperEdge-Medoids-for-Clustering-Ensemble-AAAI.git,29c22fb18e05eed67728eebcb29cd7e9133723f7,2026-09-14,NOASSERTION,e09a1dfbd49cc13fa8c7c70877221fe504d1047d59f9780bb2e1261e3f9e19ce,44136fa355b3678a1146ad16f7e8649e94fb4fc21fe77e8310c060f61caaff8a,False,results\cache\official_baselines\CEHM\Movies617__pool2__990ed93459e7449540c3dc90b16b2a74898f7509d4c707c458e616d8154f4ce2.npz,"{""details"": {""entrypoint"": ""CEHM"", ""input"": ""frozen_base_parts"", ""variant"": ""published""}, ""method"": ""CEHM"", ""schema"": ""psfce-v4-matlab-adapter-v1""}",v1
Movies617,2,CONTENT_RELATION_8,,formal,,RANGE,"{""alpha"": 0.8, ""anchor_offset"": 0, ""fuzzy_threshold"": 0.8, ""kmeans_replicates"": 3, ""lambda"": 0.1}",ok,617,17,20,0.21393841166936789,0.1909697360632289,0.0622970951769026,0.201781998642722,12.714055699994788,,,,,,,,,,,,,,,,matlab,https://github.com/middle258/RANGE.git,85d93c54d72d500034d05b5ef131bd90630a3632,2026-09-14,NOASSERTION,e09a1dfbd49cc13fa8c7c70877221fe504d1047d59f9780bb2e1261e3f9e19ce,768290a1f1c2f63f8babf657f4e5e2b4da610a7bbda77136d410d91af83ab12a,False,results\cache\official_baselines\RANGE\Movies617__pool2__c67047674cd4605585ae2bc47f4661b889c75ce8614c0d10f2628cda036d0275.npz,"{""details"": {""alpha"": 0.8, ""anchor_offset"": 0, ""entrypoint"": ""HFES+solve_RANGE"", ""fuzzy_threshold"": 0.8, ""input"": ""frozen_base_parts"", ""kmeans_replicates"": 3, ""lambda"": 0.1}, ""method"": ""RANGE"", ""schema"": ""psfce-v4-matlab-adapter-v1""}",v1
Movies617,2,CONTENT_RELATION_8,,formal,,YACHT,"{""alpha"": 0.99, ""anchor_offset"": 2, ""kmeans_replicates"": 3, ""theta"": 0.4, ""walk_order"": 20}",ok,617,17,20,0.20907617504051859,0.1853345347072852,0.058240636566201598,0.2007065565214704,10.872416500002146,,,,,,,,,,,,,,,,matlab,https://github.com/scu-kdde/YACHT.git,44cb0fc35b80ec17befa199879ac947fee15f464,2026-09-14,NOASSERTION,e09a1dfbd49cc13fa8c7c70877221fe504d1047d59f9780bb2e1261e3f9e19ce,62deb2b66b54ab18491847bd2cca81e375344bea0ab840d0da429a98100a165b,False,results\cache\official_baselines\YACHT\Movies617__pool2__41bc9ac0f9eeab3edb39f32e420facf03e27bda4dae4eb0f4fb5287377bb3b0c.npz,"{""details"": {""alpha"": 0.99, ""anchor_offset"": 2, ""compatibility_patch"": ""paper walk order is parameterized; repository helper hard-codes 10"", ""entrypoint"": ""solve_YACHT"", ""input"": ""frozen_base_parts"", ""kmeans_replicates"": 3, ""theta"": 0.4, ""walk_order"": 20}, ""method"": ""YACHT"", ""schema"": ""psfce-v4-matlab-adapter-v1""}",v1
NGs,0,TEXT_MV,,formal,,CEHM,{},ok,500,5,20,0.20000000000000001,0,0,0.066666666666666596,11.743977999998606,,,,,,,,,,,,,,,,matlab,https://github.com/FeijiangLi/Code-k-HyperEdge-Medoids-for-Clustering-Ensemble-AAAI.git,29c22fb18e05eed67728eebcb29cd7e9133723f7,2026-09-14,NOASSERTION,c6bd2c6a41109044ec8cbdce9e427f3860281ccb059e92ae52b2a7e0808677a0,44136fa355b3678a1146ad16f7e8649e94fb4fc21fe77e8310c060f61caaff8a,False,results\cache\official_baselines\CEHM\NGs__pool0__b8c1b8c337b9ca9451aba6afabff2ce1d09b24e6528d963fd0821474ffeeb9a3.npz,"{""details"": {""entrypoint"": ""CEHM"", ""input"": ""frozen_base_parts"", ""variant"": ""published""}, ""method"": ""CEHM"", ""schema"": ""psfce-v4-matlab-adapter-v1""}",v1
NGs,0,TEXT_MV,,formal,,RANGE,"{""alpha"": 0.8, ""anchor_offset"": 0, ""fuzzy_threshold"": 0.8, ""kmeans_replicates"": 3, ""lambda"": 0.1}",ok,500,5,20,0.39600000000000002,0.1652891708800438,0.13795325383241561,0.38860599991853079,12.381576699990546,,,,,,,,,,,,,,,,matlab,https://github.com/middle258/RANGE.git,85d93c54d72d500034d05b5ef131bd90630a3632,2026-09-14,NOASSERTION,c6bd2c6a41109044ec8cbdce9e427f3860281ccb059e92ae52b2a7e0808677a0,768290a1f1c2f63f8babf657f4e5e2b4da610a7bbda77136d410d91af83ab12a,False,results\cache\official_baselines\RANGE\NGs__pool0__7454ddd8fa8241590363594635d988b8c643e18878833e8a884e165d6fca0886.npz,"{""details"": {""alpha"": 0.8, ""anchor_offset"": 0, ""entrypoint"": ""HFES+solve_RANGE"", ""fuzzy_threshold"": 0.8, ""input"": ""frozen_base_parts"", ""kmeans_replicates"": 3, ""lambda"": 0.1}, ""method"": ""RANGE"", ""schema"": ""psfce-v4-matlab-adapter-v1""}",v1
NGs,0,TEXT_MV,,formal,,YACHT,"{""alpha"": 0.99, ""anchor_offset"": 2, ""kmeans_replicates"": 3, ""theta"": 0.4, ""walk_order"": 20}",ok,500,5,20,0.32200000000000001,0.087992087102354205,0.054819854845043398,0.2847741644693621,14.778616299998248,,,,,,,,,,,,,,,,matlab,https://github.com/scu-kdde/YACHT.git,44cb0fc35b80ec17befa199879ac947fee15f464,2026-09-14,NOASSERTION,c6bd2c6a41109044ec8cbdce9e427f3860281ccb059e92ae52b2a7e0808677a0,62deb2b66b54ab18491847bd2cca81e375344bea0ab840d0da429a98100a165b,False,results\cache\official_baselines\YACHT\NGs__pool0__b52bcd2d83f9e3e74702e3a7f8c541b948171902d6e4973aca388f5ec1b5b97b.npz,"{""details"": {""alpha"": 0.99, ""anchor_offset"": 2, ""compatibility_patch"": ""paper walk order is parameterized; repository helper hard-codes 10"", ""entrypoint"": ""solve_YACHT"", ""input"": ""frozen_base_parts"", ""kmeans_replicates"": 3, ""theta"": 0.4, ""walk_order"": 20}, ""method"": ""YACHT"", ""schema"": ""psfce-v4-matlab-adapter-v1""}",v1
NGs,1,TEXT_MV,,formal,,CEHM,{},ok,500,5,20,0.20000000000000001,0,0,0.066666666666666596,11.059478299997863,,,,,,,,,,,,,,,,matlab,https://github.com/FeijiangLi/Code-k-HyperEdge-Medoids-for-Clustering-Ensemble-AAAI.git,29c22fb18e05eed67728eebcb29cd7e9133723f7,2026-09-14,NOASSERTION,0cbf2b7e1ee813ddd227a3ae00a295c7387259aac3045e5cd1a232483d96bfe0,44136fa355b3678a1146ad16f7e8649e94fb4fc21fe77e8310c060f61caaff8a,False,results\cache\official_baselines\CEHM\NGs__pool1__60439f582a0d67f818b26e96cbbf1df3747488a42a040f5dfcc4720f9fd603f6.npz,"{""details"": {""entrypoint"": ""CEHM"", ""input"": ""frozen_base_parts"", ""variant"": ""published""}, ""method"": ""CEHM"", ""schema"": ""psfce-v4-matlab-adapter-v1""}",v1
NGs,1,TEXT_MV,,formal,,RANGE,"{""alpha"": 0.8, ""anchor_offset"": 0, ""fuzzy_threshold"": 0.8, ""kmeans_replicates"": 3, ""lambda"": 0.1}",ok,500,5,20,0.40600000000000003,0.1820282499628523,0.1488165966266112,0.3939896672827144,15.248841100008576,,,,,,,,,,,,,,,,matlab,https://github.com/middle258/RANGE.git,85d93c54d72d500034d05b5ef131bd90630a3632,2026-09-14,NOASSERTION,0cbf2b7e1ee813ddd227a3ae00a295c7387259aac3045e5cd1a232483d96bfe0,768290a1f1c2f63f8babf657f4e5e2b4da610a7bbda77136d410d91af83ab12a,False,results\cache\official_baselines\RANGE\NGs__pool1__4fdf27dd6eb024a10dd6ce76a5f930553096b2ec83f537149fdd04f6b524fd11.npz,"{""details"": {""alpha"": 0.8, ""anchor_offset"": 0, ""entrypoint"": ""HFES+solve_RANGE"", ""fuzzy_threshold"": 0.8, ""input"": ""frozen_base_parts"", ""kmeans_replicates"": 3, ""lambda"": 0.1}, ""method"": ""RANGE"", ""schema"": ""psfce-v4-matlab-adapter-v1""}",v1
NGs,1,TEXT_MV,,formal,,YACHT,"{""alpha"": 0.99, ""anchor_offset"": 2, ""kmeans_replicates"": 3, ""theta"": 0.4, ""walk_order"": 20}",ok,500,5,20,0.44400000000000001,0.1972864723462788,0.15371807822918551,0.444616837223137,13.416193700002625,,,,,,,,,,,,,,,,matlab,https://github.com/scu-kdde/YACHT.git,44cb0fc35b80ec17befa199879ac947fee15f464,2026-09-14,NOASSERTION,0cbf2b7e1ee813ddd227a3ae00a295c7387259aac3045e5cd1a232483d96bfe0,62deb2b66b54ab18491847bd2cca81e375344bea0ab840d0da429a98100a165b,False,results\cache\official_baselines\YACHT\NGs__pool1__45d980ce1d9a20e2ea031cb6e58c8866de8056d3564f42f2a290111049135675.npz,"{""details"": {""alpha"": 0.99, ""anchor_offset"": 2, ""compatibility_patch"": ""paper walk order is parameterized; repository helper hard-codes 10"", ""entrypoint"": ""solve_YACHT"", ""input"": ""frozen_base_parts"", ""kmeans_replicates"": 3, ""theta"": 0.4, ""walk_order"": 20}, ""method"": ""YACHT"", ""schema"": ""psfce-v4-matlab-adapter-v1""}",v1
NGs,2,TEXT_MV,,formal,,CEHM,{},ok,500,5,20,0.20000000000000001,0,0,0.066666666666666596,14.098321099998429,,,,,,,,,,,,,,,,matlab,https://github.com/FeijiangLi/Code-k-HyperEdge-Medoids-for-Clustering-Ensemble-AAAI.git,29c22fb18e05eed67728eebcb29cd7e9133723f7,2026-09-14,NOASSERTION,04c97f62d03d525dd46bd04c71c08d69b7a7d93bec8e5fa606f05ee58caba574,44136fa355b3678a1146ad16f7e8649e94fb4fc21fe77e8310c060f61caaff8a,False,results\cache\official_baselines\CEHM\NGs__pool2__8c8ce38b8ef35a03305db412721bcdf3d17e08da46979f57ac141c2492d95413.npz,"{""details"": {""entrypoint"": ""CEHM"", ""input"": ""frozen_base_parts"", ""variant"": ""published""}, ""method"": ""CEHM"", ""schema"": ""psfce-v4-matlab-adapter-v1""}",v1
NGs,2,TEXT_MV,,formal,,RANGE,"{""alpha"": 0.8, ""anchor_offset"": 0, ""fuzzy_threshold"": 0.8, ""kmeans_replicates"": 3, ""lambda"": 0.1}",ok,500,5,20,0.35199999999999998,0.1136310595436487,0.093281586850694001,0.33832834399388928,13.732993700003137,,,,,,,,,,,,,,,,matlab,https://github.com/middle258/RANGE.git,85d93c54d72d500034d05b5ef131bd90630a3632,2026-09-14,NOASSERTION,04c97f62d03d525dd46bd04c71c08d69b7a7d93bec8e5fa606f05ee58caba574,768290a1f1c2f63f8babf657f4e5e2b4da610a7bbda77136d410d91af83ab12a,False,results\cache\official_baselines\RANGE\NGs__pool2__4bc3b02b2d37511e04c9541be20fd42723b45e1eaf08b13acd0dba7fe2ab04c9.npz,"{""details"": {""alpha"": 0.8, ""anchor_offset"": 0, ""entrypoint"": ""HFES+solve_RANGE"", ""fuzzy_threshold"": 0.8, ""input"": ""frozen_base_parts"", ""kmeans_replicates"": 3, ""lambda"": 0.1}, ""method"": ""RANGE"", ""schema"": ""psfce-v4-matlab-adapter-v1""}",v1
NGs,2,TEXT_MV,,formal,,YACHT,"{""alpha"": 0.99, ""anchor_offset"": 2, ""kmeans_replicates"": 3, ""theta"": 0.4, ""walk_order"": 20}",ok,500,5,20,0.33200000000000002,0.1292277613523618,0.080922017308828906,0.2890903729556944,12.709170699992685,,,,,,,,,,,,,,,,matlab,https://github.com/scu-kdde/YACHT.git,44cb0fc35b80ec17befa199879ac947fee15f464,2026-09-14,NOASSERTION,04c97f62d03d525dd46bd04c71c08d69b7a7d93bec8e5fa606f05ee58caba574,62deb2b66b54ab18491847bd2cca81e375344bea0ab840d0da429a98100a165b,False,results\cache\official_baselines\YACHT\NGs__pool2__74cd53b4640ca30262ff0267b5c8965fc09b2150e28474836631d2a8656fecb6.npz,"{""details"": {""alpha"": 0.99, ""anchor_offset"": 2, ""compatibility_patch"": ""paper walk order is parameterized; repository helper hard-codes 10"", ""entrypoint"": ""solve_YACHT"", ""input"": ""frozen_base_parts"", ""kmeans_replicates"": 3, ""theta"": 0.4, ""walk_order"": 20}, ""method"": ""YACHT"", ""schema"": ""psfce-v4-matlab-adapter-v1""}",v1
NUSWIDE-Object-2000,0,TEXT_MV,,formal,,CEHM,{},ok,2000,31,20,0.11749999999999999,0,0,0.0067835750884028996,14.469914900008009,,,,,,,,,,,,,,,,matlab,https://github.com/FeijiangLi/Code-k-HyperEdge-Medoids-for-Clustering-Ensemble-AAAI.git,29c22fb18e05eed67728eebcb29cd7e9133723f7,2026-09-14,NOASSERTION,9ac571fbe685d80eb5196f4a26426c731e482643957a94e1a80d3d201b3b4314,44136fa355b3678a1146ad16f7e8649e94fb4fc21fe77e8310c060f61caaff8a,False,results\cache\official_baselines\CEHM\NUSWIDE-Object-2000__pool0__e6a6ced203ebc952ce7698f0c55a75bd6b7c6c63d0fafa106b25439330514582.npz,"{""details"": {""entrypoint"": ""CEHM"", ""input"": ""frozen_base_parts"", ""variant"": ""published""}, ""method"": ""CEHM"", ""schema"": ""psfce-v4-matlab-adapter-v1""}",v1
NUSWIDE-Object-2000,0,TEXT_MV,,formal,,RANGE,"{""alpha"": 0.8, ""anchor_offset"": 0, ""fuzzy_threshold"": 0.8, ""kmeans_replicates"": 3, ""lambda"": 0.1}",ok,2000,31,20,0.157,0.18817595906782239,0.050295325506794997,0.1268437927474779,15.595760299998799,,,,,,,,,,,,,,,,matlab,https://github.com/middle258/RANGE.git,85d93c54d72d500034d05b5ef131bd90630a3632,2026-09-14,NOASSERTION,9ac571fbe685d80eb5196f4a26426c731e482643957a94e1a80d3d201b3b4314,768290a1f1c2f63f8babf657f4e5e2b4da610a7bbda77136d410d91af83ab12a,False,results\cache\official_baselines\RANGE\NUSWIDE-Object-2000__pool0__f2b95d2b649185a83ff75f5f704e2d6ca5227356642fcaadb2c92e75d1878971.npz,"{""details"": {""alpha"": 0.8, ""anchor_offset"": 0, ""entrypoint"": ""HFES+solve_RANGE"", ""fuzzy_threshold"": 0.8, ""input"": ""frozen_base_parts"", ""kmeans_replicates"": 3, ""lambda"": 0.1}, ""method"": ""RANGE"", ""schema"": ""psfce-v4-matlab-adapter-v1""}",v1
NUSWIDE-Object-2000,0,TEXT_MV,,formal,,YACHT,"{""alpha"": 0.99, ""anchor_offset"": 2, ""kmeans_replicates"": 3, ""theta"": 0.4, ""walk_order"": 20}",ok,2000,31,20,0.13600000000000001,0.1750334453712904,0.037653590491526001,0.11698211808264,15.090858099996694,,,,,,,,,,,,,,,,matlab,https://github.com/scu-kdde/YACHT.git,44cb0fc35b80ec17befa199879ac947fee15f464,2026-09-14,NOASSERTION,9ac571fbe685d80eb5196f4a26426c731e482643957a94e1a80d3d201b3b4314,62deb2b66b54ab18491847bd2cca81e375344bea0ab840d0da429a98100a165b,False,results\cache\official_baselines\YACHT\NUSWIDE-Object-2000__pool0__28e32a0c9a12d4178eedbb4abfff504c18ab01ef428141a30f82b80822108f4d.npz,"{""details"": {""alpha"": 0.99, ""anchor_offset"": 2, ""compatibility_patch"": ""paper walk order is parameterized; repository helper hard-codes 10"", ""entrypoint"": ""solve_YACHT"", ""input"": ""frozen_base_parts"", ""kmeans_replicates"": 3, ""theta"": 0.4, ""walk_order"": 20}, ""method"": ""YACHT"", ""schema"": ""psfce-v4-matlab-adapter-v1""}",v1
NUSWIDE-Object-2000,1,TEXT_MV,,formal,,CEHM,{},ok,2000,31,20,0.11749999999999999,0,0,0.0067835750884028996,13.970931299991207,,,,,,,,,,,,,,,,matlab,https://github.com/FeijiangLi/Code-k-HyperEdge-Medoids-for-Clustering-Ensemble-AAAI.git,29c22fb18e05eed67728eebcb29cd7e9133723f7,2026-09-14,NOASSERTION,d2e0140edc90c3ca8c7470799d52fc2e7a6f48201b010b6636e0ec4a0b755773,44136fa355b3678a1146ad16f7e8649e94fb4fc21fe77e8310c060f61caaff8a,False,results\cache\official_baselines\CEHM\NUSWIDE-Object-2000__pool1__c8fda5b43b39fee0c08d80e59fcf52f288a067633d3115dd083e61b93786d5c4.npz,"{""details"": {""entrypoint"": ""CEHM"", ""input"": ""frozen_base_parts"", ""variant"": ""published""}, ""method"": ""CEHM"", ""schema"": ""psfce-v4-matlab-adapter-v1""}",v1
NUSWIDE-Object-2000,1,TEXT_MV,,formal,,RANGE,"{""alpha"": 0.8, ""anchor_offset"": 0, ""fuzzy_threshold"": 0.8, ""kmeans_replicates"": 3, ""lambda"": 0.1}",ok,2000,31,20,0.13550000000000001,0.16640720462157119,0.0308968169709802,0.112423930015214,15.439328099993872,,,,,,,,,,,,,,,,matlab,https://github.com/middle258/RANGE.git,85d93c54d72d500034d05b5ef131bd90630a3632,2026-09-14,NOASSERTION,d2e0140edc90c3ca8c7470799d52fc2e7a6f48201b010b6636e0ec4a0b755773,768290a1f1c2f63f8babf657f4e5e2b4da610a7bbda77136d410d91af83ab12a,False,results\cache\official_baselines\RANGE\NUSWIDE-Object-2000__pool1__306257067e37081c3f26c24fa683c99b75b1a5bf2531088f675fe9a32d16c58c.npz,"{""details"": {""alpha"": 0.8, ""anchor_offset"": 0, ""entrypoint"": ""HFES+solve_RANGE"", ""fuzzy_threshold"": 0.8, ""input"": ""frozen_base_parts"", ""kmeans_replicates"": 3, ""lambda"": 0.1}, ""method"": ""RANGE"", ""schema"": ""psfce-v4-matlab-adapter-v1""}",v1
NUSWIDE-Object-2000,1,TEXT_MV,,formal,,YACHT,"{""alpha"": 0.99, ""anchor_offset"": 2, ""kmeans_replicates"": 3, ""theta"": 0.4, ""walk_order"": 20}",ok,2000,31,20,0.13100000000000001,0.16017667763305571,0.029289688938288701,0.11106993737546469,15.42379480000818,,,,,,,,,,,,,,,,matlab,https://github.com/scu-kdde/YACHT.git,44cb0fc35b80ec17befa199879ac947fee15f464,2026-09-14,NOASSERTION,d2e0140edc90c3ca8c7470799d52fc2e7a6f48201b010b6636e0ec4a0b755773,62deb2b66b54ab18491847bd2cca81e375344bea0ab840d0da429a98100a165b,False,results\cache\official_baselines\YACHT\NUSWIDE-Object-2000__pool1__fb62c56a92707f566ea330eb8b16ff4b7c2f61ac11490ddf5c2207f10e777a1a.npz,"{""details"": {""alpha"": 0.99, ""anchor_offset"": 2, ""compatibility_patch"": ""paper walk order is parameterized; repository helper hard-codes 10"", ""entrypoint"": ""solve_YACHT"", ""input"": ""frozen_base_parts"", ""kmeans_replicates"": 3, ""theta"": 0.4, ""walk_order"": 20}, ""method"": ""YACHT"", ""schema"": ""psfce-v4-matlab-adapter-v1""}",v1
NUSWIDE-Object-2000,2,TEXT_MV,,formal,,CEHM,{},ok,2000,31,20,0.11749999999999999,0,0,0.0067835750884028996,14.465929400001189,,,,,,,,,,,,,,,,matlab,https://github.com/FeijiangLi/Code-k-HyperEdge-Medoids-for-Clustering-Ensemble-AAAI.git,29c22fb18e05eed67728eebcb29cd7e9133723f7,2026-09-14,NOASSERTION,3330cd1ed2e0b2297bf3c1bc9baa64cce64b4fb26a3a2e65b367fbb64cd09a4a,44136fa355b3678a1146ad16f7e8649e94fb4fc21fe77e8310c060f61caaff8a,False,results\cache\official_baselines\CEHM\NUSWIDE-Object-2000__pool2__ee4cd1a1d12a1599d83337ea4d8c607fedac3d40d42bd3007d0e3d843ebd3713.npz,"{""details"": {""entrypoint"": ""CEHM"", ""input"": ""frozen_base_parts"", ""variant"": ""published""}, ""method"": ""CEHM"", ""schema"": ""psfce-v4-matlab-adapter-v1""}",v1
NUSWIDE-Object-2000,2,TEXT_MV,,formal,,RANGE,"{""alpha"": 0.8, ""anchor_offset"": 0, ""fuzzy_threshold"": 0.8, ""kmeans_replicates"": 3, ""lambda"": 0.1}",ok,2000,31,20,0.13600000000000001,0.16682649577661671,0.035886752210857797,0.1114262986981036,15.769171299994923,,,,,,,,,,,,,,,,matlab,https://github.com/middle258/RANGE.git,85d93c54d72d500034d05b5ef131bd90630a3632,2026-09-14,NOASSERTION,3330cd1ed2e0b2297bf3c1bc9baa64cce64b4fb26a3a2e65b367fbb64cd09a4a,768290a1f1c2f63f8babf657f4e5e2b4da610a7bbda77136d410d91af83ab12a,False,results\cache\official_baselines\RANGE\NUSWIDE-Object-2000__pool2__1fa1b645affd9d671b0301da8d34020d78cbec17ebd6da8df835f96e25662feb.npz,"{""details"": {""alpha"": 0.8, ""anchor_offset"": 0, ""entrypoint"": ""HFES+solve_RANGE"", ""fuzzy_threshold"": 0.8, ""input"": ""frozen_base_parts"", ""kmeans_replicates"": 3, ""lambda"": 0.1}, ""method"": ""RANGE"", ""schema"": ""psfce-v4-matlab-adapter-v1""}",v1
NUSWIDE-Object-2000,2,TEXT_MV,,formal,,YACHT,"{""alpha"": 0.99, ""anchor_offset"": 2, ""kmeans_replicates"": 3, ""theta"": 0.4, ""walk_order"": 20}",ok,2000,31,20,0.13950000000000001,0.16501228320661329,0.033381891914848499,0.11986227442345811,16.119342100006179,,,,,,,,,,,,,,,,matlab,https://github.com/scu-kdde/YACHT.git,44cb0fc35b80ec17befa199879ac947fee15f464,2026-09-14,NOASSERTION,3330cd1ed2e0b2297bf3c1bc9baa64cce64b4fb26a3a2e65b367fbb64cd09a4a,62deb2b66b54ab18491847bd2cca81e375344bea0ab840d0da429a98100a165b,False,results\cache\official_baselines\YACHT\NUSWIDE-Object-2000__pool2__48f8640485f8b861db3157cbe3f2b478a3d464b6c2aec4cb96f87b302c19a44c.npz,"{""details"": {""alpha"": 0.99, ""anchor_offset"": 2, ""compatibility_patch"": ""paper walk order is parameterized; repository helper hard-codes 10"", ""entrypoint"": ""solve_YACHT"", ""input"": ""frozen_base_parts"", ""kmeans_replicates"": 3, ""theta"": 0.4, ""walk_order"": 20}, ""method"": ""YACHT"", ""schema"": ""psfce-v4-matlab-adapter-v1""}",v1
ORL,0,MULTI_RELATION_7,,formal,,CEHM,{},ok,400,40,20,0.66000000000000003,0.84828900187838174,0.42052294030587067,0.66724602820100021,14.121011299997916,,,,,,,,,,,,,,,,matlab,https://github.com/FeijiangLi/Code-k-HyperEdge-Medoids-for-Clustering-Ensemble-AAAI.git,29c22fb18e05eed67728eebcb29cd7e9133723f7,2026-09-14,NOASSERTION,4e5eb8850fb0482920ae5475cfac58e9b8d20be3fe0b28dd4d9f6e0c7e289c72,44136fa355b3678a1146ad16f7e8649e94fb4fc21fe77e8310c060f61caaff8a,False,results\cache\official_baselines\CEHM\ORL__pool0__0e1cfde045daf0c28195e0373e88be3c5fceaacdbf3865bf8db7bd63661e6259.npz,"{""details"": {""entrypoint"": ""CEHM"", ""input"": ""frozen_base_parts"", ""variant"": ""published""}, ""method"": ""CEHM"", ""schema"": ""psfce-v4-matlab-adapter-v1""}",v1
ORL,0,MULTI_RELATION_7,,formal,,RANGE,"{""alpha"": 0.8, ""anchor_offset"": 0, ""fuzzy_threshold"": 0.8, ""kmeans_replicates"": 3, ""lambda"": 0.1}",ok,400,40,20,0.76249999999999996,0.88082909613255445,0.66563423905392083,0.76390481324325921,17.22777880000649,,,,,,,,,,,,,,,,matlab,https://github.com/middle258/RANGE.git,85d93c54d72d500034d05b5ef131bd90630a3632,2026-09-14,NOASSERTION,4e5eb8850fb0482920ae5475cfac58e9b8d20be3fe0b28dd4d9f6e0c7e289c72,768290a1f1c2f63f8babf657f4e5e2b4da610a7bbda77136d410d91af83ab12a,False,results\cache\official_baselines\RANGE\ORL__pool0__5e8259a044958f66c3c82c838449b4f0775b3541c68dceea0a3482d99f3facc4.npz,"{""details"": {""alpha"": 0.8, ""anchor_offset"": 0, ""entrypoint"": ""HFES+solve_RANGE"", ""fuzzy_threshold"": 0.8, ""input"": ""frozen_base_parts"", ""kmeans_replicates"": 3, ""lambda"": 0.1}, ""method"": ""RANGE"", ""schema"": ""psfce-v4-matlab-adapter-v1""}",v1
ORL,0,MULTI_RELATION_7,,formal,,YACHT,"{""alpha"": 0.99, ""anchor_offset"": 2, ""kmeans_replicates"": 3, ""theta"": 0.4, ""walk_order"": 20}",ok,400,40,20,0.71750000000000003,0.84681685847918942,0.60962264189916326,0.71449924593996816,14.413799999994808,,,,,,,,,,,,,,,,matlab,https://github.com/scu-kdde/YACHT.git,44cb0fc35b80ec17befa199879ac947fee15f464,2026-09-14,NOASSERTION,4e5eb8850fb0482920ae5475cfac58e9b8d20be3fe0b28dd4d9f6e0c7e289c72,62deb2b66b54ab18491847bd2cca81e375344bea0ab840d0da429a98100a165b,False,results\cache\official_baselines\YACHT\ORL__pool0__d6663653b69856fe61423ed1bb751ee4632b16346e0d1370373b0ec8f7201455.npz,"{""details"": {""alpha"": 0.99, ""anchor_offset"": 2, ""compatibility_patch"": ""paper walk order is parameterized; repository helper hard-codes 10"", ""entrypoint"": ""solve_YACHT"", ""input"": ""frozen_base_parts"", ""kmeans_replicates"": 3, ""theta"": 0.4, ""walk_order"": 20}, ""method"": ""YACHT"", ""schema"": ""psfce-v4-matlab-adapter-v1""}",v1
ORL,1,MULTI_RELATION_7,,formal,,CEHM,{},ok,400,40,20,0.61499999999999999,0.8200693963574438,0.35110847486237839,0.62719010628867355,14.032718000002204,,,,,,,,,,,,,,,,matlab,https://github.com/FeijiangLi/Code-k-HyperEdge-Medoids-for-Clustering-Ensemble-AAAI.git,29c22fb18e05eed67728eebcb29cd7e9133723f7,2026-09-14,NOASSERTION,e9ffd106eae8e47af4f76e564d85762dcbaa35d253533770f1f98bf2d2703346,44136fa355b3678a1146ad16f7e8649e94fb4fc21fe77e8310c060f61caaff8a,False,results\cache\official_baselines\CEHM\ORL__pool1__fe79d4a6e22715a60ebd365a3ed176f7fd84bde38dfcf6a29c48443b82b23ce1.npz,"{""details"": {""entrypoint"": ""CEHM"", ""input"": ""frozen_base_parts"", ""variant"": ""published""}, ""method"": ""CEHM"", ""schema"": ""psfce-v4-matlab-adapter-v1""}",v1
ORL,1,MULTI_RELATION_7,,formal,,RANGE,"{""alpha"": 0.8, ""anchor_offset"": 0, ""fuzzy_threshold"": 0.8, ""kmeans_replicates"": 3, ""lambda"": 0.1}",ok,400,40,20,0.75,0.87460187796918998,0.6573701607263468,0.74391691842982743,17.03289919999952,,,,,,,,,,,,,,,,matlab,https://github.com/middle258/RANGE.git,85d93c54d72d500034d05b5ef131bd90630a3632,2026-09-14,NOASSERTION,e9ffd106eae8e47af4f76e564d85762dcbaa35d253533770f1f98bf2d2703346,768290a1f1c2f63f8babf657f4e5e2b4da610a7bbda77136d410d91af83ab12a,False,results\cache\official_baselines\RANGE\ORL__pool1__178347a1486a546d33cbe6355d3afa135660aae54acd3f299429311ba1d53dc6.npz,"{""details"": {""alpha"": 0.8, ""anchor_offset"": 0, ""entrypoint"": ""HFES+solve_RANGE"", ""fuzzy_threshold"": 0.8, ""input"": ""frozen_base_parts"", ""kmeans_replicates"": 3, ""lambda"": 0.1}, ""method"": ""RANGE"", ""schema"": ""psfce-v4-matlab-adapter-v1""}",v1
ORL,1,MULTI_RELATION_7,,formal,,YACHT,"{""alpha"": 0.99, ""anchor_offset"": 2, ""kmeans_replicates"": 3, ""theta"": 0.4, ""walk_order"": 20}",ok,400,40,20,0.74750000000000005,0.86062473628106562,0.63240504811295306,0.74295172337589721,14.486833900009517,,,,,,,,,,,,,,,,matlab,https://github.com/scu-kdde/YACHT.git,44cb0fc35b80ec17befa199879ac947fee15f464,2026-09-14,NOASSERTION,e9ffd106eae8e47af4f76e564d85762dcbaa35d253533770f1f98bf2d2703346,62deb2b66b54ab18491847bd2cca81e375344bea0ab840d0da429a98100a165b,False,results\cache\official_baselines\YACHT\ORL__pool1__3ccb2ad07c96ac4ea9165c56bb199d2a1eb0a066e594fb3a8bba6803aba38e9a.npz,"{""details"": {""alpha"": 0.99, ""anchor_offset"": 2, ""compatibility_patch"": ""paper walk order is parameterized; repository helper hard-codes 10"", ""entrypoint"": ""solve_YACHT"", ""input"": ""frozen_base_parts"", ""kmeans_replicates"": 3, ""theta"": 0.4, ""walk_order"": 20}, ""method"": ""YACHT"", ""schema"": ""psfce-v4-matlab-adapter-v1""}",v1
ORL,2,MULTI_RELATION_7,,formal,,CEHM,{},ok,400,40,20,0.6925,0.85536826130811816,0.50401713312726271,0.68455483953112028,14.554772399991634,,,,,,,,,,,,,,,,matlab,https://github.com/FeijiangLi/Code-k-HyperEdge-Medoids-for-Clustering-Ensemble-AAAI.git,29c22fb18e05eed67728eebcb29cd7e9133723f7,2026-09-14,NOASSERTION,832be6e78647a55010efeda7eb0858808c97ea3b6dcc56341f715ae3cddb2f00,44136fa355b3678a1146ad16f7e8649e94fb4fc21fe77e8310c060f61caaff8a,False,results\cache\official_baselines\CEHM\ORL__pool2__73fa6a6ec010d7066f6508779c1cf0c7b2fae6dce36b98e723bfa115fe33441c.npz,"{""details"": {""entrypoint"": ""CEHM"", ""input"": ""frozen_base_parts"", ""variant"": ""published""}, ""method"": ""CEHM"", ""schema"": ""psfce-v4-matlab-adapter-v1""}",v1
ORL,2,MULTI_RELATION_7,,formal,,RANGE,"{""alpha"": 0.8, ""anchor_offset"": 0, ""fuzzy_threshold"": 0.8, ""kmeans_replicates"": 3, ""lambda"": 0.1}",ok,400,40,20,0.75,0.87539620930003781,0.65811137626727745,0.74610415023323884,15.96075579999888,,,,,,,,,,,,,,,,matlab,https://github.com/middle258/RANGE.git,85d93c54d72d500034d05b5ef131bd90630a3632,2026-09-14,NOASSERTION,832be6e78647a55010efeda7eb0858808c97ea3b6dcc56341f715ae3cddb2f00,768290a1f1c2f63f8babf657f4e5e2b4da610a7bbda77136d410d91af83ab12a,False,results\cache\official_baselines\RANGE\ORL__pool2__a7c00ab150b8c8ff7ba0484714916f61b623262886e4fa29002120d6f2ac3b6b.npz,"{""details"": {""alpha"": 0.8, ""anchor_offset"": 0, ""entrypoint"": ""HFES+solve_RANGE"", ""fuzzy_threshold"": 0.8, ""input"": ""frozen_base_parts"", ""kmeans_replicates"": 3, ""lambda"": 0.1}, ""method"": ""RANGE"", ""schema"": ""psfce-v4-matlab-adapter-v1""}",v1
ORL,2,MULTI_RELATION_7,,formal,,YACHT,"{""alpha"": 0.99, ""anchor_offset"": 2, ""kmeans_replicates"": 3, ""theta"": 0.4, ""walk_order"": 20}",ok,400,40,20,0.72250000000000003,0.85858326554501996,0.62390283191355522,0.70826575119717428,14.036792700004298,,,,,,,,,,,,,,,,matlab,https://github.com/scu-kdde/YACHT.git,44cb0fc35b80ec17befa199879ac947fee15f464,2026-09-14,NOASSERTION,832be6e78647a55010efeda7eb0858808c97ea3b6dcc56341f715ae3cddb2f00,62deb2b66b54ab18491847bd2cca81e375344bea0ab840d0da429a98100a165b,False,results\cache\official_baselines\YACHT\ORL__pool2__9f6eec4c0f453fba7f7968b902610bd6b89a9efb0d88ada3f8a1952a54bd0523.npz,"{""details"": {""alpha"": 0.99, ""anchor_offset"": 2, ""compatibility_patch"": ""paper walk order is parameterized; repository helper hard-codes 10"", ""entrypoint"": ""solve_YACHT"", ""input"": ""frozen_base_parts"", ""kmeans_replicates"": 3, ""theta"": 0.4, ""walk_order"": 20}, ""method"": ""YACHT"", ""schema"": ""psfce-v4-matlab-adapter-v1""}",v1
PubMed,0,GRAPH_GEOMETRY_8,,formal,,CEHM,{},ok,19717,3,20,0.58609321904955114,0.18492486452332141,0.12575468813492691,0.431698384163202,12.976384099994902,,,,,,,,,,,,,,,,matlab,https://github.com/FeijiangLi/Code-k-HyperEdge-Medoids-for-Clustering-Ensemble-AAAI.git,29c22fb18e05eed67728eebcb29cd7e9133723f7,2026-09-14,NOASSERTION,d4b498a54002d53084063742f921337cd02c928a4f2f397f0962d19c4cdb38a6,44136fa355b3678a1146ad16f7e8649e94fb4fc21fe77e8310c060f61caaff8a,False,results\cache\official_baselines\CEHM\PubMed__pool0__eaa0379f8b7ffbc38db67e3b50f4999431dec78969eee7e5564d187ce52e55e9.npz,"{""details"": {""entrypoint"": ""CEHM"", ""input"": ""frozen_base_parts"", ""variant"": ""published""}, ""method"": ""CEHM"", ""schema"": ""psfce-v4-matlab-adapter-v1""}",v1
PubMed,0,GRAPH_GEOMETRY_8,,formal,,RANGE,"{""alpha"": 0.8, ""anchor_offset"": 0, ""fuzzy_threshold"": 0.8, ""kmeans_replicates"": 3, ""lambda"": 0.1}",ok,19717,3,20,0.63255059086067855,0.1631079816577399,0.1933589417721972,0.62386130973475173,13.906997300000512,,,,,,,,,,,,,,,,matlab,https://github.com/middle258/RANGE.git,85d93c54d72d500034d05b5ef131bd90630a3632,2026-09-14,NOASSERTION,d4b498a54002d53084063742f921337cd02c928a4f2f397f0962d19c4cdb38a6,768290a1f1c2f63f8babf657f4e5e2b4da610a7bbda77136d410d91af83ab12a,False,results\cache\official_baselines\RANGE\PubMed__pool0__dc3c15951033eeb1e58480b7c60cf39678ca7fbdf62a119a5b2d35260a436337.npz,"{""details"": {""alpha"": 0.8, ""anchor_offset"": 0, ""entrypoint"": ""HFES+solve_RANGE"", ""fuzzy_threshold"": 0.8, ""input"": ""frozen_base_parts"", ""kmeans_replicates"": 3, ""lambda"": 0.1}, ""method"": ""RANGE"", ""schema"": ""psfce-v4-matlab-adapter-v1""}",v1
PubMed,0,GRAPH_GEOMETRY_8,,formal,,YACHT,"{""alpha"": 0.99, ""anchor_offset"": 2, ""kmeans_replicates"": 3, ""theta"": 0.4, ""walk_order"": 20}",ok,19717,3,20,0.59628746766749507,0.1850269002659837,0.1777848656203051,0.58514352592101726,14.181226499989862,,,,,,,,,,,,,,,,matlab,https://github.com/scu-kdde/YACHT.git,44cb0fc35b80ec17befa199879ac947fee15f464,2026-09-14,NOASSERTION,d4b498a54002d53084063742f921337cd02c928a4f2f397f0962d19c4cdb38a6,62deb2b66b54ab18491847bd2cca81e375344bea0ab840d0da429a98100a165b,False,results\cache\official_baselines\YACHT\PubMed__pool0__cb302733c7cce73147319592eaf4688237f9ad3b9ad35240fa917ccf6eba1197.npz,"{""details"": {""alpha"": 0.99, ""anchor_offset"": 2, ""compatibility_patch"": ""paper walk order is parameterized; repository helper hard-codes 10"", ""entrypoint"": ""solve_YACHT"", ""input"": ""frozen_base_parts"", ""kmeans_replicates"": 3, ""theta"": 0.4, ""walk_order"": 20}, ""method"": ""YACHT"", ""schema"": ""psfce-v4-matlab-adapter-v1""}",v1
PubMed,1,GRAPH_GEOMETRY_8,,formal,,CEHM,{},ok,19717,3,20,0.58609321904955114,0.18492486452332141,0.12575468813492691,0.431698384163202,12.810583600003156,,,,,,,,,,,,,,,,matlab,https://github.com/FeijiangLi/Code-k-HyperEdge-Medoids-for-Clustering-Ensemble-AAAI.git,29c22fb18e05eed67728eebcb29cd7e9133723f7,2026-09-14,NOASSERTION,7eb72914da7061bf652397e16ceb05d67302ec290507fb2a1aa24b489428d692,44136fa355b3678a1146ad16f7e8649e94fb4fc21fe77e8310c060f61caaff8a,False,results\cache\official_baselines\CEHM\PubMed__pool1__6d0ef3ec0dc9cd447293ca7a35f080b1ed747d457a441448838fcb47c5f65c5a.npz,"{""details"": {""entrypoint"": ""CEHM"", ""input"": ""frozen_base_parts"", ""variant"": ""published""}, ""method"": ""CEHM"", ""schema"": ""psfce-v4-matlab-adapter-v1""}",v1
PubMed,1,GRAPH_GEOMETRY_8,,formal,,RANGE,"{""alpha"": 0.8, ""anchor_offset"": 0, ""fuzzy_threshold"": 0.8, ""kmeans_replicates"": 3, ""lambda"": 0.1}",ok,19717,3,20,0.50677080691788812,0.15762562524814339,0.1121848819758527,0.4354331257231514,13.634580600002664,,,,,,,,,,,,,,,,matlab,https://github.com/middle258/RANGE.git,85d93c54d72d500034d05b5ef131bd90630a3632,2026-09-14,NOASSERTION,7eb72914da7061bf652397e16ceb05d67302ec290507fb2a1aa24b489428d692,768290a1f1c2f63f8babf657f4e5e2b4da610a7bbda77136d410d91af83ab12a,False,results\cache\official_baselines\RANGE\PubMed__pool1__ef2d2f4acc9fb6b8980c2bc45d3c24725ca69f7c7196990cffa1c23051f0036a.npz,"{""details"": {""alpha"": 0.8, ""anchor_offset"": 0, ""entrypoint"": ""HFES+solve_RANGE"", ""fuzzy_threshold"": 0.8, ""input"": ""frozen_base_parts"", ""kmeans_replicates"": 3, ""lambda"": 0.1}, ""method"": ""RANGE"", ""schema"": ""psfce-v4-matlab-adapter-v1""}",v1
PubMed,1,GRAPH_GEOMETRY_8,,formal,,YACHT,"{""alpha"": 0.99, ""anchor_offset"": 2, ""kmeans_replicates"": 3, ""theta"": 0.4, ""walk_order"": 20}",ok,19717,3,20,0.66719074909976162,0.24515388896636789,0.25315309854823181,0.64545955799800903,14.806660700007342,,,,,,,,,,,,,,,,matlab,https://github.com/scu-kdde/YACHT.git,44cb0fc35b80ec17befa199879ac947fee15f464,2026-09-14,NOASSERTION,7eb72914da7061bf652397e16ceb05d67302ec290507fb2a1aa24b489428d692,62deb2b66b54ab18491847bd2cca81e375344bea0ab840d0da429a98100a165b,False,results\cache\official_baselines\YACHT\PubMed__pool1__4280dd4a3574cbf994bfcbb6c86fbb051c4930ff30c03a051038386a8c8fbf97.npz,"{""details"": {""alpha"": 0.99, ""anchor_offset"": 2, ""compatibility_patch"": ""paper walk order is parameterized; repository helper hard-codes 10"", ""entrypoint"": ""solve_YACHT"", ""input"": ""frozen_base_parts"", ""kmeans_replicates"": 3, ""theta"": 0.4, ""walk_order"": 20}, ""method"": ""YACHT"", ""schema"": ""psfce-v4-matlab-adapter-v1""}",v1
PubMed,2,GRAPH_GEOMETRY_8,,formal,,CEHM,{},ok,19717,3,20,0.58609321904955114,0.18492486452332141,0.12575468813492691,0.431698384163202,12.630036000002292,,,,,,,,,,,,,,,,matlab,https://github.com/FeijiangLi/Code-k-HyperEdge-Medoids-for-Clustering-Ensemble-AAAI.git,29c22fb18e05eed67728eebcb29cd7e9133723f7,2026-09-14,NOASSERTION,efb0862fae83260202613710cb53a2d561f3391b4f281b1fbc1addecaf6aafdb,44136fa355b3678a1146ad16f7e8649e94fb4fc21fe77e8310c060f61caaff8a,False,results\cache\official_baselines\CEHM\PubMed__pool2__f24ddd6b8b2dabbef04f484c17bbdbd335077cdeb2f365f113bb3ec183b6609b.npz,"{""details"": {""entrypoint"": ""CEHM"", ""input"": ""frozen_base_parts"", ""variant"": ""published""}, ""method"": ""CEHM"", ""schema"": ""psfce-v4-matlab-adapter-v1""}",v1
PubMed,2,GRAPH_GEOMETRY_8,,formal,,RANGE,"{""alpha"": 0.8, ""anchor_offset"": 0, ""fuzzy_threshold"": 0.8, ""kmeans_replicates"": 3, ""lambda"": 0.1}",ok,19717,3,20,0.62539940153167317,0.1564415526468195,0.1830296939144716,0.61839554392700047,13.766024399999878,,,,,,,,,,,,,,,,matlab,https://github.com/middle258/RANGE.git,85d93c54d72d500034d05b5ef131bd90630a3632,2026-09-14,NOASSERTION,efb0862fae83260202613710cb53a2d561f3391b4f281b1fbc1addecaf6aafdb,768290a1f1c2f63f8babf657f4e5e2b4da610a7bbda77136d410d91af83ab12a,False,results\cache\official_baselines\RANGE\PubMed__pool2__c1f15e6e31fd0913af8c993f505ea104d9e5aadc36acd09dff9e58fd549fec26.npz,"{""details"": {""alpha"": 0.8, ""anchor_offset"": 0, ""entrypoint"": ""HFES+solve_RANGE"", ""fuzzy_threshold"": 0.8, ""input"": ""frozen_base_parts"", ""kmeans_replicates"": 3, ""lambda"": 0.1}, ""method"": ""RANGE"", ""schema"": ""psfce-v4-matlab-adapter-v1""}",v1
PubMed,2,GRAPH_GEOMETRY_8,,formal,,YACHT,"{""alpha"": 0.99, ""anchor_offset"": 2, ""kmeans_replicates"": 3, ""theta"": 0.4, ""walk_order"": 20}",ok,19717,3,20,0.59633818532231064,0.18505364110860259,0.1778331865433157,0.58518647457157569,15.213065799995093,,,,,,,,,,,,,,,,matlab,https://github.com/scu-kdde/YACHT.git,44cb0fc35b80ec17befa199879ac947fee15f464,2026-09-14,NOASSERTION,efb0862fae83260202613710cb53a2d561f3391b4f281b1fbc1addecaf6aafdb,62deb2b66b54ab18491847bd2cca81e375344bea0ab840d0da429a98100a165b,False,results\cache\official_baselines\YACHT\PubMed__pool2__04f0a201d2d3a72cd0969ac8ce66cd93a78dc90adfc609b312e40e54acc247eb.npz,"{""details"": {""alpha"": 0.99, ""anchor_offset"": 2, ""compatibility_patch"": ""paper walk order is parameterized; repository helper hard-codes 10"", ""entrypoint"": ""solve_YACHT"", ""input"": ""frozen_base_parts"", ""kmeans_replicates"": 3, ""theta"": 0.4, ""walk_order"": 20}, ""method"": ""YACHT"", ""schema"": ""psfce-v4-matlab-adapter-v1""}",v1
Reuters,0,NEW10,,formal,,CEHM,{},ok,1500,6,20,0.27800000000000002,0,0,0.072509128847157003,12.7047401000018,,,,,,,,,,,,,,,,matlab,https://github.com/FeijiangLi/Code-k-HyperEdge-Medoids-for-Clustering-Ensemble-AAAI.git,29c22fb18e05eed67728eebcb29cd7e9133723f7,2026-09-14,NOASSERTION,69d21783a62357c5e13226a5a14e09ba83bbae254dc5fb2da19789f3b625144b,44136fa355b3678a1146ad16f7e8649e94fb4fc21fe77e8310c060f61caaff8a,False,results\cache\official_baselines\CEHM\Reuters__pool0__11797b7d0ef4f02b674dcde359d49015377e36d0c23871633e1d97f2d99038d6.npz,"{""details"": {""entrypoint"": ""CEHM"", ""input"": ""frozen_base_parts"", ""variant"": ""published""}, ""method"": ""CEHM"", ""schema"": ""psfce-v4-matlab-adapter-v1""}",v1
Reuters,0,NEW10,,formal,,RANGE,"{""alpha"": 0.8, ""anchor_offset"": 0, ""fuzzy_threshold"": 0.8, ""kmeans_replicates"": 3, ""lambda"": 0.1}",ok,1500,6,20,0.42066666666666669,0.2291678232732533,0.21752735407550969,0.36314915297460287,13.682219299997088,,,,,,,,,,,,,,,,matlab,https://github.com/middle258/RANGE.git,85d93c54d72d500034d05b5ef131bd90630a3632,2026-09-14,NOASSERTION,69d21783a62357c5e13226a5a14e09ba83bbae254dc5fb2da19789f3b625144b,768290a1f1c2f63f8babf657f4e5e2b4da610a7bbda77136d410d91af83ab12a,False,results\cache\official_baselines\RANGE\Reuters__pool0__529486c9f4c67b921c32c672a24ec5b8413f7ff41569471ceeeb4bdb2d294c31.npz,"{""details"": {""alpha"": 0.8, ""anchor_offset"": 0, ""entrypoint"": ""HFES+solve_RANGE"", ""fuzzy_threshold"": 0.8, ""input"": ""frozen_base_parts"", ""kmeans_replicates"": 3, ""lambda"": 0.1}, ""method"": ""RANGE"", ""schema"": ""psfce-v4-matlab-adapter-v1""}",v1
Reuters,0,NEW10,,formal,,YACHT,"{""alpha"": 0.99, ""anchor_offset"": 2, ""kmeans_replicates"": 3, ""theta"": 0.4, ""walk_order"": 20}",ok,1500,6,20,0.38533333333333331,0.16366202693085699,0.15949583552633409,0.32803465234428258,13.621278199992958,,,,,,,,,,,,,,,,matlab,https://github.com/scu-kdde/YACHT.git,44cb0fc35b80ec17befa199879ac947fee15f464,2026-09-14,NOASSERTION,69d21783a62357c5e13226a5a14e09ba83bbae254dc5fb2da19789f3b625144b,62deb2b66b54ab18491847bd2cca81e375344bea0ab840d0da429a98100a165b,False,results\cache\official_baselines\YACHT\Reuters__pool0__aab24aed3b98a229c6cc9339ec4f2ce90c096bcfba24cbfb98dccd9464563785.npz,"{""details"": {""alpha"": 0.99, ""anchor_offset"": 2, ""compatibility_patch"": ""paper walk order is parameterized; repository helper hard-codes 10"", ""entrypoint"": ""solve_YACHT"", ""input"": ""frozen_base_parts"", ""kmeans_replicates"": 3, ""theta"": 0.4, ""walk_order"": 20}, ""method"": ""YACHT"", ""schema"": ""psfce-v4-matlab-adapter-v1""}",v1
Reuters,1,NEW10,,formal,,CEHM,{},ok,1500,6,20,0.27800000000000002,0,0,0.072509128847157003,12.576004700007616,,,,,,,,,,,,,,,,matlab,https://github.com/FeijiangLi/Code-k-HyperEdge-Medoids-for-Clustering-Ensemble-AAAI.git,29c22fb18e05eed67728eebcb29cd7e9133723f7,2026-09-14,NOASSERTION,c967a01e1f7bf97e90d510496cb8a09f7072dd6d3f85c81b966bd819e4967a68,44136fa355b3678a1146ad16f7e8649e94fb4fc21fe77e8310c060f61caaff8a,False,results\cache\official_baselines\CEHM\Reuters__pool1__8564b40ae5bb6ec8447a5863b47e4f296ea829d5f915fda5dfe505f5d968dfdc.npz,"{""details"": {""entrypoint"": ""CEHM"", ""input"": ""frozen_base_parts"", ""variant"": ""published""}, ""method"": ""CEHM"", ""schema"": ""psfce-v4-matlab-adapter-v1""}",v1
Reuters,1,NEW10,,formal,,RANGE,"{""alpha"": 0.8, ""anchor_offset"": 0, ""fuzzy_threshold"": 0.8, ""kmeans_replicates"": 3, ""lambda"": 0.1}",ok,1500,6,20,0.42066666666666669,0.20186352750020789,0.20610440428218921,0.33938460412546112,13.222680599996238,,,,,,,,,,,,,,,,matlab,https://github.com/middle258/RANGE.git,85d93c54d72d500034d05b5ef131bd90630a3632,2026-09-14,NOASSERTION,c967a01e1f7bf97e90d510496cb8a09f7072dd6d3f85c81b966bd819e4967a68,768290a1f1c2f63f8babf657f4e5e2b4da610a7bbda77136d410d91af83ab12a,False,results\cache\official_baselines\RANGE\Reuters__pool1__8d5ea748499966225ce53a89a80062c617d629c994bde02238fdf196b8d88eca.npz,"{""details"": {""alpha"": 0.8, ""anchor_offset"": 0, ""entrypoint"": ""HFES+solve_RANGE"", ""fuzzy_threshold"": 0.8, ""input"": ""frozen_base_parts"", ""kmeans_replicates"": 3, ""lambda"": 0.1}, ""method"": ""RANGE"", ""schema"": ""psfce-v4-matlab-adapter-v1""}",v1
Reuters,1,NEW10,,formal,,YACHT,"{""alpha"": 0.99, ""anchor_offset"": 2, ""kmeans_replicates"": 3, ""theta"": 0.4, ""walk_order"": 20}",ok,1500,6,20,0.35933333333333328,0.14251211558315949,0.13996401698108421,0.29583585703318221,13.39919359999476,,,,,,,,,,,,,,,,matlab,https://github.com/scu-kdde/YACHT.git,44cb0fc35b80ec17befa199879ac947fee15f464,2026-09-14,NOASSERTION,c967a01e1f7bf97e90d510496cb8a09f7072dd6d3f85c81b966bd819e4967a68,62deb2b66b54ab18491847bd2cca81e375344bea0ab840d0da429a98100a165b,False,results\cache\official_baselines\YACHT\Reuters__pool1__b2e566c31fee875409d2d42eb897e2907b473db5db74f80815befc7c24c9635a.npz,"{""details"": {""alpha"": 0.99, ""anchor_offset"": 2, ""compatibility_patch"": ""paper walk order is parameterized; repository helper hard-codes 10"", ""entrypoint"": ""solve_YACHT"", ""input"": ""frozen_base_parts"", ""kmeans_replicates"": 3, ""theta"": 0.4, ""walk_order"": 20}, ""method"": ""YACHT"", ""schema"": ""psfce-v4-matlab-adapter-v1""}",v1
Reuters,2,NEW10,,formal,,CEHM,{},ok,1500,6,20,0.27800000000000002,0,0,0.072509128847157003,12.647926499994355,,,,,,,,,,,,,,,,matlab,https://github.com/FeijiangLi/Code-k-HyperEdge-Medoids-for-Clustering-Ensemble-AAAI.git,29c22fb18e05eed67728eebcb29cd7e9133723f7,2026-09-14,NOASSERTION,d231e9379697f33557eca07ba6571c3f1a5799341d2141036c362503e4558d4b,44136fa355b3678a1146ad16f7e8649e94fb4fc21fe77e8310c060f61caaff8a,False,results\cache\official_baselines\CEHM\Reuters__pool2__e62c4c9b3b828336dc43294d3681d0e4bebdfbf18bde35e2dac2e69c1c7428e1.npz,"{""details"": {""entrypoint"": ""CEHM"", ""input"": ""frozen_base_parts"", ""variant"": ""published""}, ""method"": ""CEHM"", ""schema"": ""psfce-v4-matlab-adapter-v1""}",v1
Reuters,2,NEW10,,formal,,RANGE,"{""alpha"": 0.8, ""anchor_offset"": 0, ""fuzzy_threshold"": 0.8, ""kmeans_replicates"": 3, ""lambda"": 0.1}",ok,1500,6,20,0.40666666666666668,0.2059900983339758,0.18192389070448201,0.35306554307983529,13.274001400000998,,,,,,,,,,,,,,,,matlab,https://github.com/middle258/RANGE.git,85d93c54d72d500034d05b5ef131bd90630a3632,2026-09-14,NOASSERTION,d231e9379697f33557eca07ba6571c3f1a5799341d2141036c362503e4558d4b,768290a1f1c2f63f8babf657f4e5e2b4da610a7bbda77136d410d91af83ab12a,False,results\cache\official_baselines\RANGE\Reuters__pool2__34a204ebd4d6f34b321ecb1ce2fa5c4b9d65ea07b83052904676a8a2e04f15f0.npz,"{""details"": {""alpha"": 0.8, ""anchor_offset"": 0, ""entrypoint"": ""HFES+solve_RANGE"", ""fuzzy_threshold"": 0.8, ""input"": ""frozen_base_parts"", ""kmeans_replicates"": 3, ""lambda"": 0.1}, ""method"": ""RANGE"", ""schema"": ""psfce-v4-matlab-adapter-v1""}",v1
Reuters,2,NEW10,,formal,,YACHT,"{""alpha"": 0.99, ""anchor_offset"": 2, ""kmeans_replicates"": 3, ""theta"": 0.4, ""walk_order"": 20}",ok,1500,6,20,0.36466666666666658,0.1603272228676498,0.1398484051104362,0.32302936984708042,13.502583399997093,,,,,,,,,,,,,,,,matlab,https://github.com/scu-kdde/YACHT.git,44cb0fc35b80ec17befa199879ac947fee15f464,2026-09-14,NOASSERTION,d231e9379697f33557eca07ba6571c3f1a5799341d2141036c362503e4558d4b,62deb2b66b54ab18491847bd2cca81e375344bea0ab840d0da429a98100a165b,False,results\cache\official_baselines\YACHT\Reuters__pool2__ad671047b3d47d8492d11df41eab2d47104dd442cb496d9a9151f22d103148bb.npz,"{""details"": {""alpha"": 0.99, ""anchor_offset"": 2, ""compatibility_patch"": ""paper walk order is parameterized; repository helper hard-codes 10"", ""entrypoint"": ""solve_YACHT"", ""input"": ""frozen_base_parts"", ""kmeans_replicates"": 3, ""theta"": 0.4, ""walk_order"": 20}, ""method"": ""YACHT"", ""schema"": ""psfce-v4-matlab-adapter-v1""}",v1
Scene15,0,NEW10,,formal,,CEHM,{},ok,4485,15,20,0.0914158305462653,0,0,0.011167858358869499,13.141100099994221,,,,,,,,,,,,,,,,matlab,https://github.com/FeijiangLi/Code-k-HyperEdge-Medoids-for-Clustering-Ensemble-AAAI.git,29c22fb18e05eed67728eebcb29cd7e9133723f7,2026-09-14,NOASSERTION,be31a6880bc89eb6096217975cdfe61c05fbdaae51a4cc7a351758600435f2c8,44136fa355b3678a1146ad16f7e8649e94fb4fc21fe77e8310c060f61caaff8a,False,results\cache\official_baselines\CEHM\Scene15__pool0__61fd59f75b3878dd1bb7638b85ae0189ea11719f8f5847c6a21eaa35222a9109.npz,"{""details"": {""entrypoint"": ""CEHM"", ""input"": ""frozen_base_parts"", ""variant"": ""published""}, ""method"": ""CEHM"", ""schema"": ""psfce-v4-matlab-adapter-v1""}",v1
Scene15,0,NEW10,,formal,,RANGE,"{""alpha"": 0.8, ""anchor_offset"": 0, ""fuzzy_threshold"": 0.8, ""kmeans_replicates"": 3, ""lambda"": 0.1}",ok,4485,15,20,0.4222965440356744,0.40874685964298513,0.2398734759222991,0.41862090143149011,14.563590899997507,,,,,,,,,,,,,,,,matlab,https://github.com/middle258/RANGE.git,85d93c54d72d500034d05b5ef131bd90630a3632,2026-09-14,NOASSERTION,be31a6880bc89eb6096217975cdfe61c05fbdaae51a4cc7a351758600435f2c8,768290a1f1c2f63f8babf657f4e5e2b4da610a7bbda77136d410d91af83ab12a,False,results\cache\official_baselines\RANGE\Scene15__pool0__fbd372a816056c6832f6d88a82e861d57c4549e810d0c61faac59751af3fade6.npz,"{""details"": {""alpha"": 0.8, ""anchor_offset"": 0, ""entrypoint"": ""HFES+solve_RANGE"", ""fuzzy_threshold"": 0.8, ""input"": ""frozen_base_parts"", ""kmeans_replicates"": 3, ""lambda"": 0.1}, ""method"": ""RANGE"", ""schema"": ""psfce-v4-matlab-adapter-v1""}",v1
Scene15,0,NEW10,,formal,,YACHT,"{""alpha"": 0.99, ""anchor_offset"": 2, ""kmeans_replicates"": 3, ""theta"": 0.4, ""walk_order"": 20}",ok,4485,15,20,0.35206243032329981,0.3925886227001199,0.21246181505442149,0.34416252097485361,15.078528600002755,,,,,,,,,,,,,,,,matlab,https://github.com/scu-kdde/YACHT.git,44cb0fc35b80ec17befa199879ac947fee15f464,2026-09-14,NOASSERTION,be31a6880bc89eb6096217975cdfe61c05fbdaae51a4cc7a351758600435f2c8,62deb2b66b54ab18491847bd2cca81e375344bea0ab840d0da429a98100a165b,False,results\cache\official_baselines\YACHT\Scene15__pool0__b92efcb11143ab6ae683130fbb919a72c457891a115709b05112752737e6da9b.npz,"{""details"": {""alpha"": 0.99, ""anchor_offset"": 2, ""compatibility_patch"": ""paper walk order is parameterized; repository helper hard-codes 10"", ""entrypoint"": ""solve_YACHT"", ""input"": ""frozen_base_parts"", ""kmeans_replicates"": 3, ""theta"": 0.4, ""walk_order"": 20}, ""method"": ""YACHT"", ""schema"": ""psfce-v4-matlab-adapter-v1""}",v1
Scene15,1,NEW10,,formal,,CEHM,{},ok,4485,15,20,0.0914158305462653,0,0,0.011167858358869499,13.612831999998887,,,,,,,,,,,,,,,,matlab,https://github.com/FeijiangLi/Code-k-HyperEdge-Medoids-for-Clustering-Ensemble-AAAI.git,29c22fb18e05eed67728eebcb29cd7e9133723f7,2026-09-14,NOASSERTION,f3a415eec96ec819c8076b00bf5d4e1d8c08a4c90c31d0f5c1e93cbbc28f8cb3,44136fa355b3678a1146ad16f7e8649e94fb4fc21fe77e8310c060f61caaff8a,False,results\cache\official_baselines\CEHM\Scene15__pool1__f831476f0f99b9cd2c3683e079ac6981f0ab5281a93d666064dcb694e20da791.npz,"{""details"": {""entrypoint"": ""CEHM"", ""input"": ""frozen_base_parts"", ""variant"": ""published""}, ""method"": ""CEHM"", ""schema"": ""psfce-v4-matlab-adapter-v1""}",v1
Scene15,1,NEW10,,formal,,RANGE,"{""alpha"": 0.8, ""anchor_offset"": 0, ""fuzzy_threshold"": 0.8, ""kmeans_replicates"": 3, ""lambda"": 0.1}",ok,4485,15,20,0.39777034559643248,0.40011327132549829,0.22901164384439529,0.3887160664379567,14.57137189999048,,,,,,,,,,,,,,,,matlab,https://github.com/middle258/RANGE.git,85d93c54d72d500034d05b5ef131bd90630a3632,2026-09-14,NOASSERTION,f3a415eec96ec819c8076b00bf5d4e1d8c08a4c90c31d0f5c1e93cbbc28f8cb3,768290a1f1c2f63f8babf657f4e5e2b4da610a7bbda77136d410d91af83ab12a,False,results\cache\official_baselines\RANGE\Scene15__pool1__db6a626eb273577aff0ecaeb4647fc57e0400b7b6804d505001eda381ac5bf1e.npz,"{""details"": {""alpha"": 0.8, ""anchor_offset"": 0, ""entrypoint"": ""HFES+solve_RANGE"", ""fuzzy_threshold"": 0.8, ""input"": ""frozen_base_parts"", ""kmeans_replicates"": 3, ""lambda"": 0.1}, ""method"": ""RANGE"", ""schema"": ""psfce-v4-matlab-adapter-v1""}",v1
Scene15,1,NEW10,,formal,,YACHT,"{""alpha"": 0.99, ""anchor_offset"": 2, ""kmeans_replicates"": 3, ""theta"": 0.4, ""walk_order"": 20}",ok,4485,15,20,0.3674470457079152,0.38291751620270759,0.20903871182701581,0.35422276165834621,14.777991499999189,,,,,,,,,,,,,,,,matlab,https://github.com/scu-kdde/YACHT.git,44cb0fc35b80ec17befa199879ac947fee15f464,2026-09-14,NOASSERTION,f3a415eec96ec819c8076b00bf5d4e1d8c08a4c90c31d0f5c1e93cbbc28f8cb3,62deb2b66b54ab18491847bd2cca81e375344bea0ab840d0da429a98100a165b,False,results\cache\official_baselines\YACHT\Scene15__pool1__2a89e9d3d0c493351066cadd758789c1ca7654ca96ceae69179045d59a37b9a6.npz,"{""details"": {""alpha"": 0.99, ""anchor_offset"": 2, ""compatibility_patch"": ""paper walk order is parameterized; repository helper hard-codes 10"", ""entrypoint"": ""solve_YACHT"", ""input"": ""frozen_base_parts"", ""kmeans_replicates"": 3, ""theta"": 0.4, ""walk_order"": 20}, ""method"": ""YACHT"", ""schema"": ""psfce-v4-matlab-adapter-v1""}",v1
Scene15,2,NEW10,,formal,,CEHM,{},ok,4485,15,20,0.0914158305462653,0,0,0.011167858358869499,13.85558120001224,,,,,,,,,,,,,,,,matlab,https://github.com/FeijiangLi/Code-k-HyperEdge-Medoids-for-Clustering-Ensemble-AAAI.git,29c22fb18e05eed67728eebcb29cd7e9133723f7,2026-09-14,NOASSERTION,f2c86f72f2735a6888ed927f70fef4a623ad6d00b46ea5dcbb5a6e1ca15d6360,44136fa355b3678a1146ad16f7e8649e94fb4fc21fe77e8310c060f61caaff8a,False,results\cache\official_baselines\CEHM\Scene15__pool2__0bf4aa970b3e1a8dcba24f4975d1d414eeb2462f22b3dafe2a29dc38d3a81ca2.npz,"{""details"": {""entrypoint"": ""CEHM"", ""input"": ""frozen_base_parts"", ""variant"": ""published""}, ""method"": ""CEHM"", ""schema"": ""psfce-v4-matlab-adapter-v1""}",v1
Scene15,2,NEW10,,formal,,RANGE,"{""alpha"": 0.8, ""anchor_offset"": 0, ""fuzzy_threshold"": 0.8, ""kmeans_replicates"": 3, ""lambda"": 0.1}",ok,4485,15,20,0.43433667781493868,0.4228918357830449,0.25342127924952518,0.42659621788509139,14.290509900005418,,,,,,,,,,,,,,,,matlab,https://github.com/middle258/RANGE.git,85d93c54d72d500034d05b5ef131bd90630a3632,2026-09-14,NOASSERTION,f2c86f72f2735a6888ed927f70fef4a623ad6d00b46ea5dcbb5a6e1ca15d6360,768290a1f1c2f63f8babf657f4e5e2b4da610a7bbda77136d410d91af83ab12a,False,results\cache\official_baselines\RANGE\Scene15__pool2__1dc94a8dfc17ea372c09b632aa785ae38f0527099afbd5867218ca19efdbac0f.npz,"{""details"": {""alpha"": 0.8, ""anchor_offset"": 0, ""entrypoint"": ""HFES+solve_RANGE"", ""fuzzy_threshold"": 0.8, ""input"": ""frozen_base_parts"", ""kmeans_replicates"": 3, ""lambda"": 0.1}, ""method"": ""RANGE"", ""schema"": ""psfce-v4-matlab-adapter-v1""}",v1
Scene15,2,NEW10,,formal,,YACHT,"{""alpha"": 0.99, ""anchor_offset"": 2, ""kmeans_replicates"": 3, ""theta"": 0.4, ""walk_order"": 20}",ok,4485,15,20,0.3823857302118171,0.40319655220318268,0.22668894902968151,0.3685899715410938,14.749184200001764,,,,,,,,,,,,,,,,matlab,https://github.com/scu-kdde/YACHT.git,44cb0fc35b80ec17befa199879ac947fee15f464,2026-09-14,NOASSERTION,f2c86f72f2735a6888ed927f70fef4a623ad6d00b46ea5dcbb5a6e1ca15d6360,62deb2b66b54ab18491847bd2cca81e375344bea0ab840d0da429a98100a165b,False,results\cache\official_baselines\YACHT\Scene15__pool2__8840e35dea8e53dd382072bb3c056393bb15e04b3f04fa7cfc724c6982bedc36.npz,"{""details"": {""alpha"": 0.99, ""anchor_offset"": 2, ""compatibility_patch"": ""paper walk order is parameterized; repository helper hard-codes 10"", ""entrypoint"": ""solve_YACHT"", ""input"": ""frozen_base_parts"", ""kmeans_replicates"": 3, ""theta"": 0.4, ""walk_order"": 20}, ""method"": ""YACHT"", ""schema"": ""psfce-v4-matlab-adapter-v1""}",v1
Squirrel,0,GRAPH_GEOMETRY_8,,formal,,CEHM,{},ok,5201,5,20,0.2003460872909055,0,0,0.066762774307223993,12.858858599996893,,,,,,,,,,,,,,,,matlab,https://github.com/FeijiangLi/Code-k-HyperEdge-Medoids-for-Clustering-Ensemble-AAAI.git,29c22fb18e05eed67728eebcb29cd7e9133723f7,2026-09-14,NOASSERTION,e7ee773fe4af819d2926429b95fda6b3f4d2f55279c7f9826566b07296aa1c2b,44136fa355b3678a1146ad16f7e8649e94fb4fc21fe77e8310c060f61caaff8a,False,results\cache\official_baselines\CEHM\Squirrel__pool0__c5bd4805c12bb5a759e707fb2158794267981b2e9b4a0999f1810baff00ea3b0.npz,"{""details"": {""entrypoint"": ""CEHM"", ""input"": ""frozen_base_parts"", ""variant"": ""published""}, ""method"": ""CEHM"", ""schema"": ""psfce-v4-matlab-adapter-v1""}",v1
Squirrel,0,GRAPH_GEOMETRY_8,,formal,,RANGE,"{""alpha"": 0.8, ""anchor_offset"": 0, ""fuzzy_threshold"": 0.8, ""kmeans_replicates"": 3, ""lambda"": 0.1}",ok,5201,5,20,0.25398961738127279,0.015674564120745301,0.014276725900382901,0.24467843130233519,13.70473640000273,,,,,,,,,,,,,,,,matlab,https://github.com/middle258/RANGE.git,85d93c54d72d500034d05b5ef131bd90630a3632,2026-09-14,NOASSERTION,e7ee773fe4af819d2926429b95fda6b3f4d2f55279c7f9826566b07296aa1c2b,768290a1f1c2f63f8babf657f4e5e2b4da610a7bbda77136d410d91af83ab12a,False,results\cache\official_baselines\RANGE\Squirrel__pool0__b2a2e60ea5900001f0ae6b6b7260bbb73eca2f544112b5d8854c9c887beb0ae8.npz,"{""details"": {""alpha"": 0.8, ""anchor_offset"": 0, ""entrypoint"": ""HFES+solve_RANGE"", ""fuzzy_threshold"": 0.8, ""input"": ""frozen_base_parts"", ""kmeans_replicates"": 3, ""lambda"": 0.1}, ""method"": ""RANGE"", ""schema"": ""psfce-v4-matlab-adapter-v1""}",v1
Squirrel,0,GRAPH_GEOMETRY_8,,formal,,YACHT,"{""alpha"": 0.99, ""anchor_offset"": 2, ""kmeans_replicates"": 3, ""theta"": 0.4, ""walk_order"": 20}",ok,5201,5,20,0.24014612574504901,0.010786787622869,0.0078785154361344003,0.2357937959636017,13.994271300005494,,,,,,,,,,,,,,,,matlab,https://github.com/scu-kdde/YACHT.git,44cb0fc35b80ec17befa199879ac947fee15f464,2026-09-14,NOASSERTION,e7ee773fe4af819d2926429b95fda6b3f4d2f55279c7f9826566b07296aa1c2b,62deb2b66b54ab18491847bd2cca81e375344bea0ab840d0da429a98100a165b,False,results\cache\official_baselines\YACHT\Squirrel__pool0__4166b491385b9267e24e7e8ff064195d7d0be772c4c943bbc40b5026d4cdf40e.npz,"{""details"": {""alpha"": 0.99, ""anchor_offset"": 2, ""compatibility_patch"": ""paper walk order is parameterized; repository helper hard-codes 10"", ""entrypoint"": ""solve_YACHT"", ""input"": ""frozen_base_parts"", ""kmeans_replicates"": 3, ""theta"": 0.4, ""walk_order"": 20}, ""method"": ""YACHT"", ""schema"": ""psfce-v4-matlab-adapter-v1""}",v1
Squirrel,1,GRAPH_GEOMETRY_8,,formal,,CEHM,{},ok,5201,5,20,0.2003460872909055,0,0,0.066762774307223993,12.42974019999383,,,,,,,,,,,,,,,,matlab,https://github.com/FeijiangLi/Code-k-HyperEdge-Medoids-for-Clustering-Ensemble-AAAI.git,29c22fb18e05eed67728eebcb29cd7e9133723f7,2026-09-14,NOASSERTION,0a45e0c529c62702498aee46357989a887ffce669527f2612d0e58cdb631eef0,44136fa355b3678a1146ad16f7e8649e94fb4fc21fe77e8310c060f61caaff8a,False,results\cache\official_baselines\CEHM\Squirrel__pool1__ccca19022daa85deac939c7e75d43a9701c6f65f9762c9ae20683fa067d15ead.npz,"{""details"": {""entrypoint"": ""CEHM"", ""input"": ""frozen_base_parts"", ""variant"": ""published""}, ""method"": ""CEHM"", ""schema"": ""psfce-v4-matlab-adapter-v1""}",v1
Squirrel,1,GRAPH_GEOMETRY_8,,formal,,RANGE,"{""alpha"": 0.8, ""anchor_offset"": 0, ""fuzzy_threshold"": 0.8, ""kmeans_replicates"": 3, ""lambda"": 0.1}",ok,5201,5,20,0.2441838108056143,0.010380203249382399,0.0048245393849043004,0.21612052750693619,13.555896099991514,,,,,,,,,,,,,,,,matlab,https://github.com/middle258/RANGE.git,85d93c54d72d500034d05b5ef131bd90630a3632,2026-09-14,NOASSERTION,0a45e0c529c62702498aee46357989a887ffce669527f2612d0e58cdb631eef0,768290a1f1c2f63f8babf657f4e5e2b4da610a7bbda77136d410d91af83ab12a,False,results\cache\official_baselines\RANGE\Squirrel__pool1__7a2575cf1b8a946f0042bb3f8d0bbc9a7e5247a1fcc96d4d0368d1eb35950e92.npz,"{""details"": {""alpha"": 0.8, ""anchor_offset"": 0, ""entrypoint"": ""HFES+solve_RANGE"", ""fuzzy_threshold"": 0.8, ""input"": ""frozen_base_parts"", ""kmeans_replicates"": 3, ""lambda"": 0.1}, ""method"": ""RANGE"", ""schema"": ""psfce-v4-matlab-adapter-v1""}",v1
Squirrel,1,GRAPH_GEOMETRY_8,,formal,,YACHT,"{""alpha"": 0.99, ""anchor_offset"": 2, ""kmeans_replicates"": 3, ""theta"": 0.4, ""walk_order"": 20}",ok,5201,5,20,0.24591424726014219,0.0079710666168359996,0.0051003079459218999,0.24568296833215841,14.287903599994024,,,,,,,,,,,,,,,,matlab,https://github.com/scu-kdde/YACHT.git,44cb0fc35b80ec17befa199879ac947fee15f464,2026-09-14,NOASSERTION,0a45e0c529c62702498aee46357989a887ffce669527f2612d0e58cdb631eef0,62deb2b66b54ab18491847bd2cca81e375344bea0ab840d0da429a98100a165b,False,results\cache\official_baselines\YACHT\Squirrel__pool1__673a0071a80811530e0ea9878734a5281ab9c2ac72dd88e06751e7c04b77a7d5.npz,"{""details"": {""alpha"": 0.99, ""anchor_offset"": 2, ""compatibility_patch"": ""paper walk order is parameterized; repository helper hard-codes 10"", ""entrypoint"": ""solve_YACHT"", ""input"": ""frozen_base_parts"", ""kmeans_replicates"": 3, ""theta"": 0.4, ""walk_order"": 20}, ""method"": ""YACHT"", ""schema"": ""psfce-v4-matlab-adapter-v1""}",v1
Squirrel,2,GRAPH_GEOMETRY_8,,formal,,CEHM,{},ok,5201,5,20,0.2003460872909055,0,0,0.066762774307223993,13.103779700002631,,,,,,,,,,,,,,,,matlab,https://github.com/FeijiangLi/Code-k-HyperEdge-Medoids-for-Clustering-Ensemble-AAAI.git,29c22fb18e05eed67728eebcb29cd7e9133723f7,2026-09-14,NOASSERTION,97673e206f68b6a3cfe1e38333e75d4222438d5ac4424e2a2f8b9c622c87e3c6,44136fa355b3678a1146ad16f7e8649e94fb4fc21fe77e8310c060f61caaff8a,False,results\cache\official_baselines\CEHM\Squirrel__pool2__de0f49deb7d3ca2f6ef1dce498f5957ae00678ce8f2b98049a9818c976505309.npz,"{""details"": {""entrypoint"": ""CEHM"", ""input"": ""frozen_base_parts"", ""variant"": ""published""}, ""method"": ""CEHM"", ""schema"": ""psfce-v4-matlab-adapter-v1""}",v1
Squirrel,2,GRAPH_GEOMETRY_8,,formal,,RANGE,"{""alpha"": 0.8, ""anchor_offset"": 0, ""fuzzy_threshold"": 0.8, ""kmeans_replicates"": 3, ""lambda"": 0.1}",ok,5201,5,20,0.2526437223610844,0.0140231562284401,0.0122519789734297,0.24482311483202171,13.406993399999919,,,,,,,,,,,,,,,,matlab,https://github.com/middle258/RANGE.git,85d93c54d72d500034d05b5ef131bd90630a3632,2026-09-14,NOASSERTION,97673e206f68b6a3cfe1e38333e75d4222438d5ac4424e2a2f8b9c622c87e3c6,768290a1f1c2f63f8babf657f4e5e2b4da610a7bbda77136d410d91af83ab12a,False,results\cache\official_baselines\RANGE\Squirrel__pool2__fbe4055a20799bff32c302e3d0ef474de71890e2d9d38e416500a18cb8a94929.npz,"{""details"": {""alpha"": 0.8, ""anchor_offset"": 0, ""entrypoint"": ""HFES+solve_RANGE"", ""fuzzy_threshold"": 0.8, ""input"": ""frozen_base_parts"", ""kmeans_replicates"": 3, ""lambda"": 0.1}, ""method"": ""RANGE"", ""schema"": ""psfce-v4-matlab-adapter-v1""}",v1
Squirrel,2,GRAPH_GEOMETRY_8,,formal,,YACHT,"{""alpha"": 0.99, ""anchor_offset"": 2, ""kmeans_replicates"": 3, ""theta"": 0.4, ""walk_order"": 20}",ok,5201,5,20,0.25225918092674487,0.022086943039367899,0.010735382244795699,0.25193839271581731,14.174616199990851,,,,,,,,,,,,,,,,matlab,https://github.com/scu-kdde/YACHT.git,44cb0fc35b80ec17befa199879ac947fee15f464,2026-09-14,NOASSERTION,97673e206f68b6a3cfe1e38333e75d4222438d5ac4424e2a2f8b9c622c87e3c6,62deb2b66b54ab18491847bd2cca81e375344bea0ab840d0da429a98100a165b,False,results\cache\official_baselines\YACHT\Squirrel__pool2__5c7a508486203dc944792fc2142eb478225428db893e77bd4568db8d1b68c255.npz,"{""details"": {""alpha"": 0.99, ""anchor_offset"": 2, ""compatibility_patch"": ""paper walk order is parameterized; repository helper hard-codes 10"", ""entrypoint"": ""solve_YACHT"", ""input"": ""frozen_base_parts"", ""kmeans_replicates"": 3, ""theta"": 0.4, ""walk_order"": 20}, ""method"": ""YACHT"", ""schema"": ""psfce-v4-matlab-adapter-v1""}",v1
UMIST,0,NEW10,,formal,,CEHM,{},ok,575,20,20,0.40869565217391302,0.59301395119198963,0.27595725855033321,0.37268171346455042,12.959811100008665,,,,,,,,,,,,,,,,matlab,https://github.com/FeijiangLi/Code-k-HyperEdge-Medoids-for-Clustering-Ensemble-AAAI.git,29c22fb18e05eed67728eebcb29cd7e9133723f7,2026-09-14,NOASSERTION,73a28c1538c0c1c9f68b65baca85be02183f35f54dfc9ecf4043294d82777260,44136fa355b3678a1146ad16f7e8649e94fb4fc21fe77e8310c060f61caaff8a,False,results\cache\official_baselines\CEHM\UMIST__pool0__d51badbabf75b747cf03d4f4abeccd28da6a25b334be7f0c5c6650f36b47b3c6.npz,"{""details"": {""entrypoint"": ""CEHM"", ""input"": ""frozen_base_parts"", ""variant"": ""published""}, ""method"": ""CEHM"", ""schema"": ""psfce-v4-matlab-adapter-v1""}",v1
UMIST,0,NEW10,,formal,,RANGE,"{""alpha"": 0.8, ""anchor_offset"": 0, ""fuzzy_threshold"": 0.8, ""kmeans_replicates"": 3, ""lambda"": 0.1}",ok,575,20,20,0.42086956521739127,0.59928609273274069,0.32393384901702088,0.40738561395153461,13.676656399999048,,,,,,,,,,,,,,,,matlab,https://github.com/middle258/RANGE.git,85d93c54d72d500034d05b5ef131bd90630a3632,2026-09-14,NOASSERTION,73a28c1538c0c1c9f68b65baca85be02183f35f54dfc9ecf4043294d82777260,768290a1f1c2f63f8babf657f4e5e2b4da610a7bbda77136d410d91af83ab12a,False,results\cache\official_baselines\RANGE\UMIST__pool0__d46c5243cfc0c9e997ae3fb3a6c2b51c90dca0450fabf43091366a4d6e5bf096.npz,"{""details"": {""alpha"": 0.8, ""anchor_offset"": 0, ""entrypoint"": ""HFES+solve_RANGE"", ""fuzzy_threshold"": 0.8, ""input"": ""frozen_base_parts"", ""kmeans_replicates"": 3, ""lambda"": 0.1}, ""method"": ""RANGE"", ""schema"": ""psfce-v4-matlab-adapter-v1""}",v1
UMIST,0,NEW10,,formal,,YACHT,"{""alpha"": 0.99, ""anchor_offset"": 2, ""kmeans_replicates"": 3, ""theta"": 0.4, ""walk_order"": 20}",ok,575,20,20,0.41043478260869559,0.60161785987678373,0.29658816389338633,0.40898483865232171,13.049838700011604,,,,,,,,,,,,,,,,matlab,https://github.com/scu-kdde/YACHT.git,44cb0fc35b80ec17befa199879ac947fee15f464,2026-09-14,NOASSERTION,73a28c1538c0c1c9f68b65baca85be02183f35f54dfc9ecf4043294d82777260,62deb2b66b54ab18491847bd2cca81e375344bea0ab840d0da429a98100a165b,False,results\cache\official_baselines\YACHT\UMIST__pool0__ed5619c4cd862eddb18affa0f88fdc1303e28e3779e8bcb16f77c108371ead56.npz,"{""details"": {""alpha"": 0.99, ""anchor_offset"": 2, ""compatibility_patch"": ""paper walk order is parameterized; repository helper hard-codes 10"", ""entrypoint"": ""solve_YACHT"", ""input"": ""frozen_base_parts"", ""kmeans_replicates"": 3, ""theta"": 0.4, ""walk_order"": 20}, ""method"": ""YACHT"", ""schema"": ""psfce-v4-matlab-adapter-v1""}",v1
UMIST,1,NEW10,,formal,,CEHM,{},ok,575,20,20,0.40347826086956518,0.59099816605099786,0.27457528613316451,0.40625604323041248,12.524125900003128,,,,,,,,,,,,,,,,matlab,https://github.com/FeijiangLi/Code-k-HyperEdge-Medoids-for-Clustering-Ensemble-AAAI.git,29c22fb18e05eed67728eebcb29cd7e9133723f7,2026-09-14,NOASSERTION,500a22db82a3543a8c8fb0af5d17b3f2290298eea80cac2374e470eaa9ddbd1e,44136fa355b3678a1146ad16f7e8649e94fb4fc21fe77e8310c060f61caaff8a,False,results\cache\official_baselines\CEHM\UMIST__pool1__340b46e46f6c33bcd42c4ce8c6741451121379f05d38b60550b7d1bb7d81aac3.npz,"{""details"": {""entrypoint"": ""CEHM"", ""input"": ""frozen_base_parts"", ""variant"": ""published""}, ""method"": ""CEHM"", ""schema"": ""psfce-v4-matlab-adapter-v1""}",v1
UMIST,1,NEW10,,formal,,RANGE,"{""alpha"": 0.8, ""anchor_offset"": 0, ""fuzzy_threshold"": 0.8, ""kmeans_replicates"": 3, ""lambda"": 0.1}",ok,575,20,20,0.34956521739130431,0.55997761734421492,0.24986388386276981,0.33760683884846809,13.607827200001338,,,,,,,,,,,,,,,,matlab,https://github.com/middle258/RANGE.git,85d93c54d72d500034d05b5ef131bd90630a3632,2026-09-14,NOASSERTION,500a22db82a3543a8c8fb0af5d17b3f2290298eea80cac2374e470eaa9ddbd1e,768290a1f1c2f63f8babf657f4e5e2b4da610a7bbda77136d410d91af83ab12a,False,results\cache\official_baselines\RANGE\UMIST__pool1__5e2b677916f43a973ada4bb3a10ddad0524015cd95f855e0c3148652eb261461.npz,"{""details"": {""alpha"": 0.8, ""anchor_offset"": 0, ""entrypoint"": ""HFES+solve_RANGE"", ""fuzzy_threshold"": 0.8, ""input"": ""frozen_base_parts"", ""kmeans_replicates"": 3, ""lambda"": 0.1}, ""method"": ""RANGE"", ""schema"": ""psfce-v4-matlab-adapter-v1""}",v1
UMIST,1,NEW10,,formal,,YACHT,"{""alpha"": 0.99, ""anchor_offset"": 2, ""kmeans_replicates"": 3, ""theta"": 0.4, ""walk_order"": 20}",ok,575,20,20,0.3669565217391304,0.56064872469340632,0.25853924548767337,0.35050486296068051,13.041163500005496,,,,,,,,,,,,,,,,matlab,https://github.com/scu-kdde/YACHT.git,44cb0fc35b80ec17befa199879ac947fee15f464,2026-09-14,NOASSERTION,500a22db82a3543a8c8fb0af5d17b3f2290298eea80cac2374e470eaa9ddbd1e,62deb2b66b54ab18491847bd2cca81e375344bea0ab840d0da429a98100a165b,False,results\cache\official_baselines\YACHT\UMIST__pool1__30314fc684e81b85bb2eeced92bb0a432e7bddfc51cf314261983f00c6fb5ce1.npz,"{""details"": {""alpha"": 0.99, ""anchor_offset"": 2, ""compatibility_patch"": ""paper walk order is parameterized; repository helper hard-codes 10"", ""entrypoint"": ""solve_YACHT"", ""input"": ""frozen_base_parts"", ""kmeans_replicates"": 3, ""theta"": 0.4, ""walk_order"": 20}, ""method"": ""YACHT"", ""schema"": ""psfce-v4-matlab-adapter-v1""}",v1
UMIST,2,NEW10,,formal,,CEHM,{},ok,575,20,20,0.42608695652173911,0.61794392726217995,0.31144356414704488,0.42259974829964692,13.041020699994988,,,,,,,,,,,,,,,,matlab,https://github.com/FeijiangLi/Code-k-HyperEdge-Medoids-for-Clustering-Ensemble-AAAI.git,29c22fb18e05eed67728eebcb29cd7e9133723f7,2026-09-14,NOASSERTION,244e42fa73b91d68be99fddc9383988e8b21bfbc9819a404b46b9f0f9e8b560f,44136fa355b3678a1146ad16f7e8649e94fb4fc21fe77e8310c060f61caaff8a,False,results\cache\official_baselines\CEHM\UMIST__pool2__25e38ec8e1bba573d71440a71fd1b0bf76931fdb272a304c359e710245c858a5.npz,"{""details"": {""entrypoint"": ""CEHM"", ""input"": ""frozen_base_parts"", ""variant"": ""published""}, ""method"": ""CEHM"", ""schema"": ""psfce-v4-matlab-adapter-v1""}",v1
UMIST,2,NEW10,,formal,,RANGE,"{""alpha"": 0.8, ""anchor_offset"": 0, ""fuzzy_threshold"": 0.8, ""kmeans_replicates"": 3, ""lambda"": 0.1}",ok,575,20,20,0.40347826086956518,0.5954002177227613,0.28702570744045319,0.39392192045266311,13.950687000004107,,,,,,,,,,,,,,,,matlab,https://github.com/middle258/RANGE.git,85d93c54d72d500034d05b5ef131bd90630a3632,2026-09-14,NOASSERTION,244e42fa73b91d68be99fddc9383988e8b21bfbc9819a404b46b9f0f9e8b560f,768290a1f1c2f63f8babf657f4e5e2b4da610a7bbda77136d410d91af83ab12a,False,results\cache\official_baselines\RANGE\UMIST__pool2__405e3b171e83911f1cddb15af3c57aed00cc0a3d673140a643b60b2f5116bb6a.npz,"{""details"": {""alpha"": 0.8, ""anchor_offset"": 0, ""entrypoint"": ""HFES+solve_RANGE"", ""fuzzy_threshold"": 0.8, ""input"": ""frozen_base_parts"", ""kmeans_replicates"": 3, ""lambda"": 0.1}, ""method"": ""RANGE"", ""schema"": ""psfce-v4-matlab-adapter-v1""}",v1
UMIST,2,NEW10,,formal,,YACHT,"{""alpha"": 0.99, ""anchor_offset"": 2, ""kmeans_replicates"": 3, ""theta"": 0.4, ""walk_order"": 20}",ok,575,20,20,0.41565217391304349,0.59338708305179466,0.3187989685945144,0.3945244768284365,13.250411400003941,,,,,,,,,,,,,,,,matlab,https://github.com/scu-kdde/YACHT.git,44cb0fc35b80ec17befa199879ac947fee15f464,2026-09-14,NOASSERTION,244e42fa73b91d68be99fddc9383988e8b21bfbc9819a404b46b9f0f9e8b560f,62deb2b66b54ab18491847bd2cca81e375344bea0ab840d0da429a98100a165b,False,results\cache\official_baselines\YACHT\UMIST__pool2__3e8d850df64e599f1fa17791dd9113fe2110648da73b2957051539f689e4d8e6.npz,"{""details"": {""alpha"": 0.99, ""anchor_offset"": 2, ""compatibility_patch"": ""paper walk order is parameterized; repository helper hard-codes 10"", ""entrypoint"": ""solve_YACHT"", ""input"": ""frozen_base_parts"", ""kmeans_replicates"": 3, ""theta"": 0.4, ""walk_order"": 20}, ""method"": ""YACHT"", ""schema"": ""psfce-v4-matlab-adapter-v1""}",v1
USPS3568,0,BKCC_V2,,formal,,CEHM,{},ok,3082,4,20,0.67878001297858537,0.58289341181153842,0.50263692439647845,0.60038592003103175,13.070805799987284,,,,,,,,,,,,,,,,matlab,https://github.com/FeijiangLi/Code-k-HyperEdge-Medoids-for-Clustering-Ensemble-AAAI.git,29c22fb18e05eed67728eebcb29cd7e9133723f7,2026-09-14,NOASSERTION,8524860c8d77d6138fcdac1666683e30af623ef5ee94dea6fa83e9906d1fac9f,44136fa355b3678a1146ad16f7e8649e94fb4fc21fe77e8310c060f61caaff8a,False,results\cache\official_baselines\CEHM\USPS3568__pool0__013f9fdc1dd282824f17d03c449499f812392fa3f1b00ee718cf04a0a515c8ed.npz,"{""details"": {""entrypoint"": ""CEHM"", ""input"": ""frozen_base_parts"", ""variant"": ""published""}, ""method"": ""CEHM"", ""schema"": ""psfce-v4-matlab-adapter-v1""}",v1
USPS3568,0,BKCC_V2,,formal,,RANGE,"{""alpha"": 0.8, ""anchor_offset"": 0, ""fuzzy_threshold"": 0.8, ""kmeans_replicates"": 3, ""lambda"": 0.1}",ok,3082,4,20,0.63627514600908497,0.56380645429132981,0.46375738219265011,0.59656172952795872,14.549524399990332,,,,,,,,,,,,,,,,matlab,https://github.com/middle258/RANGE.git,85d93c54d72d500034d05b5ef131bd90630a3632,2026-09-14,NOASSERTION,8524860c8d77d6138fcdac1666683e30af623ef5ee94dea6fa83e9906d1fac9f,768290a1f1c2f63f8babf657f4e5e2b4da610a7bbda77136d410d91af83ab12a,False,results\cache\official_baselines\RANGE\USPS3568__pool0__c4c96b4e3e2fcb5dc3d323f998212475d17897153916593c58d50a941fbb5fe0.npz,"{""details"": {""alpha"": 0.8, ""anchor_offset"": 0, ""entrypoint"": ""HFES+solve_RANGE"", ""fuzzy_threshold"": 0.8, ""input"": ""frozen_base_parts"", ""kmeans_replicates"": 3, ""lambda"": 0.1}, ""method"": ""RANGE"", ""schema"": ""psfce-v4-matlab-adapter-v1""}",v1
USPS3568,0,BKCC_V2,,formal,,YACHT,"{""alpha"": 0.99, ""anchor_offset"": 2, ""kmeans_replicates"": 3, ""theta"": 0.4, ""walk_order"": 20}",ok,3082,4,20,0.68948734587929916,0.4427259778806894,0.36636270592977871,0.70260036183797414,14.560847300002932,,,,,,,,,,,,,,,,matlab,https://github.com/scu-kdde/YACHT.git,44cb0fc35b80ec17befa199879ac947fee15f464,2026-09-14,NOASSERTION,8524860c8d77d6138fcdac1666683e30af623ef5ee94dea6fa83e9906d1fac9f,62deb2b66b54ab18491847bd2cca81e375344bea0ab840d0da429a98100a165b,False,results\cache\official_baselines\YACHT\USPS3568__pool0__7a4373346e3f5f8f8ab82200053a150b0098cbb1a4f596cd79a05911d9ca7ac1.npz,"{""details"": {""alpha"": 0.99, ""anchor_offset"": 2, ""compatibility_patch"": ""paper walk order is parameterized; repository helper hard-codes 10"", ""entrypoint"": ""solve_YACHT"", ""input"": ""frozen_base_parts"", ""kmeans_replicates"": 3, ""theta"": 0.4, ""walk_order"": 20}, ""method"": ""YACHT"", ""schema"": ""psfce-v4-matlab-adapter-v1""}",v1
USPS3568,1,BKCC_V2,,formal,,CEHM,{},ok,3082,4,20,0.67780661907852047,0.58181414779266627,0.5032999319260274,0.60091859423517802,13.170016300005956,,,,,,,,,,,,,,,,matlab,https://github.com/FeijiangLi/Code-k-HyperEdge-Medoids-for-Clustering-Ensemble-AAAI.git,29c22fb18e05eed67728eebcb29cd7e9133723f7,2026-09-14,NOASSERTION,ea30042ce78bd3d748c9aefe9920d03b0ea93ae8b23fcf08cf6cca54d91705e0,44136fa355b3678a1146ad16f7e8649e94fb4fc21fe77e8310c060f61caaff8a,False,results\cache\official_baselines\CEHM\USPS3568__pool1__db6ba0ea27f63c3a5e2ac0d2943eaa2f682429cc6c238be0db057d38bb348660.npz,"{""details"": {""entrypoint"": ""CEHM"", ""input"": ""frozen_base_parts"", ""variant"": ""published""}, ""method"": ""CEHM"", ""schema"": ""psfce-v4-matlab-adapter-v1""}",v1
USPS3568,1,BKCC_V2,,formal,,RANGE,"{""alpha"": 0.8, ""anchor_offset"": 0, ""fuzzy_threshold"": 0.8, ""kmeans_replicates"": 3, ""lambda"": 0.1}",ok,3082,4,20,0.81213497728747563,0.56549534748483599,0.55706603236162466,0.81373235076517392,13.962386200000765,,,,,,,,,,,,,,,,matlab,https://github.com/middle258/RANGE.git,85d93c54d72d500034d05b5ef131bd90630a3632,2026-09-14,NOASSERTION,ea30042ce78bd3d748c9aefe9920d03b0ea93ae8b23fcf08cf6cca54d91705e0,768290a1f1c2f63f8babf657f4e5e2b4da610a7bbda77136d410d91af83ab12a,False,results\cache\official_baselines\RANGE\USPS3568__pool1__7a65a387f7e4b93ff0fe2a7b2b753fa0a64b7dfe68778536b05a994fe6c99c4c.npz,"{""details"": {""alpha"": 0.8, ""anchor_offset"": 0, ""entrypoint"": ""HFES+solve_RANGE"", ""fuzzy_threshold"": 0.8, ""input"": ""frozen_base_parts"", ""kmeans_replicates"": 3, ""lambda"": 0.1}, ""method"": ""RANGE"", ""schema"": ""psfce-v4-matlab-adapter-v1""}",v1
USPS3568,1,BKCC_V2,,formal,,YACHT,"{""alpha"": 0.99, ""anchor_offset"": 2, ""kmeans_replicates"": 3, ""theta"": 0.4, ""walk_order"": 20}",ok,3082,4,20,0.54769630110317979,0.37218977364039879,0.30869744654572012,0.54764446533113975,14.435246199995165,,,,,,,,,,,,,,,,matlab,https://github.com/scu-kdde/YACHT.git,44cb0fc35b80ec17befa199879ac947fee15f464,2026-09-14,NOASSERTION,ea30042ce78bd3d748c9aefe9920d03b0ea93ae8b23fcf08cf6cca54d91705e0,62deb2b66b54ab18491847bd2cca81e375344bea0ab840d0da429a98100a165b,False,results\cache\official_baselines\YACHT\USPS3568__pool1__eb45516c1a7b42bfac867df6773c525461627ef5e2af471072623016dc8f67e0.npz,"{""details"": {""alpha"": 0.99, ""anchor_offset"": 2, ""compatibility_patch"": ""paper walk order is parameterized; repository helper hard-codes 10"", ""entrypoint"": ""solve_YACHT"", ""input"": ""frozen_base_parts"", ""kmeans_replicates"": 3, ""theta"": 0.4, ""walk_order"": 20}, ""method"": ""YACHT"", ""schema"": ""psfce-v4-matlab-adapter-v1""}",v1
USPS3568,2,BKCC_V2,,formal,,CEHM,{},ok,3082,4,20,0.65314730694354317,0.53403849496099265,0.45249395485689498,0.57645157085410204,13.719115699990653,,,,,,,,,,,,,,,,matlab,https://github.com/FeijiangLi/Code-k-HyperEdge-Medoids-for-Clustering-Ensemble-AAAI.git,29c22fb18e05eed67728eebcb29cd7e9133723f7,2026-09-14,NOASSERTION,3dea0fc34a8c1ded4b8a0835fbc4633ae167c4bea016ccbbb3b7f590c9df7fbf,44136fa355b3678a1146ad16f7e8649e94fb4fc21fe77e8310c060f61caaff8a,False,results\cache\official_baselines\CEHM\USPS3568__pool2__dc02c6d30d072a739916e2eba26ebac43f38ac48788f0edbef32567cd5e88a0c.npz,"{""details"": {""entrypoint"": ""CEHM"", ""input"": ""frozen_base_parts"", ""variant"": ""published""}, ""method"": ""CEHM"", ""schema"": ""psfce-v4-matlab-adapter-v1""}",v1
USPS3568,2,BKCC_V2,,formal,,RANGE,"{""alpha"": 0.8, ""anchor_offset"": 0, ""fuzzy_threshold"": 0.8, ""kmeans_replicates"": 3, ""lambda"": 0.1}",ok,3082,4,20,0.75632706035042185,0.52652513725181982,0.51477887034549852,0.74521780058879772,13.998710100000608,,,,,,,,,,,,,,,,matlab,https://github.com/middle258/RANGE.git,85d93c54d72d500034d05b5ef131bd90630a3632,2026-09-14,NOASSERTION,3dea0fc34a8c1ded4b8a0835fbc4633ae167c4bea016ccbbb3b7f590c9df7fbf,768290a1f1c2f63f8babf657f4e5e2b4da610a7bbda77136d410d91af83ab12a,False,results\cache\official_baselines\RANGE\USPS3568__pool2__678dd7e8c9890c0de02852acbacbfa573075ee6a663637096f316972787f4359.npz,"{""details"": {""alpha"": 0.8, ""anchor_offset"": 0, ""entrypoint"": ""HFES+solve_RANGE"", ""fuzzy_threshold"": 0.8, ""input"": ""frozen_base_parts"", ""kmeans_replicates"": 3, ""lambda"": 0.1}, ""method"": ""RANGE"", ""schema"": ""psfce-v4-matlab-adapter-v1""}",v1
USPS3568,2,BKCC_V2,,formal,,YACHT,"{""alpha"": 0.99, ""anchor_offset"": 2, ""kmeans_replicates"": 3, ""theta"": 0.4, ""walk_order"": 20}",ok,3082,4,20,0.80142764438676184,0.57622627391899317,0.57755824355688035,0.79632811556379823,14.125297799997496,,,,,,,,,,,,,,,,matlab,https://github.com/scu-kdde/YACHT.git,44cb0fc35b80ec17befa199879ac947fee15f464,2026-09-14,NOASSERTION,3dea0fc34a8c1ded4b8a0835fbc4633ae167c4bea016ccbbb3b7f590c9df7fbf,62deb2b66b54ab18491847bd2cca81e375344bea0ab840d0da429a98100a165b,False,results\cache\official_baselines\YACHT\USPS3568__pool2__1b57e78b3171c3f4661971e24f39b65cadbef16a1b8ccf4c52b300a48f01e90e.npz,"{""details"": {""alpha"": 0.99, ""anchor_offset"": 2, ""compatibility_patch"": ""paper walk order is parameterized; repository helper hard-codes 10"", ""entrypoint"": ""solve_YACHT"", ""input"": ""frozen_base_parts"", ""kmeans_replicates"": 3, ""theta"": 0.4, ""walk_order"": 20}, ""method"": ""YACHT"", ""schema"": ""psfce-v4-matlab-adapter-v1""}",v1
WebKB,0,TEXT_MV,,formal,,CEHM,{},ok,1051,2,20,0.7811607992388202,0,0,0.43856837606837601,11.993964099994628,,,,,,,,,,,,,,,,matlab,https://github.com/FeijiangLi/Code-k-HyperEdge-Medoids-for-Clustering-Ensemble-AAAI.git,29c22fb18e05eed67728eebcb29cd7e9133723f7,2026-09-14,NOASSERTION,243203424be356f689469a887fc3f647c5374c7a637af5f94dd714465ac80428,44136fa355b3678a1146ad16f7e8649e94fb4fc21fe77e8310c060f61caaff8a,False,results\cache\official_baselines\CEHM\WebKB__pool0__c0fc23fe8f2d9900e56b6ac82e8fa6e91122bd371b95d21b67a1353e71d28055.npz,"{""details"": {""entrypoint"": ""CEHM"", ""input"": ""frozen_base_parts"", ""variant"": ""published""}, ""method"": ""CEHM"", ""schema"": ""psfce-v4-matlab-adapter-v1""}",v1
WebKB,0,TEXT_MV,,formal,,RANGE,"{""alpha"": 0.8, ""anchor_offset"": 0, ""fuzzy_threshold"": 0.8, ""kmeans_replicates"": 3, ""lambda"": 0.1}",ok,1051,2,20,0.60418648905803995,0.055352338523415701,0.042789094663693399,0.57083176278426939,12.151281600003131,,,,,,,,,,,,,,,,matlab,https://github.com/middle258/RANGE.git,85d93c54d72d500034d05b5ef131bd90630a3632,2026-09-14,NOASSERTION,243203424be356f689469a887fc3f647c5374c7a637af5f94dd714465ac80428,768290a1f1c2f63f8babf657f4e5e2b4da610a7bbda77136d410d91af83ab12a,False,results\cache\official_baselines\RANGE\WebKB__pool0__0853aa8a0ee430cbcf2ba59ca549384f97f7f43a103e332fc05508b0232f8417.npz,"{""details"": {""alpha"": 0.8, ""anchor_offset"": 0, ""entrypoint"": ""HFES+solve_RANGE"", ""fuzzy_threshold"": 0.8, ""input"": ""frozen_base_parts"", ""kmeans_replicates"": 3, ""lambda"": 0.1}, ""method"": ""RANGE"", ""schema"": ""psfce-v4-matlab-adapter-v1""}",v1
WebKB,0,TEXT_MV,,formal,,YACHT,"{""alpha"": 0.99, ""anchor_offset"": 2, ""kmeans_replicates"": 3, ""theta"": 0.4, ""walk_order"": 20}",ok,1051,2,20,0.79828734538534729,0.24711601823911231,0.33617132995527232,0.75176252484469286,11.680475700006356,,,,,,,,,,,,,,,,matlab,https://github.com/scu-kdde/YACHT.git,44cb0fc35b80ec17befa199879ac947fee15f464,2026-09-14,NOASSERTION,243203424be356f689469a887fc3f647c5374c7a637af5f94dd714465ac80428,62deb2b66b54ab18491847bd2cca81e375344bea0ab840d0da429a98100a165b,False,results\cache\official_baselines\YACHT\WebKB__pool0__3631e446040b4f73abc62ddd205200b0ae6f47dcd89bc9d17f845dc6bcf93c3b.npz,"{""details"": {""alpha"": 0.99, ""anchor_offset"": 2, ""compatibility_patch"": ""paper walk order is parameterized; repository helper hard-codes 10"", ""entrypoint"": ""solve_YACHT"", ""input"": ""frozen_base_parts"", ""kmeans_replicates"": 3, ""theta"": 0.4, ""walk_order"": 20}, ""method"": ""YACHT"", ""schema"": ""psfce-v4-matlab-adapter-v1""}",v1
WebKB,1,TEXT_MV,,formal,,CEHM,{},ok,1051,2,20,0.7811607992388202,0,0,0.43856837606837601,11.254409299988763,,,,,,,,,,,,,,,,matlab,https://github.com/FeijiangLi/Code-k-HyperEdge-Medoids-for-Clustering-Ensemble-AAAI.git,29c22fb18e05eed67728eebcb29cd7e9133723f7,2026-09-14,NOASSERTION,7ae47f5b86ba535f15f193f5f0fc7decf2a940e07637fd87cd6ea5e13cfb3d73,44136fa355b3678a1146ad16f7e8649e94fb4fc21fe77e8310c060f61caaff8a,False,results\cache\official_baselines\CEHM\WebKB__pool1__2f42f07b4fbe5c81e65392ceb7b6ec2a7425793704c418fc8cdad25fd7f596d5.npz,"{""details"": {""entrypoint"": ""CEHM"", ""input"": ""frozen_base_parts"", ""variant"": ""published""}, ""method"": ""CEHM"", ""schema"": ""psfce-v4-matlab-adapter-v1""}",v1
WebKB,1,TEXT_MV,,formal,,RANGE,"{""alpha"": 0.8, ""anchor_offset"": 0, ""fuzzy_threshold"": 0.8, ""kmeans_replicates"": 3, ""lambda"": 0.1}",ok,1051,2,20,0.70028544243577551,0.12333734071585931,0.15332065131263009,0.65575631916665711,12.352463499992156,,,,,,,,,,,,,,,,matlab,https://github.com/middle258/RANGE.git,85d93c54d72d500034d05b5ef131bd90630a3632,2026-09-14,NOASSERTION,7ae47f5b86ba535f15f193f5f0fc7decf2a940e07637fd87cd6ea5e13cfb3d73,768290a1f1c2f63f8babf657f4e5e2b4da610a7bbda77136d410d91af83ab12a,False,results\cache\official_baselines\RANGE\WebKB__pool1__1d7a4ba74a459894e3aea6ee74a32f2bad6d9f0bc61542819a99fb99bd8ef59f.npz,"{""details"": {""alpha"": 0.8, ""anchor_offset"": 0, ""entrypoint"": ""HFES+solve_RANGE"", ""fuzzy_threshold"": 0.8, ""input"": ""frozen_base_parts"", ""kmeans_replicates"": 3, ""lambda"": 0.1}, ""method"": ""RANGE"", ""schema"": ""psfce-v4-matlab-adapter-v1""}",v1
WebKB,1,TEXT_MV,,formal,,YACHT,"{""alpha"": 0.99, ""anchor_offset"": 2, ""kmeans_replicates"": 3, ""theta"": 0.4, ""walk_order"": 20}",ok,1051,2,20,0.56993339676498578,0.16175359451771401,-0.0064542593016005999,0.56135225375626041,11.83784829999786,,,,,,,,,,,,,,,,matlab,https://github.com/scu-kdde/YACHT.git,44cb0fc35b80ec17befa199879ac947fee15f464,2026-09-14,NOASSERTION,7ae47f5b86ba535f15f193f5f0fc7decf2a940e07637fd87cd6ea5e13cfb3d73,62deb2b66b54ab18491847bd2cca81e375344bea0ab840d0da429a98100a165b,False,results\cache\official_baselines\YACHT\WebKB__pool1__11d2ee68b5acc1f1f4d5356e8d04e0d6164801ffb8442d1365d7c90a3970120b.npz,"{""details"": {""alpha"": 0.99, ""anchor_offset"": 2, ""compatibility_patch"": ""paper walk order is parameterized; repository helper hard-codes 10"", ""entrypoint"": ""solve_YACHT"", ""input"": ""frozen_base_parts"", ""kmeans_replicates"": 3, ""theta"": 0.4, ""walk_order"": 20}, ""method"": ""YACHT"", ""schema"": ""psfce-v4-matlab-adapter-v1""}",v1
WebKB,2,TEXT_MV,,formal,,CEHM,{},ok,1051,2,20,0.7811607992388202,0,0,0.43856837606837601,11.094130800003768,,,,,,,,,,,,,,,,matlab,https://github.com/FeijiangLi/Code-k-HyperEdge-Medoids-for-Clustering-Ensemble-AAAI.git,29c22fb18e05eed67728eebcb29cd7e9133723f7,2026-09-14,NOASSERTION,b641041280946f55d636a28a548d6caefc73bbd255eba218fbfc5a2d76901a80,44136fa355b3678a1146ad16f7e8649e94fb4fc21fe77e8310c060f61caaff8a,False,results\cache\official_baselines\CEHM\WebKB__pool2__8103caaeb1e810428904651a191a07dffae287fc922542d7a54c46eb5f131313.npz,"{""details"": {""entrypoint"": ""CEHM"", ""input"": ""frozen_base_parts"", ""variant"": ""published""}, ""method"": ""CEHM"", ""schema"": ""psfce-v4-matlab-adapter-v1""}",v1
WebKB,2,TEXT_MV,,formal,,RANGE,"{""alpha"": 0.8, ""anchor_offset"": 0, ""fuzzy_threshold"": 0.8, ""kmeans_replicates"": 3, ""lambda"": 0.1}",ok,1051,2,20,0.76022835394862032,0.22966381565228841,0.26238230100265031,0.72125302056934049,12.244455799998832,,,,,,,,,,,,,,,,matlab,https://github.com/middle258/RANGE.git,85d93c54d72d500034d05b5ef131bd90630a3632,2026-09-14,NOASSERTION,b641041280946f55d636a28a548d6caefc73bbd255eba218fbfc5a2d76901a80,768290a1f1c2f63f8babf657f4e5e2b4da610a7bbda77136d410d91af83ab12a,False,results\cache\official_baselines\RANGE\WebKB__pool2__7b3dc2a42720e12a2db9c2dc6f3e0ecd0015ef2fc26174b2d067833b6484fe28.npz,"{""details"": {""alpha"": 0.8, ""anchor_offset"": 0, ""entrypoint"": ""HFES+solve_RANGE"", ""fuzzy_threshold"": 0.8, ""input"": ""frozen_base_parts"", ""kmeans_replicates"": 3, ""lambda"": 0.1}, ""method"": ""RANGE"", ""schema"": ""psfce-v4-matlab-adapter-v1""}",v1
WebKB,2,TEXT_MV,,formal,,YACHT,"{""alpha"": 0.99, ""anchor_offset"": 2, ""kmeans_replicates"": 3, ""theta"": 0.4, ""walk_order"": 20}",ok,1051,2,20,0.7240723120837298,0.19156675095788839,0.19683934566592509,0.68808332787529469,11.566296000004511,,,,,,,,,,,,,,,,matlab,https://github.com/scu-kdde/YACHT.git,44cb0fc35b80ec17befa199879ac947fee15f464,2026-09-14,NOASSERTION,b641041280946f55d636a28a548d6caefc73bbd255eba218fbfc5a2d76901a80,62deb2b66b54ab18491847bd2cca81e375344bea0ab840d0da429a98100a165b,False,results\cache\official_baselines\YACHT\WebKB__pool2__879a56a5a62f56a08f396623d7564b1f31b076945e8b7fd74fd243da23fb859b.npz,"{""details"": {""alpha"": 0.99, ""anchor_offset"": 2, ""compatibility_patch"": ""paper walk order is parameterized; repository helper hard-codes 10"", ""entrypoint"": ""solve_YACHT"", ""input"": ""frozen_base_parts"", ""kmeans_replicates"": 3, ""theta"": 0.4, ""walk_order"": 20}, ""method"": ""YACHT"", ""schema"": ""psfce-v4-matlab-adapter-v1""}",v1
WebKB-Cornell,0,CONTENT_RELATION_8,,formal,,CEHM,{},ok,195,5,20,0.3692307692307692,0.077265920876031804,0.049309990368183003,0.29013424314162373,11.362157399998978,,,,,,,,,,,,,,,,matlab,https://github.com/FeijiangLi/Code-k-HyperEdge-Medoids-for-Clustering-Ensemble-AAAI.git,29c22fb18e05eed67728eebcb29cd7e9133723f7,2026-09-14,NOASSERTION,0927a3ea2231b3932a54106c7cacdb102c3f03b48fd5a2217de504f4923dab88,44136fa355b3678a1146ad16f7e8649e94fb4fc21fe77e8310c060f61caaff8a,False,results\cache\official_baselines\CEHM\WebKB-Cornell__pool0__3d89d8505d0f7a9d10145de4f77bef42fce224aa9ff6ca75a07c0765c537a433.npz,"{""details"": {""entrypoint"": ""CEHM"", ""input"": ""frozen_base_parts"", ""variant"": ""published""}, ""method"": ""CEHM"", ""schema"": ""psfce-v4-matlab-adapter-v1""}",v1
WebKB-Cornell,0,CONTENT_RELATION_8,,formal,,RANGE,"{""alpha"": 0.8, ""anchor_offset"": 0, ""fuzzy_threshold"": 0.8, ""kmeans_replicates"": 3, ""lambda"": 0.1}",ok,195,5,20,0.37948717948717942,0.1202507385661709,0.085026691253866998,0.33015886325183041,12.162864300000363,,,,,,,,,,,,,,,,matlab,https://github.com/middle258/RANGE.git,85d93c54d72d500034d05b5ef131bd90630a3632,2026-09-14,NOASSERTION,0927a3ea2231b3932a54106c7cacdb102c3f03b48fd5a2217de504f4923dab88,768290a1f1c2f63f8babf657f4e5e2b4da610a7bbda77136d410d91af83ab12a,False,results\cache\official_baselines\RANGE\WebKB-Cornell__pool0__971dd30e7b69fb0c09053982ec0a0fd871e9dc66e9f0600df91e58396a871de6.npz,"{""details"": {""alpha"": 0.8, ""anchor_offset"": 0, ""entrypoint"": ""HFES+solve_RANGE"", ""fuzzy_threshold"": 0.8, ""input"": ""frozen_base_parts"", ""kmeans_replicates"": 3, ""lambda"": 0.1}, ""method"": ""RANGE"", ""schema"": ""psfce-v4-matlab-adapter-v1""}",v1
WebKB-Cornell,0,CONTENT_RELATION_8,,formal,,YACHT,"{""alpha"": 0.99, ""anchor_offset"": 2, ""kmeans_replicates"": 3, ""theta"": 0.4, ""walk_order"": 20}",ok,195,5,20,0.35384615384615381,0.085241691000021602,0.037473025442229198,0.3172166874221668,11.352731999999378,,,,,,,,,,,,,,,,matlab,https://github.com/scu-kdde/YACHT.git,44cb0fc35b80ec17befa199879ac947fee15f464,2026-09-14,NOASSERTION,0927a3ea2231b3932a54106c7cacdb102c3f03b48fd5a2217de504f4923dab88,62deb2b66b54ab18491847bd2cca81e375344bea0ab840d0da429a98100a165b,False,results\cache\official_baselines\YACHT\WebKB-Cornell__pool0__faf8d058eb21f8e5e8c309e3956376906184c79048d8ed11a51c3a5fa3aab5c6.npz,"{""details"": {""alpha"": 0.99, ""anchor_offset"": 2, ""compatibility_patch"": ""paper walk order is parameterized; repository helper hard-codes 10"", ""entrypoint"": ""solve_YACHT"", ""input"": ""frozen_base_parts"", ""kmeans_replicates"": 3, ""theta"": 0.4, ""walk_order"": 20}, ""method"": ""YACHT"", ""schema"": ""psfce-v4-matlab-adapter-v1""}",v1
WebKB-Cornell,1,CONTENT_RELATION_8,,formal,,CEHM,{},ok,195,5,20,0.37435897435897431,0.050975223040853203,-0.0137649009911592,0.20996409240483879,11.690502400000696,,,,,,,,,,,,,,,,matlab,https://github.com/FeijiangLi/Code-k-HyperEdge-Medoids-for-Clustering-Ensemble-AAAI.git,29c22fb18e05eed67728eebcb29cd7e9133723f7,2026-09-14,NOASSERTION,31fe2e2b37a5638c8434b01fb21742dfdc42fcd8912d566d0a922f5b5ce4911a,44136fa355b3678a1146ad16f7e8649e94fb4fc21fe77e8310c060f61caaff8a,False,results\cache\official_baselines\CEHM\WebKB-Cornell__pool1__a0dd0142f8c2d97fefd2772a1c1d1f3f3d7a081f4f4086531a87233e30bd2587.npz,"{""details"": {""entrypoint"": ""CEHM"", ""input"": ""frozen_base_parts"", ""variant"": ""published""}, ""method"": ""CEHM"", ""schema"": ""psfce-v4-matlab-adapter-v1""}",v1
WebKB-Cornell,1,CONTENT_RELATION_8,,formal,,RANGE,"{""alpha"": 0.8, ""anchor_offset"": 0, ""fuzzy_threshold"": 0.8, ""kmeans_replicates"": 3, ""lambda"": 0.1}",ok,195,5,20,0.37435897435897431,0.099902094533689895,0.069832085653908305,0.32519049568163261,12.666565300009095,,,,,,,,,,,,,,,,matlab,https://github.com/middle258/RANGE.git,85d93c54d72d500034d05b5ef131bd90630a3632,2026-09-14,NOASSERTION,31fe2e2b37a5638c8434b01fb21742dfdc42fcd8912d566d0a922f5b5ce4911a,768290a1f1c2f63f8babf657f4e5e2b4da610a7bbda77136d410d91af83ab12a,False,results\cache\official_baselines\RANGE\WebKB-Cornell__pool1__c9879023728c938716ee859d220306464f52bffb4d465873616e037873bae48d.npz,"{""details"": {""alpha"": 0.8, ""anchor_offset"": 0, ""entrypoint"": ""HFES+solve_RANGE"", ""fuzzy_threshold"": 0.8, ""input"": ""frozen_base_parts"", ""kmeans_replicates"": 3, ""lambda"": 0.1}, ""method"": ""RANGE"", ""schema"": ""psfce-v4-matlab-adapter-v1""}",v1
WebKB-Cornell,1,CONTENT_RELATION_8,,formal,,YACHT,"{""alpha"": 0.99, ""anchor_offset"": 2, ""kmeans_replicates"": 3, ""theta"": 0.4, ""walk_order"": 20}",ok,195,5,20,0.32307692307692309,0.079773895489556795,0.026428237448098999,0.27889783840526722,11.659501299989644,,,,,,,,,,,,,,,,matlab,https://github.com/scu-kdde/YACHT.git,44cb0fc35b80ec17befa199879ac947fee15f464,2026-09-14,NOASSERTION,31fe2e2b37a5638c8434b01fb21742dfdc42fcd8912d566d0a922f5b5ce4911a,62deb2b66b54ab18491847bd2cca81e375344bea0ab840d0da429a98100a165b,False,results\cache\official_baselines\YACHT\WebKB-Cornell__pool1__07282b50c1a0e39a9bf20b7b3ee25207b45d3339039744198448486e49bb4584.npz,"{""details"": {""alpha"": 0.99, ""anchor_offset"": 2, ""compatibility_patch"": ""paper walk order is parameterized; repository helper hard-codes 10"", ""entrypoint"": ""solve_YACHT"", ""input"": ""frozen_base_parts"", ""kmeans_replicates"": 3, ""theta"": 0.4, ""walk_order"": 20}, ""method"": ""YACHT"", ""schema"": ""psfce-v4-matlab-adapter-v1""}",v1
WebKB-Cornell,2,CONTENT_RELATION_8,,formal,,CEHM,{},ok,195,5,20,0.37435897435897431,0.051599251988628997,-0.0150829941063326,0.21106640709496,11.316775699990105,,,,,,,,,,,,,,,,matlab,https://github.com/FeijiangLi/Code-k-HyperEdge-Medoids-for-Clustering-Ensemble-AAAI.git,29c22fb18e05eed67728eebcb29cd7e9133723f7,2026-09-14,NOASSERTION,d4897edb32d4c0cdad08435c8d62b2c731bef576e180072a05575496b0c18c58,44136fa355b3678a1146ad16f7e8649e94fb4fc21fe77e8310c060f61caaff8a,False,results\cache\official_baselines\CEHM\WebKB-Cornell__pool2__7957470a0f56bc1135f6ece48e2c9fcdbecbddaf6893d23dd4050c34437a4e3d.npz,"{""details"": {""entrypoint"": ""CEHM"", ""input"": ""frozen_base_parts"", ""variant"": ""published""}, ""method"": ""CEHM"", ""schema"": ""psfce-v4-matlab-adapter-v1""}",v1
WebKB-Cornell,2,CONTENT_RELATION_8,,formal,,RANGE,"{""alpha"": 0.8, ""anchor_offset"": 0, ""fuzzy_threshold"": 0.8, ""kmeans_replicates"": 3, ""lambda"": 0.1}",ok,195,5,20,0.3282051282051282,0.082838235077637198,0.025071749246211101,0.28517173813904478,12.11347690000548,,,,,,,,,,,,,,,,matlab,https://github.com/middle258/RANGE.git,85d93c54d72d500034d05b5ef131bd90630a3632,2026-09-14,NOASSERTION,d4897edb32d4c0cdad08435c8d62b2c731bef576e180072a05575496b0c18c58,768290a1f1c2f63f8babf657f4e5e2b4da610a7bbda77136d410d91af83ab12a,False,results\cache\official_baselines\RANGE\WebKB-Cornell__pool2__06383ab5789156125533828c797e0e056ed51e893b51753df084d43a8299a1e4.npz,"{""details"": {""alpha"": 0.8, ""anchor_offset"": 0, ""entrypoint"": ""HFES+solve_RANGE"", ""fuzzy_threshold"": 0.8, ""input"": ""frozen_base_parts"", ""kmeans_replicates"": 3, ""lambda"": 0.1}, ""method"": ""RANGE"", ""schema"": ""psfce-v4-matlab-adapter-v1""}",v1
WebKB-Cornell,2,CONTENT_RELATION_8,,formal,,YACHT,"{""alpha"": 0.99, ""anchor_offset"": 2, ""kmeans_replicates"": 3, ""theta"": 0.4, ""walk_order"": 20}",ok,195,5,20,0.3692307692307692,0.098014694237142999,0.046015559324356602,0.31765816855283341,11.667624900001099,,,,,,,,,,,,,,,,matlab,https://github.com/scu-kdde/YACHT.git,44cb0fc35b80ec17befa199879ac947fee15f464,2026-09-14,NOASSERTION,d4897edb32d4c0cdad08435c8d62b2c731bef576e180072a05575496b0c18c58,62deb2b66b54ab18491847bd2cca81e375344bea0ab840d0da429a98100a165b,False,results\cache\official_baselines\YACHT\WebKB-Cornell__pool2__a1773904b9a6b382e423e57d15a9b641642604b7a5f4f867335ad8cb6ba10d8b.npz,"{""details"": {""alpha"": 0.99, ""anchor_offset"": 2, ""compatibility_patch"": ""paper walk order is parameterized; repository helper hard-codes 10"", ""entrypoint"": ""solve_YACHT"", ""input"": ""frozen_base_parts"", ""kmeans_replicates"": 3, ""theta"": 0.4, ""walk_order"": 20}, ""method"": ""YACHT"", ""schema"": ""psfce-v4-matlab-adapter-v1""}",v1
WebKB-Texas,0,CONTENT_RELATION_8,,formal,,CEHM,{},ok,187,5,20,0.55080213903743314,0,0,0.1420689655172413,11.305883799999719,,,,,,,,,,,,,,,,matlab,https://github.com/FeijiangLi/Code-k-HyperEdge-Medoids-for-Clustering-Ensemble-AAAI.git,29c22fb18e05eed67728eebcb29cd7e9133723f7,2026-09-14,NOASSERTION,f15997ddaf53b4deead270fa438e24a3c339ebef757e4ff2adaf6936088f1f1d,44136fa355b3678a1146ad16f7e8649e94fb4fc21fe77e8310c060f61caaff8a,False,results\cache\official_baselines\CEHM\WebKB-Texas__pool0__1b6fa57726cc090d82ad9673826a0afe019ae264760c3ab41e2506d5b1e5c75a.npz,"{""details"": {""entrypoint"": ""CEHM"", ""input"": ""frozen_base_parts"", ""variant"": ""published""}, ""method"": ""CEHM"", ""schema"": ""psfce-v4-matlab-adapter-v1""}",v1
WebKB-Texas,0,CONTENT_RELATION_8,,formal,,RANGE,"{""alpha"": 0.8, ""anchor_offset"": 0, ""fuzzy_threshold"": 0.8, ""kmeans_replicates"": 3, ""lambda"": 0.1}",ok,187,5,20,0.41176470588235292,0.096124550317888802,0.1028367234921197,0.29248120300751879,12.018103499998688,,,,,,,,,,,,,,,,matlab,https://github.com/middle258/RANGE.git,85d93c54d72d500034d05b5ef131bd90630a3632,2026-09-14,NOASSERTION,f15997ddaf53b4deead270fa438e24a3c339ebef757e4ff2adaf6936088f1f1d,768290a1f1c2f63f8babf657f4e5e2b4da610a7bbda77136d410d91af83ab12a,False,results\cache\official_baselines\RANGE\WebKB-Texas__pool0__8e178ee6dc0c062bcc00346f2979052ef08f40f1a5af8488b7c63ceafc28b873.npz,"{""details"": {""alpha"": 0.8, ""anchor_offset"": 0, ""entrypoint"": ""HFES+solve_RANGE"", ""fuzzy_threshold"": 0.8, ""input"": ""frozen_base_parts"", ""kmeans_replicates"": 3, ""lambda"": 0.1}, ""method"": ""RANGE"", ""schema"": ""psfce-v4-matlab-adapter-v1""}",v1
WebKB-Texas,0,CONTENT_RELATION_8,,formal,,YACHT,"{""alpha"": 0.99, ""anchor_offset"": 2, ""kmeans_replicates"": 3, ""theta"": 0.4, ""walk_order"": 20}",ok,187,5,20,0.31016042780748659,0.057592530430639499,0.055311566663905597,0.24115342272950749,11.704289999994216,,,,,,,,,,,,,,,,matlab,https://github.com/scu-kdde/YACHT.git,44cb0fc35b80ec17befa199879ac947fee15f464,2026-09-14,NOASSERTION,f15997ddaf53b4deead270fa438e24a3c339ebef757e4ff2adaf6936088f1f1d,62deb2b66b54ab18491847bd2cca81e375344bea0ab840d0da429a98100a165b,False,results\cache\official_baselines\YACHT\WebKB-Texas__pool0__b3337f3c2badbef06c2a1a04df571f964944f1fc34944c2f92d79b615f3b5490.npz,"{""details"": {""alpha"": 0.99, ""anchor_offset"": 2, ""compatibility_patch"": ""paper walk order is parameterized; repository helper hard-codes 10"", ""entrypoint"": ""solve_YACHT"", ""input"": ""frozen_base_parts"", ""kmeans_replicates"": 3, ""theta"": 0.4, ""walk_order"": 20}, ""method"": ""YACHT"", ""schema"": ""psfce-v4-matlab-adapter-v1""}",v1
WebKB-Texas,1,CONTENT_RELATION_8,,formal,,CEHM,{},ok,187,5,20,0.52941176470588236,0.0018910480051695,-0.0073101174393480003,0.1567532467532467,11.582071600001656,,,,,,,,,,,,,,,,matlab,https://github.com/FeijiangLi/Code-k-HyperEdge-Medoids-for-Clustering-Ensemble-AAAI.git,29c22fb18e05eed67728eebcb29cd7e9133723f7,2026-09-14,NOASSERTION,58f0e3432a785995757c5e74a18d50a6f6e78339348e040719d467bd12ebcc78,44136fa355b3678a1146ad16f7e8649e94fb4fc21fe77e8310c060f61caaff8a,False,results\cache\official_baselines\CEHM\WebKB-Texas__pool1__5276258718b709f7c0863f72b93a8a65c0b03a3a4f8ee1f14a4d1b830b61ff70.npz,"{""details"": {""entrypoint"": ""CEHM"", ""input"": ""frozen_base_parts"", ""variant"": ""published""}, ""method"": ""CEHM"", ""schema"": ""psfce-v4-matlab-adapter-v1""}",v1
WebKB-Texas,1,CONTENT_RELATION_8,,formal,,RANGE,"{""alpha"": 0.8, ""anchor_offset"": 0, ""fuzzy_threshold"": 0.8, ""kmeans_replicates"": 3, ""lambda"": 0.1}",ok,187,5,20,0.39572192513368981,0.088599346045540095,0.0786841649027539,0.28586941775347569,12.08432609999727,,,,,,,,,,,,,,,,matlab,https://github.com/middle258/RANGE.git,85d93c54d72d500034d05b5ef131bd90630a3632,2026-09-14,NOASSERTION,58f0e3432a785995757c5e74a18d50a6f6e78339348e040719d467bd12ebcc78,768290a1f1c2f63f8babf657f4e5e2b4da610a7bbda77136d410d91af83ab12a,False,results\cache\official_baselines\RANGE\WebKB-Texas__pool1__057935162432aba524f7385f295ceb716a14f495eef99dd92bd3f88a31478515.npz,"{""details"": {""alpha"": 0.8, ""anchor_offset"": 0, ""entrypoint"": ""HFES+solve_RANGE"", ""fuzzy_threshold"": 0.8, ""input"": ""frozen_base_parts"", ""kmeans_replicates"": 3, ""lambda"": 0.1}, ""method"": ""RANGE"", ""schema"": ""psfce-v4-matlab-adapter-v1""}",v1
WebKB-Texas,1,CONTENT_RELATION_8,,formal,,YACHT,"{""alpha"": 0.99, ""anchor_offset"": 2, ""kmeans_replicates"": 3, ""theta"": 0.4, ""walk_order"": 20}",ok,187,5,20,0.31550802139037432,0.063629161704291795,0.027603330672462598,0.23448366701791359,12.347228899991023,,,,,,,,,,,,,,,,matlab,https://github.com/scu-kdde/YACHT.git,44cb0fc35b80ec17befa199879ac947fee15f464,2026-09-14,NOASSERTION,58f0e3432a785995757c5e74a18d50a6f6e78339348e040719d467bd12ebcc78,62deb2b66b54ab18491847bd2cca81e375344bea0ab840d0da429a98100a165b,False,results\cache\official_baselines\YACHT\WebKB-Texas__pool1__489ff6b91b56757f51cc66f8dcaf0ad95bea0d08cbcfd24e41a676f0d46634a8.npz,"{""details"": {""alpha"": 0.99, ""anchor_offset"": 2, ""compatibility_patch"": ""paper walk order is parameterized; repository helper hard-codes 10"", ""entrypoint"": ""solve_YACHT"", ""input"": ""frozen_base_parts"", ""kmeans_replicates"": 3, ""theta"": 0.4, ""walk_order"": 20}, ""method"": ""YACHT"", ""schema"": ""psfce-v4-matlab-adapter-v1""}",v1
WebKB-Texas,2,CONTENT_RELATION_8,,formal,,CEHM,{},ok,187,5,20,0.55080213903743314,0,0,0.1420689655172413,11.743098399994778,,,,,,,,,,,,,,,,matlab,https://github.com/FeijiangLi/Code-k-HyperEdge-Medoids-for-Clustering-Ensemble-AAAI.git,29c22fb18e05eed67728eebcb29cd7e9133723f7,2026-09-14,NOASSERTION,61c79c3e9fd120af9897e053922f3f45358997eeefa4f18d9398001e6c0a76e9,44136fa355b3678a1146ad16f7e8649e94fb4fc21fe77e8310c060f61caaff8a,False,results\cache\official_baselines\CEHM\WebKB-Texas__pool2__fb0f9b05147375f42b70b8ceb9d46c987205a45c650d80d93f9b7c501520cb1b.npz,"{""details"": {""entrypoint"": ""CEHM"", ""input"": ""frozen_base_parts"", ""variant"": ""published""}, ""method"": ""CEHM"", ""schema"": ""psfce-v4-matlab-adapter-v1""}",v1
WebKB-Texas,2,CONTENT_RELATION_8,,formal,,RANGE,"{""alpha"": 0.8, ""anchor_offset"": 0, ""fuzzy_threshold"": 0.8, ""kmeans_replicates"": 3, ""lambda"": 0.1}",ok,187,5,20,0.4064171122994652,0.090066030202876401,0.096397459126688095,0.28754075124025508,12.730629900004717,,,,,,,,,,,,,,,,matlab,https://github.com/middle258/RANGE.git,85d93c54d72d500034d05b5ef131bd90630a3632,2026-09-14,NOASSERTION,61c79c3e9fd120af9897e053922f3f45358997eeefa4f18d9398001e6c0a76e9,768290a1f1c2f63f8babf657f4e5e2b4da610a7bbda77136d410d91af83ab12a,False,results\cache\official_baselines\RANGE\WebKB-Texas__pool2__c46c75d9204dbed9e726d64a4f5f87baeb122181e03389d15ab61e6e93defb31.npz,"{""details"": {""alpha"": 0.8, ""anchor_offset"": 0, ""entrypoint"": ""HFES+solve_RANGE"", ""fuzzy_threshold"": 0.8, ""input"": ""frozen_base_parts"", ""kmeans_replicates"": 3, ""lambda"": 0.1}, ""method"": ""RANGE"", ""schema"": ""psfce-v4-matlab-adapter-v1""}",v1
WebKB-Texas,2,CONTENT_RELATION_8,,formal,,YACHT,"{""alpha"": 0.99, ""anchor_offset"": 2, ""kmeans_replicates"": 3, ""theta"": 0.4, ""walk_order"": 20}",ok,187,5,20,0.29946524064171121,0.066892644269078594,0.028006352180396502,0.24312818489463689,11.723812800002634,,,,,,,,,,,,,,,,matlab,https://github.com/scu-kdde/YACHT.git,44cb0fc35b80ec17befa199879ac947fee15f464,2026-09-14,NOASSERTION,61c79c3e9fd120af9897e053922f3f45358997eeefa4f18d9398001e6c0a76e9,62deb2b66b54ab18491847bd2cca81e375344bea0ab840d0da429a98100a165b,False,results\cache\official_baselines\YACHT\WebKB-Texas__pool2__550a0b5ffa225229c63c62547015da5d908597bf180714666086763037fcd63c.npz,"{""details"": {""alpha"": 0.99, ""anchor_offset"": 2, ""compatibility_patch"": ""paper walk order is parameterized; repository helper hard-codes 10"", ""entrypoint"": ""solve_YACHT"", ""input"": ""frozen_base_parts"", ""kmeans_replicates"": 3, ""theta"": 0.4, ""walk_order"": 20}, ""method"": ""YACHT"", ""schema"": ""psfce-v4-matlab-adapter-v1""}",v1
WebKB-Washington,0,CONTENT_RELATION_8,,formal,,CEHM,{},ok,230,5,20,0.4695652173913043,0.050102010620527798,0.035157953916368501,0.20914965609122341,11.785671600009664,,,,,,,,,,,,,,,,matlab,https://github.com/FeijiangLi/Code-k-HyperEdge-Medoids-for-Clustering-Ensemble-AAAI.git,29c22fb18e05eed67728eebcb29cd7e9133723f7,2026-09-14,NOASSERTION,2becf9c5917db86ba3771b546d1a2d59abf11f3391f1347ace4aebcae1d15e9a,44136fa355b3678a1146ad16f7e8649e94fb4fc21fe77e8310c060f61caaff8a,False,results\cache\official_baselines\CEHM\WebKB-Washington__pool0__b5332e420c7b52b41971edc35c66e143f20b6a1913c5072d83b1efa7d5eccfe5.npz,"{""details"": {""entrypoint"": ""CEHM"", ""input"": ""frozen_base_parts"", ""variant"": ""published""}, ""method"": ""CEHM"", ""schema"": ""psfce-v4-matlab-adapter-v1""}",v1
WebKB-Washington,0,CONTENT_RELATION_8,,formal,,RANGE,"{""alpha"": 0.8, ""anchor_offset"": 0, ""fuzzy_threshold"": 0.8, ""kmeans_replicates"": 3, ""lambda"": 0.1}",ok,230,5,20,0.37826086956521737,0.10703027359532891,0.088109819963823305,0.3039103680138821,12.29826769999636,,,,,,,,,,,,,,,,matlab,https://github.com/middle258/RANGE.git,85d93c54d72d500034d05b5ef131bd90630a3632,2026-09-14,NOASSERTION,2becf9c5917db86ba3771b546d1a2d59abf11f3391f1347ace4aebcae1d15e9a,768290a1f1c2f63f8babf657f4e5e2b4da610a7bbda77136d410d91af83ab12a,False,results\cache\official_baselines\RANGE\WebKB-Washington__pool0__25ff31db5807d2e5fc296d01e487404f5d0c0b2f78308fb3d682c74f38cbac94.npz,"{""details"": {""alpha"": 0.8, ""anchor_offset"": 0, ""entrypoint"": ""HFES+solve_RANGE"", ""fuzzy_threshold"": 0.8, ""input"": ""frozen_base_parts"", ""kmeans_replicates"": 3, ""lambda"": 0.1}, ""method"": ""RANGE"", ""schema"": ""psfce-v4-matlab-adapter-v1""}",v1
WebKB-Washington,0,CONTENT_RELATION_8,,formal,,YACHT,"{""alpha"": 0.99, ""anchor_offset"": 2, ""kmeans_replicates"": 3, ""theta"": 0.4, ""walk_order"": 20}",ok,230,5,20,0.38695652173913042,0.095997994786132496,0.091202847095716605,0.291621024069386,11.85331700000097,,,,,,,,,,,,,,,,matlab,https://github.com/scu-kdde/YACHT.git,44cb0fc35b80ec17befa199879ac947fee15f464,2026-09-14,NOASSERTION,2becf9c5917db86ba3771b546d1a2d59abf11f3391f1347ace4aebcae1d15e9a,62deb2b66b54ab18491847bd2cca81e375344bea0ab840d0da429a98100a165b,False,results\cache\official_baselines\YACHT\WebKB-Washington__pool0__e3bb149f9cb1ef809cc50ce2db98f62bafff21bdea48d50bc75d71bc417936dd.npz,"{""details"": {""alpha"": 0.99, ""anchor_offset"": 2, ""compatibility_patch"": ""paper walk order is parameterized; repository helper hard-codes 10"", ""entrypoint"": ""solve_YACHT"", ""input"": ""frozen_base_parts"", ""kmeans_replicates"": 3, ""theta"": 0.4, ""walk_order"": 20}, ""method"": ""YACHT"", ""schema"": ""psfce-v4-matlab-adapter-v1""}",v1
WebKB-Washington,1,CONTENT_RELATION_8,,formal,,CEHM,{},ok,230,5,20,0.4869565217391304,0.0198011240456228,0.019717243899362798,0.17521825251265491,11.72872319999442,,,,,,,,,,,,,,,,matlab,https://github.com/FeijiangLi/Code-k-HyperEdge-Medoids-for-Clustering-Ensemble-AAAI.git,29c22fb18e05eed67728eebcb29cd7e9133723f7,2026-09-14,NOASSERTION,0706cb10024c41f76250bc6bb51213cd0a55f653759f9fa886a7939fe4004d6c,44136fa355b3678a1146ad16f7e8649e94fb4fc21fe77e8310c060f61caaff8a,False,results\cache\official_baselines\CEHM\WebKB-Washington__pool1__aed9ac02c561477867da6cc9cb1625aeab154ca16573e0b9605918c83deb0662.npz,"{""details"": {""entrypoint"": ""CEHM"", ""input"": ""frozen_base_parts"", ""variant"": ""published""}, ""method"": ""CEHM"", ""schema"": ""psfce-v4-matlab-adapter-v1""}",v1
WebKB-Washington,1,CONTENT_RELATION_8,,formal,,RANGE,"{""alpha"": 0.8, ""anchor_offset"": 0, ""fuzzy_threshold"": 0.8, ""kmeans_replicates"": 3, ""lambda"": 0.1}",ok,230,5,20,0.37826086956521737,0.10413161430152219,0.094441386139929806,0.30196400752081659,12.394109000000752,,,,,,,,,,,,,,,,matlab,https://github.com/middle258/RANGE.git,85d93c54d72d500034d05b5ef131bd90630a3632,2026-09-14,NOASSERTION,0706cb10024c41f76250bc6bb51213cd0a55f653759f9fa886a7939fe4004d6c,768290a1f1c2f63f8babf657f4e5e2b4da610a7bbda77136d410d91af83ab12a,False,results\cache\official_baselines\RANGE\WebKB-Washington__pool1__686a8fa57fa503511c03f84a3d0532da6cb4e75588ee2292170ac1258439524f.npz,"{""details"": {""alpha"": 0.8, ""anchor_offset"": 0, ""entrypoint"": ""HFES+solve_RANGE"", ""fuzzy_threshold"": 0.8, ""input"": ""frozen_base_parts"", ""kmeans_replicates"": 3, ""lambda"": 0.1}, ""method"": ""RANGE"", ""schema"": ""psfce-v4-matlab-adapter-v1""}",v1
WebKB-Washington,1,CONTENT_RELATION_8,,formal,,YACHT,"{""alpha"": 0.99, ""anchor_offset"": 2, ""kmeans_replicates"": 3, ""theta"": 0.4, ""walk_order"": 20}",ok,230,5,20,0.37391304347826088,0.089656078047966006,0.0757762783479691,0.2902701197438039,11.670872699993197,,,,,,,,,,,,,,,,matlab,https://github.com/scu-kdde/YACHT.git,44cb0fc35b80ec17befa199879ac947fee15f464,2026-09-14,NOASSERTION,0706cb10024c41f76250bc6bb51213cd0a55f653759f9fa886a7939fe4004d6c,62deb2b66b54ab18491847bd2cca81e375344bea0ab840d0da429a98100a165b,False,results\cache\official_baselines\YACHT\WebKB-Washington__pool1__4997b703e56a22bfc2104b2e08d4b3ecf151a850f6a9d5b65ee4c726700edece.npz,"{""details"": {""alpha"": 0.99, ""anchor_offset"": 2, ""compatibility_patch"": ""paper walk order is parameterized; repository helper hard-codes 10"", ""entrypoint"": ""solve_YACHT"", ""input"": ""frozen_base_parts"", ""kmeans_replicates"": 3, ""theta"": 0.4, ""walk_order"": 20}, ""method"": ""YACHT"", ""schema"": ""psfce-v4-matlab-adapter-v1""}",v1
WebKB-Washington,2,CONTENT_RELATION_8,,formal,,CEHM,{},ok,230,5,20,0.4913043478260869,0.050076442105100101,0.039871282768413598,0.19972934073380999,11.854579000006195,,,,,,,,,,,,,,,,matlab,https://github.com/FeijiangLi/Code-k-HyperEdge-Medoids-for-Clustering-Ensemble-AAAI.git,29c22fb18e05eed67728eebcb29cd7e9133723f7,2026-09-14,NOASSERTION,f45e086511060ffe5211e037eca04faeaf00f827a257eef4c44518d240f08700,44136fa355b3678a1146ad16f7e8649e94fb4fc21fe77e8310c060f61caaff8a,False,results\cache\official_baselines\CEHM\WebKB-Washington__pool2__c5de2cd901471d6239f6ad38b5a05c20b9ca371dfee0a95c6b396d72e10f9874.npz,"{""details"": {""entrypoint"": ""CEHM"", ""input"": ""frozen_base_parts"", ""variant"": ""published""}, ""method"": ""CEHM"", ""schema"": ""psfce-v4-matlab-adapter-v1""}",v1
WebKB-Washington,2,CONTENT_RELATION_8,,formal,,RANGE,"{""alpha"": 0.8, ""anchor_offset"": 0, ""fuzzy_threshold"": 0.8, ""kmeans_replicates"": 3, ""lambda"": 0.1}",ok,230,5,20,0.39565217391304341,0.1134719425250347,0.1107968465655419,0.30857033639143722,12.587870500006829,,,,,,,,,,,,,,,,matlab,https://github.com/middle258/RANGE.git,85d93c54d72d500034d05b5ef131bd90630a3632,2026-09-14,NOASSERTION,f45e086511060ffe5211e037eca04faeaf00f827a257eef4c44518d240f08700,768290a1f1c2f63f8babf657f4e5e2b4da610a7bbda77136d410d91af83ab12a,False,results\cache\official_baselines\RANGE\WebKB-Washington__pool2__380a0e37de617ffba35c77ea94afc5715ca16584947076feaab66576a2f295f0.npz,"{""details"": {""alpha"": 0.8, ""anchor_offset"": 0, ""entrypoint"": ""HFES+solve_RANGE"", ""fuzzy_threshold"": 0.8, ""input"": ""frozen_base_parts"", ""kmeans_replicates"": 3, ""lambda"": 0.1}, ""method"": ""RANGE"", ""schema"": ""psfce-v4-matlab-adapter-v1""}",v1
WebKB-Washington,2,CONTENT_RELATION_8,,formal,,YACHT,"{""alpha"": 0.99, ""anchor_offset"": 2, ""kmeans_replicates"": 3, ""theta"": 0.4, ""walk_order"": 20}",ok,230,5,20,0.31739130434782609,0.085912683611109195,0.036496140432855199,0.2813675675748229,11.88815749999776,,,,,,,,,,,,,,,,matlab,https://github.com/scu-kdde/YACHT.git,44cb0fc35b80ec17befa199879ac947fee15f464,2026-09-14,NOASSERTION,f45e086511060ffe5211e037eca04faeaf00f827a257eef4c44518d240f08700,62deb2b66b54ab18491847bd2cca81e375344bea0ab840d0da429a98100a165b,False,results\cache\official_baselines\YACHT\WebKB-Washington__pool2__039b03eaef7ba69a8795f6fedeab0ec3c5c7e3fa81250f8ed4dfd6847711cf54.npz,"{""details"": {""alpha"": 0.99, ""anchor_offset"": 2, ""compatibility_patch"": ""paper walk order is parameterized; repository helper hard-codes 10"", ""entrypoint"": ""solve_YACHT"", ""input"": ""frozen_base_parts"", ""kmeans_replicates"": 3, ""theta"": 0.4, ""walk_order"": 20}, ""method"": ""YACHT"", ""schema"": ""psfce-v4-matlab-adapter-v1""}",v1
WebKB-Wisconsin,0,CONTENT_RELATION_8,,formal,,CEHM,{},ok,265,5,20,0.46037735849056599,0,0,0.12609819121447019,11.787623800002621,,,,,,,,,,,,,,,,matlab,https://github.com/FeijiangLi/Code-k-HyperEdge-Medoids-for-Clustering-Ensemble-AAAI.git,29c22fb18e05eed67728eebcb29cd7e9133723f7,2026-09-14,NOASSERTION,58f5febd49d82512386a1db5ac4538a9ec2e2f5eab68f49511b431f87900215c,44136fa355b3678a1146ad16f7e8649e94fb4fc21fe77e8310c060f61caaff8a,False,results\cache\official_baselines\CEHM\WebKB-Wisconsin__pool0__283cfe134bea2cc08cb25ec5e25a57d79a6786d9ac32bd45a48de625c18c1def.npz,"{""details"": {""entrypoint"": ""CEHM"", ""input"": ""frozen_base_parts"", ""variant"": ""published""}, ""method"": ""CEHM"", ""schema"": ""psfce-v4-matlab-adapter-v1""}",v1
WebKB-Wisconsin,0,CONTENT_RELATION_8,,formal,,RANGE,"{""alpha"": 0.8, ""anchor_offset"": 0, ""fuzzy_threshold"": 0.8, ""kmeans_replicates"": 3, ""lambda"": 0.1}",ok,265,5,20,0.33207547169811319,0.10085456149745391,0.059880648887971698,0.29562782662871873,12.227624499995729,,,,,,,,,,,,,,,,matlab,https://github.com/middle258/RANGE.git,85d93c54d72d500034d05b5ef131bd90630a3632,2026-09-14,NOASSERTION,58f5febd49d82512386a1db5ac4538a9ec2e2f5eab68f49511b431f87900215c,768290a1f1c2f63f8babf657f4e5e2b4da610a7bbda77136d410d91af83ab12a,False,results\cache\official_baselines\RANGE\WebKB-Wisconsin__pool0__6049dfbaf8a01de4cb14eb44c74a51ec2d88335d419bce18c86d09e7eea18dfc.npz,"{""details"": {""alpha"": 0.8, ""anchor_offset"": 0, ""entrypoint"": ""HFES+solve_RANGE"", ""fuzzy_threshold"": 0.8, ""input"": ""frozen_base_parts"", ""kmeans_replicates"": 3, ""lambda"": 0.1}, ""method"": ""RANGE"", ""schema"": ""psfce-v4-matlab-adapter-v1""}",v1
WebKB-Wisconsin,0,CONTENT_RELATION_8,,formal,,YACHT,"{""alpha"": 0.99, ""anchor_offset"": 2, ""kmeans_replicates"": 3, ""theta"": 0.4, ""walk_order"": 20}",ok,265,5,20,0.33584905660377351,0.10531553822635289,0.059810587740301603,0.29449783592002388,11.885630200005837,,,,,,,,,,,,,,,,matlab,https://github.com/scu-kdde/YACHT.git,44cb0fc35b80ec17befa199879ac947fee15f464,2026-09-14,NOASSERTION,58f5febd49d82512386a1db5ac4538a9ec2e2f5eab68f49511b431f87900215c,62deb2b66b54ab18491847bd2cca81e375344bea0ab840d0da429a98100a165b,False,results\cache\official_baselines\YACHT\WebKB-Wisconsin__pool0__22036a7f83e1e75572e9e3a467b97b20befed8421f2228103f59dea63aab6b51.npz,"{""details"": {""alpha"": 0.99, ""anchor_offset"": 2, ""compatibility_patch"": ""paper walk order is parameterized; repository helper hard-codes 10"", ""entrypoint"": ""solve_YACHT"", ""input"": ""frozen_base_parts"", ""kmeans_replicates"": 3, ""theta"": 0.4, ""walk_order"": 20}, ""method"": ""YACHT"", ""schema"": ""psfce-v4-matlab-adapter-v1""}",v1
WebKB-Wisconsin,1,CONTENT_RELATION_8,,formal,,CEHM,{},ok,265,5,20,0.32452830188679238,0.038757879895774998,0.013388111630272899,0.26350290203029197,11.817371099998129,,,,,,,,,,,,,,,,matlab,https://github.com/FeijiangLi/Code-k-HyperEdge-Medoids-for-Clustering-Ensemble-AAAI.git,29c22fb18e05eed67728eebcb29cd7e9133723f7,2026-09-14,NOASSERTION,a71453d425080b0f06e7e6ee44ace1359686d7e2844e5d1ffca079fb20f9a560,44136fa355b3678a1146ad16f7e8649e94fb4fc21fe77e8310c060f61caaff8a,False,results\cache\official_baselines\CEHM\WebKB-Wisconsin__pool1__5c683933d970c54e7e079871746de41f82a16c8198ea04ebd6215cad135a9af0.npz,"{""details"": {""entrypoint"": ""CEHM"", ""input"": ""frozen_base_parts"", ""variant"": ""published""}, ""method"": ""CEHM"", ""schema"": ""psfce-v4-matlab-adapter-v1""}",v1
WebKB-Wisconsin,1,CONTENT_RELATION_8,,formal,,RANGE,"{""alpha"": 0.8, ""anchor_offset"": 0, ""fuzzy_threshold"": 0.8, ""kmeans_replicates"": 3, ""lambda"": 0.1}",ok,265,5,20,0.32452830188679238,0.083794593540748794,0.048727301120072203,0.29107316015473361,12.280747600001632,,,,,,,,,,,,,,,,matlab,https://github.com/middle258/RANGE.git,85d93c54d72d500034d05b5ef131bd90630a3632,2026-09-14,NOASSERTION,a71453d425080b0f06e7e6ee44ace1359686d7e2844e5d1ffca079fb20f9a560,768290a1f1c2f63f8babf657f4e5e2b4da610a7bbda77136d410d91af83ab12a,False,results\cache\official_baselines\RANGE\WebKB-Wisconsin__pool1__3d5362e8dd9eb322227125b1d14fe666fec28e6ecef3dd015e432170c771873f.npz,"{""details"": {""alpha"": 0.8, ""anchor_offset"": 0, ""entrypoint"": ""HFES+solve_RANGE"", ""fuzzy_threshold"": 0.8, ""input"": ""frozen_base_parts"", ""kmeans_replicates"": 3, ""lambda"": 0.1}, ""method"": ""RANGE"", ""schema"": ""psfce-v4-matlab-adapter-v1""}",v1
WebKB-Wisconsin,1,CONTENT_RELATION_8,,formal,,YACHT,"{""alpha"": 0.99, ""anchor_offset"": 2, ""kmeans_replicates"": 3, ""theta"": 0.4, ""walk_order"": 20}",ok,265,5,20,0.27924528301886792,0.063641391167541694,0.013210685568130501,0.24594164456233419,11.901891899993643,,,,,,,,,,,,,,,,matlab,https://github.com/scu-kdde/YACHT.git,44cb0fc35b80ec17befa199879ac947fee15f464,2026-09-14,NOASSERTION,a71453d425080b0f06e7e6ee44ace1359686d7e2844e5d1ffca079fb20f9a560,62deb2b66b54ab18491847bd2cca81e375344bea0ab840d0da429a98100a165b,False,results\cache\official_baselines\YACHT\WebKB-Wisconsin__pool1__c7df3c0b2f7407d46d2b0fcd6a69f46d55d2932129ae23827109b2d905809003.npz,"{""details"": {""alpha"": 0.99, ""anchor_offset"": 2, ""compatibility_patch"": ""paper walk order is parameterized; repository helper hard-codes 10"", ""entrypoint"": ""solve_YACHT"", ""input"": ""frozen_base_parts"", ""kmeans_replicates"": 3, ""theta"": 0.4, ""walk_order"": 20}, ""method"": ""YACHT"", ""schema"": ""psfce-v4-matlab-adapter-v1""}",v1
WebKB-Wisconsin,2,CONTENT_RELATION_8,,formal,,CEHM,{},ok,265,5,20,0.46037735849056599,0,0,0.12609819121447019,11.540469200001098,,,,,,,,,,,,,,,,matlab,https://github.com/FeijiangLi/Code-k-HyperEdge-Medoids-for-Clustering-Ensemble-AAAI.git,29c22fb18e05eed67728eebcb29cd7e9133723f7,2026-09-14,NOASSERTION,e8743d50bf3cbe226a2e26a6683211462a039bb3f731c46bf52bf759dd121301,44136fa355b3678a1146ad16f7e8649e94fb4fc21fe77e8310c060f61caaff8a,False,results\cache\official_baselines\CEHM\WebKB-Wisconsin__pool2__ba8b3a328db96115e8df5cb263743521e7d4432ca19b46aff79eaa20851d7f0f.npz,"{""details"": {""entrypoint"": ""CEHM"", ""input"": ""frozen_base_parts"", ""variant"": ""published""}, ""method"": ""CEHM"", ""schema"": ""psfce-v4-matlab-adapter-v1""}",v1
WebKB-Wisconsin,2,CONTENT_RELATION_8,,formal,,RANGE,"{""alpha"": 0.8, ""anchor_offset"": 0, ""fuzzy_threshold"": 0.8, ""kmeans_replicates"": 3, ""lambda"": 0.1}",ok,265,5,20,0.35094339622641502,0.12279928913596901,0.072213946576460103,0.31569014699151687,12.053417300005094,,,,,,,,,,,,,,,,matlab,https://github.com/middle258/RANGE.git,85d93c54d72d500034d05b5ef131bd90630a3632,2026-09-14,NOASSERTION,e8743d50bf3cbe226a2e26a6683211462a039bb3f731c46bf52bf759dd121301,768290a1f1c2f63f8babf657f4e5e2b4da610a7bbda77136d410d91af83ab12a,False,results\cache\official_baselines\RANGE\WebKB-Wisconsin__pool2__185d3669da8a35a63d6bfe8828de6ebbb09f544008b2d10fdff2e887b8754157.npz,"{""details"": {""alpha"": 0.8, ""anchor_offset"": 0, ""entrypoint"": ""HFES+solve_RANGE"", ""fuzzy_threshold"": 0.8, ""input"": ""frozen_base_parts"", ""kmeans_replicates"": 3, ""lambda"": 0.1}, ""method"": ""RANGE"", ""schema"": ""psfce-v4-matlab-adapter-v1""}",v1
WebKB-Wisconsin,2,CONTENT_RELATION_8,,formal,,YACHT,"{""alpha"": 0.99, ""anchor_offset"": 2, ""kmeans_replicates"": 3, ""theta"": 0.4, ""walk_order"": 20}",ok,265,5,20,0.2981132075471698,0.065127848205040806,0.023464795922140898,0.24707390096863779,11.578596899998956,,,,,,,,,,,,,,,,matlab,https://github.com/scu-kdde/YACHT.git,44cb0fc35b80ec17befa199879ac947fee15f464,2026-09-14,NOASSERTION,e8743d50bf3cbe226a2e26a6683211462a039bb3f731c46bf52bf759dd121301,62deb2b66b54ab18491847bd2cca81e375344bea0ab840d0da429a98100a165b,False,results\cache\official_baselines\YACHT\WebKB-Wisconsin__pool2__ecc5643cde8231cf15fe6fee4dd68d8f2c92d0875e53f0c048063a79e40a7f7a.npz,"{""details"": {""alpha"": 0.99, ""anchor_offset"": 2, ""compatibility_patch"": ""paper walk order is parameterized; repository helper hard-codes 10"", ""entrypoint"": ""solve_YACHT"", ""input"": ""frozen_base_parts"", ""kmeans_replicates"": 3, ""theta"": 0.4, ""walk_order"": 20}, ""method"": ""YACHT"", ""schema"": ""psfce-v4-matlab-adapter-v1""}",v1
Wiki,0,TEXT_MV,,formal,,CEHM,{},ok,2866,10,20,0.15736217725052329,0,0,0.027193246909858301,11.715552299996489,,,,,,,,,,,,,,,,matlab,https://github.com/FeijiangLi/Code-k-HyperEdge-Medoids-for-Clustering-Ensemble-AAAI.git,29c22fb18e05eed67728eebcb29cd7e9133723f7,2026-09-14,NOASSERTION,c46da1d69e393bee6cdcda784aea32db63efbb577e16ba1296d8fe0d459bb0e5,44136fa355b3678a1146ad16f7e8649e94fb4fc21fe77e8310c060f61caaff8a,False,results\cache\official_baselines\CEHM\Wiki__pool0__cee09e31c8a4b5956844a914ab1069127e93062dd7221157a8ac0de9e203517f.npz,"{""details"": {""entrypoint"": ""CEHM"", ""input"": ""frozen_base_parts"", ""variant"": ""published""}, ""method"": ""CEHM"", ""schema"": ""psfce-v4-matlab-adapter-v1""}",v1
Wiki,0,TEXT_MV,,formal,,RANGE,"{""alpha"": 0.8, ""anchor_offset"": 0, ""fuzzy_threshold"": 0.8, ""kmeans_replicates"": 3, ""lambda"": 0.1}",ok,2866,10,20,0.48813677599441729,0.4282478060130876,0.33687437457584379,0.46384448170619902,12.845804900003714,,,,,,,,,,,,,,,,matlab,https://github.com/middle258/RANGE.git,85d93c54d72d500034d05b5ef131bd90630a3632,2026-09-14,NOASSERTION,c46da1d69e393bee6cdcda784aea32db63efbb577e16ba1296d8fe0d459bb0e5,768290a1f1c2f63f8babf657f4e5e2b4da610a7bbda77136d410d91af83ab12a,False,results\cache\official_baselines\RANGE\Wiki__pool0__4feccbb5b41b3af6ef37c8bc85567be4fb23c5e739dd69f6834641ea81daef17.npz,"{""details"": {""alpha"": 0.8, ""anchor_offset"": 0, ""entrypoint"": ""HFES+solve_RANGE"", ""fuzzy_threshold"": 0.8, ""input"": ""frozen_base_parts"", ""kmeans_replicates"": 3, ""lambda"": 0.1}, ""method"": ""RANGE"", ""schema"": ""psfce-v4-matlab-adapter-v1""}",v1
Wiki,0,TEXT_MV,,formal,,YACHT,"{""alpha"": 0.99, ""anchor_offset"": 2, ""kmeans_replicates"": 3, ""theta"": 0.4, ""walk_order"": 20}",ok,2866,10,20,0.33391486392184228,0.2278416580571106,0.14868368086876679,0.33002936193227639,12.711390500000562,,,,,,,,,,,,,,,,matlab,https://github.com/scu-kdde/YACHT.git,44cb0fc35b80ec17befa199879ac947fee15f464,2026-09-14,NOASSERTION,c46da1d69e393bee6cdcda784aea32db63efbb577e16ba1296d8fe0d459bb0e5,62deb2b66b54ab18491847bd2cca81e375344bea0ab840d0da429a98100a165b,False,results\cache\official_baselines\YACHT\Wiki__pool0__cd495ecffad800358fba36d5a25c1781092725859fa362bc2a347229e3ec1d75.npz,"{""details"": {""alpha"": 0.99, ""anchor_offset"": 2, ""compatibility_patch"": ""paper walk order is parameterized; repository helper hard-codes 10"", ""entrypoint"": ""solve_YACHT"", ""input"": ""frozen_base_parts"", ""kmeans_replicates"": 3, ""theta"": 0.4, ""walk_order"": 20}, ""method"": ""YACHT"", ""schema"": ""psfce-v4-matlab-adapter-v1""}",v1
Wiki,1,TEXT_MV,,formal,,CEHM,{},ok,2866,10,20,0.15736217725052329,0,0,0.027193246909858301,11.756599300002565,,,,,,,,,,,,,,,,matlab,https://github.com/FeijiangLi/Code-k-HyperEdge-Medoids-for-Clustering-Ensemble-AAAI.git,29c22fb18e05eed67728eebcb29cd7e9133723f7,2026-09-14,NOASSERTION,f632f39641693fc47ff684e63b693f8a227a487fda5865b2bda8fbd0fe9a2171,44136fa355b3678a1146ad16f7e8649e94fb4fc21fe77e8310c060f61caaff8a,False,results\cache\official_baselines\CEHM\Wiki__pool1__5162b0c8a403944fec202e4fd3dae81c129f62d2ef28b89faf97aa2f4c1cd1db.npz,"{""details"": {""entrypoint"": ""CEHM"", ""input"": ""frozen_base_parts"", ""variant"": ""published""}, ""method"": ""CEHM"", ""schema"": ""psfce-v4-matlab-adapter-v1""}",v1
Wiki,1,TEXT_MV,,formal,,RANGE,"{""alpha"": 0.8, ""anchor_offset"": 0, ""fuzzy_threshold"": 0.8, ""kmeans_replicates"": 3, ""lambda"": 0.1}",ok,2866,10,20,0.49092812281926029,0.40360216900071028,0.31277929139214311,0.4784527649086136,12.713338000001386,,,,,,,,,,,,,,,,matlab,https://github.com/middle258/RANGE.git,85d93c54d72d500034d05b5ef131bd90630a3632,2026-09-14,NOASSERTION,f632f39641693fc47ff684e63b693f8a227a487fda5865b2bda8fbd0fe9a2171,768290a1f1c2f63f8babf657f4e5e2b4da610a7bbda77136d410d91af83ab12a,False,results\cache\official_baselines\RANGE\Wiki__pool1__c76b21c823dbd6b1727d37ab169800487593583a78afe95a7ea43e46529fb4a5.npz,"{""details"": {""alpha"": 0.8, ""anchor_offset"": 0, ""entrypoint"": ""HFES+solve_RANGE"", ""fuzzy_threshold"": 0.8, ""input"": ""frozen_base_parts"", ""kmeans_replicates"": 3, ""lambda"": 0.1}, ""method"": ""RANGE"", ""schema"": ""psfce-v4-matlab-adapter-v1""}",v1
Wiki,1,TEXT_MV,,formal,,YACHT,"{""alpha"": 0.99, ""anchor_offset"": 2, ""kmeans_replicates"": 3, ""theta"": 0.4, ""walk_order"": 20}",ok,2866,10,20,0.3094905792044661,0.18893033515185539,0.1187970345709333,0.31702110674321698,12.889545999991242,,,,,,,,,,,,,,,,matlab,https://github.com/scu-kdde/YACHT.git,44cb0fc35b80ec17befa199879ac947fee15f464,2026-09-14,NOASSERTION,f632f39641693fc47ff684e63b693f8a227a487fda5865b2bda8fbd0fe9a2171,62deb2b66b54ab18491847bd2cca81e375344bea0ab840d0da429a98100a165b,False,results\cache\official_baselines\YACHT\Wiki__pool1__c1ecd55bcc2ad3142f5e057b820b2d19147fe735116291e855707bfa3ebe3817.npz,"{""details"": {""alpha"": 0.99, ""anchor_offset"": 2, ""compatibility_patch"": ""paper walk order is parameterized; repository helper hard-codes 10"", ""entrypoint"": ""solve_YACHT"", ""input"": ""frozen_base_parts"", ""kmeans_replicates"": 3, ""theta"": 0.4, ""walk_order"": 20}, ""method"": ""YACHT"", ""schema"": ""psfce-v4-matlab-adapter-v1""}",v1
Wiki,2,TEXT_MV,,formal,,CEHM,{},ok,2866,10,20,0.15736217725052329,0,0,0.027193246909858301,11.715592199994717,,,,,,,,,,,,,,,,matlab,https://github.com/FeijiangLi/Code-k-HyperEdge-Medoids-for-Clustering-Ensemble-AAAI.git,29c22fb18e05eed67728eebcb29cd7e9133723f7,2026-09-14,NOASSERTION,46c343601cf703b5b56eba5cdc7872c557e98a4a2942a583055775f0b3b63f88,44136fa355b3678a1146ad16f7e8649e94fb4fc21fe77e8310c060f61caaff8a,False,results\cache\official_baselines\CEHM\Wiki__pool2__112b2dc7b6bd8d4b942f83f576ecc1e2bb1a4248d62c62d71b3c3c6b26111042.npz,"{""details"": {""entrypoint"": ""CEHM"", ""input"": ""frozen_base_parts"", ""variant"": ""published""}, ""method"": ""CEHM"", ""schema"": ""psfce-v4-matlab-adapter-v1""}",v1
Wiki,2,TEXT_MV,,formal,,RANGE,"{""alpha"": 0.8, ""anchor_offset"": 0, ""fuzzy_threshold"": 0.8, ""kmeans_replicates"": 3, ""lambda"": 0.1}",ok,2866,10,20,0.50279134682484294,0.43410982046656738,0.33964673729141609,0.4843381586613888,12.984473099990282,,,,,,,,,,,,,,,,matlab,https://github.com/middle258/RANGE.git,85d93c54d72d500034d05b5ef131bd90630a3632,2026-09-14,NOASSERTION,46c343601cf703b5b56eba5cdc7872c557e98a4a2942a583055775f0b3b63f88,768290a1f1c2f63f8babf657f4e5e2b4da610a7bbda77136d410d91af83ab12a,False,results\cache\official_baselines\RANGE\Wiki__pool2__f0bba9363e681e540e5b9b636681bcf4cf97b489eb4aea618bca72d93665f1da.npz,"{""details"": {""alpha"": 0.8, ""anchor_offset"": 0, ""entrypoint"": ""HFES+solve_RANGE"", ""fuzzy_threshold"": 0.8, ""input"": ""frozen_base_parts"", ""kmeans_replicates"": 3, ""lambda"": 0.1}, ""method"": ""RANGE"", ""schema"": ""psfce-v4-matlab-adapter-v1""}",v1
Wiki,2,TEXT_MV,,formal,,YACHT,"{""alpha"": 0.99, ""anchor_offset"": 2, ""kmeans_replicates"": 3, ""theta"": 0.4, ""walk_order"": 20}",ok,2866,10,20,0.29099790648988139,0.2168491575999244,0.1239358593705273,0.30042256339218021,13.015521199995421,,,,,,,,,,,,,,,,matlab,https://github.com/scu-kdde/YACHT.git,44cb0fc35b80ec17befa199879ac947fee15f464,2026-09-14,NOASSERTION,46c343601cf703b5b56eba5cdc7872c557e98a4a2942a583055775f0b3b63f88,62deb2b66b54ab18491847bd2cca81e375344bea0ab840d0da429a98100a165b,False,results\cache\official_baselines\YACHT\Wiki__pool2__40fd98a43ce85cd6fbf73b1a765deea73cacc7a7ef61a9225a7ebda3e285de34.npz,"{""details"": {""alpha"": 0.99, ""anchor_offset"": 2, ""compatibility_patch"": ""paper walk order is parameterized; repository helper hard-codes 10"", ""entrypoint"": ""solve_YACHT"", ""input"": ""frozen_base_parts"", ""kmeans_replicates"": 3, ""theta"": 0.4, ""walk_order"": 20}, ""method"": ""YACHT"", ""schema"": ""psfce-v4-matlab-adapter-v1""}",v1
WikiCS,0,GRAPH_GEOMETRY_8,,formal,,CEHM,{},ok,11701,10,20,0.22895479018887269,0,0,0.037260083449235003,13.283177000004798,,,,,,,,,,,,,,,,matlab,https://github.com/FeijiangLi/Code-k-HyperEdge-Medoids-for-Clustering-Ensemble-AAAI.git,29c22fb18e05eed67728eebcb29cd7e9133723f7,2026-09-14,NOASSERTION,ad9850688867991766f1cc733726f55ebf0b0d473508decc193eb3ca0572c589,44136fa355b3678a1146ad16f7e8649e94fb4fc21fe77e8310c060f61caaff8a,False,results\cache\official_baselines\CEHM\WikiCS__pool0__80e5d0979dfc8949df666a1d794b10116ddce83fadb0638d849c32db2c25f588.npz,"{""details"": {""entrypoint"": ""CEHM"", ""input"": ""frozen_base_parts"", ""variant"": ""published""}, ""method"": ""CEHM"", ""schema"": ""psfce-v4-matlab-adapter-v1""}",v1
WikiCS,0,GRAPH_GEOMETRY_8,,formal,,RANGE,"{""alpha"": 0.8, ""anchor_offset"": 0, ""fuzzy_threshold"": 0.8, ""kmeans_replicates"": 3, ""lambda"": 0.1}",ok,11701,10,20,0.44859413725322622,0.3751968094187289,0.29020787684394322,0.35634249382748368,14.038515199994436,,,,,,,,,,,,,,,,matlab,https://github.com/middle258/RANGE.git,85d93c54d72d500034d05b5ef131bd90630a3632,2026-09-14,NOASSERTION,ad9850688867991766f1cc733726f55ebf0b0d473508decc193eb3ca0572c589,768290a1f1c2f63f8babf657f4e5e2b4da610a7bbda77136d410d91af83ab12a,False,results\cache\official_baselines\RANGE\WikiCS__pool0__a9c909c0be5c0ab2155fb75d5247336deeb847775fd54bc57b401e7dbb88811f.npz,"{""details"": {""alpha"": 0.8, ""anchor_offset"": 0, ""entrypoint"": ""HFES+solve_RANGE"", ""fuzzy_threshold"": 0.8, ""input"": ""frozen_base_parts"", ""kmeans_replicates"": 3, ""lambda"": 0.1}, ""method"": ""RANGE"", ""schema"": ""psfce-v4-matlab-adapter-v1""}",v1
WikiCS,0,GRAPH_GEOMETRY_8,,formal,,YACHT,"{""alpha"": 0.99, ""anchor_offset"": 2, ""kmeans_replicates"": 3, ""theta"": 0.4, ""walk_order"": 20}",ok,11701,10,20,0.42218613793692839,0.33546917262682252,0.26233316223780317,0.33395313942656762,17.287271399996825,,,,,,,,,,,,,,,,matlab,https://github.com/scu-kdde/YACHT.git,44cb0fc35b80ec17befa199879ac947fee15f464,2026-09-14,NOASSERTION,ad9850688867991766f1cc733726f55ebf0b0d473508decc193eb3ca0572c589,62deb2b66b54ab18491847bd2cca81e375344bea0ab840d0da429a98100a165b,False,results\cache\official_baselines\YACHT\WikiCS__pool0__3626698794c2d17803153624b9304c27a14ea62ed5a50e2e19381041be2e14d8.npz,"{""details"": {""alpha"": 0.99, ""anchor_offset"": 2, ""compatibility_patch"": ""paper walk order is parameterized; repository helper hard-codes 10"", ""entrypoint"": ""solve_YACHT"", ""input"": ""frozen_base_parts"", ""kmeans_replicates"": 3, ""theta"": 0.4, ""walk_order"": 20}, ""method"": ""YACHT"", ""schema"": ""psfce-v4-matlab-adapter-v1""}",v1
WikiCS,1,GRAPH_GEOMETRY_8,,formal,,CEHM,{},ok,11701,10,20,0.424151781898983,0.3339988618057203,0.22178555004801531,0.1987320326797368,12.83374719999847,,,,,,,,,,,,,,,,matlab,https://github.com/FeijiangLi/Code-k-HyperEdge-Medoids-for-Clustering-Ensemble-AAAI.git,29c22fb18e05eed67728eebcb29cd7e9133723f7,2026-09-14,NOASSERTION,6df568b2d25e98c0794df1931d171ae72126c4a883350eb235e531241d0569e3,44136fa355b3678a1146ad16f7e8649e94fb4fc21fe77e8310c060f61caaff8a,False,results\cache\official_baselines\CEHM\WikiCS__pool1__33f60d93a3b1a776884974b14ff07e20f1d608fe57e93412d674e290c6dad9d9.npz,"{""details"": {""entrypoint"": ""CEHM"", ""input"": ""frozen_base_parts"", ""variant"": ""published""}, ""method"": ""CEHM"", ""schema"": ""psfce-v4-matlab-adapter-v1""}",v1
WikiCS,1,GRAPH_GEOMETRY_8,,formal,,RANGE,"{""alpha"": 0.8, ""anchor_offset"": 0, ""fuzzy_threshold"": 0.8, ""kmeans_replicates"": 3, ""lambda"": 0.1}",ok,11701,10,20,0.4610717032732245,0.360356429305218,0.31640077290863888,0.36921889074704539,13.565058199994382,,,,,,,,,,,,,,,,matlab,https://github.com/middle258/RANGE.git,85d93c54d72d500034d05b5ef131bd90630a3632,2026-09-14,NOASSERTION,6df568b2d25e98c0794df1931d171ae72126c4a883350eb235e531241d0569e3,768290a1f1c2f63f8babf657f4e5e2b4da610a7bbda77136d410d91af83ab12a,False,results\cache\official_baselines\RANGE\WikiCS__pool1__143a28821c4f3eeae3c43f871a75268a2f8fe32967789f08522dae695d71bfb3.npz,"{""details"": {""alpha"": 0.8, ""anchor_offset"": 0, ""entrypoint"": ""HFES+solve_RANGE"", ""fuzzy_threshold"": 0.8, ""input"": ""frozen_base_parts"", ""kmeans_replicates"": 3, ""lambda"": 0.1}, ""method"": ""RANGE"", ""schema"": ""psfce-v4-matlab-adapter-v1""}",v1
WikiCS,1,GRAPH_GEOMETRY_8,,formal,,YACHT,"{""alpha"": 0.99, ""anchor_offset"": 2, ""kmeans_replicates"": 3, ""theta"": 0.4, ""walk_order"": 20}",ok,11701,10,20,0.4052645073070677,0.3572411356116556,0.23961013425406821,0.35224339264681082,16.879398599994602,,,,,,,,,,,,,,,,matlab,https://github.com/scu-kdde/YACHT.git,44cb0fc35b80ec17befa199879ac947fee15f464,2026-09-14,NOASSERTION,6df568b2d25e98c0794df1931d171ae72126c4a883350eb235e531241d0569e3,62deb2b66b54ab18491847bd2cca81e375344bea0ab840d0da429a98100a165b,False,results\cache\official_baselines\YACHT\WikiCS__pool1__7af48b7f13bc873e7fcc0c2494136eb18c4cbb6164d8c0daef687d8b5f5f18a2.npz,"{""details"": {""alpha"": 0.99, ""anchor_offset"": 2, ""compatibility_patch"": ""paper walk order is parameterized; repository helper hard-codes 10"", ""entrypoint"": ""solve_YACHT"", ""input"": ""frozen_base_parts"", ""kmeans_replicates"": 3, ""theta"": 0.4, ""walk_order"": 20}, ""method"": ""YACHT"", ""schema"": ""psfce-v4-matlab-adapter-v1""}",v1
WikiCS,2,GRAPH_GEOMETRY_8,,formal,,CEHM,{},ok,11701,10,20,0.22895479018887269,0,0,0.037260083449235003,13.821593600005144,,,,,,,,,,,,,,,,matlab,https://github.com/FeijiangLi/Code-k-HyperEdge-Medoids-for-Clustering-Ensemble-AAAI.git,29c22fb18e05eed67728eebcb29cd7e9133723f7,2026-09-14,NOASSERTION,5b4704b80fa7af09aaa11d8c4cfd7c326f1af0a32c8069f4cf6b8433b903d57e,44136fa355b3678a1146ad16f7e8649e94fb4fc21fe77e8310c060f61caaff8a,False,results\cache\official_baselines\CEHM\WikiCS__pool2__804007982625ad733fe150c275eb96469a146fc35617d60dd6ae82c39eedc4b1.npz,"{""details"": {""entrypoint"": ""CEHM"", ""input"": ""frozen_base_parts"", ""variant"": ""published""}, ""method"": ""CEHM"", ""schema"": ""psfce-v4-matlab-adapter-v1""}",v1
WikiCS,2,GRAPH_GEOMETRY_8,,formal,,RANGE,"{""alpha"": 0.8, ""anchor_offset"": 0, ""fuzzy_threshold"": 0.8, ""kmeans_replicates"": 3, ""lambda"": 0.1}",ok,11701,10,20,0.4728655670455516,0.3725113360776216,0.3105532747085411,0.392345445204278,14.01553520000016,,,,,,,,,,,,,,,,matlab,https://github.com/middle258/RANGE.git,85d93c54d72d500034d05b5ef131bd90630a3632,2026-09-14,NOASSERTION,5b4704b80fa7af09aaa11d8c4cfd7c326f1af0a32c8069f4cf6b8433b903d57e,768290a1f1c2f63f8babf657f4e5e2b4da610a7bbda77136d410d91af83ab12a,False,results\cache\official_baselines\RANGE\WikiCS__pool2__dede9e9d452c86b73e435cedf86ce9c8a4f6a28799223c278a3eeec2326ff23d.npz,"{""details"": {""alpha"": 0.8, ""anchor_offset"": 0, ""entrypoint"": ""HFES+solve_RANGE"", ""fuzzy_threshold"": 0.8, ""input"": ""frozen_base_parts"", ""kmeans_replicates"": 3, ""lambda"": 0.1}, ""method"": ""RANGE"", ""schema"": ""psfce-v4-matlab-adapter-v1""}",v1
WikiCS,2,GRAPH_GEOMETRY_8,,formal,,YACHT,"{""alpha"": 0.99, ""anchor_offset"": 2, ""kmeans_replicates"": 3, ""theta"": 0.4, ""walk_order"": 20}",ok,11701,10,20,0.45714041534911548,0.36333606174937139,0.30343402977976192,0.34856990468053839,16.376851699998952,,,,,,,,,,,,,,,,matlab,https://github.com/scu-kdde/YACHT.git,44cb0fc35b80ec17befa199879ac947fee15f464,2026-09-14,NOASSERTION,5b4704b80fa7af09aaa11d8c4cfd7c326f1af0a32c8069f4cf6b8433b903d57e,62deb2b66b54ab18491847bd2cca81e375344bea0ab840d0da429a98100a165b,False,results\cache\official_baselines\YACHT\WikiCS__pool2__eeef61f1cfd18f6037ae3d0d15006b8671e238eddea8304fceb04a8934f31c7b.npz,"{""details"": {""alpha"": 0.99, ""anchor_offset"": 2, ""compatibility_patch"": ""paper walk order is parameterized; repository helper hard-codes 10"", ""entrypoint"": ""solve_YACHT"", ""input"": ""frozen_base_parts"", ""kmeans_replicates"": 3, ""theta"": 0.4, ""walk_order"": 20}, ""method"": ""YACHT"", ""schema"": ""psfce-v4-matlab-adapter-v1""}",v1
Worm Neuron,0,BKCC_V2,,formal,,CEHM,{},ok,4186,10,20,0.31390348781653121,0.18684687536841249,0.038965563967359701,0.19671195023610999,13.176090499997372,,,,,,,,,,,,,,,,matlab,https://github.com/FeijiangLi/Code-k-HyperEdge-Medoids-for-Clustering-Ensemble-AAAI.git,29c22fb18e05eed67728eebcb29cd7e9133723f7,2026-09-14,NOASSERTION,f6e972ab1a651f72bbb72fef6bcff41bcbcdcc8c4b8727fc2e71a2a89bbedc76,44136fa355b3678a1146ad16f7e8649e94fb4fc21fe77e8310c060f61caaff8a,False,results\cache\official_baselines\CEHM\Worm_Neuron__pool0__9d38e284b4c31c4f2f7aa275820fd5a0dc7f69e7b7a9ba1f3a3ef2433a15ddab.npz,"{""details"": {""entrypoint"": ""CEHM"", ""input"": ""frozen_base_parts"", ""variant"": ""published""}, ""method"": ""CEHM"", ""schema"": ""psfce-v4-matlab-adapter-v1""}",v1
Worm Neuron,0,BKCC_V2,,formal,,RANGE,"{""alpha"": 0.8, ""anchor_offset"": 0, ""fuzzy_threshold"": 0.8, ""kmeans_replicates"": 3, ""lambda"": 0.1}",ok,4186,10,20,0.43502150023889152,0.3780772805180464,0.1323062327324537,0.45566657078899581,15.031843999997363,,,,,,,,,,,,,,,,matlab,https://github.com/middle258/RANGE.git,85d93c54d72d500034d05b5ef131bd90630a3632,2026-09-14,NOASSERTION,f6e972ab1a651f72bbb72fef6bcff41bcbcdcc8c4b8727fc2e71a2a89bbedc76,768290a1f1c2f63f8babf657f4e5e2b4da610a7bbda77136d410d91af83ab12a,False,results\cache\official_baselines\RANGE\Worm_Neuron__pool0__d084efeba3e7db4bfbe87e02f783598db6b58863fe87f918d5b901194fec8801.npz,"{""details"": {""alpha"": 0.8, ""anchor_offset"": 0, ""entrypoint"": ""HFES+solve_RANGE"", ""fuzzy_threshold"": 0.8, ""input"": ""frozen_base_parts"", ""kmeans_replicates"": 3, ""lambda"": 0.1}, ""method"": ""RANGE"", ""schema"": ""psfce-v4-matlab-adapter-v1""}",v1
Worm Neuron,0,BKCC_V2,,formal,,YACHT,"{""alpha"": 0.99, ""anchor_offset"": 2, ""kmeans_replicates"": 3, ""theta"": 0.4, ""walk_order"": 20}",ok,4186,10,20,0.43812709030100327,0.35996100080700799,0.17164450185865721,0.46324383206134662,15.790012500001469,,,,,,,,,,,,,,,,matlab,https://github.com/scu-kdde/YACHT.git,44cb0fc35b80ec17befa199879ac947fee15f464,2026-09-14,NOASSERTION,f6e972ab1a651f72bbb72fef6bcff41bcbcdcc8c4b8727fc2e71a2a89bbedc76,62deb2b66b54ab18491847bd2cca81e375344bea0ab840d0da429a98100a165b,False,results\cache\official_baselines\YACHT\Worm_Neuron__pool0__e5c8c495ba272979f3a3aa805da819550bb73c372cac3d6d6f5b9024c0617015.npz,"{""details"": {""alpha"": 0.99, ""anchor_offset"": 2, ""compatibility_patch"": ""paper walk order is parameterized; repository helper hard-codes 10"", ""entrypoint"": ""solve_YACHT"", ""input"": ""frozen_base_parts"", ""kmeans_replicates"": 3, ""theta"": 0.4, ""walk_order"": 20}, ""method"": ""YACHT"", ""schema"": ""psfce-v4-matlab-adapter-v1""}",v1
Worm Neuron,1,BKCC_V2,,formal,,CEHM,{},ok,4186,10,20,0.34018155757286189,0.2229018244553716,0.0472347240530374,0.25800606193914383,12.497781799989752,,,,,,,,,,,,,,,,matlab,https://github.com/FeijiangLi/Code-k-HyperEdge-Medoids-for-Clustering-Ensemble-AAAI.git,29c22fb18e05eed67728eebcb29cd7e9133723f7,2026-09-14,NOASSERTION,1d989e5c3bc774bea45758084398fe6d9fd2fc2fdafc3e912434a1e643539881,44136fa355b3678a1146ad16f7e8649e94fb4fc21fe77e8310c060f61caaff8a,False,results\cache\official_baselines\CEHM\Worm_Neuron__pool1__e567f8cc6bc6b0adeed07f1e2efda985656918c8632b659720ec11fbb01f6eb2.npz,"{""details"": {""entrypoint"": ""CEHM"", ""input"": ""frozen_base_parts"", ""variant"": ""published""}, ""method"": ""CEHM"", ""schema"": ""psfce-v4-matlab-adapter-v1""}",v1
Worm Neuron,1,BKCC_V2,,formal,,RANGE,"{""alpha"": 0.8, ""anchor_offset"": 0, ""fuzzy_threshold"": 0.8, ""kmeans_replicates"": 3, ""lambda"": 0.1}",ok,4186,10,20,0.3850931677018633,0.3435758324023781,0.137210366009789,0.39725682275606961,15.209110600000711,,,,,,,,,,,,,,,,matlab,https://github.com/middle258/RANGE.git,85d93c54d72d500034d05b5ef131bd90630a3632,2026-09-14,NOASSERTION,1d989e5c3bc774bea45758084398fe6d9fd2fc2fdafc3e912434a1e643539881,768290a1f1c2f63f8babf657f4e5e2b4da610a7bbda77136d410d91af83ab12a,False,results\cache\official_baselines\RANGE\Worm_Neuron__pool1__db22641b77ba4cbc74c74a26f793f6ac66a80d0d33a8e94dc17d30e2271a8159.npz,"{""details"": {""alpha"": 0.8, ""anchor_offset"": 0, ""entrypoint"": ""HFES+solve_RANGE"", ""fuzzy_threshold"": 0.8, ""input"": ""frozen_base_parts"", ""kmeans_replicates"": 3, ""lambda"": 0.1}, ""method"": ""RANGE"", ""schema"": ""psfce-v4-matlab-adapter-v1""}",v1
Worm Neuron,1,BKCC_V2,,formal,,YACHT,"{""alpha"": 0.99, ""anchor_offset"": 2, ""kmeans_replicates"": 3, ""theta"": 0.4, ""walk_order"": 20}",ok,4186,10,20,0.35785953177257518,0.29615791279266462,0.1331937933414975,0.35262794298986988,16.332083700006478,,,,,,,,,,,,,,,,matlab,https://github.com/scu-kdde/YACHT.git,44cb0fc35b80ec17befa199879ac947fee15f464,2026-09-14,NOASSERTION,1d989e5c3bc774bea45758084398fe6d9fd2fc2fdafc3e912434a1e643539881,62deb2b66b54ab18491847bd2cca81e375344bea0ab840d0da429a98100a165b,False,results\cache\official_baselines\YACHT\Worm_Neuron__pool1__a44c37959f3d25f093824e918a333d45c140126d6a50db84de7862d1fd42001e.npz,"{""details"": {""alpha"": 0.99, ""anchor_offset"": 2, ""compatibility_patch"": ""paper walk order is parameterized; repository helper hard-codes 10"", ""entrypoint"": ""solve_YACHT"", ""input"": ""frozen_base_parts"", ""kmeans_replicates"": 3, ""theta"": 0.4, ""walk_order"": 20}, ""method"": ""YACHT"", ""schema"": ""psfce-v4-matlab-adapter-v1""}",v1
Worm Neuron,2,BKCC_V2,,formal,,CEHM,{},ok,4186,10,20,0.28284758719541331,0.11193837266586421,0.016038568574028699,0.15542547887689759,14.05440950000775,,,,,,,,,,,,,,,,matlab,https://github.com/FeijiangLi/Code-k-HyperEdge-Medoids-for-Clustering-Ensemble-AAAI.git,29c22fb18e05eed67728eebcb29cd7e9133723f7,2026-09-14,NOASSERTION,7898911dcd03685eab485d45a68ada7d2f16b35896d1d6f77d9c1024224e6525,44136fa355b3678a1146ad16f7e8649e94fb4fc21fe77e8310c060f61caaff8a,False,results\cache\official_baselines\CEHM\Worm_Neuron__pool2__54f0d860886dbe2a72142002bd797b544c4d06f55fa4931c4fcae57646e04d62.npz,"{""details"": {""entrypoint"": ""CEHM"", ""input"": ""frozen_base_parts"", ""variant"": ""published""}, ""method"": ""CEHM"", ""schema"": ""psfce-v4-matlab-adapter-v1""}",v1
Worm Neuron,2,BKCC_V2,,formal,,RANGE,"{""alpha"": 0.8, ""anchor_offset"": 0, ""fuzzy_threshold"": 0.8, ""kmeans_replicates"": 3, ""lambda"": 0.1}",ok,4186,10,20,0.42594362159579552,0.37602068160228419,0.15564086455087139,0.42940184712013058,14.363158499996644,,,,,,,,,,,,,,,,matlab,https://github.com/middle258/RANGE.git,85d93c54d72d500034d05b5ef131bd90630a3632,2026-09-14,NOASSERTION,7898911dcd03685eab485d45a68ada7d2f16b35896d1d6f77d9c1024224e6525,768290a1f1c2f63f8babf657f4e5e2b4da610a7bbda77136d410d91af83ab12a,False,results\cache\official_baselines\RANGE\Worm_Neuron__pool2__05bac5b98ebe6f805e1196a3bc6fe6dbae511cf39c791cda1ba6ed4e80404820.npz,"{""details"": {""alpha"": 0.8, ""anchor_offset"": 0, ""entrypoint"": ""HFES+solve_RANGE"", ""fuzzy_threshold"": 0.8, ""input"": ""frozen_base_parts"", ""kmeans_replicates"": 3, ""lambda"": 0.1}, ""method"": ""RANGE"", ""schema"": ""psfce-v4-matlab-adapter-v1""}",v1
Worm Neuron,2,BKCC_V2,,formal,,YACHT,"{""alpha"": 0.99, ""anchor_offset"": 2, ""kmeans_replicates"": 3, ""theta"": 0.4, ""walk_order"": 20}",ok,4186,10,20,0.41806020066889632,0.3248672051960324,0.14787431958014999,0.4200691539802679,14.401807700007341,,,,,,,,,,,,,,,,matlab,https://github.com/scu-kdde/YACHT.git,44cb0fc35b80ec17befa199879ac947fee15f464,2026-09-14,NOASSERTION,7898911dcd03685eab485d45a68ada7d2f16b35896d1d6f77d9c1024224e6525,62deb2b66b54ab18491847bd2cca81e375344bea0ab840d0da429a98100a165b,False,results\cache\official_baselines\YACHT\Worm_Neuron__pool2__05d2115a809c9b6287b83a66b134514ffc3183edfae447ce5f962ed58e2adca0.npz,"{""details"": {""alpha"": 0.99, ""anchor_offset"": 2, ""compatibility_patch"": ""paper walk order is parameterized; repository helper hard-codes 10"", ""entrypoint"": ""solve_YACHT"", ""input"": ""frozen_base_parts"", ""kmeans_replicates"": 3, ""theta"": 0.4, ""walk_order"": 20}, ""method"": ""YACHT"", ""schema"": ""psfce-v4-matlab-adapter-v1""}",v1
