dataset,pool,group,task_family,split,source_id,method,params,status,error,n,c,M,runtime_seconds,backend,repo_url,commit,retrieval_date,license,bp_sha256,params_sha256,cache_hit,cache_file,adapter_meta,adapter_revision,ACC,NMI,ARI,F1
100Leaves,1,MULTI_RELATION_7,,formal,,CEHM,{},ok,,1600,100,20,34.39745380000386,matlab,https://github.com/FeijiangLi/Code-k-HyperEdge-Medoids-for-Clustering-Ensemble-AAAI.git,29c22fb18e05eed67728eebcb29cd7e9133723f7,2026-09-14,NOASSERTION,a2a8276aaeb36f4edf5f20ced589800009568a0c73416d89e27450eece816779,44136fa355b3678a1146ad16f7e8649e94fb4fc21fe77e8310c060f61caaff8a,False,results\cache\official_baselines\CEHM\100Leaves__pool1__b3d4ac39b5e7413ab7becbc68c1a2eb8e7bea66e41842761a8e0356f633ffd2d.npz,"{""details"": {""entrypoint"": ""CEHM"", ""input"": ""frozen_base_parts"", ""variant"": ""published""}, ""method"": ""CEHM"", ""schema"": ""psfce-v4-matlab-adapter-v1""}",v1,0.7175,0.9087633358469623,0.6487304838234152,0.6605434794145438
100Leaves,1,MULTI_RELATION_7,,formal,,RANGE,"{""alpha"": 0.8, ""anchor_offset"": 0, ""fuzzy_threshold"": 0.8, ""kmeans_replicates"": 3, ""lambda"": 0.1}",ok,,1600,100,20,116.68956659999094,matlab,https://github.com/middle258/RANGE.git,85d93c54d72d500034d05b5ef131bd90630a3632,2026-09-14,NOASSERTION,a2a8276aaeb36f4edf5f20ced589800009568a0c73416d89e27450eece816779,768290a1f1c2f63f8babf657f4e5e2b4da610a7bbda77136d410d91af83ab12a,False,results\cache\official_baselines\RANGE\100Leaves__pool1__69b9674324531c92830039a0b646d13877fdcf0238141ff10ac0766d20c385e1.npz,"{""details"": {""alpha"": 0.8, ""anchor_offset"": 0, ""entrypoint"": ""HFES+solve_RANGE"", ""fuzzy_threshold"": 0.8, ""input"": ""frozen_base_parts"", ""kmeans_replicates"": 3, ""lambda"": 0.1}, ""method"": ""RANGE"", ""schema"": ""psfce-v4-matlab-adapter-v1""}",v1,0.81,0.9128638296637924,0.7437698689617741,0.7988557615244319
100Leaves,1,MULTI_RELATION_7,,formal,,YACHT,"{""alpha"": 0.99, ""anchor_offset"": 2, ""kmeans_replicates"": 3, ""theta"": 0.4, ""walk_order"": 20}",ok,,1600,100,20,37.524972100000014,matlab,https://github.com/scu-kdde/YACHT.git,44cb0fc35b80ec17befa199879ac947fee15f464,2026-09-14,NOASSERTION,a2a8276aaeb36f4edf5f20ced589800009568a0c73416d89e27450eece816779,62deb2b66b54ab18491847bd2cca81e375344bea0ab840d0da429a98100a165b,False,results\cache\official_baselines\YACHT\100Leaves__pool1__0a03f314b75227f91f8b53f0e16d4994415826f088886b5c88af17c2b07bd2d0.npz,"{""details"": {""alpha"": 0.99, ""anchor_offset"": 2, ""compatibility_patch"": ""paper walk order is parameterized; repository helper hard-codes 10"", ""entrypoint"": ""solve_YACHT"", ""input"": ""frozen_base_parts"", ""kmeans_replicates"": 3, ""theta"": 0.4, ""walk_order"": 20}, ""method"": ""YACHT"", ""schema"": ""psfce-v4-matlab-adapter-v1""}",v1,0.82375,0.9225215617627985,0.7678462781095016,0.8133199343839287
100Leaves,0,MULTI_RELATION_7,,formal,,CEHM,{},ok,,1600,100,20,34.47199350000301,matlab,https://github.com/FeijiangLi/Code-k-HyperEdge-Medoids-for-Clustering-Ensemble-AAAI.git,29c22fb18e05eed67728eebcb29cd7e9133723f7,2026-09-14,NOASSERTION,95403c7b37e347aab6b29b87515ec42dfbf1c5b7ab13383a19dd47dd02031b2a,44136fa355b3678a1146ad16f7e8649e94fb4fc21fe77e8310c060f61caaff8a,False,results\cache\official_baselines\CEHM\100Leaves__pool0__b284e364a108570da95c5f476f6f12aec72817c290844e89ea8e52247ea884e6.npz,"{""details"": {""entrypoint"": ""CEHM"", ""input"": ""frozen_base_parts"", ""variant"": ""published""}, ""method"": ""CEHM"", ""schema"": ""psfce-v4-matlab-adapter-v1""}",v1,0.7575,0.9191633901120642,0.6874396673079132,0.7086271340214287
100Leaves,0,MULTI_RELATION_7,,formal,,RANGE,"{""alpha"": 0.8, ""anchor_offset"": 0, ""fuzzy_threshold"": 0.8, ""kmeans_replicates"": 3, ""lambda"": 0.1}",ok,,1600,100,20,116.74473769999167,matlab,https://github.com/middle258/RANGE.git,85d93c54d72d500034d05b5ef131bd90630a3632,2026-09-14,NOASSERTION,95403c7b37e347aab6b29b87515ec42dfbf1c5b7ab13383a19dd47dd02031b2a,768290a1f1c2f63f8babf657f4e5e2b4da610a7bbda77136d410d91af83ab12a,False,results\cache\official_baselines\RANGE\100Leaves__pool0__ed4001eb7aff6e5cb667e6ac851c01cb9682111cfc61345e9942810d60b665d9.npz,"{""details"": {""alpha"": 0.8, ""anchor_offset"": 0, ""entrypoint"": ""HFES+solve_RANGE"", ""fuzzy_threshold"": 0.8, ""input"": ""frozen_base_parts"", ""kmeans_replicates"": 3, ""lambda"": 0.1}, ""method"": ""RANGE"", ""schema"": ""psfce-v4-matlab-adapter-v1""}",v1,0.821875,0.9234173088258368,0.7670451939689871,0.8061945733490166
100Leaves,0,MULTI_RELATION_7,,formal,,YACHT,"{""alpha"": 0.99, ""anchor_offset"": 2, ""kmeans_replicates"": 3, ""theta"": 0.4, ""walk_order"": 20}",ok,,1600,100,20,37.560663700001896,matlab,https://github.com/scu-kdde/YACHT.git,44cb0fc35b80ec17befa199879ac947fee15f464,2026-09-14,NOASSERTION,95403c7b37e347aab6b29b87515ec42dfbf1c5b7ab13383a19dd47dd02031b2a,62deb2b66b54ab18491847bd2cca81e375344bea0ab840d0da429a98100a165b,False,results\cache\official_baselines\YACHT\100Leaves__pool0__f0ee355dc4c2089a633743015401a2b0e2b31bf6b0ae3c3f33d721caaf81064c.npz,"{""details"": {""alpha"": 0.99, ""anchor_offset"": 2, ""compatibility_patch"": ""paper walk order is parameterized; repository helper hard-codes 10"", ""entrypoint"": ""solve_YACHT"", ""input"": ""frozen_base_parts"", ""kmeans_replicates"": 3, ""theta"": 0.4, ""walk_order"": 20}, ""method"": ""YACHT"", ""schema"": ""psfce-v4-matlab-adapter-v1""}",v1,0.8375,0.9243076384472894,0.776405751626864,0.823882882370591
100Leaves,2,MULTI_RELATION_7,,formal,,CEHM,{},ok,,1600,100,20,38.877848200005246,matlab,https://github.com/FeijiangLi/Code-k-HyperEdge-Medoids-for-Clustering-Ensemble-AAAI.git,29c22fb18e05eed67728eebcb29cd7e9133723f7,2026-09-14,NOASSERTION,94e363d4d59e44369c58a104a40610f285ca47a0414b4fe12433184dd000db43,44136fa355b3678a1146ad16f7e8649e94fb4fc21fe77e8310c060f61caaff8a,False,results\cache\official_baselines\CEHM\100Leaves__pool2__6b7314063811fca070cac40fa7b394f0e3ce66a9ff35c340d15389f965163bbd.npz,"{""details"": {""entrypoint"": ""CEHM"", ""input"": ""frozen_base_parts"", ""variant"": ""published""}, ""method"": ""CEHM"", ""schema"": ""psfce-v4-matlab-adapter-v1""}",v1,0.77625,0.9219418148338592,0.7154459306628221,0.7277404670787735
100Leaves,2,MULTI_RELATION_7,,formal,,RANGE,"{""alpha"": 0.8, ""anchor_offset"": 0, ""fuzzy_threshold"": 0.8, ""kmeans_replicates"": 3, ""lambda"": 0.1}",ok,,1600,100,20,113.84909530000004,matlab,https://github.com/middle258/RANGE.git,85d93c54d72d500034d05b5ef131bd90630a3632,2026-09-14,NOASSERTION,94e363d4d59e44369c58a104a40610f285ca47a0414b4fe12433184dd000db43,768290a1f1c2f63f8babf657f4e5e2b4da610a7bbda77136d410d91af83ab12a,False,results\cache\official_baselines\RANGE\100Leaves__pool2__dae440c2b166a8deb25d469ca67decd56bc9c114311ef1e604aa98e824eb0eb4.npz,"{""details"": {""alpha"": 0.8, ""anchor_offset"": 0, ""entrypoint"": ""HFES+solve_RANGE"", ""fuzzy_threshold"": 0.8, ""input"": ""frozen_base_parts"", ""kmeans_replicates"": 3, ""lambda"": 0.1}, ""method"": ""RANGE"", ""schema"": ""psfce-v4-matlab-adapter-v1""}",v1,0.8525,0.9355209470354073,0.8066970253630253,0.838534539467914
100Leaves,2,MULTI_RELATION_7,,formal,,YACHT,"{""alpha"": 0.99, ""anchor_offset"": 2, ""kmeans_replicates"": 3, ""theta"": 0.4, ""walk_order"": 20}",ok,,1600,100,20,36.46757860000071,matlab,https://github.com/scu-kdde/YACHT.git,44cb0fc35b80ec17befa199879ac947fee15f464,2026-09-14,NOASSERTION,94e363d4d59e44369c58a104a40610f285ca47a0414b4fe12433184dd000db43,62deb2b66b54ab18491847bd2cca81e375344bea0ab840d0da429a98100a165b,False,results\cache\official_baselines\YACHT\100Leaves__pool2__9e20b4daf7b16f2dbca2dd7a2c54c38dc307ce2bfa97fb1bd4f953d42975064d.npz,"{""details"": {""alpha"": 0.99, ""anchor_offset"": 2, ""compatibility_patch"": ""paper walk order is parameterized; repository helper hard-codes 10"", ""entrypoint"": ""solve_YACHT"", ""input"": ""frozen_base_parts"", ""kmeans_replicates"": 3, ""theta"": 0.4, ""walk_order"": 20}, ""method"": ""YACHT"", ""schema"": ""psfce-v4-matlab-adapter-v1""}",v1,0.829375,0.9246320759587829,0.7744984604263292,0.8097898250431201
10X PBMC,1,BKCC_V2,,formal,,CEHM,{},ok,,4271,8,20,13.472505199999432,matlab,https://github.com/FeijiangLi/Code-k-HyperEdge-Medoids-for-Clustering-Ensemble-AAAI.git,29c22fb18e05eed67728eebcb29cd7e9133723f7,2026-09-14,NOASSERTION,0abccd7b02b28a0a269a080cc1a9b8a7ca43e753b76702d7409a2d78546e2b89,44136fa355b3678a1146ad16f7e8649e94fb4fc21fe77e8310c060f61caaff8a,False,results\cache\official_baselines\CEHM\10X_PBMC__pool1__560c5bc01720de8a9d116267d4de19df3c22071e96959f7f5d3ed5cbf24951f6.npz,"{""details"": {""entrypoint"": ""CEHM"", ""input"": ""frozen_base_parts"", ""variant"": ""published""}, ""method"": ""CEHM"", ""schema"": ""psfce-v4-matlab-adapter-v1""}",v1,0.46593303675954106,0.43263707398441564,0.2286123853468842,0.16825645346546275
10X PBMC,1,BKCC_V2,,formal,,RANGE,"{""alpha"": 0.8, ""anchor_offset"": 0, ""fuzzy_threshold"": 0.8, ""kmeans_replicates"": 3, ""lambda"": 0.1}",ok,,4271,8,20,15.990684999997029,matlab,https://github.com/middle258/RANGE.git,85d93c54d72d500034d05b5ef131bd90630a3632,2026-09-14,NOASSERTION,0abccd7b02b28a0a269a080cc1a9b8a7ca43e753b76702d7409a2d78546e2b89,768290a1f1c2f63f8babf657f4e5e2b4da610a7bbda77136d410d91af83ab12a,False,results\cache\official_baselines\RANGE\10X_PBMC__pool1__a4d0aacf9bc30cb20313f114028806195d0cbd80c5a66cba4cd8dd418ae2db29.npz,"{""details"": {""alpha"": 0.8, ""anchor_offset"": 0, ""entrypoint"": ""HFES+solve_RANGE"", ""fuzzy_threshold"": 0.8, ""input"": ""frozen_base_parts"", ""kmeans_replicates"": 3, ""lambda"": 0.1}, ""method"": ""RANGE"", ""schema"": ""psfce-v4-matlab-adapter-v1""}",v1,0.7679700304378366,0.768878710540269,0.7848080038923676,0.6548600744187203
10X PBMC,1,BKCC_V2,,formal,,YACHT,"{""alpha"": 0.99, ""anchor_offset"": 2, ""kmeans_replicates"": 3, ""theta"": 0.4, ""walk_order"": 20}",ok,,4271,8,20,19.95830090000527,matlab,https://github.com/scu-kdde/YACHT.git,44cb0fc35b80ec17befa199879ac947fee15f464,2026-09-14,NOASSERTION,0abccd7b02b28a0a269a080cc1a9b8a7ca43e753b76702d7409a2d78546e2b89,62deb2b66b54ab18491847bd2cca81e375344bea0ab840d0da429a98100a165b,False,results\cache\official_baselines\YACHT\10X_PBMC__pool1__d2ea411b899f510a0ded57583cfa611e1a1a376259ce5e3f53d9710ffd3bf995.npz,"{""details"": {""alpha"": 0.99, ""anchor_offset"": 2, ""compatibility_patch"": ""paper walk order is parameterized; repository helper hard-codes 10"", ""entrypoint"": ""solve_YACHT"", ""input"": ""frozen_base_parts"", ""kmeans_replicates"": 3, ""theta"": 0.4, ""walk_order"": 20}, ""method"": ""YACHT"", ""schema"": ""psfce-v4-matlab-adapter-v1""}",v1,0.695387497073285,0.6473776384441041,0.6455669553976453,0.6155052718237602
10X PBMC,2,BKCC_V2,,formal,,CEHM,{},ok,,4271,8,20,13.083647699997528,matlab,https://github.com/FeijiangLi/Code-k-HyperEdge-Medoids-for-Clustering-Ensemble-AAAI.git,29c22fb18e05eed67728eebcb29cd7e9133723f7,2026-09-14,NOASSERTION,5d285b3cefdc0bea5fb2ae725d2d119738605d1307a9bc40c65019906db34e89,44136fa355b3678a1146ad16f7e8649e94fb4fc21fe77e8310c060f61caaff8a,False,results\cache\official_baselines\CEHM\10X_PBMC__pool2__8e7683fcf52cccb50789d517ba3974e73313eae0c58cf2074d9fbcb4f21f5e23.npz,"{""details"": {""entrypoint"": ""CEHM"", ""input"": ""frozen_base_parts"", ""variant"": ""published""}, ""method"": ""CEHM"", ""schema"": ""psfce-v4-matlab-adapter-v1""}",v1,0.5778506204635917,0.6082734381253934,0.4235522637661038,0.30562296244652376
10X PBMC,2,BKCC_V2,,formal,,RANGE,"{""alpha"": 0.8, ""anchor_offset"": 0, ""fuzzy_threshold"": 0.8, ""kmeans_replicates"": 3, ""lambda"": 0.1}",ok,,4271,8,20,15.727597400007653,matlab,https://github.com/middle258/RANGE.git,85d93c54d72d500034d05b5ef131bd90630a3632,2026-09-14,NOASSERTION,5d285b3cefdc0bea5fb2ae725d2d119738605d1307a9bc40c65019906db34e89,768290a1f1c2f63f8babf657f4e5e2b4da610a7bbda77136d410d91af83ab12a,False,results\cache\official_baselines\RANGE\10X_PBMC__pool2__45097e40e3491c4e7cad4a4e16ced0c0e05fa6d899e5c0ef080114708140d065.npz,"{""details"": {""alpha"": 0.8, ""anchor_offset"": 0, ""entrypoint"": ""HFES+solve_RANGE"", ""fuzzy_threshold"": 0.8, ""input"": ""frozen_base_parts"", ""kmeans_replicates"": 3, ""lambda"": 0.1}, ""method"": ""RANGE"", ""schema"": ""psfce-v4-matlab-adapter-v1""}",v1,0.753687660969328,0.7560565940154352,0.7476903359975295,0.6239494151899998
10X PBMC,2,BKCC_V2,,formal,,YACHT,"{""alpha"": 0.99, ""anchor_offset"": 2, ""kmeans_replicates"": 3, ""theta"": 0.4, ""walk_order"": 20}",ok,,4271,8,20,21.335017100005643,matlab,https://github.com/scu-kdde/YACHT.git,44cb0fc35b80ec17befa199879ac947fee15f464,2026-09-14,NOASSERTION,5d285b3cefdc0bea5fb2ae725d2d119738605d1307a9bc40c65019906db34e89,62deb2b66b54ab18491847bd2cca81e375344bea0ab840d0da429a98100a165b,False,results\cache\official_baselines\YACHT\10X_PBMC__pool2__3d9884fd7de727573128c2c4b9907f90a4bbc5cb00e5ebda7d0848c33e3bd23e.npz,"{""details"": {""alpha"": 0.99, ""anchor_offset"": 2, ""compatibility_patch"": ""paper walk order is parameterized; repository helper hard-codes 10"", ""entrypoint"": ""solve_YACHT"", ""input"": ""frozen_base_parts"", ""kmeans_replicates"": 3, ""theta"": 0.4, ""walk_order"": 20}, ""method"": ""YACHT"", ""schema"": ""psfce-v4-matlab-adapter-v1""}",v1,0.777101381409506,0.7359479384211104,0.7274852431293674,0.683781448870022
10X PBMC,0,BKCC_V2,,formal,,CEHM,{},ok,,4271,8,20,15.559340799998608,matlab,https://github.com/FeijiangLi/Code-k-HyperEdge-Medoids-for-Clustering-Ensemble-AAAI.git,29c22fb18e05eed67728eebcb29cd7e9133723f7,2026-09-14,NOASSERTION,04b86e92dac88ad430df5c378effe9ecaa3e03d0acd536aa97a6ca5d70ad04fd,44136fa355b3678a1146ad16f7e8649e94fb4fc21fe77e8310c060f61caaff8a,False,results\cache\official_baselines\CEHM\10X_PBMC__pool0__6fde1cfad47fea6ab2f6dca0abffcdcf14838ecee95b21aadc58e1421c5e8c26.npz,"{""details"": {""entrypoint"": ""CEHM"", ""input"": ""frozen_base_parts"", ""variant"": ""published""}, ""method"": ""CEHM"", ""schema"": ""psfce-v4-matlab-adapter-v1""}",v1,0.49637087333177243,0.4884270070109849,0.24735230196076957,0.3011325261155465
10X PBMC,0,BKCC_V2,,formal,,RANGE,"{""alpha"": 0.8, ""anchor_offset"": 0, ""fuzzy_threshold"": 0.8, ""kmeans_replicates"": 3, ""lambda"": 0.1}",ok,,4271,8,20,15.163037500009523,matlab,https://github.com/middle258/RANGE.git,85d93c54d72d500034d05b5ef131bd90630a3632,2026-09-14,NOASSERTION,04b86e92dac88ad430df5c378effe9ecaa3e03d0acd536aa97a6ca5d70ad04fd,768290a1f1c2f63f8babf657f4e5e2b4da610a7bbda77136d410d91af83ab12a,False,results\cache\official_baselines\RANGE\10X_PBMC__pool0__75a7cc4a3131b6c61a90f47ab359a293ebe5f61e7244624bcf977610d2c96942.npz,"{""details"": {""alpha"": 0.8, ""anchor_offset"": 0, ""entrypoint"": ""HFES+solve_RANGE"", ""fuzzy_threshold"": 0.8, ""input"": ""frozen_base_parts"", ""kmeans_replicates"": 3, ""lambda"": 0.1}, ""method"": ""RANGE"", ""schema"": ""psfce-v4-matlab-adapter-v1""}",v1,0.8248653711074689,0.79292837783595,0.7994632801262094,0.7624822445267361
10X PBMC,0,BKCC_V2,,formal,,YACHT,"{""alpha"": 0.99, ""anchor_offset"": 2, ""kmeans_replicates"": 3, ""theta"": 0.4, ""walk_order"": 20}",ok,,4271,8,20,21.19072220000089,matlab,https://github.com/scu-kdde/YACHT.git,44cb0fc35b80ec17befa199879ac947fee15f464,2026-09-14,NOASSERTION,04b86e92dac88ad430df5c378effe9ecaa3e03d0acd536aa97a6ca5d70ad04fd,62deb2b66b54ab18491847bd2cca81e375344bea0ab840d0da429a98100a165b,False,results\cache\official_baselines\YACHT\10X_PBMC__pool0__22689b2ef98c33a1b0048fbfa336a3a6f602afe6eb99bc013e93c6dd21eb2672.npz,"{""details"": {""alpha"": 0.99, ""anchor_offset"": 2, ""compatibility_patch"": ""paper walk order is parameterized; repository helper hard-codes 10"", ""entrypoint"": ""solve_YACHT"", ""input"": ""frozen_base_parts"", ""kmeans_replicates"": 3, ""theta"": 0.4, ""walk_order"": 20}, ""method"": ""YACHT"", ""schema"": ""psfce-v4-matlab-adapter-v1""}",v1,0.6363849215640365,0.5985372194036563,0.5847041710694185,0.5204718365553009
11_Tumors,0,NEW10,,formal,,CEHM,{},ok,,174,11,20,11.876426999995601,matlab,https://github.com/FeijiangLi/Code-k-HyperEdge-Medoids-for-Clustering-Ensemble-AAAI.git,29c22fb18e05eed67728eebcb29cd7e9133723f7,2026-09-14,NOASSERTION,0bfc6ef76987abd279c8566686e069cc09393efd8d3253aaabae3c2f73190315,44136fa355b3678a1146ad16f7e8649e94fb4fc21fe77e8310c060f61caaff8a,False,results\cache\official_baselines\CEHM\11_Tumors__pool0__d5e2fd488451644608fc06cd13834e226581fc1a6c26f9521822b88bb61b7cee.npz,"{""details"": {""entrypoint"": ""CEHM"", ""input"": ""frozen_base_parts"", ""variant"": ""published""}, ""method"": ""CEHM"", ""schema"": ""psfce-v4-matlab-adapter-v1""}",v1,0.5517241379310345,0.6059706083902804,0.35229945273537794,0.43467803086588197
11_Tumors,0,NEW10,,formal,,RANGE,"{""alpha"": 0.8, ""anchor_offset"": 0, ""fuzzy_threshold"": 0.8, ""kmeans_replicates"": 3, ""lambda"": 0.1}",ok,,174,11,20,12.715114000005997,matlab,https://github.com/middle258/RANGE.git,85d93c54d72d500034d05b5ef131bd90630a3632,2026-09-14,NOASSERTION,0bfc6ef76987abd279c8566686e069cc09393efd8d3253aaabae3c2f73190315,768290a1f1c2f63f8babf657f4e5e2b4da610a7bbda77136d410d91af83ab12a,False,results\cache\official_baselines\RANGE\11_Tumors__pool0__f424e07e2ca299295f01622cf19989ec1f9a7a8df526397c32062c55310ebeab.npz,"{""details"": {""alpha"": 0.8, ""anchor_offset"": 0, ""entrypoint"": ""HFES+solve_RANGE"", ""fuzzy_threshold"": 0.8, ""input"": ""frozen_base_parts"", ""kmeans_replicates"": 3, ""lambda"": 0.1}, ""method"": ""RANGE"", ""schema"": ""psfce-v4-matlab-adapter-v1""}",v1,0.6494252873563219,0.6441853783664818,0.5056991712279507,0.6092980198243355
11_Tumors,0,NEW10,,formal,,YACHT,"{""alpha"": 0.99, ""anchor_offset"": 2, ""kmeans_replicates"": 3, ""theta"": 0.4, ""walk_order"": 20}",ok,,174,11,20,12.022410300007323,matlab,https://github.com/scu-kdde/YACHT.git,44cb0fc35b80ec17befa199879ac947fee15f464,2026-09-14,NOASSERTION,0bfc6ef76987abd279c8566686e069cc09393efd8d3253aaabae3c2f73190315,62deb2b66b54ab18491847bd2cca81e375344bea0ab840d0da429a98100a165b,False,results\cache\official_baselines\YACHT\11_Tumors__pool0__7ddca2dee07591b9baef9fc38bc6a03074fd42bd3102169599ea555393f418e8.npz,"{""details"": {""alpha"": 0.99, ""anchor_offset"": 2, ""compatibility_patch"": ""paper walk order is parameterized; repository helper hard-codes 10"", ""entrypoint"": ""solve_YACHT"", ""input"": ""frozen_base_parts"", ""kmeans_replicates"": 3, ""theta"": 0.4, ""walk_order"": 20}, ""method"": ""YACHT"", ""schema"": ""psfce-v4-matlab-adapter-v1""}",v1,0.5517241379310345,0.5971170166386562,0.4312590504801647,0.49522737022737023
11_Tumors,1,NEW10,,formal,,CEHM,{},ok,,174,11,20,11.981539300002623,matlab,https://github.com/FeijiangLi/Code-k-HyperEdge-Medoids-for-Clustering-Ensemble-AAAI.git,29c22fb18e05eed67728eebcb29cd7e9133723f7,2026-09-14,NOASSERTION,d0c225c0e1fbd9be43e35734c4a56661fe9b33b3341669056daa522b530619e4,44136fa355b3678a1146ad16f7e8649e94fb4fc21fe77e8310c060f61caaff8a,False,results\cache\official_baselines\CEHM\11_Tumors__pool1__7b80bd2dbb6425caa963719c4239623c4e9100081a9b748d4df6a8c01da5b966.npz,"{""details"": {""entrypoint"": ""CEHM"", ""input"": ""frozen_base_parts"", ""variant"": ""published""}, ""method"": ""CEHM"", ""schema"": ""psfce-v4-matlab-adapter-v1""}",v1,0.4827586206896552,0.5361399596383238,0.3343012856397376,0.3993707973029288
11_Tumors,1,NEW10,,formal,,RANGE,"{""alpha"": 0.8, ""anchor_offset"": 0, ""fuzzy_threshold"": 0.8, ""kmeans_replicates"": 3, ""lambda"": 0.1}",ok,,174,11,20,12.740393499989295,matlab,https://github.com/middle258/RANGE.git,85d93c54d72d500034d05b5ef131bd90630a3632,2026-09-14,NOASSERTION,d0c225c0e1fbd9be43e35734c4a56661fe9b33b3341669056daa522b530619e4,768290a1f1c2f63f8babf657f4e5e2b4da610a7bbda77136d410d91af83ab12a,False,results\cache\official_baselines\RANGE\11_Tumors__pool1__32b3e88d00c74183a8d3c15073bfb43d4490216c1d8adfd7fd3884f25709067e.npz,"{""details"": {""alpha"": 0.8, ""anchor_offset"": 0, ""entrypoint"": ""HFES+solve_RANGE"", ""fuzzy_threshold"": 0.8, ""input"": ""frozen_base_parts"", ""kmeans_replicates"": 3, ""lambda"": 0.1}, ""method"": ""RANGE"", ""schema"": ""psfce-v4-matlab-adapter-v1""}",v1,0.632183908045977,0.6513404942677363,0.5121424091060954,0.5829633972342523
11_Tumors,1,NEW10,,formal,,YACHT,"{""alpha"": 0.99, ""anchor_offset"": 2, ""kmeans_replicates"": 3, ""theta"": 0.4, ""walk_order"": 20}",ok,,174,11,20,11.91881829999329,matlab,https://github.com/scu-kdde/YACHT.git,44cb0fc35b80ec17befa199879ac947fee15f464,2026-09-14,NOASSERTION,d0c225c0e1fbd9be43e35734c4a56661fe9b33b3341669056daa522b530619e4,62deb2b66b54ab18491847bd2cca81e375344bea0ab840d0da429a98100a165b,False,results\cache\official_baselines\YACHT\11_Tumors__pool1__2467b09983206b71fc6541e964b1e7a0c7c1d6e7c8e46602f369fb6a3865bb16.npz,"{""details"": {""alpha"": 0.99, ""anchor_offset"": 2, ""compatibility_patch"": ""paper walk order is parameterized; repository helper hard-codes 10"", ""entrypoint"": ""solve_YACHT"", ""input"": ""frozen_base_parts"", ""kmeans_replicates"": 3, ""theta"": 0.4, ""walk_order"": 20}, ""method"": ""YACHT"", ""schema"": ""psfce-v4-matlab-adapter-v1""}",v1,0.5804597701149425,0.5863279978080297,0.44173273636859206,0.524048486809272
11_Tumors,2,NEW10,,formal,,CEHM,{},ok,,174,11,20,11.780234200006817,matlab,https://github.com/FeijiangLi/Code-k-HyperEdge-Medoids-for-Clustering-Ensemble-AAAI.git,29c22fb18e05eed67728eebcb29cd7e9133723f7,2026-09-14,NOASSERTION,5a81c2a7d1a78b6297a7e4fdb5b9824a501fedff16821594cf7e37b8c44cac14,44136fa355b3678a1146ad16f7e8649e94fb4fc21fe77e8310c060f61caaff8a,False,results\cache\official_baselines\CEHM\11_Tumors__pool2__43eb086bbf42defa9cd1bf54bc432d51fafff32e3bf92f261c1648d75f6c3c9f.npz,"{""details"": {""entrypoint"": ""CEHM"", ""input"": ""frozen_base_parts"", ""variant"": ""published""}, ""method"": ""CEHM"", ""schema"": ""psfce-v4-matlab-adapter-v1""}",v1,0.5057471264367817,0.5592252288962548,0.3591654529032076,0.40687052555826175
11_Tumors,2,NEW10,,formal,,RANGE,"{""alpha"": 0.8, ""anchor_offset"": 0, ""fuzzy_threshold"": 0.8, ""kmeans_replicates"": 3, ""lambda"": 0.1}",ok,,174,11,20,12.525538999994751,matlab,https://github.com/middle258/RANGE.git,85d93c54d72d500034d05b5ef131bd90630a3632,2026-09-14,NOASSERTION,5a81c2a7d1a78b6297a7e4fdb5b9824a501fedff16821594cf7e37b8c44cac14,768290a1f1c2f63f8babf657f4e5e2b4da610a7bbda77136d410d91af83ab12a,False,results\cache\official_baselines\RANGE\11_Tumors__pool2__383dd10fc057d2fccfff9f3c24962d2f202c04fef6d7f7218b1f43f9571a0ab6.npz,"{""details"": {""alpha"": 0.8, ""anchor_offset"": 0, ""entrypoint"": ""HFES+solve_RANGE"", ""fuzzy_threshold"": 0.8, ""input"": ""frozen_base_parts"", ""kmeans_replicates"": 3, ""lambda"": 0.1}, ""method"": ""RANGE"", ""schema"": ""psfce-v4-matlab-adapter-v1""}",v1,0.6091954022988506,0.6369220067707531,0.4898357095006055,0.546858038162386
11_Tumors,2,NEW10,,formal,,YACHT,"{""alpha"": 0.99, ""anchor_offset"": 2, ""kmeans_replicates"": 3, ""theta"": 0.4, ""walk_order"": 20}",ok,,174,11,20,12.177511300003971,matlab,https://github.com/scu-kdde/YACHT.git,44cb0fc35b80ec17befa199879ac947fee15f464,2026-09-14,NOASSERTION,5a81c2a7d1a78b6297a7e4fdb5b9824a501fedff16821594cf7e37b8c44cac14,62deb2b66b54ab18491847bd2cca81e375344bea0ab840d0da429a98100a165b,False,results\cache\official_baselines\YACHT\11_Tumors__pool2__335a6b4defea80b3eee70c3dc173583b29657f73b3e485f588db55878679e224.npz,"{""details"": {""alpha"": 0.99, ""anchor_offset"": 2, ""compatibility_patch"": ""paper walk order is parameterized; repository helper hard-codes 10"", ""entrypoint"": ""solve_YACHT"", ""input"": ""frozen_base_parts"", ""kmeans_replicates"": 3, ""theta"": 0.4, ""walk_order"": 20}, ""method"": ""YACHT"", ""schema"": ""psfce-v4-matlab-adapter-v1""}",v1,0.5114942528735632,0.6011643048040525,0.36327076300104516,0.49651796336913867
3Sources,0,TEXT_MV,,formal,,CEHM,{},ok,,169,6,20,11.817547200000263,matlab,https://github.com/FeijiangLi/Code-k-HyperEdge-Medoids-for-Clustering-Ensemble-AAAI.git,29c22fb18e05eed67728eebcb29cd7e9133723f7,2026-09-14,NOASSERTION,0ba3372c4c7b9193593d87f21d08267cfbbe86b05d82a8ac01334f85ed774da6,44136fa355b3678a1146ad16f7e8649e94fb4fc21fe77e8310c060f61caaff8a,False,results\cache\official_baselines\CEHM\3Sources__pool0__0a4c59c1537b609b73450fa15855a3f546617f20c6f2217bb2f8399d520af24c.npz,"{""details"": {""entrypoint"": ""CEHM"", ""input"": ""frozen_base_parts"", ""variant"": ""published""}, ""method"": ""CEHM"", ""schema"": ""psfce-v4-matlab-adapter-v1""}",v1,0.33136094674556216,0.0,0.0,0.08296296296296296
3Sources,0,TEXT_MV,,formal,,RANGE,"{""alpha"": 0.8, ""anchor_offset"": 0, ""fuzzy_threshold"": 0.8, ""kmeans_replicates"": 3, ""lambda"": 0.1}",ok,,169,6,20,13.803915600001346,matlab,https://github.com/middle258/RANGE.git,85d93c54d72d500034d05b5ef131bd90630a3632,2026-09-14,NOASSERTION,0ba3372c4c7b9193593d87f21d08267cfbbe86b05d82a8ac01334f85ed774da6,768290a1f1c2f63f8babf657f4e5e2b4da610a7bbda77136d410d91af83ab12a,False,results\cache\official_baselines\RANGE\3Sources__pool0__167786816efd50175344f40ec0b2c76dcdd09121bcddd916908b5b98a9d11417.npz,"{""details"": {""alpha"": 0.8, ""anchor_offset"": 0, ""entrypoint"": ""HFES+solve_RANGE"", ""fuzzy_threshold"": 0.8, ""input"": ""frozen_base_parts"", ""kmeans_replicates"": 3, ""lambda"": 0.1}, ""method"": ""RANGE"", ""schema"": ""psfce-v4-matlab-adapter-v1""}",v1,0.31952662721893493,0.121954431659663,0.06831019076593235,0.28989711934156376
3Sources,0,TEXT_MV,,formal,,YACHT,"{""alpha"": 0.99, ""anchor_offset"": 2, ""kmeans_replicates"": 3, ""theta"": 0.4, ""walk_order"": 20}",ok,,169,6,20,13.303302399988752,matlab,https://github.com/scu-kdde/YACHT.git,44cb0fc35b80ec17befa199879ac947fee15f464,2026-09-14,NOASSERTION,0ba3372c4c7b9193593d87f21d08267cfbbe86b05d82a8ac01334f85ed774da6,62deb2b66b54ab18491847bd2cca81e375344bea0ab840d0da429a98100a165b,False,results\cache\official_baselines\YACHT\3Sources__pool0__dccda35194fe04326746ecc6e6d1ae6309f7d61609ee7fc91a5b94869315bdd7.npz,"{""details"": {""alpha"": 0.99, ""anchor_offset"": 2, ""compatibility_patch"": ""paper walk order is parameterized; repository helper hard-codes 10"", ""entrypoint"": ""solve_YACHT"", ""input"": ""frozen_base_parts"", ""kmeans_replicates"": 3, ""theta"": 0.4, ""walk_order"": 20}, ""method"": ""YACHT"", ""schema"": ""psfce-v4-matlab-adapter-v1""}",v1,0.3254437869822485,0.1766379954141058,0.07681447868404805,0.28560424249328253
3Sources,1,TEXT_MV,,formal,,CEHM,{},ok,,169,6,20,11.580923999994411,matlab,https://github.com/FeijiangLi/Code-k-HyperEdge-Medoids-for-Clustering-Ensemble-AAAI.git,29c22fb18e05eed67728eebcb29cd7e9133723f7,2026-09-14,NOASSERTION,f22f57a4755c1f681dd2868b3bf4acb243a533d2fb47175dad715dbc73d0cbbc,44136fa355b3678a1146ad16f7e8649e94fb4fc21fe77e8310c060f61caaff8a,False,results\cache\official_baselines\CEHM\3Sources__pool1__7b1529cc17abad01033640594b6f4a49d5d85b3e737fb5a725af3563f55465a0.npz,"{""details"": {""entrypoint"": ""CEHM"", ""input"": ""frozen_base_parts"", ""variant"": ""published""}, ""method"": ""CEHM"", ""schema"": ""psfce-v4-matlab-adapter-v1""}",v1,0.33136094674556216,0.0,0.0,0.08296296296296296
3Sources,1,TEXT_MV,,formal,,RANGE,"{""alpha"": 0.8, ""anchor_offset"": 0, ""fuzzy_threshold"": 0.8, ""kmeans_replicates"": 3, ""lambda"": 0.1}",ok,,169,6,20,13.884260500009987,matlab,https://github.com/middle258/RANGE.git,85d93c54d72d500034d05b5ef131bd90630a3632,2026-09-14,NOASSERTION,f22f57a4755c1f681dd2868b3bf4acb243a533d2fb47175dad715dbc73d0cbbc,768290a1f1c2f63f8babf657f4e5e2b4da610a7bbda77136d410d91af83ab12a,False,results\cache\official_baselines\RANGE\3Sources__pool1__5f0a0a62ffb5e4c0ec0057b995fd7930f980cf8a1634b1b693b997f64163bf04.npz,"{""details"": {""alpha"": 0.8, ""anchor_offset"": 0, ""entrypoint"": ""HFES+solve_RANGE"", ""fuzzy_threshold"": 0.8, ""input"": ""frozen_base_parts"", ""kmeans_replicates"": 3, ""lambda"": 0.1}, ""method"": ""RANGE"", ""schema"": ""psfce-v4-matlab-adapter-v1""}",v1,0.378698224852071,0.2154886498172489,0.11872720028472733,0.3391550641550642
3Sources,1,TEXT_MV,,formal,,YACHT,"{""alpha"": 0.99, ""anchor_offset"": 2, ""kmeans_replicates"": 3, ""theta"": 0.4, ""walk_order"": 20}",ok,,169,6,20,13.223784799993155,matlab,https://github.com/scu-kdde/YACHT.git,44cb0fc35b80ec17befa199879ac947fee15f464,2026-09-14,NOASSERTION,f22f57a4755c1f681dd2868b3bf4acb243a533d2fb47175dad715dbc73d0cbbc,62deb2b66b54ab18491847bd2cca81e375344bea0ab840d0da429a98100a165b,False,results\cache\official_baselines\YACHT\3Sources__pool1__28cfdc9f978768078a102355cff828303766493d02908d9e7e1ec2558070d456.npz,"{""details"": {""alpha"": 0.99, ""anchor_offset"": 2, ""compatibility_patch"": ""paper walk order is parameterized; repository helper hard-codes 10"", ""entrypoint"": ""solve_YACHT"", ""input"": ""frozen_base_parts"", ""kmeans_replicates"": 3, ""theta"": 0.4, ""walk_order"": 20}, ""method"": ""YACHT"", ""schema"": ""psfce-v4-matlab-adapter-v1""}",v1,0.40828402366863903,0.23396637770017475,0.1615722963576257,0.35953056605230516
3Sources,2,TEXT_MV,,formal,,CEHM,{},ok,,169,6,20,11.731929699992179,matlab,https://github.com/FeijiangLi/Code-k-HyperEdge-Medoids-for-Clustering-Ensemble-AAAI.git,29c22fb18e05eed67728eebcb29cd7e9133723f7,2026-09-14,NOASSERTION,e57270505149c0c0c501dbd8b1183b6123988cea7f183676c06db1dbe33ee4b9,44136fa355b3678a1146ad16f7e8649e94fb4fc21fe77e8310c060f61caaff8a,False,results\cache\official_baselines\CEHM\3Sources__pool2__9ba5b65eb3b1df0442ea48b3d1330bc1b9f7b983043d0d61c9826dd5be6344de.npz,"{""details"": {""entrypoint"": ""CEHM"", ""input"": ""frozen_base_parts"", ""variant"": ""published""}, ""method"": ""CEHM"", ""schema"": ""psfce-v4-matlab-adapter-v1""}",v1,0.33136094674556216,0.0,0.0,0.08296296296296296
3Sources,2,TEXT_MV,,formal,,RANGE,"{""alpha"": 0.8, ""anchor_offset"": 0, ""fuzzy_threshold"": 0.8, ""kmeans_replicates"": 3, ""lambda"": 0.1}",ok,,169,6,20,13.571489800000563,matlab,https://github.com/middle258/RANGE.git,85d93c54d72d500034d05b5ef131bd90630a3632,2026-09-14,NOASSERTION,e57270505149c0c0c501dbd8b1183b6123988cea7f183676c06db1dbe33ee4b9,768290a1f1c2f63f8babf657f4e5e2b4da610a7bbda77136d410d91af83ab12a,False,results\cache\official_baselines\RANGE\3Sources__pool2__6c766c164e9e1dfce35ecd050576e2a448e5f788b68af7a84d0899af887b6da9.npz,"{""details"": {""alpha"": 0.8, ""anchor_offset"": 0, ""entrypoint"": ""HFES+solve_RANGE"", ""fuzzy_threshold"": 0.8, ""input"": ""frozen_base_parts"", ""kmeans_replicates"": 3, ""lambda"": 0.1}, ""method"": ""RANGE"", ""schema"": ""psfce-v4-matlab-adapter-v1""}",v1,0.34911242603550297,0.17331195942361755,0.07417012024718839,0.3111432427221901
3Sources,2,TEXT_MV,,formal,,YACHT,"{""alpha"": 0.99, ""anchor_offset"": 2, ""kmeans_replicates"": 3, ""theta"": 0.4, ""walk_order"": 20}",ok,,169,6,20,13.309188400002313,matlab,https://github.com/scu-kdde/YACHT.git,44cb0fc35b80ec17befa199879ac947fee15f464,2026-09-14,NOASSERTION,e57270505149c0c0c501dbd8b1183b6123988cea7f183676c06db1dbe33ee4b9,62deb2b66b54ab18491847bd2cca81e375344bea0ab840d0da429a98100a165b,False,results\cache\official_baselines\YACHT\3Sources__pool2__e29b0dc36a38e85d821c70cce6fc10372bc3e81153aaf12650d430e88ce706a7.npz,"{""details"": {""alpha"": 0.99, ""anchor_offset"": 2, ""compatibility_patch"": ""paper walk order is parameterized; repository helper hard-codes 10"", ""entrypoint"": ""solve_YACHT"", ""input"": ""frozen_base_parts"", ""kmeans_replicates"": 3, ""theta"": 0.4, ""walk_order"": 20}, ""method"": ""YACHT"", ""schema"": ""psfce-v4-matlab-adapter-v1""}",v1,0.31952662721893493,0.18056345450937877,0.06910613009383232,0.29623446713519
ACM,0,CONTENT_RELATION_8,,formal,,CEHM,{},ok,,3025,3,20,12.89754730000277,matlab,https://github.com/FeijiangLi/Code-k-HyperEdge-Medoids-for-Clustering-Ensemble-AAAI.git,29c22fb18e05eed67728eebcb29cd7e9133723f7,2026-09-14,NOASSERTION,1e00e38f7f05f47b2d51c9772d31fb973882a9547a83d118fa6fa79aa7bf5dc3,44136fa355b3678a1146ad16f7e8649e94fb4fc21fe77e8310c060f61caaff8a,False,results\cache\official_baselines\CEHM\ACM__pool0__93163d70f0622eed0d83923e918dc360b5ef0456044409f33377e056e3adc220.npz,"{""details"": {""entrypoint"": ""CEHM"", ""input"": ""frozen_base_parts"", ""variant"": ""published""}, ""method"": ""CEHM"", ""schema"": ""psfce-v4-matlab-adapter-v1""}",v1,0.6819834710743802,0.4511453180812425,0.4122752687420769,0.6885080049993322
ACM,0,CONTENT_RELATION_8,,formal,,RANGE,"{""alpha"": 0.8, ""anchor_offset"": 0, ""fuzzy_threshold"": 0.8, ""kmeans_replicates"": 3, ""lambda"": 0.1}",ok,,3025,3,20,12.871668699997826,matlab,https://github.com/middle258/RANGE.git,85d93c54d72d500034d05b5ef131bd90630a3632,2026-09-14,NOASSERTION,1e00e38f7f05f47b2d51c9772d31fb973882a9547a83d118fa6fa79aa7bf5dc3,768290a1f1c2f63f8babf657f4e5e2b4da610a7bbda77136d410d91af83ab12a,False,results\cache\official_baselines\RANGE\ACM__pool0__62b1979c0e0d63cfba55784d66ba662c6a523eca4a3a33538c004d887cd91525.npz,"{""details"": {""alpha"": 0.8, ""anchor_offset"": 0, ""entrypoint"": ""HFES+solve_RANGE"", ""fuzzy_threshold"": 0.8, ""input"": ""frozen_base_parts"", ""kmeans_replicates"": 3, ""lambda"": 0.1}, ""method"": ""RANGE"", ""schema"": ""psfce-v4-matlab-adapter-v1""}",v1,0.8052892561983471,0.5084696393174188,0.5345892224103471,0.8014146473611697
ACM,0,CONTENT_RELATION_8,,formal,,YACHT,"{""alpha"": 0.99, ""anchor_offset"": 2, ""kmeans_replicates"": 3, ""theta"": 0.4, ""walk_order"": 20}",ok,,3025,3,20,13.401987599994754,matlab,https://github.com/scu-kdde/YACHT.git,44cb0fc35b80ec17befa199879ac947fee15f464,2026-09-14,NOASSERTION,1e00e38f7f05f47b2d51c9772d31fb973882a9547a83d118fa6fa79aa7bf5dc3,62deb2b66b54ab18491847bd2cca81e375344bea0ab840d0da429a98100a165b,False,results\cache\official_baselines\YACHT\ACM__pool0__e78e209df7f80bb7c2befb792b8f6a58b2ee8eaff2c41a20f350301ad817cb0a.npz,"{""details"": {""alpha"": 0.99, ""anchor_offset"": 2, ""compatibility_patch"": ""paper walk order is parameterized; repository helper hard-codes 10"", ""entrypoint"": ""solve_YACHT"", ""input"": ""frozen_base_parts"", ""kmeans_replicates"": 3, ""theta"": 0.4, ""walk_order"": 20}, ""method"": ""YACHT"", ""schema"": ""psfce-v4-matlab-adapter-v1""}",v1,0.687603305785124,0.45378992416163444,0.41667195007546803,0.6936420832069347
ACM,1,CONTENT_RELATION_8,,formal,,CEHM,{},ok,,3025,3,20,12.932325000001583,matlab,https://github.com/FeijiangLi/Code-k-HyperEdge-Medoids-for-Clustering-Ensemble-AAAI.git,29c22fb18e05eed67728eebcb29cd7e9133723f7,2026-09-14,NOASSERTION,5537c3292c238df345ae38802277345ad40210044bb5dab020423b9107dac6b0,44136fa355b3678a1146ad16f7e8649e94fb4fc21fe77e8310c060f61caaff8a,False,results\cache\official_baselines\CEHM\ACM__pool1__85b33cbe2c9e3c2cba445ca010843ab7df474d79030754856295b506fcd1133a.npz,"{""details"": {""entrypoint"": ""CEHM"", ""input"": ""frozen_base_parts"", ""variant"": ""published""}, ""method"": ""CEHM"", ""schema"": ""psfce-v4-matlab-adapter-v1""}",v1,0.6763636363636364,0.4458974005618147,0.40983860707407604,0.6812447682796705
ACM,1,CONTENT_RELATION_8,,formal,,RANGE,"{""alpha"": 0.8, ""anchor_offset"": 0, ""fuzzy_threshold"": 0.8, ""kmeans_replicates"": 3, ""lambda"": 0.1}",ok,,3025,3,20,12.80708980000054,matlab,https://github.com/middle258/RANGE.git,85d93c54d72d500034d05b5ef131bd90630a3632,2026-09-14,NOASSERTION,5537c3292c238df345ae38802277345ad40210044bb5dab020423b9107dac6b0,768290a1f1c2f63f8babf657f4e5e2b4da610a7bbda77136d410d91af83ab12a,False,results\cache\official_baselines\RANGE\ACM__pool1__036659235f4d6c03c3ec97c26d9027135447e74c56ba313760a9a3a013572b1f.npz,"{""details"": {""alpha"": 0.8, ""anchor_offset"": 0, ""entrypoint"": ""HFES+solve_RANGE"", ""fuzzy_threshold"": 0.8, ""input"": ""frozen_base_parts"", ""kmeans_replicates"": 3, ""lambda"": 0.1}, ""method"": ""RANGE"", ""schema"": ""psfce-v4-matlab-adapter-v1""}",v1,0.8036363636363636,0.5082114434203996,0.5320513588367535,0.8006667449001545
ACM,1,CONTENT_RELATION_8,,formal,,YACHT,"{""alpha"": 0.99, ""anchor_offset"": 2, ""kmeans_replicates"": 3, ""theta"": 0.4, ""walk_order"": 20}",ok,,3025,3,20,13.064925800004858,matlab,https://github.com/scu-kdde/YACHT.git,44cb0fc35b80ec17befa199879ac947fee15f464,2026-09-14,NOASSERTION,5537c3292c238df345ae38802277345ad40210044bb5dab020423b9107dac6b0,62deb2b66b54ab18491847bd2cca81e375344bea0ab840d0da429a98100a165b,False,results\cache\official_baselines\YACHT\ACM__pool1__42fa163a9fbec37f38ce5aa8313bb9b1fc71339736c6ac35836e40f82728f35a.npz,"{""details"": {""alpha"": 0.99, ""anchor_offset"": 2, ""compatibility_patch"": ""paper walk order is parameterized; repository helper hard-codes 10"", ""entrypoint"": ""solve_YACHT"", ""input"": ""frozen_base_parts"", ""kmeans_replicates"": 3, ""theta"": 0.4, ""walk_order"": 20}, ""method"": ""YACHT"", ""schema"": ""psfce-v4-matlab-adapter-v1""}",v1,0.6892561983471074,0.44831036489362297,0.41018052726818843,0.6964426274111379
ACM,2,CONTENT_RELATION_8,,formal,,CEHM,{},ok,,3025,3,20,12.705766999992193,matlab,https://github.com/FeijiangLi/Code-k-HyperEdge-Medoids-for-Clustering-Ensemble-AAAI.git,29c22fb18e05eed67728eebcb29cd7e9133723f7,2026-09-14,NOASSERTION,a3c20758d347ac03fa92348ab56a2790b2dbc6c8b00fef9cc61dd4e7820d63fd,44136fa355b3678a1146ad16f7e8649e94fb4fc21fe77e8310c060f61caaff8a,False,results\cache\official_baselines\CEHM\ACM__pool2__6122ee991c0d27ad79b88d66460a41a261029c1e0072e5c036bac69c140133b5.npz,"{""details"": {""entrypoint"": ""CEHM"", ""input"": ""frozen_base_parts"", ""variant"": ""published""}, ""method"": ""CEHM"", ""schema"": ""psfce-v4-matlab-adapter-v1""}",v1,0.6862809917355371,0.4584142566479405,0.4215767283465156,0.6916148784690277
ACM,2,CONTENT_RELATION_8,,formal,,RANGE,"{""alpha"": 0.8, ""anchor_offset"": 0, ""fuzzy_threshold"": 0.8, ""kmeans_replicates"": 3, ""lambda"": 0.1}",ok,,3025,3,20,13.016212800008361,matlab,https://github.com/middle258/RANGE.git,85d93c54d72d500034d05b5ef131bd90630a3632,2026-09-14,NOASSERTION,a3c20758d347ac03fa92348ab56a2790b2dbc6c8b00fef9cc61dd4e7820d63fd,768290a1f1c2f63f8babf657f4e5e2b4da610a7bbda77136d410d91af83ab12a,False,results\cache\official_baselines\RANGE\ACM__pool2__a6cbf11a794bc053da06d3094c68e1ba4227cf428a50a888f856aec7a43f6ffd.npz,"{""details"": {""alpha"": 0.8, ""anchor_offset"": 0, ""entrypoint"": ""HFES+solve_RANGE"", ""fuzzy_threshold"": 0.8, ""input"": ""frozen_base_parts"", ""kmeans_replicates"": 3, ""lambda"": 0.1}, ""method"": ""RANGE"", ""schema"": ""psfce-v4-matlab-adapter-v1""}",v1,0.7676033057851239,0.4805225813915203,0.4606149064503256,0.7744161699719818
ACM,2,CONTENT_RELATION_8,,formal,,YACHT,"{""alpha"": 0.99, ""anchor_offset"": 2, ""kmeans_replicates"": 3, ""theta"": 0.4, ""walk_order"": 20}",ok,,3025,3,20,13.22723789999145,matlab,https://github.com/scu-kdde/YACHT.git,44cb0fc35b80ec17befa199879ac947fee15f464,2026-09-14,NOASSERTION,a3c20758d347ac03fa92348ab56a2790b2dbc6c8b00fef9cc61dd4e7820d63fd,62deb2b66b54ab18491847bd2cca81e375344bea0ab840d0da429a98100a165b,False,results\cache\official_baselines\YACHT\ACM__pool2__8410bd80e4cd40d546a937c110a15c14ff772853f3009a7e9456542e3ca03506.npz,"{""details"": {""alpha"": 0.99, ""anchor_offset"": 2, ""compatibility_patch"": ""paper walk order is parameterized; repository helper hard-codes 10"", ""entrypoint"": ""solve_YACHT"", ""input"": ""frozen_base_parts"", ""kmeans_replicates"": 3, ""theta"": 0.4, ""walk_order"": 20}, ""method"": ""YACHT"", ""schema"": ""psfce-v4-matlab-adapter-v1""}",v1,0.6869421487603306,0.4592830101569522,0.4224671331030148,0.6922395048100664
ALOI,0,MULTI_RELATION_7,,formal,,CEHM,{},ok,,10800,100,20,84.63939299999038,matlab,https://github.com/FeijiangLi/Code-k-HyperEdge-Medoids-for-Clustering-Ensemble-AAAI.git,29c22fb18e05eed67728eebcb29cd7e9133723f7,2026-09-14,NOASSERTION,0634bb92bad378d6412a5815c8aee0b3ee03a0de99a13c970aea13273410cdd1,44136fa355b3678a1146ad16f7e8649e94fb4fc21fe77e8310c060f61caaff8a,False,results\cache\official_baselines\CEHM\ALOI__pool0__015fef6bf7c9cee799e6d9d53e2062a1dd4a683053d4b87d6b6f056cd3a91258.npz,"{""details"": {""entrypoint"": ""CEHM"", ""input"": ""frozen_base_parts"", ""variant"": ""published""}, ""method"": ""CEHM"", ""schema"": ""psfce-v4-matlab-adapter-v1""}",v1,0.11546296296296296,0.2041674143327761,0.003448953470959787,0.12341549035296527
ALOI,0,MULTI_RELATION_7,,formal,,RANGE,"{""alpha"": 0.8, ""anchor_offset"": 0, ""fuzzy_threshold"": 0.8, ""kmeans_replicates"": 3, ""lambda"": 0.1}",ok,,10800,100,20,118.66024739999557,matlab,https://github.com/middle258/RANGE.git,85d93c54d72d500034d05b5ef131bd90630a3632,2026-09-14,NOASSERTION,0634bb92bad378d6412a5815c8aee0b3ee03a0de99a13c970aea13273410cdd1,768290a1f1c2f63f8babf657f4e5e2b4da610a7bbda77136d410d91af83ab12a,False,results\cache\official_baselines\RANGE\ALOI__pool0__53461697b9b958ee7379855b99a125b5779a3977785f82f283d8242e9f71b838.npz,"{""details"": {""alpha"": 0.8, ""anchor_offset"": 0, ""entrypoint"": ""HFES+solve_RANGE"", ""fuzzy_threshold"": 0.8, ""input"": ""frozen_base_parts"", ""kmeans_replicates"": 3, ""lambda"": 0.1}, ""method"": ""RANGE"", ""schema"": ""psfce-v4-matlab-adapter-v1""}",v1,0.741574074074074,0.8241975551716755,0.6281941761880098,0.7576947661879773
ALOI,0,MULTI_RELATION_7,,formal,,YACHT,"{""alpha"": 0.99, ""anchor_offset"": 2, ""kmeans_replicates"": 3, ""theta"": 0.4, ""walk_order"": 20}",ok,,10800,100,20,67.66524380000192,matlab,https://github.com/scu-kdde/YACHT.git,44cb0fc35b80ec17befa199879ac947fee15f464,2026-09-14,NOASSERTION,0634bb92bad378d6412a5815c8aee0b3ee03a0de99a13c970aea13273410cdd1,62deb2b66b54ab18491847bd2cca81e375344bea0ab840d0da429a98100a165b,False,results\cache\official_baselines\YACHT\ALOI__pool0__83860c7d43a53747dff6cd4b1c094bb5b733d98fd1b215c0827963d9d095152a.npz,"{""details"": {""alpha"": 0.99, ""anchor_offset"": 2, ""compatibility_patch"": ""paper walk order is parameterized; repository helper hard-codes 10"", ""entrypoint"": ""solve_YACHT"", ""input"": ""frozen_base_parts"", ""kmeans_replicates"": 3, ""theta"": 0.4, ""walk_order"": 20}, ""method"": ""YACHT"", ""schema"": ""psfce-v4-matlab-adapter-v1""}",v1,0.7127777777777777,0.8125164616441876,0.5899769801222216,0.7222044996860485
ALOI,2,MULTI_RELATION_7,,formal,,CEHM,{},ok,,10800,100,20,87.94353279999632,matlab,https://github.com/FeijiangLi/Code-k-HyperEdge-Medoids-for-Clustering-Ensemble-AAAI.git,29c22fb18e05eed67728eebcb29cd7e9133723f7,2026-09-14,NOASSERTION,ef097645fbdef11b7950526664a985ecb6d08bc7c0f8e680054c2b33676a7230,44136fa355b3678a1146ad16f7e8649e94fb4fc21fe77e8310c060f61caaff8a,False,results\cache\official_baselines\CEHM\ALOI__pool2__37a677a626e9e9087db7307f16edf832a2de18a3f3ef8ecf9f1faec75d19c379.npz,"{""details"": {""entrypoint"": ""CEHM"", ""input"": ""frozen_base_parts"", ""variant"": ""published""}, ""method"": ""CEHM"", ""schema"": ""psfce-v4-matlab-adapter-v1""}",v1,0.10592592592592592,0.18949524845146734,0.0032586884295410816,0.10988436402398079
ALOI,2,MULTI_RELATION_7,,formal,,RANGE,"{""alpha"": 0.8, ""anchor_offset"": 0, ""fuzzy_threshold"": 0.8, ""kmeans_replicates"": 3, ""lambda"": 0.1}",ok,,10800,100,20,127.7591248999961,matlab,https://github.com/middle258/RANGE.git,85d93c54d72d500034d05b5ef131bd90630a3632,2026-09-14,NOASSERTION,ef097645fbdef11b7950526664a985ecb6d08bc7c0f8e680054c2b33676a7230,768290a1f1c2f63f8babf657f4e5e2b4da610a7bbda77136d410d91af83ab12a,False,results\cache\official_baselines\RANGE\ALOI__pool2__269396baf54d7091b7a38f3ce20bc1a0e5697812b5c27c22e35fcc7368453a73.npz,"{""details"": {""alpha"": 0.8, ""anchor_offset"": 0, ""entrypoint"": ""HFES+solve_RANGE"", ""fuzzy_threshold"": 0.8, ""input"": ""frozen_base_parts"", ""kmeans_replicates"": 3, ""lambda"": 0.1}, ""method"": ""RANGE"", ""schema"": ""psfce-v4-matlab-adapter-v1""}",v1,0.7537037037037037,0.8315829814481445,0.6333411386387319,0.7579800285287724
ALOI,2,MULTI_RELATION_7,,formal,,YACHT,"{""alpha"": 0.99, ""anchor_offset"": 2, ""kmeans_replicates"": 3, ""theta"": 0.4, ""walk_order"": 20}",ok,,10800,100,20,68.21764059999259,matlab,https://github.com/scu-kdde/YACHT.git,44cb0fc35b80ec17befa199879ac947fee15f464,2026-09-14,NOASSERTION,ef097645fbdef11b7950526664a985ecb6d08bc7c0f8e680054c2b33676a7230,62deb2b66b54ab18491847bd2cca81e375344bea0ab840d0da429a98100a165b,False,results\cache\official_baselines\YACHT\ALOI__pool2__62d819e0ea08e86bc3786db344413e475cec4859466a5edbdc160118b1792c23.npz,"{""details"": {""alpha"": 0.99, ""anchor_offset"": 2, ""compatibility_patch"": ""paper walk order is parameterized; repository helper hard-codes 10"", ""entrypoint"": ""solve_YACHT"", ""input"": ""frozen_base_parts"", ""kmeans_replicates"": 3, ""theta"": 0.4, ""walk_order"": 20}, ""method"": ""YACHT"", ""schema"": ""psfce-v4-matlab-adapter-v1""}",v1,0.6943518518518519,0.8102876490431198,0.5920798493060948,0.7057939927893032
ALOI,1,MULTI_RELATION_7,,formal,,CEHM,{},ok,,10800,100,20,92.20036849999451,matlab,https://github.com/FeijiangLi/Code-k-HyperEdge-Medoids-for-Clustering-Ensemble-AAAI.git,29c22fb18e05eed67728eebcb29cd7e9133723f7,2026-09-14,NOASSERTION,17a04dcbe02e8a475761df82f9761bad81dbccaf52063560a1207cbc6c1f7dab,44136fa355b3678a1146ad16f7e8649e94fb4fc21fe77e8310c060f61caaff8a,False,results\cache\official_baselines\CEHM\ALOI__pool1__b36d984700fd65ad4252b9f4438db267ba63fe7120bd00edc6a0be192bcd602a.npz,"{""details"": {""entrypoint"": ""CEHM"", ""input"": ""frozen_base_parts"", ""variant"": ""published""}, ""method"": ""CEHM"", ""schema"": ""psfce-v4-matlab-adapter-v1""}",v1,0.10435185185185185,0.18626983271613126,0.003147400112760476,0.10879855957383064
ALOI,1,MULTI_RELATION_7,,formal,,RANGE,"{""alpha"": 0.8, ""anchor_offset"": 0, ""fuzzy_threshold"": 0.8, ""kmeans_replicates"": 3, ""lambda"": 0.1}",ok,,10800,100,20,126.7255237000063,matlab,https://github.com/middle258/RANGE.git,85d93c54d72d500034d05b5ef131bd90630a3632,2026-09-14,NOASSERTION,17a04dcbe02e8a475761df82f9761bad81dbccaf52063560a1207cbc6c1f7dab,768290a1f1c2f63f8babf657f4e5e2b4da610a7bbda77136d410d91af83ab12a,False,results\cache\official_baselines\RANGE\ALOI__pool1__b327b0e0a6c225367dd6461f1624bfafce7c6acf78c2c675e861dff4ddd40c87.npz,"{""details"": {""alpha"": 0.8, ""anchor_offset"": 0, ""entrypoint"": ""HFES+solve_RANGE"", ""fuzzy_threshold"": 0.8, ""input"": ""frozen_base_parts"", ""kmeans_replicates"": 3, ""lambda"": 0.1}, ""method"": ""RANGE"", ""schema"": ""psfce-v4-matlab-adapter-v1""}",v1,0.747037037037037,0.82905522548107,0.631685134184188,0.7609315829409544
ALOI,1,MULTI_RELATION_7,,formal,,YACHT,"{""alpha"": 0.99, ""anchor_offset"": 2, ""kmeans_replicates"": 3, ""theta"": 0.4, ""walk_order"": 20}",ok,,10800,100,20,67.75397229999362,matlab,https://github.com/scu-kdde/YACHT.git,44cb0fc35b80ec17befa199879ac947fee15f464,2026-09-14,NOASSERTION,17a04dcbe02e8a475761df82f9761bad81dbccaf52063560a1207cbc6c1f7dab,62deb2b66b54ab18491847bd2cca81e375344bea0ab840d0da429a98100a165b,False,results\cache\official_baselines\YACHT\ALOI__pool1__8826c2abff6b69a4dcf38a1894c2ed6a21c1713749355bc654f6ac6fc25a3814.npz,"{""details"": {""alpha"": 0.99, ""anchor_offset"": 2, ""compatibility_patch"": ""paper walk order is parameterized; repository helper hard-codes 10"", ""entrypoint"": ""solve_YACHT"", ""input"": ""frozen_base_parts"", ""kmeans_replicates"": 3, ""theta"": 0.4, ""walk_order"": 20}, ""method"": ""YACHT"", ""schema"": ""psfce-v4-matlab-adapter-v1""}",v1,0.7135185185185186,0.8188682459658038,0.6033518479990404,0.7261863011214773
Actor,0,GRAPH_GEOMETRY_8,,formal,,CEHM,{},ok,,7600,5,20,17.50734559999546,matlab,https://github.com/FeijiangLi/Code-k-HyperEdge-Medoids-for-Clustering-Ensemble-AAAI.git,29c22fb18e05eed67728eebcb29cd7e9133723f7,2026-09-14,NOASSERTION,e1c2794030d4e6bfb32b3cc042fd19142822dfa0d8a55c89412d3d2a7afcd44a,44136fa355b3678a1146ad16f7e8649e94fb4fc21fe77e8310c060f61caaff8a,False,results\cache\official_baselines\CEHM\Actor__pool0__7c700538f15101fa692eec66291155329391e311bcd9be4594f2e27f407ad7a7.npz,"{""details"": {""entrypoint"": ""CEHM"", ""input"": ""frozen_base_parts"", ""variant"": ""published""}, ""method"": ""CEHM"", ""schema"": ""psfce-v4-matlab-adapter-v1""}",v1,0.2590789473684211,0.00031987725538734857,0.00020891815135067022,0.087029317136242
Actor,0,GRAPH_GEOMETRY_8,,formal,,RANGE,"{""alpha"": 0.8, ""anchor_offset"": 0, ""fuzzy_threshold"": 0.8, ""kmeans_replicates"": 3, ""lambda"": 0.1}",ok,,7600,5,20,13.207517500006361,matlab,https://github.com/middle258/RANGE.git,85d93c54d72d500034d05b5ef131bd90630a3632,2026-09-14,NOASSERTION,e1c2794030d4e6bfb32b3cc042fd19142822dfa0d8a55c89412d3d2a7afcd44a,768290a1f1c2f63f8babf657f4e5e2b4da610a7bbda77136d410d91af83ab12a,False,results\cache\official_baselines\RANGE\Actor__pool0__d396d669f63300d00e7b332a75dc2af0b61286aa498032e3c7a811e2e82e0cc1.npz,"{""details"": {""alpha"": 0.8, ""anchor_offset"": 0, ""entrypoint"": ""HFES+solve_RANGE"", ""fuzzy_threshold"": 0.8, ""input"": ""frozen_base_parts"", ""kmeans_replicates"": 3, ""lambda"": 0.1}, ""method"": ""RANGE"", ""schema"": ""psfce-v4-matlab-adapter-v1""}",v1,0.24289473684210527,0.012258039724167554,0.010177832919651587,0.2367552215595518
Actor,0,GRAPH_GEOMETRY_8,,formal,,YACHT,"{""alpha"": 0.99, ""anchor_offset"": 2, ""kmeans_replicates"": 3, ""theta"": 0.4, ""walk_order"": 20}",ok,,7600,5,20,13.672967000005883,matlab,https://github.com/scu-kdde/YACHT.git,44cb0fc35b80ec17befa199879ac947fee15f464,2026-09-14,NOASSERTION,e1c2794030d4e6bfb32b3cc042fd19142822dfa0d8a55c89412d3d2a7afcd44a,62deb2b66b54ab18491847bd2cca81e375344bea0ab840d0da429a98100a165b,False,results\cache\official_baselines\YACHT\Actor__pool0__b3f03b576aa806f2c1c801e626b33f8179ec8d65001c3983bbea0c5f27f5be80.npz,"{""details"": {""alpha"": 0.99, ""anchor_offset"": 2, ""compatibility_patch"": ""paper walk order is parameterized; repository helper hard-codes 10"", ""entrypoint"": ""solve_YACHT"", ""input"": ""frozen_base_parts"", ""kmeans_replicates"": 3, ""theta"": 0.4, ""walk_order"": 20}, ""method"": ""YACHT"", ""schema"": ""psfce-v4-matlab-adapter-v1""}",v1,0.24407894736842106,0.018950486447837176,0.013406701335474138,0.2391835592224521
Actor,1,GRAPH_GEOMETRY_8,,formal,,CEHM,{},ok,,7600,5,20,12.24792609999713,matlab,https://github.com/FeijiangLi/Code-k-HyperEdge-Medoids-for-Clustering-Ensemble-AAAI.git,29c22fb18e05eed67728eebcb29cd7e9133723f7,2026-09-14,NOASSERTION,3f36458d1750a3d9fda6f861c71657197e997638e0eabd57522a27335fb7a91a,44136fa355b3678a1146ad16f7e8649e94fb4fc21fe77e8310c060f61caaff8a,False,results\cache\official_baselines\CEHM\Actor__pool1__4390fbd2ebbbf20675d9a57366f42d14fa8469d7f6256ce1818112743ebef53f.npz,"{""details"": {""entrypoint"": ""CEHM"", ""input"": ""frozen_base_parts"", ""variant"": ""published""}, ""method"": ""CEHM"", ""schema"": ""psfce-v4-matlab-adapter-v1""}",v1,0.2590789473684211,0.00031987725538734857,0.00020891815135067022,0.087029317136242
Actor,1,GRAPH_GEOMETRY_8,,formal,,RANGE,"{""alpha"": 0.8, ""anchor_offset"": 0, ""fuzzy_threshold"": 0.8, ""kmeans_replicates"": 3, ""lambda"": 0.1}",ok,,7600,5,20,12.895798600002308,matlab,https://github.com/middle258/RANGE.git,85d93c54d72d500034d05b5ef131bd90630a3632,2026-09-14,NOASSERTION,3f36458d1750a3d9fda6f861c71657197e997638e0eabd57522a27335fb7a91a,768290a1f1c2f63f8babf657f4e5e2b4da610a7bbda77136d410d91af83ab12a,False,results\cache\official_baselines\RANGE\Actor__pool1__11b1dea87426cfd67dd80f090b6a29bcb9f21b394fc379020860a27f630e1516.npz,"{""details"": {""alpha"": 0.8, ""anchor_offset"": 0, ""entrypoint"": ""HFES+solve_RANGE"", ""fuzzy_threshold"": 0.8, ""input"": ""frozen_base_parts"", ""kmeans_replicates"": 3, ""lambda"": 0.1}, ""method"": ""RANGE"", ""schema"": ""psfce-v4-matlab-adapter-v1""}",v1,0.22828947368421051,0.00350752765750096,0.0028733648754193965,0.2143150293606649
Actor,1,GRAPH_GEOMETRY_8,,formal,,YACHT,"{""alpha"": 0.99, ""anchor_offset"": 2, ""kmeans_replicates"": 3, ""theta"": 0.4, ""walk_order"": 20}",ok,,7600,5,20,14.946217399992747,matlab,https://github.com/scu-kdde/YACHT.git,44cb0fc35b80ec17befa199879ac947fee15f464,2026-09-14,NOASSERTION,3f36458d1750a3d9fda6f861c71657197e997638e0eabd57522a27335fb7a91a,62deb2b66b54ab18491847bd2cca81e375344bea0ab840d0da429a98100a165b,False,results\cache\official_baselines\YACHT\Actor__pool1__10312b86d75c36e472e33dd4dabfdd9d64f61130fd867b0a0eef47905c822dbb.npz,"{""details"": {""alpha"": 0.99, ""anchor_offset"": 2, ""compatibility_patch"": ""paper walk order is parameterized; repository helper hard-codes 10"", ""entrypoint"": ""solve_YACHT"", ""input"": ""frozen_base_parts"", ""kmeans_replicates"": 3, ""theta"": 0.4, ""walk_order"": 20}, ""method"": ""YACHT"", ""schema"": ""psfce-v4-matlab-adapter-v1""}",v1,0.23289473684210527,0.010534068471997669,0.007584661687579284,0.22677034291620765
Actor,2,GRAPH_GEOMETRY_8,,formal,,CEHM,{},ok,,7600,5,20,12.368593799998052,matlab,https://github.com/FeijiangLi/Code-k-HyperEdge-Medoids-for-Clustering-Ensemble-AAAI.git,29c22fb18e05eed67728eebcb29cd7e9133723f7,2026-09-14,NOASSERTION,763db49b232bf7e5f7129ae47a9c2a27ff83250a0e5d7cbeb40c4641920022ac,44136fa355b3678a1146ad16f7e8649e94fb4fc21fe77e8310c060f61caaff8a,False,results\cache\official_baselines\CEHM\Actor__pool2__3574e3af4207d7923ad5ff7b088ea1316846a22e05eea2014fa9c51ba72372c8.npz,"{""details"": {""entrypoint"": ""CEHM"", ""input"": ""frozen_base_parts"", ""variant"": ""published""}, ""method"": ""CEHM"", ""schema"": ""psfce-v4-matlab-adapter-v1""}",v1,0.2590789473684211,0.00031987725538734857,0.00020891815135067022,0.087029317136242
Actor,2,GRAPH_GEOMETRY_8,,formal,,RANGE,"{""alpha"": 0.8, ""anchor_offset"": 0, ""fuzzy_threshold"": 0.8, ""kmeans_replicates"": 3, ""lambda"": 0.1}",ok,,7600,5,20,12.77791599999182,matlab,https://github.com/middle258/RANGE.git,85d93c54d72d500034d05b5ef131bd90630a3632,2026-09-14,NOASSERTION,763db49b232bf7e5f7129ae47a9c2a27ff83250a0e5d7cbeb40c4641920022ac,768290a1f1c2f63f8babf657f4e5e2b4da610a7bbda77136d410d91af83ab12a,False,results\cache\official_baselines\RANGE\Actor__pool2__f8953a035e84732d4c8be7f602cf38c749cf4e92cc28542ebfa9f529e91d8ce5.npz,"{""details"": {""alpha"": 0.8, ""anchor_offset"": 0, ""entrypoint"": ""HFES+solve_RANGE"", ""fuzzy_threshold"": 0.8, ""input"": ""frozen_base_parts"", ""kmeans_replicates"": 3, ""lambda"": 0.1}, ""method"": ""RANGE"", ""schema"": ""psfce-v4-matlab-adapter-v1""}",v1,0.22921052631578948,0.0028609188877800496,0.0026689540794577206,0.2145129416505988
Actor,2,GRAPH_GEOMETRY_8,,formal,,YACHT,"{""alpha"": 0.99, ""anchor_offset"": 2, ""kmeans_replicates"": 3, ""theta"": 0.4, ""walk_order"": 20}",ok,,7600,5,20,14.004526000004262,matlab,https://github.com/scu-kdde/YACHT.git,44cb0fc35b80ec17befa199879ac947fee15f464,2026-09-14,NOASSERTION,763db49b232bf7e5f7129ae47a9c2a27ff83250a0e5d7cbeb40c4641920022ac,62deb2b66b54ab18491847bd2cca81e375344bea0ab840d0da429a98100a165b,False,results\cache\official_baselines\YACHT\Actor__pool2__0c3a8bd9443b093345edd7a226d8f1749984d8db97225515c64273d13dab3c1b.npz,"{""details"": {""alpha"": 0.99, ""anchor_offset"": 2, ""compatibility_patch"": ""paper walk order is parameterized; repository helper hard-codes 10"", ""entrypoint"": ""solve_YACHT"", ""input"": ""frozen_base_parts"", ""kmeans_replicates"": 3, ""theta"": 0.4, ""walk_order"": 20}, ""method"": ""YACHT"", ""schema"": ""psfce-v4-matlab-adapter-v1""}",v1,0.24328947368421053,0.0121955416600121,0.009864543120552065,0.22703503372961698
Amazon Computers,0,MULTI_RELATION_7,,formal,,CEHM,{},ok,,13752,10,20,13.619076399991172,matlab,https://github.com/FeijiangLi/Code-k-HyperEdge-Medoids-for-Clustering-Ensemble-AAAI.git,29c22fb18e05eed67728eebcb29cd7e9133723f7,2026-09-14,NOASSERTION,d00d3148b54931b380f8b2a819ce462f21b98efb085916d0fb8ccfff1c7ada74,44136fa355b3678a1146ad16f7e8649e94fb4fc21fe77e8310c060f61caaff8a,False,results\cache\official_baselines\CEHM\Amazon_Computers__pool0__2573def92e7940deefabef35eb2d08f18989356bc04d0b13f1fd55a09943f8f7.npz,"{""details"": {""entrypoint"": ""CEHM"", ""input"": ""frozen_base_parts"", ""variant"": ""published""}, ""method"": ""CEHM"", ""schema"": ""psfce-v4-matlab-adapter-v1""}",v1,0.37507271669575337,0.0,0.0,0.054553146483342155
Amazon Computers,0,MULTI_RELATION_7,,formal,,RANGE,"{""alpha"": 0.8, ""anchor_offset"": 0, ""fuzzy_threshold"": 0.8, ""kmeans_replicates"": 3, ""lambda"": 0.1}",ok,,13752,10,20,13.81635660000029,matlab,https://github.com/middle258/RANGE.git,85d93c54d72d500034d05b5ef131bd90630a3632,2026-09-14,NOASSERTION,d00d3148b54931b380f8b2a819ce462f21b98efb085916d0fb8ccfff1c7ada74,768290a1f1c2f63f8babf657f4e5e2b4da610a7bbda77136d410d91af83ab12a,False,results\cache\official_baselines\RANGE\Amazon_Computers__pool0__e30db266cc34bd1f9e1df5287f64e59098e03c4925c551314e968c3b3c98b665.npz,"{""details"": {""alpha"": 0.8, ""anchor_offset"": 0, ""entrypoint"": ""HFES+solve_RANGE"", ""fuzzy_threshold"": 0.8, ""input"": ""frozen_base_parts"", ""kmeans_replicates"": 3, ""lambda"": 0.1}, ""method"": ""RANGE"", ""schema"": ""psfce-v4-matlab-adapter-v1""}",v1,0.4028504944735311,0.31910006627365217,0.2658591061176571,0.3084700100316656
Amazon Computers,0,MULTI_RELATION_7,,formal,,YACHT,"{""alpha"": 0.99, ""anchor_offset"": 2, ""kmeans_replicates"": 3, ""theta"": 0.4, ""walk_order"": 20}",ok,,13752,10,20,16.413037699996494,matlab,https://github.com/scu-kdde/YACHT.git,44cb0fc35b80ec17befa199879ac947fee15f464,2026-09-14,NOASSERTION,d00d3148b54931b380f8b2a819ce462f21b98efb085916d0fb8ccfff1c7ada74,62deb2b66b54ab18491847bd2cca81e375344bea0ab840d0da429a98100a165b,False,results\cache\official_baselines\YACHT\Amazon_Computers__pool0__c42d3b70eec23390b6158fbaedf254a9d8da3dcc26fef9fc8bfc4a819d28d9ab.npz,"{""details"": {""alpha"": 0.99, ""anchor_offset"": 2, ""compatibility_patch"": ""paper walk order is parameterized; repository helper hard-codes 10"", ""entrypoint"": ""solve_YACHT"", ""input"": ""frozen_base_parts"", ""kmeans_replicates"": 3, ""theta"": 0.4, ""walk_order"": 20}, ""method"": ""YACHT"", ""schema"": ""psfce-v4-matlab-adapter-v1""}",v1,0.39834205933682376,0.31483273063392747,0.21790989057344626,0.30925850798097815
Amazon Computers,1,MULTI_RELATION_7,,formal,,CEHM,{},ok,,13752,10,20,13.02219740000146,matlab,https://github.com/FeijiangLi/Code-k-HyperEdge-Medoids-for-Clustering-Ensemble-AAAI.git,29c22fb18e05eed67728eebcb29cd7e9133723f7,2026-09-14,NOASSERTION,1da0af8c9eae54f3882d22743371decaaaa2ff447ee064c27f0252207f6a35e3,44136fa355b3678a1146ad16f7e8649e94fb4fc21fe77e8310c060f61caaff8a,False,results\cache\official_baselines\CEHM\Amazon_Computers__pool1__26a51020b4f673d8514133737a3ff3c0c0425a5e3e73d8f799d34e77eadf133a.npz,"{""details"": {""entrypoint"": ""CEHM"", ""input"": ""frozen_base_parts"", ""variant"": ""published""}, ""method"": ""CEHM"", ""schema"": ""psfce-v4-matlab-adapter-v1""}",v1,0.37507271669575337,0.0,0.0,0.054553146483342155
Amazon Computers,1,MULTI_RELATION_7,,formal,,RANGE,"{""alpha"": 0.8, ""anchor_offset"": 0, ""fuzzy_threshold"": 0.8, ""kmeans_replicates"": 3, ""lambda"": 0.1}",ok,,13752,10,20,14.157912099995883,matlab,https://github.com/middle258/RANGE.git,85d93c54d72d500034d05b5ef131bd90630a3632,2026-09-14,NOASSERTION,1da0af8c9eae54f3882d22743371decaaaa2ff447ee064c27f0252207f6a35e3,768290a1f1c2f63f8babf657f4e5e2b4da610a7bbda77136d410d91af83ab12a,False,results\cache\official_baselines\RANGE\Amazon_Computers__pool1__e5455a6039cbd0896fa8448302408c82b4fe257a63a8b1711308630de481ac6e.npz,"{""details"": {""alpha"": 0.8, ""anchor_offset"": 0, ""entrypoint"": ""HFES+solve_RANGE"", ""fuzzy_threshold"": 0.8, ""input"": ""frozen_base_parts"", ""kmeans_replicates"": 3, ""lambda"": 0.1}, ""method"": ""RANGE"", ""schema"": ""psfce-v4-matlab-adapter-v1""}",v1,0.5133071553228621,0.4305386494611217,0.3306377566851,0.42546098146278766
Amazon Computers,1,MULTI_RELATION_7,,formal,,YACHT,"{""alpha"": 0.99, ""anchor_offset"": 2, ""kmeans_replicates"": 3, ""theta"": 0.4, ""walk_order"": 20}",ok,,13752,10,20,17.612525799995637,matlab,https://github.com/scu-kdde/YACHT.git,44cb0fc35b80ec17befa199879ac947fee15f464,2026-09-14,NOASSERTION,1da0af8c9eae54f3882d22743371decaaaa2ff447ee064c27f0252207f6a35e3,62deb2b66b54ab18491847bd2cca81e375344bea0ab840d0da429a98100a165b,False,results\cache\official_baselines\YACHT\Amazon_Computers__pool1__1d46c77c15edb5cd89d1272815100d35698ea7d5d62e6b8096a40b2f4ed6bc01.npz,"{""details"": {""alpha"": 0.99, ""anchor_offset"": 2, ""compatibility_patch"": ""paper walk order is parameterized; repository helper hard-codes 10"", ""entrypoint"": ""solve_YACHT"", ""input"": ""frozen_base_parts"", ""kmeans_replicates"": 3, ""theta"": 0.4, ""walk_order"": 20}, ""method"": ""YACHT"", ""schema"": ""psfce-v4-matlab-adapter-v1""}",v1,0.295956951716114,0.24122110216295387,0.13265016537660618,0.23084669297310004
Amazon Computers,2,MULTI_RELATION_7,,formal,,CEHM,{},ok,,13752,10,20,13.130690199992387,matlab,https://github.com/FeijiangLi/Code-k-HyperEdge-Medoids-for-Clustering-Ensemble-AAAI.git,29c22fb18e05eed67728eebcb29cd7e9133723f7,2026-09-14,NOASSERTION,309a3a538c71cc93884214123debd90f0079040f1c66ea03a6356d25e9b8992e,44136fa355b3678a1146ad16f7e8649e94fb4fc21fe77e8310c060f61caaff8a,False,results\cache\official_baselines\CEHM\Amazon_Computers__pool2__5b8f1f8e2bb561c686989413984cc1e78f61e8b146e190b338131040f61338cb.npz,"{""details"": {""entrypoint"": ""CEHM"", ""input"": ""frozen_base_parts"", ""variant"": ""published""}, ""method"": ""CEHM"", ""schema"": ""psfce-v4-matlab-adapter-v1""}",v1,0.37507271669575337,0.0,0.0,0.054553146483342155
Amazon Computers,2,MULTI_RELATION_7,,formal,,RANGE,"{""alpha"": 0.8, ""anchor_offset"": 0, ""fuzzy_threshold"": 0.8, ""kmeans_replicates"": 3, ""lambda"": 0.1}",ok,,13752,10,20,14.14276119999704,matlab,https://github.com/middle258/RANGE.git,85d93c54d72d500034d05b5ef131bd90630a3632,2026-09-14,NOASSERTION,309a3a538c71cc93884214123debd90f0079040f1c66ea03a6356d25e9b8992e,768290a1f1c2f63f8babf657f4e5e2b4da610a7bbda77136d410d91af83ab12a,False,results\cache\official_baselines\RANGE\Amazon_Computers__pool2__f7b2de68f362225bd6efe62278859eaaf004203e434355a837037b104e29bc99.npz,"{""details"": {""alpha"": 0.8, ""anchor_offset"": 0, ""entrypoint"": ""HFES+solve_RANGE"", ""fuzzy_threshold"": 0.8, ""input"": ""frozen_base_parts"", ""kmeans_replicates"": 3, ""lambda"": 0.1}, ""method"": ""RANGE"", ""schema"": ""psfce-v4-matlab-adapter-v1""}",v1,0.4514979639325189,0.38701494272398856,0.26332297911043856,0.38567280895163003
Amazon Computers,2,MULTI_RELATION_7,,formal,,YACHT,"{""alpha"": 0.99, ""anchor_offset"": 2, ""kmeans_replicates"": 3, ""theta"": 0.4, ""walk_order"": 20}",ok,,13752,10,20,17.65175440000894,matlab,https://github.com/scu-kdde/YACHT.git,44cb0fc35b80ec17befa199879ac947fee15f464,2026-09-14,NOASSERTION,309a3a538c71cc93884214123debd90f0079040f1c66ea03a6356d25e9b8992e,62deb2b66b54ab18491847bd2cca81e375344bea0ab840d0da429a98100a165b,False,results\cache\official_baselines\YACHT\Amazon_Computers__pool2__7c37ca2d6a3153c8590a42a35701004cf62214886c1b27b6d705ba4e21f3743d.npz,"{""details"": {""alpha"": 0.99, ""anchor_offset"": 2, ""compatibility_patch"": ""paper walk order is parameterized; repository helper hard-codes 10"", ""entrypoint"": ""solve_YACHT"", ""input"": ""frozen_base_parts"", ""kmeans_replicates"": 3, ""theta"": 0.4, ""walk_order"": 20}, ""method"": ""YACHT"", ""schema"": ""psfce-v4-matlab-adapter-v1""}",v1,0.2857038976148924,0.2059915512581059,0.13731986705543714,0.21803592020274593
Amazon Photo,0,MULTI_RELATION_7,,formal,,CEHM,{},ok,,7650,8,20,13.733003200002713,matlab,https://github.com/FeijiangLi/Code-k-HyperEdge-Medoids-for-Clustering-Ensemble-AAAI.git,29c22fb18e05eed67728eebcb29cd7e9133723f7,2026-09-14,NOASSERTION,5bbd77ec83138d6bf1ac9ff862431541dd8ae61905d6b42899e85b27dd531bd9,44136fa355b3678a1146ad16f7e8649e94fb4fc21fe77e8310c060f61caaff8a,False,results\cache\official_baselines\CEHM\Amazon_Photo__pool0__8478c6ecbe5c95a40739521ae1386a33209f93b9c39547f0388d9c7e7a0a56c4.npz,"{""details"": {""entrypoint"": ""CEHM"", ""input"": ""frozen_base_parts"", ""variant"": ""published""}, ""method"": ""CEHM"", ""schema"": ""psfce-v4-matlab-adapter-v1""}",v1,0.5890196078431372,0.5538453476009138,0.35658578433581617,0.5231080446270363
Amazon Photo,0,MULTI_RELATION_7,,formal,,RANGE,"{""alpha"": 0.8, ""anchor_offset"": 0, ""fuzzy_threshold"": 0.8, ""kmeans_replicates"": 3, ""lambda"": 0.1}",ok,,7650,8,20,12.68670910000219,matlab,https://github.com/middle258/RANGE.git,85d93c54d72d500034d05b5ef131bd90630a3632,2026-09-14,NOASSERTION,5bbd77ec83138d6bf1ac9ff862431541dd8ae61905d6b42899e85b27dd531bd9,768290a1f1c2f63f8babf657f4e5e2b4da610a7bbda77136d410d91af83ab12a,False,results\cache\official_baselines\RANGE\Amazon_Photo__pool0__fe1c502ff64c716861c6eb0fe93caf41e2b50ae865ebc5b58be703351ab4c49e.npz,"{""details"": {""alpha"": 0.8, ""anchor_offset"": 0, ""entrypoint"": ""HFES+solve_RANGE"", ""fuzzy_threshold"": 0.8, ""input"": ""frozen_base_parts"", ""kmeans_replicates"": 3, ""lambda"": 0.1}, ""method"": ""RANGE"", ""schema"": ""psfce-v4-matlab-adapter-v1""}",v1,0.5537254901960784,0.4573492929933592,0.3441079029305391,0.5652630476596052
Amazon Photo,0,MULTI_RELATION_7,,formal,,YACHT,"{""alpha"": 0.99, ""anchor_offset"": 2, ""kmeans_replicates"": 3, ""theta"": 0.4, ""walk_order"": 20}",ok,,7650,8,20,13.792014200007543,matlab,https://github.com/scu-kdde/YACHT.git,44cb0fc35b80ec17befa199879ac947fee15f464,2026-09-14,NOASSERTION,5bbd77ec83138d6bf1ac9ff862431541dd8ae61905d6b42899e85b27dd531bd9,62deb2b66b54ab18491847bd2cca81e375344bea0ab840d0da429a98100a165b,False,results\cache\official_baselines\YACHT\Amazon_Photo__pool0__28b624cb29b3b54530d45e94d01223a18c453d6d2b857b864f6df5a634f3fabb.npz,"{""details"": {""alpha"": 0.99, ""anchor_offset"": 2, ""compatibility_patch"": ""paper walk order is parameterized; repository helper hard-codes 10"", ""entrypoint"": ""solve_YACHT"", ""input"": ""frozen_base_parts"", ""kmeans_replicates"": 3, ""theta"": 0.4, ""walk_order"": 20}, ""method"": ""YACHT"", ""schema"": ""psfce-v4-matlab-adapter-v1""}",v1,0.4330718954248366,0.3587151334238315,0.2543781807176049,0.39350221818837333
Amazon Photo,1,MULTI_RELATION_7,,formal,,CEHM,{},ok,,7650,8,20,11.944733500000439,matlab,https://github.com/FeijiangLi/Code-k-HyperEdge-Medoids-for-Clustering-Ensemble-AAAI.git,29c22fb18e05eed67728eebcb29cd7e9133723f7,2026-09-14,NOASSERTION,96f90f3c8bdf971c0afcb360540a74f89d3314ee8a6c6a2b3c66359060f11bea,44136fa355b3678a1146ad16f7e8649e94fb4fc21fe77e8310c060f61caaff8a,False,results\cache\official_baselines\CEHM\Amazon_Photo__pool1__1599d5fac86173cd1c62a1147e7f6aaa523df5baa1fbfe700bb495e9f5f181e8.npz,"{""details"": {""entrypoint"": ""CEHM"", ""input"": ""frozen_base_parts"", ""variant"": ""published""}, ""method"": ""CEHM"", ""schema"": ""psfce-v4-matlab-adapter-v1""}",v1,0.5891503267973857,0.5533310221531891,0.3587883816390938,0.5233850623958867
Amazon Photo,1,MULTI_RELATION_7,,formal,,RANGE,"{""alpha"": 0.8, ""anchor_offset"": 0, ""fuzzy_threshold"": 0.8, ""kmeans_replicates"": 3, ""lambda"": 0.1}",ok,,7650,8,20,12.930936000004294,matlab,https://github.com/middle258/RANGE.git,85d93c54d72d500034d05b5ef131bd90630a3632,2026-09-14,NOASSERTION,96f90f3c8bdf971c0afcb360540a74f89d3314ee8a6c6a2b3c66359060f11bea,768290a1f1c2f63f8babf657f4e5e2b4da610a7bbda77136d410d91af83ab12a,False,results\cache\official_baselines\RANGE\Amazon_Photo__pool1__4927a8ddf511aef3c5b6ae774659e42919a3e766621239e2f3e18e07de31e83a.npz,"{""details"": {""alpha"": 0.8, ""anchor_offset"": 0, ""entrypoint"": ""HFES+solve_RANGE"", ""fuzzy_threshold"": 0.8, ""input"": ""frozen_base_parts"", ""kmeans_replicates"": 3, ""lambda"": 0.1}, ""method"": ""RANGE"", ""schema"": ""psfce-v4-matlab-adapter-v1""}",v1,0.46013071895424834,0.3778423332057625,0.2615441522391395,0.4504759853567935
Amazon Photo,1,MULTI_RELATION_7,,formal,,YACHT,"{""alpha"": 0.99, ""anchor_offset"": 2, ""kmeans_replicates"": 3, ""theta"": 0.4, ""walk_order"": 20}",ok,,7650,8,20,14.076315000012983,matlab,https://github.com/scu-kdde/YACHT.git,44cb0fc35b80ec17befa199879ac947fee15f464,2026-09-14,NOASSERTION,96f90f3c8bdf971c0afcb360540a74f89d3314ee8a6c6a2b3c66359060f11bea,62deb2b66b54ab18491847bd2cca81e375344bea0ab840d0da429a98100a165b,False,results\cache\official_baselines\YACHT\Amazon_Photo__pool1__898afb04db5a0a1179a1121035b6419b3de814cef16907b203d35a01e2ab2d84.npz,"{""details"": {""alpha"": 0.99, ""anchor_offset"": 2, ""compatibility_patch"": ""paper walk order is parameterized; repository helper hard-codes 10"", ""entrypoint"": ""solve_YACHT"", ""input"": ""frozen_base_parts"", ""kmeans_replicates"": 3, ""theta"": 0.4, ""walk_order"": 20}, ""method"": ""YACHT"", ""schema"": ""psfce-v4-matlab-adapter-v1""}",v1,0.4788235294117647,0.40148395497206174,0.2656564832067564,0.44910652807868406
Amazon Photo,2,MULTI_RELATION_7,,formal,,CEHM,{},ok,,7650,8,20,11.92059639999934,matlab,https://github.com/FeijiangLi/Code-k-HyperEdge-Medoids-for-Clustering-Ensemble-AAAI.git,29c22fb18e05eed67728eebcb29cd7e9133723f7,2026-09-14,NOASSERTION,c6d3c273af5109c9e8377a63b2898cec022a777f7b6fef6320379d0ef020ec4f,44136fa355b3678a1146ad16f7e8649e94fb4fc21fe77e8310c060f61caaff8a,False,results\cache\official_baselines\CEHM\Amazon_Photo__pool2__caaf025cfeb46416d93b35b4c7b8a697fae97b8b12b765f43ad0eb4b3e5d812e.npz,"{""details"": {""entrypoint"": ""CEHM"", ""input"": ""frozen_base_parts"", ""variant"": ""published""}, ""method"": ""CEHM"", ""schema"": ""psfce-v4-matlab-adapter-v1""}",v1,0.5883660130718954,0.5558820129276228,0.3576932997828681,0.5226239328885742
Amazon Photo,2,MULTI_RELATION_7,,formal,,RANGE,"{""alpha"": 0.8, ""anchor_offset"": 0, ""fuzzy_threshold"": 0.8, ""kmeans_replicates"": 3, ""lambda"": 0.1}",ok,,7650,8,20,13.074089600006118,matlab,https://github.com/middle258/RANGE.git,85d93c54d72d500034d05b5ef131bd90630a3632,2026-09-14,NOASSERTION,c6d3c273af5109c9e8377a63b2898cec022a777f7b6fef6320379d0ef020ec4f,768290a1f1c2f63f8babf657f4e5e2b4da610a7bbda77136d410d91af83ab12a,False,results\cache\official_baselines\RANGE\Amazon_Photo__pool2__7df2558f2c5006dad579a64182c83285aa7618b5fae111106a2cb6e2959223b2.npz,"{""details"": {""alpha"": 0.8, ""anchor_offset"": 0, ""entrypoint"": ""HFES+solve_RANGE"", ""fuzzy_threshold"": 0.8, ""input"": ""frozen_base_parts"", ""kmeans_replicates"": 3, ""lambda"": 0.1}, ""method"": ""RANGE"", ""schema"": ""psfce-v4-matlab-adapter-v1""}",v1,0.49411764705882355,0.392761011931877,0.2822781697867919,0.48219989965702886
Amazon Photo,2,MULTI_RELATION_7,,formal,,YACHT,"{""alpha"": 0.99, ""anchor_offset"": 2, ""kmeans_replicates"": 3, ""theta"": 0.4, ""walk_order"": 20}",ok,,7650,8,20,13.88167770000291,matlab,https://github.com/scu-kdde/YACHT.git,44cb0fc35b80ec17befa199879ac947fee15f464,2026-09-14,NOASSERTION,c6d3c273af5109c9e8377a63b2898cec022a777f7b6fef6320379d0ef020ec4f,62deb2b66b54ab18491847bd2cca81e375344bea0ab840d0da429a98100a165b,False,results\cache\official_baselines\YACHT\Amazon_Photo__pool2__93c9f1cf828096d91eb7930605364c239fa851da64c30b1eea12b7a05631249a.npz,"{""details"": {""alpha"": 0.99, ""anchor_offset"": 2, ""compatibility_patch"": ""paper walk order is parameterized; repository helper hard-codes 10"", ""entrypoint"": ""solve_YACHT"", ""input"": ""frozen_base_parts"", ""kmeans_replicates"": 3, ""theta"": 0.4, ""walk_order"": 20}, ""method"": ""YACHT"", ""schema"": ""psfce-v4-matlab-adapter-v1""}",v1,0.44745098039215686,0.40899924351786865,0.2719169476589766,0.41363075267858296
BBC News Sport,0,BKCC_V2,,formal,,CEHM,{},ok,,737,5,20,12.177096699990216,matlab,https://github.com/FeijiangLi/Code-k-HyperEdge-Medoids-for-Clustering-Ensemble-AAAI.git,29c22fb18e05eed67728eebcb29cd7e9133723f7,2026-09-14,NOASSERTION,1aa98ab12c053d78cfe7003cbb2eba3ee379efd1841b0ccb0738343d0bc54915,44136fa355b3678a1146ad16f7e8649e94fb4fc21fe77e8310c060f61caaff8a,False,results\cache\official_baselines\CEHM\BBC_News_Sport__pool0__dc1b9d91578b802ba032258eb55936801d0c2f9d7359430ad6bae48e14f4d814.npz,"{""details"": {""entrypoint"": ""CEHM"", ""input"": ""frozen_base_parts"", ""variant"": ""published""}, ""method"": ""CEHM"", ""schema"": ""psfce-v4-matlab-adapter-v1""}",v1,0.38670284938941657,0.12601699985153342,0.017434246231957502,0.20610818588779659
BBC News Sport,0,BKCC_V2,,formal,,RANGE,"{""alpha"": 0.8, ""anchor_offset"": 0, ""fuzzy_threshold"": 0.8, ""kmeans_replicates"": 3, ""lambda"": 0.1}",ok,,737,5,20,13.644704299993464,matlab,https://github.com/middle258/RANGE.git,85d93c54d72d500034d05b5ef131bd90630a3632,2026-09-14,NOASSERTION,1aa98ab12c053d78cfe7003cbb2eba3ee379efd1841b0ccb0738343d0bc54915,768290a1f1c2f63f8babf657f4e5e2b4da610a7bbda77136d410d91af83ab12a,False,results\cache\official_baselines\RANGE\BBC_News_Sport__pool0__2ad7e1303bf48e667e3002d9d3e5eed6c23478c5547fde00e45231469b9416dc.npz,"{""details"": {""alpha"": 0.8, ""anchor_offset"": 0, ""entrypoint"": ""HFES+solve_RANGE"", ""fuzzy_threshold"": 0.8, ""input"": ""frozen_base_parts"", ""kmeans_replicates"": 3, ""lambda"": 0.1}, ""method"": ""RANGE"", ""schema"": ""psfce-v4-matlab-adapter-v1""}",v1,0.5318860244233379,0.3588382569223098,0.24389080103723756,0.5649944373754865
BBC News Sport,0,BKCC_V2,,formal,,YACHT,"{""alpha"": 0.99, ""anchor_offset"": 2, ""kmeans_replicates"": 3, ""theta"": 0.4, ""walk_order"": 20}",ok,,737,5,20,12.109005499994964,matlab,https://github.com/scu-kdde/YACHT.git,44cb0fc35b80ec17befa199879ac947fee15f464,2026-09-14,NOASSERTION,1aa98ab12c053d78cfe7003cbb2eba3ee379efd1841b0ccb0738343d0bc54915,62deb2b66b54ab18491847bd2cca81e375344bea0ab840d0da429a98100a165b,False,results\cache\official_baselines\YACHT\BBC_News_Sport__pool0__cf7ad9b5940f683f75bd7169ecf3deace05cfa2dea334c5886903af3ab2d642d.npz,"{""details"": {""alpha"": 0.99, ""anchor_offset"": 2, ""compatibility_patch"": ""paper walk order is parameterized; repository helper hard-codes 10"", ""entrypoint"": ""solve_YACHT"", ""input"": ""frozen_base_parts"", ""kmeans_replicates"": 3, ""theta"": 0.4, ""walk_order"": 20}, ""method"": ""YACHT"", ""schema"": ""psfce-v4-matlab-adapter-v1""}",v1,0.5264586160108549,0.3281237158009385,0.2283127897743436,0.5586996945119511
BBC News Sport,1,BKCC_V2,,formal,,CEHM,{},ok,,737,5,20,12.47144959999423,matlab,https://github.com/FeijiangLi/Code-k-HyperEdge-Medoids-for-Clustering-Ensemble-AAAI.git,29c22fb18e05eed67728eebcb29cd7e9133723f7,2026-09-14,NOASSERTION,f8b9f498387e67883690045f687eb45d9b2cd7c04820d8ed0227154360669370,44136fa355b3678a1146ad16f7e8649e94fb4fc21fe77e8310c060f61caaff8a,False,results\cache\official_baselines\CEHM\BBC_News_Sport__pool1__dfc226571413f0986fa3b66282779ecf3482c68c314a55c98d40f1e45f653e44.npz,"{""details"": {""entrypoint"": ""CEHM"", ""input"": ""frozen_base_parts"", ""variant"": ""published""}, ""method"": ""CEHM"", ""schema"": ""psfce-v4-matlab-adapter-v1""}",v1,0.43826322930800543,0.21660358138341299,0.04603114625400289,0.3144620234136021
BBC News Sport,1,BKCC_V2,,formal,,RANGE,"{""alpha"": 0.8, ""anchor_offset"": 0, ""fuzzy_threshold"": 0.8, ""kmeans_replicates"": 3, ""lambda"": 0.1}",ok,,737,5,20,13.42430620000232,matlab,https://github.com/middle258/RANGE.git,85d93c54d72d500034d05b5ef131bd90630a3632,2026-09-14,NOASSERTION,f8b9f498387e67883690045f687eb45d9b2cd7c04820d8ed0227154360669370,768290a1f1c2f63f8babf657f4e5e2b4da610a7bbda77136d410d91af83ab12a,False,results\cache\official_baselines\RANGE\BBC_News_Sport__pool1__776af8493a7643c24a351d69dbda9e9c57ca4a88fa57ebef86193630b4e5ef63.npz,"{""details"": {""alpha"": 0.8, ""anchor_offset"": 0, ""entrypoint"": ""HFES+solve_RANGE"", ""fuzzy_threshold"": 0.8, ""input"": ""frozen_base_parts"", ""kmeans_replicates"": 3, ""lambda"": 0.1}, ""method"": ""RANGE"", ""schema"": ""psfce-v4-matlab-adapter-v1""}",v1,0.5671641791044776,0.43487973322687995,0.26964746101810455,0.6282690640756141
BBC News Sport,1,BKCC_V2,,formal,,YACHT,"{""alpha"": 0.99, ""anchor_offset"": 2, ""kmeans_replicates"": 3, ""theta"": 0.4, ""walk_order"": 20}",ok,,737,5,20,12.556807899993146,matlab,https://github.com/scu-kdde/YACHT.git,44cb0fc35b80ec17befa199879ac947fee15f464,2026-09-14,NOASSERTION,f8b9f498387e67883690045f687eb45d9b2cd7c04820d8ed0227154360669370,62deb2b66b54ab18491847bd2cca81e375344bea0ab840d0da429a98100a165b,False,results\cache\official_baselines\YACHT\BBC_News_Sport__pool1__63cefb332ec5cdb77e29f0f25da6e40aa3c78d91972c2f1777f75f21760576b2.npz,"{""details"": {""alpha"": 0.99, ""anchor_offset"": 2, ""compatibility_patch"": ""paper walk order is parameterized; repository helper hard-codes 10"", ""entrypoint"": ""solve_YACHT"", ""input"": ""frozen_base_parts"", ""kmeans_replicates"": 3, ""theta"": 0.4, ""walk_order"": 20}, ""method"": ""YACHT"", ""schema"": ""psfce-v4-matlab-adapter-v1""}",v1,0.5156037991858887,0.36435883532262686,0.21216840609826176,0.5568370515396905
BBC News Sport,2,BKCC_V2,,formal,,CEHM,{},ok,,737,5,20,12.65539610000269,matlab,https://github.com/FeijiangLi/Code-k-HyperEdge-Medoids-for-Clustering-Ensemble-AAAI.git,29c22fb18e05eed67728eebcb29cd7e9133723f7,2026-09-14,NOASSERTION,4ca48b8c6140768fae9671c02f7ecad0ecb65f3cad431d58766e55ffacdcd809,44136fa355b3678a1146ad16f7e8649e94fb4fc21fe77e8310c060f61caaff8a,False,results\cache\official_baselines\CEHM\BBC_News_Sport__pool2__803aa131f953b13da993ec6510855cfa51320d04fbbbd4f9fc5f5fc2334a657c.npz,"{""details"": {""entrypoint"": ""CEHM"", ""input"": ""frozen_base_parts"", ""variant"": ""published""}, ""method"": ""CEHM"", ""schema"": ""psfce-v4-matlab-adapter-v1""}",v1,0.42469470827679784,0.17571807420681856,0.03821784858341868,0.2551571436783852
BBC News Sport,2,BKCC_V2,,formal,,RANGE,"{""alpha"": 0.8, ""anchor_offset"": 0, ""fuzzy_threshold"": 0.8, ""kmeans_replicates"": 3, ""lambda"": 0.1}",ok,,737,5,20,12.90336440000101,matlab,https://github.com/middle258/RANGE.git,85d93c54d72d500034d05b5ef131bd90630a3632,2026-09-14,NOASSERTION,4ca48b8c6140768fae9671c02f7ecad0ecb65f3cad431d58766e55ffacdcd809,768290a1f1c2f63f8babf657f4e5e2b4da610a7bbda77136d410d91af83ab12a,False,results\cache\official_baselines\RANGE\BBC_News_Sport__pool2__f02167c7f2751360fc5ad24435aa2b2a7175f711d1d81743465dafdcb2facadb.npz,"{""details"": {""alpha"": 0.8, ""anchor_offset"": 0, ""entrypoint"": ""HFES+solve_RANGE"", ""fuzzy_threshold"": 0.8, ""input"": ""frozen_base_parts"", ""kmeans_replicates"": 3, ""lambda"": 0.1}, ""method"": ""RANGE"", ""schema"": ""psfce-v4-matlab-adapter-v1""}",v1,0.46675712347354137,0.3408503471055089,0.20821735742087857,0.49296279097167944
BBC News Sport,2,BKCC_V2,,formal,,YACHT,"{""alpha"": 0.99, ""anchor_offset"": 2, ""kmeans_replicates"": 3, ""theta"": 0.4, ""walk_order"": 20}",ok,,737,5,20,12.215423000001465,matlab,https://github.com/scu-kdde/YACHT.git,44cb0fc35b80ec17befa199879ac947fee15f464,2026-09-14,NOASSERTION,4ca48b8c6140768fae9671c02f7ecad0ecb65f3cad431d58766e55ffacdcd809,62deb2b66b54ab18491847bd2cca81e375344bea0ab840d0da429a98100a165b,False,results\cache\official_baselines\YACHT\BBC_News_Sport__pool2__1fea6bfaef3d5f8e5e81c04c99a59bcc17e74bcd9610749a204abd20ec7bc26d.npz,"{""details"": {""alpha"": 0.99, ""anchor_offset"": 2, ""compatibility_patch"": ""paper walk order is parameterized; repository helper hard-codes 10"", ""entrypoint"": ""solve_YACHT"", ""input"": ""frozen_base_parts"", ""kmeans_replicates"": 3, ""theta"": 0.4, ""walk_order"": 20}, ""method"": ""YACHT"", ""schema"": ""psfce-v4-matlab-adapter-v1""}",v1,0.45454545454545453,0.3309027520976011,0.20060713258255553,0.4830117530620995
BBC-MV,0,TEXT_MV,,formal,,CEHM,{},ok,,685,5,20,11.42033109998738,matlab,https://github.com/FeijiangLi/Code-k-HyperEdge-Medoids-for-Clustering-Ensemble-AAAI.git,29c22fb18e05eed67728eebcb29cd7e9133723f7,2026-09-14,NOASSERTION,180b10cbea34cb381517ecbf43309e4088b7f045e498fe43aabd39481f3e94cb,44136fa355b3678a1146ad16f7e8649e94fb4fc21fe77e8310c060f61caaff8a,False,results\cache\official_baselines\CEHM\BBC-MV__pool0__6d70bd54fa6b9b7962a8e581691723927ab6b6284afae107c0efe49f13a8bcb1.npz,"{""details"": {""entrypoint"": ""CEHM"", ""input"": ""frozen_base_parts"", ""variant"": ""published""}, ""method"": ""CEHM"", ""schema"": ""psfce-v4-matlab-adapter-v1""}",v1,0.32992700729927005,0.0,0.0,0.09923161361141603
BBC-MV,0,TEXT_MV,,formal,,RANGE,"{""alpha"": 0.8, ""anchor_offset"": 0, ""fuzzy_threshold"": 0.8, ""kmeans_replicates"": 3, ""lambda"": 0.1}",ok,,685,5,20,11.985622799998964,matlab,https://github.com/middle258/RANGE.git,85d93c54d72d500034d05b5ef131bd90630a3632,2026-09-14,NOASSERTION,180b10cbea34cb381517ecbf43309e4088b7f045e498fe43aabd39481f3e94cb,768290a1f1c2f63f8babf657f4e5e2b4da610a7bbda77136d410d91af83ab12a,False,results\cache\official_baselines\RANGE\BBC-MV__pool0__f5d5d31f514cf14cdc0bedbf0119638779b4e15329a2ffcc0824051c7b78ef32.npz,"{""details"": {""alpha"": 0.8, ""anchor_offset"": 0, ""entrypoint"": ""HFES+solve_RANGE"", ""fuzzy_threshold"": 0.8, ""input"": ""frozen_base_parts"", ""kmeans_replicates"": 3, ""lambda"": 0.1}, ""method"": ""RANGE"", ""schema"": ""psfce-v4-matlab-adapter-v1""}",v1,0.25255474452554744,0.020165198019110125,0.013026018105200923,0.24193570612833448
BBC-MV,0,TEXT_MV,,formal,,YACHT,"{""alpha"": 0.99, ""anchor_offset"": 2, ""kmeans_replicates"": 3, ""theta"": 0.4, ""walk_order"": 20}",ok,,685,5,20,12.137380000000121,matlab,https://github.com/scu-kdde/YACHT.git,44cb0fc35b80ec17befa199879ac947fee15f464,2026-09-14,NOASSERTION,180b10cbea34cb381517ecbf43309e4088b7f045e498fe43aabd39481f3e94cb,62deb2b66b54ab18491847bd2cca81e375344bea0ab840d0da429a98100a165b,False,results\cache\official_baselines\YACHT\BBC-MV__pool0__c9844650f5af4a513af776ddfecdd6411a1c3ff6a488aac185b8b854a3e6f13c.npz,"{""details"": {""alpha"": 0.99, ""anchor_offset"": 2, ""compatibility_patch"": ""paper walk order is parameterized; repository helper hard-codes 10"", ""entrypoint"": ""solve_YACHT"", ""input"": ""frozen_base_parts"", ""kmeans_replicates"": 3, ""theta"": 0.4, ""walk_order"": 20}, ""method"": ""YACHT"", ""schema"": ""psfce-v4-matlab-adapter-v1""}",v1,0.26423357664233577,0.031837985253753226,0.009529112946209116,0.23186098439681438
BBC-MV,2,TEXT_MV,,formal,,CEHM,{},ok,,685,5,20,12.026121700007934,matlab,https://github.com/FeijiangLi/Code-k-HyperEdge-Medoids-for-Clustering-Ensemble-AAAI.git,29c22fb18e05eed67728eebcb29cd7e9133723f7,2026-09-14,NOASSERTION,91d30339f35f7898389a8aec2fea225608414f6e8d254eddda24b5d8540d31a0,44136fa355b3678a1146ad16f7e8649e94fb4fc21fe77e8310c060f61caaff8a,False,results\cache\official_baselines\CEHM\BBC-MV__pool2__d4f5a39b2d8d240735b5fd33344939d36d2218ad9427a5f44924db53d73a408e.npz,"{""details"": {""entrypoint"": ""CEHM"", ""input"": ""frozen_base_parts"", ""variant"": ""published""}, ""method"": ""CEHM"", ""schema"": ""psfce-v4-matlab-adapter-v1""}",v1,0.33138686131386863,0.004059059226767745,0.0008877888128004741,0.10415993644909308
BBC-MV,2,TEXT_MV,,formal,,RANGE,"{""alpha"": 0.8, ""anchor_offset"": 0, ""fuzzy_threshold"": 0.8, ""kmeans_replicates"": 3, ""lambda"": 0.1}",ok,,685,5,20,12.877350499999011,matlab,https://github.com/middle258/RANGE.git,85d93c54d72d500034d05b5ef131bd90630a3632,2026-09-14,NOASSERTION,91d30339f35f7898389a8aec2fea225608414f6e8d254eddda24b5d8540d31a0,768290a1f1c2f63f8babf657f4e5e2b4da610a7bbda77136d410d91af83ab12a,False,results\cache\official_baselines\RANGE\BBC-MV__pool2__23ef92747f4f47ab515ee8341fe3edb1764e171c8468105ce5737eb800e7a4f6.npz,"{""details"": {""alpha"": 0.8, ""anchor_offset"": 0, ""entrypoint"": ""HFES+solve_RANGE"", ""fuzzy_threshold"": 0.8, ""input"": ""frozen_base_parts"", ""kmeans_replicates"": 3, ""lambda"": 0.1}, ""method"": ""RANGE"", ""schema"": ""psfce-v4-matlab-adapter-v1""}",v1,0.3897810218978102,0.13023802197123913,0.11400975419398729,0.36325710541543776
BBC-MV,2,TEXT_MV,,formal,,YACHT,"{""alpha"": 0.99, ""anchor_offset"": 2, ""kmeans_replicates"": 3, ""theta"": 0.4, ""walk_order"": 20}",ok,,685,5,20,12.383882699999958,matlab,https://github.com/scu-kdde/YACHT.git,44cb0fc35b80ec17befa199879ac947fee15f464,2026-09-14,NOASSERTION,91d30339f35f7898389a8aec2fea225608414f6e8d254eddda24b5d8540d31a0,62deb2b66b54ab18491847bd2cca81e375344bea0ab840d0da429a98100a165b,False,results\cache\official_baselines\YACHT\BBC-MV__pool2__05b0442d31ba751a2eb8f57d98715a623d966eda0c3750950240f24298aba886.npz,"{""details"": {""alpha"": 0.99, ""anchor_offset"": 2, ""compatibility_patch"": ""paper walk order is parameterized; repository helper hard-codes 10"", ""entrypoint"": ""solve_YACHT"", ""input"": ""frozen_base_parts"", ""kmeans_replicates"": 3, ""theta"": 0.4, ""walk_order"": 20}, ""method"": ""YACHT"", ""schema"": ""psfce-v4-matlab-adapter-v1""}",v1,0.39854014598540144,0.1528891766115685,0.07647183038074645,0.35931848477450334
BBC-MV,1,TEXT_MV,,formal,,CEHM,{},ok,,685,5,20,12.337701299999026,matlab,https://github.com/FeijiangLi/Code-k-HyperEdge-Medoids-for-Clustering-Ensemble-AAAI.git,29c22fb18e05eed67728eebcb29cd7e9133723f7,2026-09-14,NOASSERTION,e90de8b07ff8d83432029d11be688a3988b07dddfe47c81b97ee3d65950e4dad,44136fa355b3678a1146ad16f7e8649e94fb4fc21fe77e8310c060f61caaff8a,False,results\cache\official_baselines\CEHM\BBC-MV__pool1__5e9389e511827ec1101752ba5f8e15dd8f0a06a8b73802717d4af07dd81bd550.npz,"{""details"": {""entrypoint"": ""CEHM"", ""input"": ""frozen_base_parts"", ""variant"": ""published""}, ""method"": ""CEHM"", ""schema"": ""psfce-v4-matlab-adapter-v1""}",v1,0.3284671532846715,0.0021178853253228207,-0.0007215374482422304,0.09890109890109891
BBC-MV,1,TEXT_MV,,formal,,RANGE,"{""alpha"": 0.8, ""anchor_offset"": 0, ""fuzzy_threshold"": 0.8, ""kmeans_replicates"": 3, ""lambda"": 0.1}",ok,,685,5,20,12.781035400010296,matlab,https://github.com/middle258/RANGE.git,85d93c54d72d500034d05b5ef131bd90630a3632,2026-09-14,NOASSERTION,e90de8b07ff8d83432029d11be688a3988b07dddfe47c81b97ee3d65950e4dad,768290a1f1c2f63f8babf657f4e5e2b4da610a7bbda77136d410d91af83ab12a,False,results\cache\official_baselines\RANGE\BBC-MV__pool1__65eeff6526f4bc0ffb36cb085ad9e9d2256ad2860da19eadb8db6319d1990033.npz,"{""details"": {""alpha"": 0.8, ""anchor_offset"": 0, ""entrypoint"": ""HFES+solve_RANGE"", ""fuzzy_threshold"": 0.8, ""input"": ""frozen_base_parts"", ""kmeans_replicates"": 3, ""lambda"": 0.1}, ""method"": ""RANGE"", ""schema"": ""psfce-v4-matlab-adapter-v1""}",v1,0.3795620437956204,0.11097163562461637,0.10492979559157059,0.35071048313785863
BBC-MV,1,TEXT_MV,,formal,,YACHT,"{""alpha"": 0.99, ""anchor_offset"": 2, ""kmeans_replicates"": 3, ""theta"": 0.4, ""walk_order"": 20}",ok,,685,5,20,12.477718599999207,matlab,https://github.com/scu-kdde/YACHT.git,44cb0fc35b80ec17befa199879ac947fee15f464,2026-09-14,NOASSERTION,e90de8b07ff8d83432029d11be688a3988b07dddfe47c81b97ee3d65950e4dad,62deb2b66b54ab18491847bd2cca81e375344bea0ab840d0da429a98100a165b,False,results\cache\official_baselines\YACHT\BBC-MV__pool1__a9b8d9ec4491708e0c820c84e4eb28ac733ace573c56a2fca9d41357a6794cc6.npz,"{""details"": {""alpha"": 0.99, ""anchor_offset"": 2, ""compatibility_patch"": ""paper walk order is parameterized; repository helper hard-codes 10"", ""entrypoint"": ""solve_YACHT"", ""input"": ""frozen_base_parts"", ""kmeans_replicates"": 3, ""theta"": 0.4, ""walk_order"": 20}, ""method"": ""YACHT"", ""schema"": ""psfce-v4-matlab-adapter-v1""}",v1,0.38686131386861317,0.09629950486223664,0.08413976735193938,0.3435567873600892
BBCSport-MV,0,TEXT_MV,,formal,,CEHM,{},ok,,544,5,20,11.89963679999346,matlab,https://github.com/FeijiangLi/Code-k-HyperEdge-Medoids-for-Clustering-Ensemble-AAAI.git,29c22fb18e05eed67728eebcb29cd7e9133723f7,2026-09-14,NOASSERTION,48f4b74d591ddc5523db81a59b79358865cf590979f4a3d4f13a36348339794e,44136fa355b3678a1146ad16f7e8649e94fb4fc21fe77e8310c060f61caaff8a,False,results\cache\official_baselines\CEHM\BBCSport-MV__pool0__90906767619a0245e9dd908bbd38b1fe3d1bb1eebe26c977214d1dab6890429f.npz,"{""details"": {""entrypoint"": ""CEHM"", ""input"": ""frozen_base_parts"", ""variant"": ""published""}, ""method"": ""CEHM"", ""schema"": ""psfce-v4-matlab-adapter-v1""}",v1,0.3547794117647059,0.0,0.0,0.10474898236092264
BBCSport-MV,0,TEXT_MV,,formal,,RANGE,"{""alpha"": 0.8, ""anchor_offset"": 0, ""fuzzy_threshold"": 0.8, ""kmeans_replicates"": 3, ""lambda"": 0.1}",ok,,544,5,20,12.770236099997419,matlab,https://github.com/middle258/RANGE.git,85d93c54d72d500034d05b5ef131bd90630a3632,2026-09-14,NOASSERTION,48f4b74d591ddc5523db81a59b79358865cf590979f4a3d4f13a36348339794e,768290a1f1c2f63f8babf657f4e5e2b4da610a7bbda77136d410d91af83ab12a,False,results\cache\official_baselines\RANGE\BBCSport-MV__pool0__9aff9505f147648e09d2d94c75dab5d3d8189e8bf1c349111475c8d4bde03c29.npz,"{""details"": {""alpha"": 0.8, ""anchor_offset"": 0, ""entrypoint"": ""HFES+solve_RANGE"", ""fuzzy_threshold"": 0.8, ""input"": ""frozen_base_parts"", ""kmeans_replicates"": 3, ""lambda"": 0.1}, ""method"": ""RANGE"", ""schema"": ""psfce-v4-matlab-adapter-v1""}",v1,0.5,0.3147584893920914,0.22934665691066283,0.47179718911256135
BBCSport-MV,0,TEXT_MV,,formal,,YACHT,"{""alpha"": 0.99, ""anchor_offset"": 2, ""kmeans_replicates"": 3, ""theta"": 0.4, ""walk_order"": 20}",ok,,544,5,20,12.095285699993838,matlab,https://github.com/scu-kdde/YACHT.git,44cb0fc35b80ec17befa199879ac947fee15f464,2026-09-14,NOASSERTION,48f4b74d591ddc5523db81a59b79358865cf590979f4a3d4f13a36348339794e,62deb2b66b54ab18491847bd2cca81e375344bea0ab840d0da429a98100a165b,False,results\cache\official_baselines\YACHT\BBCSport-MV__pool0__3906a8ba61ca8bd1a7b557b929155ab2274ecac895576e741c94790b6a09b681.npz,"{""details"": {""alpha"": 0.99, ""anchor_offset"": 2, ""compatibility_patch"": ""paper walk order is parameterized; repository helper hard-codes 10"", ""entrypoint"": ""solve_YACHT"", ""input"": ""frozen_base_parts"", ""kmeans_replicates"": 3, ""theta"": 0.4, ""walk_order"": 20}, ""method"": ""YACHT"", ""schema"": ""psfce-v4-matlab-adapter-v1""}",v1,0.35294117647058826,0.08833119068167891,0.07273553332629297,0.3322129929147245
BBCSport-MV,1,TEXT_MV,,formal,,CEHM,{},ok,,544,5,20,12.016105599992443,matlab,https://github.com/FeijiangLi/Code-k-HyperEdge-Medoids-for-Clustering-Ensemble-AAAI.git,29c22fb18e05eed67728eebcb29cd7e9133723f7,2026-09-14,NOASSERTION,018a4443dbc6aebc4f15dd46f2c0c5c204e38d0abbc92f390d0164a27ae4902d,44136fa355b3678a1146ad16f7e8649e94fb4fc21fe77e8310c060f61caaff8a,False,results\cache\official_baselines\CEHM\BBCSport-MV__pool1__9f39a7d1af643206502c89460a895d91eddc901cb88d1bc9120ff30bf44865d8.npz,"{""details"": {""entrypoint"": ""CEHM"", ""input"": ""frozen_base_parts"", ""variant"": ""published""}, ""method"": ""CEHM"", ""schema"": ""psfce-v4-matlab-adapter-v1""}",v1,0.3547794117647059,0.0,0.0,0.10474898236092264
BBCSport-MV,1,TEXT_MV,,formal,,RANGE,"{""alpha"": 0.8, ""anchor_offset"": 0, ""fuzzy_threshold"": 0.8, ""kmeans_replicates"": 3, ""lambda"": 0.1}",ok,,544,5,20,12.535500600002706,matlab,https://github.com/middle258/RANGE.git,85d93c54d72d500034d05b5ef131bd90630a3632,2026-09-14,NOASSERTION,018a4443dbc6aebc4f15dd46f2c0c5c204e38d0abbc92f390d0164a27ae4902d,768290a1f1c2f63f8babf657f4e5e2b4da610a7bbda77136d410d91af83ab12a,False,results\cache\official_baselines\RANGE\BBCSport-MV__pool1__25132ad065cb175b397ceface5ee5b6087dbc8a96993c245ea2604539917c0b7.npz,"{""details"": {""alpha"": 0.8, ""anchor_offset"": 0, ""entrypoint"": ""HFES+solve_RANGE"", ""fuzzy_threshold"": 0.8, ""input"": ""frozen_base_parts"", ""kmeans_replicates"": 3, ""lambda"": 0.1}, ""method"": ""RANGE"", ""schema"": ""psfce-v4-matlab-adapter-v1""}",v1,0.5238970588235294,0.3207962859489541,0.24904413726287886,0.5073599405259247
BBCSport-MV,1,TEXT_MV,,formal,,YACHT,"{""alpha"": 0.99, ""anchor_offset"": 2, ""kmeans_replicates"": 3, ""theta"": 0.4, ""walk_order"": 20}",ok,,544,5,20,14.579397199995583,matlab,https://github.com/scu-kdde/YACHT.git,44cb0fc35b80ec17befa199879ac947fee15f464,2026-09-14,NOASSERTION,018a4443dbc6aebc4f15dd46f2c0c5c204e38d0abbc92f390d0164a27ae4902d,62deb2b66b54ab18491847bd2cca81e375344bea0ab840d0da429a98100a165b,False,results\cache\official_baselines\YACHT\BBCSport-MV__pool1__61576d44e68b7fcdff9282435183fc7c78cee4513efcb909c214431d1a28981d.npz,"{""details"": {""alpha"": 0.99, ""anchor_offset"": 2, ""compatibility_patch"": ""paper walk order is parameterized; repository helper hard-codes 10"", ""entrypoint"": ""solve_YACHT"", ""input"": ""frozen_base_parts"", ""kmeans_replicates"": 3, ""theta"": 0.4, ""walk_order"": 20}, ""method"": ""YACHT"", ""schema"": ""psfce-v4-matlab-adapter-v1""}",v1,0.36213235294117646,0.12062285658074363,0.08100005266223889,0.3435250896871714
BBCSport-MV,2,TEXT_MV,,formal,,CEHM,{},ok,,544,5,20,11.93273169999884,matlab,https://github.com/FeijiangLi/Code-k-HyperEdge-Medoids-for-Clustering-Ensemble-AAAI.git,29c22fb18e05eed67728eebcb29cd7e9133723f7,2026-09-14,NOASSERTION,4a9630cf5b64b20f4a1810f4615ef537ddb0427977919938d3ce4adf740c4ade,44136fa355b3678a1146ad16f7e8649e94fb4fc21fe77e8310c060f61caaff8a,False,results\cache\official_baselines\CEHM\BBCSport-MV__pool2__f2e9d3c5a53f38b6e6b18a6272def8a2857efe84397a978343f59029685dcfb5.npz,"{""details"": {""entrypoint"": ""CEHM"", ""input"": ""frozen_base_parts"", ""variant"": ""published""}, ""method"": ""CEHM"", ""schema"": ""psfce-v4-matlab-adapter-v1""}",v1,0.3547794117647059,0.0,0.0,0.10474898236092264
BBCSport-MV,2,TEXT_MV,,formal,,RANGE,"{""alpha"": 0.8, ""anchor_offset"": 0, ""fuzzy_threshold"": 0.8, ""kmeans_replicates"": 3, ""lambda"": 0.1}",ok,,544,5,20,12.540441599994665,matlab,https://github.com/middle258/RANGE.git,85d93c54d72d500034d05b5ef131bd90630a3632,2026-09-14,NOASSERTION,4a9630cf5b64b20f4a1810f4615ef537ddb0427977919938d3ce4adf740c4ade,768290a1f1c2f63f8babf657f4e5e2b4da610a7bbda77136d410d91af83ab12a,False,results\cache\official_baselines\RANGE\BBCSport-MV__pool2__2a22af905c64ad41227e29558ef960b44ef05cbde4d91d00fcab81a5a6ecd8f4.npz,"{""details"": {""alpha"": 0.8, ""anchor_offset"": 0, ""entrypoint"": ""HFES+solve_RANGE"", ""fuzzy_threshold"": 0.8, ""input"": ""frozen_base_parts"", ""kmeans_replicates"": 3, ""lambda"": 0.1}, ""method"": ""RANGE"", ""schema"": ""psfce-v4-matlab-adapter-v1""}",v1,0.5386029411764706,0.2969593299444867,0.22277945938912821,0.5324352105854304
BBCSport-MV,2,TEXT_MV,,formal,,YACHT,"{""alpha"": 0.99, ""anchor_offset"": 2, ""kmeans_replicates"": 3, ""theta"": 0.4, ""walk_order"": 20}",ok,,544,5,20,14.54210969999258,matlab,https://github.com/scu-kdde/YACHT.git,44cb0fc35b80ec17befa199879ac947fee15f464,2026-09-14,NOASSERTION,4a9630cf5b64b20f4a1810f4615ef537ddb0427977919938d3ce4adf740c4ade,62deb2b66b54ab18491847bd2cca81e375344bea0ab840d0da429a98100a165b,False,results\cache\official_baselines\YACHT\BBCSport-MV__pool2__6c7ad018bd6399eb7502e5d0637d0b874e1d44496901e7cee21ef16348cf4dff.npz,"{""details"": {""alpha"": 0.99, ""anchor_offset"": 2, ""compatibility_patch"": ""paper walk order is parameterized; repository helper hard-codes 10"", ""entrypoint"": ""solve_YACHT"", ""input"": ""frozen_base_parts"", ""kmeans_replicates"": 3, ""theta"": 0.4, ""walk_order"": 20}, ""method"": ""YACHT"", ""schema"": ""psfce-v4-matlab-adapter-v1""}",v1,0.3161764705882353,0.054349918483774365,0.02860123183780759,0.3065924697651098
COIL100,0,NEW10,,formal,,CEHM,{},ok,,7200,100,20,62.1979527999938,matlab,https://github.com/FeijiangLi/Code-k-HyperEdge-Medoids-for-Clustering-Ensemble-AAAI.git,29c22fb18e05eed67728eebcb29cd7e9133723f7,2026-09-14,NOASSERTION,fe7c1340f70fb16dacb0db58af4097beef52f69f97b3217c96448f9ac1ccef2d,44136fa355b3678a1146ad16f7e8649e94fb4fc21fe77e8310c060f61caaff8a,False,results\cache\official_baselines\CEHM\COIL100__pool0__8986cd06729f6d537280f3bb9fdffa89d7ca98cf3a14b21e226afa703240325d.npz,"{""details"": {""entrypoint"": ""CEHM"", ""input"": ""frozen_base_parts"", ""variant"": ""published""}, ""method"": ""CEHM"", ""schema"": ""psfce-v4-matlab-adapter-v1""}",v1,0.48986111111111114,0.7808939508196128,0.3577397908831566,0.4526505633831705
COIL100,0,NEW10,,formal,,RANGE,"{""alpha"": 0.8, ""anchor_offset"": 0, ""fuzzy_threshold"": 0.8, ""kmeans_replicates"": 3, ""lambda"": 0.1}",ok,,7200,100,20,89.90333679999458,matlab,https://github.com/middle258/RANGE.git,85d93c54d72d500034d05b5ef131bd90630a3632,2026-09-14,NOASSERTION,fe7c1340f70fb16dacb0db58af4097beef52f69f97b3217c96448f9ac1ccef2d,768290a1f1c2f63f8babf657f4e5e2b4da610a7bbda77136d410d91af83ab12a,False,results\cache\official_baselines\RANGE\COIL100__pool0__f3458946db155d9500a34bad2d9b2fa03c239a02cfe6898077964acde46e0440.npz,"{""details"": {""alpha"": 0.8, ""anchor_offset"": 0, ""entrypoint"": ""HFES+solve_RANGE"", ""fuzzy_threshold"": 0.8, ""input"": ""frozen_base_parts"", ""kmeans_replicates"": 3, ""lambda"": 0.1}, ""method"": ""RANGE"", ""schema"": ""psfce-v4-matlab-adapter-v1""}",v1,0.5736111111111111,0.7840560183662313,0.5203865532763551,0.5604314584700447
COIL100,0,NEW10,,formal,,YACHT,"{""alpha"": 0.99, ""anchor_offset"": 2, ""kmeans_replicates"": 3, ""theta"": 0.4, ""walk_order"": 20}",ok,,7200,100,20,52.108041900006356,matlab,https://github.com/scu-kdde/YACHT.git,44cb0fc35b80ec17befa199879ac947fee15f464,2026-09-14,NOASSERTION,fe7c1340f70fb16dacb0db58af4097beef52f69f97b3217c96448f9ac1ccef2d,62deb2b66b54ab18491847bd2cca81e375344bea0ab840d0da429a98100a165b,False,results\cache\official_baselines\YACHT\COIL100__pool0__ffceb14037c0e74ce93914348ae58e6a2e440d6fea6acb31e6c99c2e0a809f7d.npz,"{""details"": {""alpha"": 0.99, ""anchor_offset"": 2, ""compatibility_patch"": ""paper walk order is parameterized; repository helper hard-codes 10"", ""entrypoint"": ""solve_YACHT"", ""input"": ""frozen_base_parts"", ""kmeans_replicates"": 3, ""theta"": 0.4, ""walk_order"": 20}, ""method"": ""YACHT"", ""schema"": ""psfce-v4-matlab-adapter-v1""}",v1,0.5579166666666666,0.7784089845830278,0.5064879950851463,0.5412819641666538
COIL100,2,NEW10,,formal,,CEHM,{},ok,,7200,100,20,56.389269599996624,matlab,https://github.com/FeijiangLi/Code-k-HyperEdge-Medoids-for-Clustering-Ensemble-AAAI.git,29c22fb18e05eed67728eebcb29cd7e9133723f7,2026-09-14,NOASSERTION,84623335c0aeb37ffed38419cddb41419317c79b1de0e2c4b3850aa17550ef84,44136fa355b3678a1146ad16f7e8649e94fb4fc21fe77e8310c060f61caaff8a,False,results\cache\official_baselines\CEHM\COIL100__pool2__ad742395009bee1c93b4dd5cd69a081d34711f8d4211bb261febbbd87d2ae038.npz,"{""details"": {""entrypoint"": ""CEHM"", ""input"": ""frozen_base_parts"", ""variant"": ""published""}, ""method"": ""CEHM"", ""schema"": ""psfce-v4-matlab-adapter-v1""}",v1,0.4976388888888889,0.7810405527666591,0.4049602435497552,0.4507118760577783
COIL100,2,NEW10,,formal,,RANGE,"{""alpha"": 0.8, ""anchor_offset"": 0, ""fuzzy_threshold"": 0.8, ""kmeans_replicates"": 3, ""lambda"": 0.1}",ok,,7200,100,20,96.09116110000468,matlab,https://github.com/middle258/RANGE.git,85d93c54d72d500034d05b5ef131bd90630a3632,2026-09-14,NOASSERTION,84623335c0aeb37ffed38419cddb41419317c79b1de0e2c4b3850aa17550ef84,768290a1f1c2f63f8babf657f4e5e2b4da610a7bbda77136d410d91af83ab12a,False,results\cache\official_baselines\RANGE\COIL100__pool2__9d51515b31609657b8f9c165075b78aff930b084897b805bf1c83746e3fe4ec5.npz,"{""details"": {""alpha"": 0.8, ""anchor_offset"": 0, ""entrypoint"": ""HFES+solve_RANGE"", ""fuzzy_threshold"": 0.8, ""input"": ""frozen_base_parts"", ""kmeans_replicates"": 3, ""lambda"": 0.1}, ""method"": ""RANGE"", ""schema"": ""psfce-v4-matlab-adapter-v1""}",v1,0.5779166666666666,0.7931225263654327,0.5257986286795594,0.5723008007970025
COIL100,2,NEW10,,formal,,YACHT,"{""alpha"": 0.99, ""anchor_offset"": 2, ""kmeans_replicates"": 3, ""theta"": 0.4, ""walk_order"": 20}",ok,,7200,100,20,49.20407910000358,matlab,https://github.com/scu-kdde/YACHT.git,44cb0fc35b80ec17befa199879ac947fee15f464,2026-09-14,NOASSERTION,84623335c0aeb37ffed38419cddb41419317c79b1de0e2c4b3850aa17550ef84,62deb2b66b54ab18491847bd2cca81e375344bea0ab840d0da429a98100a165b,False,results\cache\official_baselines\YACHT\COIL100__pool2__22ff52a06a0896229640a2b0024ac67a99c2abd17e60a159b0ba156f948f6048.npz,"{""details"": {""alpha"": 0.99, ""anchor_offset"": 2, ""compatibility_patch"": ""paper walk order is parameterized; repository helper hard-codes 10"", ""entrypoint"": ""solve_YACHT"", ""input"": ""frozen_base_parts"", ""kmeans_replicates"": 3, ""theta"": 0.4, ""walk_order"": 20}, ""method"": ""YACHT"", ""schema"": ""psfce-v4-matlab-adapter-v1""}",v1,0.57125,0.781143383131858,0.5100086238363266,0.5596879826383564
COIL100,1,NEW10,,formal,,CEHM,{},ok,,7200,100,20,66.54107490000024,matlab,https://github.com/FeijiangLi/Code-k-HyperEdge-Medoids-for-Clustering-Ensemble-AAAI.git,29c22fb18e05eed67728eebcb29cd7e9133723f7,2026-09-14,NOASSERTION,86fb02f84b81129866d112889cdb5ec828442bb8599b9d944a21d1a3e8f71a65,44136fa355b3678a1146ad16f7e8649e94fb4fc21fe77e8310c060f61caaff8a,False,results\cache\official_baselines\CEHM\COIL100__pool1__ac1cce622b853f6f4efb65264d8c1d0fc3b7e61e2028c33ed18bdafa38af6bb7.npz,"{""details"": {""entrypoint"": ""CEHM"", ""input"": ""frozen_base_parts"", ""variant"": ""published""}, ""method"": ""CEHM"", ""schema"": ""psfce-v4-matlab-adapter-v1""}",v1,0.5018055555555555,0.7823818001298719,0.38169866292122406,0.46655506620319653
COIL100,1,NEW10,,formal,,RANGE,"{""alpha"": 0.8, ""anchor_offset"": 0, ""fuzzy_threshold"": 0.8, ""kmeans_replicates"": 3, ""lambda"": 0.1}",ok,,7200,100,20,93.37072340000304,matlab,https://github.com/middle258/RANGE.git,85d93c54d72d500034d05b5ef131bd90630a3632,2026-09-14,NOASSERTION,86fb02f84b81129866d112889cdb5ec828442bb8599b9d944a21d1a3e8f71a65,768290a1f1c2f63f8babf657f4e5e2b4da610a7bbda77136d410d91af83ab12a,False,results\cache\official_baselines\RANGE\COIL100__pool1__f3792aa39cd029180c847191566b6849fbb8a93d32be1ebc440e560f0d63fba3.npz,"{""details"": {""alpha"": 0.8, ""anchor_offset"": 0, ""entrypoint"": ""HFES+solve_RANGE"", ""fuzzy_threshold"": 0.8, ""input"": ""frozen_base_parts"", ""kmeans_replicates"": 3, ""lambda"": 0.1}, ""method"": ""RANGE"", ""schema"": ""psfce-v4-matlab-adapter-v1""}",v1,0.5713888888888888,0.7865367185345299,0.5204995849657053,0.5637364333958026
COIL100,1,NEW10,,formal,,YACHT,"{""alpha"": 0.99, ""anchor_offset"": 2, ""kmeans_replicates"": 3, ""theta"": 0.4, ""walk_order"": 20}",ok,,7200,100,20,50.48483080000733,matlab,https://github.com/scu-kdde/YACHT.git,44cb0fc35b80ec17befa199879ac947fee15f464,2026-09-14,NOASSERTION,86fb02f84b81129866d112889cdb5ec828442bb8599b9d944a21d1a3e8f71a65,62deb2b66b54ab18491847bd2cca81e375344bea0ab840d0da429a98100a165b,False,results\cache\official_baselines\YACHT\COIL100__pool1__4d860f7b26d9150b3b2131ac80aee13ca9ef5a1ba53aa7a8be9c1979f8a1bce4.npz,"{""details"": {""alpha"": 0.99, ""anchor_offset"": 2, ""compatibility_patch"": ""paper walk order is parameterized; repository helper hard-codes 10"", ""entrypoint"": ""solve_YACHT"", ""input"": ""frozen_base_parts"", ""kmeans_replicates"": 3, ""theta"": 0.4, ""walk_order"": 20}, ""method"": ""YACHT"", ""schema"": ""psfce-v4-matlab-adapter-v1""}",v1,0.5566666666666666,0.7813105326443961,0.5010468267697887,0.5393471798175252
COIL20,0,BKCC_V2,,formal,,CEHM,{},ok,,1440,20,20,17.50549680000404,matlab,https://github.com/FeijiangLi/Code-k-HyperEdge-Medoids-for-Clustering-Ensemble-AAAI.git,29c22fb18e05eed67728eebcb29cd7e9133723f7,2026-09-14,NOASSERTION,123ffa6349a13c5b7b24299eccadfac5a367a8a51f7fab1a415e4883059e9323,44136fa355b3678a1146ad16f7e8649e94fb4fc21fe77e8310c060f61caaff8a,False,results\cache\official_baselines\CEHM\COIL20__pool0__fb2eb8888cab39f318745da204735db7819cf99f99dab84e86f2b9a0e0175552.npz,"{""details"": {""entrypoint"": ""CEHM"", ""input"": ""frozen_base_parts"", ""variant"": ""published""}, ""method"": ""CEHM"", ""schema"": ""psfce-v4-matlab-adapter-v1""}",v1,0.6805555555555556,0.8002845140080033,0.6039837819420683,0.6422228993237453
COIL20,0,BKCC_V2,,formal,,RANGE,"{""alpha"": 0.8, ""anchor_offset"": 0, ""fuzzy_threshold"": 0.8, ""kmeans_replicates"": 3, ""lambda"": 0.1}",ok,,1440,20,20,14.913139399999636,matlab,https://github.com/middle258/RANGE.git,85d93c54d72d500034d05b5ef131bd90630a3632,2026-09-14,NOASSERTION,123ffa6349a13c5b7b24299eccadfac5a367a8a51f7fab1a415e4883059e9323,768290a1f1c2f63f8babf657f4e5e2b4da610a7bbda77136d410d91af83ab12a,False,results\cache\official_baselines\RANGE\COIL20__pool0__a083f5e0d8f062ebc1513da0bd2e62dc1bb378d615c575332f28bebdb4a5f659.npz,"{""details"": {""alpha"": 0.8, ""anchor_offset"": 0, ""entrypoint"": ""HFES+solve_RANGE"", ""fuzzy_threshold"": 0.8, ""input"": ""frozen_base_parts"", ""kmeans_replicates"": 3, ""lambda"": 0.1}, ""method"": ""RANGE"", ""schema"": ""psfce-v4-matlab-adapter-v1""}",v1,0.7486111111111111,0.8184315522173978,0.691989697223433,0.7356000274100406
COIL20,0,BKCC_V2,,formal,,YACHT,"{""alpha"": 0.99, ""anchor_offset"": 2, ""kmeans_replicates"": 3, ""theta"": 0.4, ""walk_order"": 20}",ok,,1440,20,20,13.827548600005684,matlab,https://github.com/scu-kdde/YACHT.git,44cb0fc35b80ec17befa199879ac947fee15f464,2026-09-14,NOASSERTION,123ffa6349a13c5b7b24299eccadfac5a367a8a51f7fab1a415e4883059e9323,62deb2b66b54ab18491847bd2cca81e375344bea0ab840d0da429a98100a165b,False,results\cache\official_baselines\YACHT\COIL20__pool0__69f4df13c035c1ff7458d4284efb306c28b86627402c3d4bcd5e9bc58bd2931f.npz,"{""details"": {""alpha"": 0.99, ""anchor_offset"": 2, ""compatibility_patch"": ""paper walk order is parameterized; repository helper hard-codes 10"", ""entrypoint"": ""solve_YACHT"", ""input"": ""frozen_base_parts"", ""kmeans_replicates"": 3, ""theta"": 0.4, ""walk_order"": 20}, ""method"": ""YACHT"", ""schema"": ""psfce-v4-matlab-adapter-v1""}",v1,0.7152777777777778,0.7990667648948413,0.6560630983052903,0.7055700721062133
COIL20,1,BKCC_V2,,formal,,CEHM,{},ok,,1440,20,20,13.92040650000854,matlab,https://github.com/FeijiangLi/Code-k-HyperEdge-Medoids-for-Clustering-Ensemble-AAAI.git,29c22fb18e05eed67728eebcb29cd7e9133723f7,2026-09-14,NOASSERTION,534d965ca580aa4ae63975b179929245508feb1ae61bd403a77de491b259fab0,44136fa355b3678a1146ad16f7e8649e94fb4fc21fe77e8310c060f61caaff8a,False,results\cache\official_baselines\CEHM\COIL20__pool1__2a0c2da0387bae6c20840dd7653034019fac64f6f959dcea2ff5bc55a654ba55.npz,"{""details"": {""entrypoint"": ""CEHM"", ""input"": ""frozen_base_parts"", ""variant"": ""published""}, ""method"": ""CEHM"", ""schema"": ""psfce-v4-matlab-adapter-v1""}",v1,0.7076388888888889,0.7995773220274002,0.6218696744745592,0.6802856909827655
COIL20,1,BKCC_V2,,formal,,RANGE,"{""alpha"": 0.8, ""anchor_offset"": 0, ""fuzzy_threshold"": 0.8, ""kmeans_replicates"": 3, ""lambda"": 0.1}",ok,,1440,20,20,14.424615399999311,matlab,https://github.com/middle258/RANGE.git,85d93c54d72d500034d05b5ef131bd90630a3632,2026-09-14,NOASSERTION,534d965ca580aa4ae63975b179929245508feb1ae61bd403a77de491b259fab0,768290a1f1c2f63f8babf657f4e5e2b4da610a7bbda77136d410d91af83ab12a,False,results\cache\official_baselines\RANGE\COIL20__pool1__94ad55a98f7d0ff1bf9a23a22434008152dae005faef469079bac97a16a8bbdd.npz,"{""details"": {""alpha"": 0.8, ""anchor_offset"": 0, ""entrypoint"": ""HFES+solve_RANGE"", ""fuzzy_threshold"": 0.8, ""input"": ""frozen_base_parts"", ""kmeans_replicates"": 3, ""lambda"": 0.1}, ""method"": ""RANGE"", ""schema"": ""psfce-v4-matlab-adapter-v1""}",v1,0.7104166666666667,0.8066218093828635,0.6516176047153018,0.7132304725556647
COIL20,1,BKCC_V2,,formal,,YACHT,"{""alpha"": 0.99, ""anchor_offset"": 2, ""kmeans_replicates"": 3, ""theta"": 0.4, ""walk_order"": 20}",ok,,1440,20,20,13.580232899999828,matlab,https://github.com/scu-kdde/YACHT.git,44cb0fc35b80ec17befa199879ac947fee15f464,2026-09-14,NOASSERTION,534d965ca580aa4ae63975b179929245508feb1ae61bd403a77de491b259fab0,62deb2b66b54ab18491847bd2cca81e375344bea0ab840d0da429a98100a165b,False,results\cache\official_baselines\YACHT\COIL20__pool1__b14a213ad90073f47759794f748798cf383764cec476e57ee402cef9606b25a1.npz,"{""details"": {""alpha"": 0.99, ""anchor_offset"": 2, ""compatibility_patch"": ""paper walk order is parameterized; repository helper hard-codes 10"", ""entrypoint"": ""solve_YACHT"", ""input"": ""frozen_base_parts"", ""kmeans_replicates"": 3, ""theta"": 0.4, ""walk_order"": 20}, ""method"": ""YACHT"", ""schema"": ""psfce-v4-matlab-adapter-v1""}",v1,0.69375,0.8142072283334081,0.632165964356198,0.6902908074377097
COIL20,2,BKCC_V2,,formal,,CEHM,{},ok,,1440,20,20,13.68170870000904,matlab,https://github.com/FeijiangLi/Code-k-HyperEdge-Medoids-for-Clustering-Ensemble-AAAI.git,29c22fb18e05eed67728eebcb29cd7e9133723f7,2026-09-14,NOASSERTION,7dfcbb2092e1618f7f3a0261363cb6bd1d35e7971bd833b2c06c0b4220f2fa9e,44136fa355b3678a1146ad16f7e8649e94fb4fc21fe77e8310c060f61caaff8a,False,results\cache\official_baselines\CEHM\COIL20__pool2__e5979b8f165e0c306e422fd5d5842c3a682a5e3c1b9f41fb3500c4360fd2da7a.npz,"{""details"": {""entrypoint"": ""CEHM"", ""input"": ""frozen_base_parts"", ""variant"": ""published""}, ""method"": ""CEHM"", ""schema"": ""psfce-v4-matlab-adapter-v1""}",v1,0.6944444444444444,0.7999317676761883,0.6332424324432391,0.679635262602733
COIL20,2,BKCC_V2,,formal,,RANGE,"{""alpha"": 0.8, ""anchor_offset"": 0, ""fuzzy_threshold"": 0.8, ""kmeans_replicates"": 3, ""lambda"": 0.1}",ok,,1440,20,20,14.425829999992857,matlab,https://github.com/middle258/RANGE.git,85d93c54d72d500034d05b5ef131bd90630a3632,2026-09-14,NOASSERTION,7dfcbb2092e1618f7f3a0261363cb6bd1d35e7971bd833b2c06c0b4220f2fa9e,768290a1f1c2f63f8babf657f4e5e2b4da610a7bbda77136d410d91af83ab12a,False,results\cache\official_baselines\RANGE\COIL20__pool2__350ba310ebf087cbbdd4bf7e2f1f955579b42e256ef6de7d4d307b547a79e556.npz,"{""details"": {""alpha"": 0.8, ""anchor_offset"": 0, ""entrypoint"": ""HFES+solve_RANGE"", ""fuzzy_threshold"": 0.8, ""input"": ""frozen_base_parts"", ""kmeans_replicates"": 3, ""lambda"": 0.1}, ""method"": ""RANGE"", ""schema"": ""psfce-v4-matlab-adapter-v1""}",v1,0.7111111111111111,0.7991683995335969,0.6489443789597502,0.6943066862828441
COIL20,2,BKCC_V2,,formal,,YACHT,"{""alpha"": 0.99, ""anchor_offset"": 2, ""kmeans_replicates"": 3, ""theta"": 0.4, ""walk_order"": 20}",ok,,1440,20,20,14.038176500005648,matlab,https://github.com/scu-kdde/YACHT.git,44cb0fc35b80ec17befa199879ac947fee15f464,2026-09-14,NOASSERTION,7dfcbb2092e1618f7f3a0261363cb6bd1d35e7971bd833b2c06c0b4220f2fa9e,62deb2b66b54ab18491847bd2cca81e375344bea0ab840d0da429a98100a165b,False,results\cache\official_baselines\YACHT\COIL20__pool2__9799079327b18956758a85fb5ce5838585d8ae36432e94cf412860364efadaa6.npz,"{""details"": {""alpha"": 0.99, ""anchor_offset"": 2, ""compatibility_patch"": ""paper walk order is parameterized; repository helper hard-codes 10"", ""entrypoint"": ""solve_YACHT"", ""input"": ""frozen_base_parts"", ""kmeans_replicates"": 3, ""theta"": 0.4, ""walk_order"": 20}, ""method"": ""YACHT"", ""schema"": ""psfce-v4-matlab-adapter-v1""}",v1,0.69375,0.8044947068789405,0.6364989814345487,0.6813317798121787
Caltech101-20,0,NEW10,,formal,,CEHM,{},ok,,2386,20,20,13.79485669999849,matlab,https://github.com/FeijiangLi/Code-k-HyperEdge-Medoids-for-Clustering-Ensemble-AAAI.git,29c22fb18e05eed67728eebcb29cd7e9133723f7,2026-09-14,NOASSERTION,a5cb76e206e7fc72f7092475d0b1189b34693bc62b05a4c0543a9000ae9d0f0f,44136fa355b3678a1146ad16f7e8649e94fb4fc21fe77e8310c060f61caaff8a,False,results\cache\official_baselines\CEHM\Caltech101-20__pool0__a13ef05dc2b603a676d24a21602654c2471e0287c80ba41f95332d5bb1aa8efe.npz,"{""details"": {""entrypoint"": ""CEHM"", ""input"": ""frozen_base_parts"", ""variant"": ""published""}, ""method"": ""CEHM"", ""schema"": ""psfce-v4-matlab-adapter-v1""}",v1,0.26823134953897737,0.40004971720004895,0.16156607353072955,0.20714857569639653
Caltech101-20,0,NEW10,,formal,,RANGE,"{""alpha"": 0.8, ""anchor_offset"": 0, ""fuzzy_threshold"": 0.8, ""kmeans_replicates"": 3, ""lambda"": 0.1}",ok,,2386,20,20,15.164201099993079,matlab,https://github.com/middle258/RANGE.git,85d93c54d72d500034d05b5ef131bd90630a3632,2026-09-14,NOASSERTION,a5cb76e206e7fc72f7092475d0b1189b34693bc62b05a4c0543a9000ae9d0f0f,768290a1f1c2f63f8babf657f4e5e2b4da610a7bbda77136d410d91af83ab12a,False,results\cache\official_baselines\RANGE\Caltech101-20__pool0__24ab6aea783d6f9860347d2fac6d858f5eef5713f2399f249fa64cf4e7031f87.npz,"{""details"": {""alpha"": 0.8, ""anchor_offset"": 0, ""entrypoint"": ""HFES+solve_RANGE"", ""fuzzy_threshold"": 0.8, ""input"": ""frozen_base_parts"", ""kmeans_replicates"": 3, ""lambda"": 0.1}, ""method"": ""RANGE"", ""schema"": ""psfce-v4-matlab-adapter-v1""}",v1,0.26320201173512153,0.38387477505956635,0.1630360830518423,0.21772594094092956
Caltech101-20,0,NEW10,,formal,,YACHT,"{""alpha"": 0.99, ""anchor_offset"": 2, ""kmeans_replicates"": 3, ""theta"": 0.4, ""walk_order"": 20}",ok,,2386,20,20,15.23058139999921,matlab,https://github.com/scu-kdde/YACHT.git,44cb0fc35b80ec17befa199879ac947fee15f464,2026-09-14,NOASSERTION,a5cb76e206e7fc72f7092475d0b1189b34693bc62b05a4c0543a9000ae9d0f0f,62deb2b66b54ab18491847bd2cca81e375344bea0ab840d0da429a98100a165b,False,results\cache\official_baselines\YACHT\Caltech101-20__pool0__356abc7255f542de4da31e7c018dd8bad0fa1c611102c5dc714c1e85d485cf38.npz,"{""details"": {""alpha"": 0.99, ""anchor_offset"": 2, ""compatibility_patch"": ""paper walk order is parameterized; repository helper hard-codes 10"", ""entrypoint"": ""solve_YACHT"", ""input"": ""frozen_base_parts"", ""kmeans_replicates"": 3, ""theta"": 0.4, ""walk_order"": 20}, ""method"": ""YACHT"", ""schema"": ""psfce-v4-matlab-adapter-v1""}",v1,0.2585917854149204,0.387105539038533,0.16974258052172972,0.2065752977390917
Caltech101-20,1,NEW10,,formal,,CEHM,{},ok,,2386,20,20,13.121879799989983,matlab,https://github.com/FeijiangLi/Code-k-HyperEdge-Medoids-for-Clustering-Ensemble-AAAI.git,29c22fb18e05eed67728eebcb29cd7e9133723f7,2026-09-14,NOASSERTION,bb1e6758f34293ddaa2f0d7c41703fff8e6c6b7fd46f536d3d13969c0f3db479,44136fa355b3678a1146ad16f7e8649e94fb4fc21fe77e8310c060f61caaff8a,False,results\cache\official_baselines\CEHM\Caltech101-20__pool1__ccb9499ada31e531875b1245f865bc6fe49c667cbf69b466bd236193879e87cb.npz,"{""details"": {""entrypoint"": ""CEHM"", ""input"": ""frozen_base_parts"", ""variant"": ""published""}, ""method"": ""CEHM"", ""schema"": ""psfce-v4-matlab-adapter-v1""}",v1,0.268650461022632,0.39316371116999616,0.1487592298014008,0.21074736871652044
Caltech101-20,1,NEW10,,formal,,RANGE,"{""alpha"": 0.8, ""anchor_offset"": 0, ""fuzzy_threshold"": 0.8, ""kmeans_replicates"": 3, ""lambda"": 0.1}",ok,,2386,20,20,15.319834199995967,matlab,https://github.com/middle258/RANGE.git,85d93c54d72d500034d05b5ef131bd90630a3632,2026-09-14,NOASSERTION,bb1e6758f34293ddaa2f0d7c41703fff8e6c6b7fd46f536d3d13969c0f3db479,768290a1f1c2f63f8babf657f4e5e2b4da610a7bbda77136d410d91af83ab12a,False,results\cache\official_baselines\RANGE\Caltech101-20__pool1__30203dd7ae79a47141303c53dae97bee8b101470ce5f682a2173c39975be930d.npz,"{""details"": {""alpha"": 0.8, ""anchor_offset"": 0, ""entrypoint"": ""HFES+solve_RANGE"", ""fuzzy_threshold"": 0.8, ""input"": ""frozen_base_parts"", ""kmeans_replicates"": 3, ""lambda"": 0.1}, ""method"": ""RANGE"", ""schema"": ""psfce-v4-matlab-adapter-v1""}",v1,0.27242246437552387,0.3742098413344359,0.15998038106446522,0.22948918761159448
Caltech101-20,1,NEW10,,formal,,YACHT,"{""alpha"": 0.99, ""anchor_offset"": 2, ""kmeans_replicates"": 3, ""theta"": 0.4, ""walk_order"": 20}",ok,,2386,20,20,14.989763200006564,matlab,https://github.com/scu-kdde/YACHT.git,44cb0fc35b80ec17befa199879ac947fee15f464,2026-09-14,NOASSERTION,bb1e6758f34293ddaa2f0d7c41703fff8e6c6b7fd46f536d3d13969c0f3db479,62deb2b66b54ab18491847bd2cca81e375344bea0ab840d0da429a98100a165b,False,results\cache\official_baselines\YACHT\Caltech101-20__pool1__a06614212553773d67579b9c3f9bec26b106ce377999beb709733a82693b005c.npz,"{""details"": {""alpha"": 0.99, ""anchor_offset"": 2, ""compatibility_patch"": ""paper walk order is parameterized; repository helper hard-codes 10"", ""entrypoint"": ""solve_YACHT"", ""input"": ""frozen_base_parts"", ""kmeans_replicates"": 3, ""theta"": 0.4, ""walk_order"": 20}, ""method"": ""YACHT"", ""schema"": ""psfce-v4-matlab-adapter-v1""}",v1,0.25440067057837384,0.4152378928035973,0.16685592034521995,0.1844635531533427
Caltech101-20,2,NEW10,,formal,,CEHM,{},ok,,2386,20,20,13.514922400005162,matlab,https://github.com/FeijiangLi/Code-k-HyperEdge-Medoids-for-Clustering-Ensemble-AAAI.git,29c22fb18e05eed67728eebcb29cd7e9133723f7,2026-09-14,NOASSERTION,caddd0275c91628cae4244f670910e428a1f9e65f5e16264146277e9c84b548b,44136fa355b3678a1146ad16f7e8649e94fb4fc21fe77e8310c060f61caaff8a,False,results\cache\official_baselines\CEHM\Caltech101-20__pool2__800a2ed49d27e5adfbacfc33e94f917a4ceb2be207a3bc984745f5424c61a619.npz,"{""details"": {""entrypoint"": ""CEHM"", ""input"": ""frozen_base_parts"", ""variant"": ""published""}, ""method"": ""CEHM"", ""schema"": ""psfce-v4-matlab-adapter-v1""}",v1,0.26026823134953897,0.392469417938983,0.14303306093869583,0.19800001025433822
Caltech101-20,2,NEW10,,formal,,RANGE,"{""alpha"": 0.8, ""anchor_offset"": 0, ""fuzzy_threshold"": 0.8, ""kmeans_replicates"": 3, ""lambda"": 0.1}",ok,,2386,20,20,15.30175220000092,matlab,https://github.com/middle258/RANGE.git,85d93c54d72d500034d05b5ef131bd90630a3632,2026-09-14,NOASSERTION,caddd0275c91628cae4244f670910e428a1f9e65f5e16264146277e9c84b548b,768290a1f1c2f63f8babf657f4e5e2b4da610a7bbda77136d410d91af83ab12a,False,results\cache\official_baselines\RANGE\Caltech101-20__pool2__6d0d9fe6e413e98fb1f5e8fbffa8024fe9e0c268706092c7a65477145238bb29.npz,"{""details"": {""alpha"": 0.8, ""anchor_offset"": 0, ""entrypoint"": ""HFES+solve_RANGE"", ""fuzzy_threshold"": 0.8, ""input"": ""frozen_base_parts"", ""kmeans_replicates"": 3, ""lambda"": 0.1}, ""method"": ""RANGE"", ""schema"": ""psfce-v4-matlab-adapter-v1""}",v1,0.2652975691533948,0.4078023491951866,0.17553390670369567,0.2129842642959526
Caltech101-20,2,NEW10,,formal,,YACHT,"{""alpha"": 0.99, ""anchor_offset"": 2, ""kmeans_replicates"": 3, ""theta"": 0.4, ""walk_order"": 20}",ok,,2386,20,20,15.497016399996937,matlab,https://github.com/scu-kdde/YACHT.git,44cb0fc35b80ec17befa199879ac947fee15f464,2026-09-14,NOASSERTION,caddd0275c91628cae4244f670910e428a1f9e65f5e16264146277e9c84b548b,62deb2b66b54ab18491847bd2cca81e375344bea0ab840d0da429a98100a165b,False,results\cache\official_baselines\YACHT\Caltech101-20__pool2__3fe098c8e7fc2d794e0232993cb62c4614dd84a5e50f520bd7ccda9243617980.npz,"{""details"": {""alpha"": 0.99, ""anchor_offset"": 2, ""compatibility_patch"": ""paper walk order is parameterized; repository helper hard-codes 10"", ""entrypoint"": ""solve_YACHT"", ""input"": ""frozen_base_parts"", ""kmeans_replicates"": 3, ""theta"": 0.4, ""walk_order"": 20}, ""method"": ""YACHT"", ""schema"": ""psfce-v4-matlab-adapter-v1""}",v1,0.28709136630343673,0.4069302545256575,0.18174542399326887,0.20562890952517482
Caltech101-20-MV,0,TEXT_MV,,formal,,CEHM,{},ok,,2386,20,20,13.942565600009402,matlab,https://github.com/FeijiangLi/Code-k-HyperEdge-Medoids-for-Clustering-Ensemble-AAAI.git,29c22fb18e05eed67728eebcb29cd7e9133723f7,2026-09-14,NOASSERTION,e13ca7cdd4491ed937d911f0aaa5f7e8b20a6afe7a889533d6f42a3309e942da,44136fa355b3678a1146ad16f7e8649e94fb4fc21fe77e8310c060f61caaff8a,False,results\cache\official_baselines\CEHM\Caltech101-20-MV__pool0__f4020a0f2d0809f38a23f2451b5e30eb432ceea046bdd1dda35a46c6939f62ee.npz,"{""details"": {""entrypoint"": ""CEHM"", ""input"": ""frozen_base_parts"", ""variant"": ""published""}, ""method"": ""CEHM"", ""schema"": ""psfce-v4-matlab-adapter-v1""}",v1,0.34911986588432525,0.3200923688701385,-0.0037376139442456976,0.09536880933519723
Caltech101-20-MV,0,TEXT_MV,,formal,,RANGE,"{""alpha"": 0.8, ""anchor_offset"": 0, ""fuzzy_threshold"": 0.8, ""kmeans_replicates"": 3, ""lambda"": 0.1}",ok,,2386,20,20,14.38978140000836,matlab,https://github.com/middle258/RANGE.git,85d93c54d72d500034d05b5ef131bd90630a3632,2026-09-14,NOASSERTION,e13ca7cdd4491ed937d911f0aaa5f7e8b20a6afe7a889533d6f42a3309e942da,768290a1f1c2f63f8babf657f4e5e2b4da610a7bbda77136d410d91af83ab12a,False,results\cache\official_baselines\RANGE\Caltech101-20-MV__pool0__ab809eb8d829d4e0dadb4832a69dcb4e495c42b0a8fe7850432023ae8947935e.npz,"{""details"": {""alpha"": 0.8, ""anchor_offset"": 0, ""entrypoint"": ""HFES+solve_RANGE"", ""fuzzy_threshold"": 0.8, ""input"": ""frozen_base_parts"", ""kmeans_replicates"": 3, ""lambda"": 0.1}, ""method"": ""RANGE"", ""schema"": ""psfce-v4-matlab-adapter-v1""}",v1,0.36001676445934616,0.5642764992579619,0.26272345354313903,0.3283029238227315
Caltech101-20-MV,0,TEXT_MV,,formal,,YACHT,"{""alpha"": 0.99, ""anchor_offset"": 2, ""kmeans_replicates"": 3, ""theta"": 0.4, ""walk_order"": 20}",ok,,2386,20,20,14.690438599995105,matlab,https://github.com/scu-kdde/YACHT.git,44cb0fc35b80ec17befa199879ac947fee15f464,2026-09-14,NOASSERTION,e13ca7cdd4491ed937d911f0aaa5f7e8b20a6afe7a889533d6f42a3309e942da,62deb2b66b54ab18491847bd2cca81e375344bea0ab840d0da429a98100a165b,False,results\cache\official_baselines\YACHT\Caltech101-20-MV__pool0__4c6449984eee6889d61a81700d3d699c3672ff9e74977bd26ba485a91f2ee4f5.npz,"{""details"": {""alpha"": 0.99, ""anchor_offset"": 2, ""compatibility_patch"": ""paper walk order is parameterized; repository helper hard-codes 10"", ""entrypoint"": ""solve_YACHT"", ""input"": ""frozen_base_parts"", ""kmeans_replicates"": 3, ""theta"": 0.4, ""walk_order"": 20}, ""method"": ""YACHT"", ""schema"": ""psfce-v4-matlab-adapter-v1""}",v1,0.35456831517183574,0.5507600030160376,0.2565273988325748,0.3336652657949662
Caltech101-20-MV,1,TEXT_MV,,formal,,CEHM,{},ok,,2386,20,20,13.66601850000734,matlab,https://github.com/FeijiangLi/Code-k-HyperEdge-Medoids-for-Clustering-Ensemble-AAAI.git,29c22fb18e05eed67728eebcb29cd7e9133723f7,2026-09-14,NOASSERTION,917b64714e8cb1dbf22b48d18c54a0f55f6442d6dd050fea3d7bfc48c43abd69,44136fa355b3678a1146ad16f7e8649e94fb4fc21fe77e8310c060f61caaff8a,False,results\cache\official_baselines\CEHM\Caltech101-20-MV__pool1__08ae340f29892fe6def690a43bad690108ebce4690c1c7b2dd16e65ca32201fa.npz,"{""details"": {""entrypoint"": ""CEHM"", ""input"": ""frozen_base_parts"", ""variant"": ""published""}, ""method"": ""CEHM"", ""schema"": ""psfce-v4-matlab-adapter-v1""}",v1,0.4069572506286672,0.45000817422070444,0.09910599666166442,0.13419668760309988
Caltech101-20-MV,1,TEXT_MV,,formal,,RANGE,"{""alpha"": 0.8, ""anchor_offset"": 0, ""fuzzy_threshold"": 0.8, ""kmeans_replicates"": 3, ""lambda"": 0.1}",ok,,2386,20,20,14.367362399992999,matlab,https://github.com/middle258/RANGE.git,85d93c54d72d500034d05b5ef131bd90630a3632,2026-09-14,NOASSERTION,917b64714e8cb1dbf22b48d18c54a0f55f6442d6dd050fea3d7bfc48c43abd69,768290a1f1c2f63f8babf657f4e5e2b4da610a7bbda77136d410d91af83ab12a,False,results\cache\official_baselines\RANGE\Caltech101-20-MV__pool1__e11fc671ab76b628efd37601b9d02393f3498c587f33fdb65317dc624da1000c.npz,"{""details"": {""alpha"": 0.8, ""anchor_offset"": 0, ""entrypoint"": ""HFES+solve_RANGE"", ""fuzzy_threshold"": 0.8, ""input"": ""frozen_base_parts"", ""kmeans_replicates"": 3, ""lambda"": 0.1}, ""method"": ""RANGE"", ""schema"": ""psfce-v4-matlab-adapter-v1""}",v1,0.38222967309304273,0.5698800857131142,0.2760737882617975,0.347908231261704
Caltech101-20-MV,1,TEXT_MV,,formal,,YACHT,"{""alpha"": 0.99, ""anchor_offset"": 2, ""kmeans_replicates"": 3, ""theta"": 0.4, ""walk_order"": 20}",ok,,2386,20,20,13.980648700002348,matlab,https://github.com/scu-kdde/YACHT.git,44cb0fc35b80ec17befa199879ac947fee15f464,2026-09-14,NOASSERTION,917b64714e8cb1dbf22b48d18c54a0f55f6442d6dd050fea3d7bfc48c43abd69,62deb2b66b54ab18491847bd2cca81e375344bea0ab840d0da429a98100a165b,False,results\cache\official_baselines\YACHT\Caltech101-20-MV__pool1__e1acaf6b6c8da006fc0d49af66a3d74fb573d2e2a75ce28f7a7210fee270164e.npz,"{""details"": {""alpha"": 0.99, ""anchor_offset"": 2, ""compatibility_patch"": ""paper walk order is parameterized; repository helper hard-codes 10"", ""entrypoint"": ""solve_YACHT"", ""input"": ""frozen_base_parts"", ""kmeans_replicates"": 3, ""theta"": 0.4, ""walk_order"": 20}, ""method"": ""YACHT"", ""schema"": ""psfce-v4-matlab-adapter-v1""}",v1,0.35582564962279967,0.5423238989350729,0.2626349245439415,0.3072529602905179
Caltech101-20-MV,2,TEXT_MV,,formal,,CEHM,{},ok,,2386,20,20,13.613192299992079,matlab,https://github.com/FeijiangLi/Code-k-HyperEdge-Medoids-for-Clustering-Ensemble-AAAI.git,29c22fb18e05eed67728eebcb29cd7e9133723f7,2026-09-14,NOASSERTION,47ec93201008b7d86a39483609fc58e9ea4c7031f2fe85d04dd4e6ca0fcbf559,44136fa355b3678a1146ad16f7e8649e94fb4fc21fe77e8310c060f61caaff8a,False,results\cache\official_baselines\CEHM\Caltech101-20-MV__pool2__6711c12a7abd13b6306a6fdfbf63562e25776b37456946a2777491a8273f2f15.npz,"{""details"": {""entrypoint"": ""CEHM"", ""input"": ""frozen_base_parts"", ""variant"": ""published""}, ""method"": ""CEHM"", ""schema"": ""psfce-v4-matlab-adapter-v1""}",v1,0.4371332774518022,0.473266614819456,0.13910666289274584,0.13921633138897443
Caltech101-20-MV,2,TEXT_MV,,formal,,RANGE,"{""alpha"": 0.8, ""anchor_offset"": 0, ""fuzzy_threshold"": 0.8, ""kmeans_replicates"": 3, ""lambda"": 0.1}",ok,,2386,20,20,14.390926499996567,matlab,https://github.com/middle258/RANGE.git,85d93c54d72d500034d05b5ef131bd90630a3632,2026-09-14,NOASSERTION,47ec93201008b7d86a39483609fc58e9ea4c7031f2fe85d04dd4e6ca0fcbf559,768290a1f1c2f63f8babf657f4e5e2b4da610a7bbda77136d410d91af83ab12a,False,results\cache\official_baselines\RANGE\Caltech101-20-MV__pool2__06b618e7560d844405a03a2c291ab209618c42b815f185eb2c6f6d81e1dbf020.npz,"{""details"": {""alpha"": 0.8, ""anchor_offset"": 0, ""entrypoint"": ""HFES+solve_RANGE"", ""fuzzy_threshold"": 0.8, ""input"": ""frozen_base_parts"", ""kmeans_replicates"": 3, ""lambda"": 0.1}, ""method"": ""RANGE"", ""schema"": ""psfce-v4-matlab-adapter-v1""}",v1,0.33780385582564965,0.556249928370286,0.2773725928638315,0.3009572536067949
Caltech101-20-MV,2,TEXT_MV,,formal,,YACHT,"{""alpha"": 0.99, ""anchor_offset"": 2, ""kmeans_replicates"": 3, ""theta"": 0.4, ""walk_order"": 20}",ok,,2386,20,20,14.644800100009888,matlab,https://github.com/scu-kdde/YACHT.git,44cb0fc35b80ec17befa199879ac947fee15f464,2026-09-14,NOASSERTION,47ec93201008b7d86a39483609fc58e9ea4c7031f2fe85d04dd4e6ca0fcbf559,62deb2b66b54ab18491847bd2cca81e375344bea0ab840d0da429a98100a165b,False,results\cache\official_baselines\YACHT\Caltech101-20-MV__pool2__2ade54a37542758238a0597c1fd0ec2dc4b3bca634f8fc5e94e1a6baf13ea4eb.npz,"{""details"": {""alpha"": 0.99, ""anchor_offset"": 2, ""compatibility_patch"": ""paper walk order is parameterized; repository helper hard-codes 10"", ""entrypoint"": ""solve_YACHT"", ""input"": ""frozen_base_parts"", ""kmeans_replicates"": 3, ""theta"": 0.4, ""walk_order"": 20}, ""method"": ""YACHT"", ""schema"": ""psfce-v4-matlab-adapter-v1""}",v1,0.35414920368818104,0.5343455148301892,0.24793311347799235,0.310354419141116
Cardiotocography,0,NEW10,,formal,,CEHM,{},ok,,2126,10,20,13.310823600011645,matlab,https://github.com/FeijiangLi/Code-k-HyperEdge-Medoids-for-Clustering-Ensemble-AAAI.git,29c22fb18e05eed67728eebcb29cd7e9133723f7,2026-09-14,NOASSERTION,48e4c67eabdcbeafc97c9b1f19925f6e504801a882de7f8606f6604d79916d38,44136fa355b3678a1146ad16f7e8649e94fb4fc21fe77e8310c060f61caaff8a,False,results\cache\official_baselines\CEHM\Cardiotocography__pool0__c80ec7b301c2082a05040ec2b0b90ed1a81743f1ac2acefa23df6586359a130c.npz,"{""details"": {""entrypoint"": ""CEHM"", ""input"": ""frozen_base_parts"", ""variant"": ""published""}, ""method"": ""CEHM"", ""schema"": ""psfce-v4-matlab-adapter-v1""}",v1,0.3476011288805268,0.2023060407002045,0.07959007963674104,0.12153335998944684
Cardiotocography,0,NEW10,,formal,,RANGE,"{""alpha"": 0.8, ""anchor_offset"": 0, ""fuzzy_threshold"": 0.8, ""kmeans_replicates"": 3, ""lambda"": 0.1}",ok,,2126,10,20,13.992573600000469,matlab,https://github.com/middle258/RANGE.git,85d93c54d72d500034d05b5ef131bd90630a3632,2026-09-14,NOASSERTION,48e4c67eabdcbeafc97c9b1f19925f6e504801a882de7f8606f6604d79916d38,768290a1f1c2f63f8babf657f4e5e2b4da610a7bbda77136d410d91af83ab12a,False,results\cache\official_baselines\RANGE\Cardiotocography__pool0__7ffee4a1fe6eeb54984a9fc9608815e7c6b803dd5ff2dd4a7781b1837311764c.npz,"{""details"": {""alpha"": 0.8, ""anchor_offset"": 0, ""entrypoint"": ""HFES+solve_RANGE"", ""fuzzy_threshold"": 0.8, ""input"": ""frozen_base_parts"", ""kmeans_replicates"": 3, ""lambda"": 0.1}, ""method"": ""RANGE"", ""schema"": ""psfce-v4-matlab-adapter-v1""}",v1,0.3673565380997178,0.3601518952262183,0.16921473913017576,0.35938085937967074
Cardiotocography,0,NEW10,,formal,,YACHT,"{""alpha"": 0.99, ""anchor_offset"": 2, ""kmeans_replicates"": 3, ""theta"": 0.4, ""walk_order"": 20}",ok,,2126,10,20,13.564748399992823,matlab,https://github.com/scu-kdde/YACHT.git,44cb0fc35b80ec17befa199879ac947fee15f464,2026-09-14,NOASSERTION,48e4c67eabdcbeafc97c9b1f19925f6e504801a882de7f8606f6604d79916d38,62deb2b66b54ab18491847bd2cca81e375344bea0ab840d0da429a98100a165b,False,results\cache\official_baselines\YACHT\Cardiotocography__pool0__b95009eb7268820383a4027ab847e1325aa218131748b7ab631265115763bd06.npz,"{""details"": {""alpha"": 0.99, ""anchor_offset"": 2, ""compatibility_patch"": ""paper walk order is parameterized; repository helper hard-codes 10"", ""entrypoint"": ""solve_YACHT"", ""input"": ""frozen_base_parts"", ""kmeans_replicates"": 3, ""theta"": 0.4, ""walk_order"": 20}, ""method"": ""YACHT"", ""schema"": ""psfce-v4-matlab-adapter-v1""}",v1,0.3682972718720602,0.3486393433589886,0.1622260252303952,0.37546567413819926
Cardiotocography,1,NEW10,,formal,,CEHM,{},ok,,2126,10,20,13.48845319999964,matlab,https://github.com/FeijiangLi/Code-k-HyperEdge-Medoids-for-Clustering-Ensemble-AAAI.git,29c22fb18e05eed67728eebcb29cd7e9133723f7,2026-09-14,NOASSERTION,772ba07fb9057d091b0e68e3f43b7015d1983aa6afbea6e0ec91465b78c5a567,44136fa355b3678a1146ad16f7e8649e94fb4fc21fe77e8310c060f61caaff8a,False,results\cache\official_baselines\CEHM\Cardiotocography__pool1__5564c4c031527480061c5cc033c41348b8dde3fa357174831a8c3eb7ec70daa8.npz,"{""details"": {""entrypoint"": ""CEHM"", ""input"": ""frozen_base_parts"", ""variant"": ""published""}, ""method"": ""CEHM"", ""schema"": ""psfce-v4-matlab-adapter-v1""}",v1,0.3344308560677328,0.2907262028012105,0.12660299270012157,0.19893016766518218
Cardiotocography,1,NEW10,,formal,,RANGE,"{""alpha"": 0.8, ""anchor_offset"": 0, ""fuzzy_threshold"": 0.8, ""kmeans_replicates"": 3, ""lambda"": 0.1}",ok,,2126,10,20,13.430917700010468,matlab,https://github.com/middle258/RANGE.git,85d93c54d72d500034d05b5ef131bd90630a3632,2026-09-14,NOASSERTION,772ba07fb9057d091b0e68e3f43b7015d1983aa6afbea6e0ec91465b78c5a567,768290a1f1c2f63f8babf657f4e5e2b4da610a7bbda77136d410d91af83ab12a,False,results\cache\official_baselines\RANGE\Cardiotocography__pool1__55962034b45f3e6044b6adad4bbc0939396d57de55794f5e3d41c0f325b1bd6a.npz,"{""details"": {""alpha"": 0.8, ""anchor_offset"": 0, ""entrypoint"": ""HFES+solve_RANGE"", ""fuzzy_threshold"": 0.8, ""input"": ""frozen_base_parts"", ""kmeans_replicates"": 3, ""lambda"": 0.1}, ""method"": ""RANGE"", ""schema"": ""psfce-v4-matlab-adapter-v1""}",v1,0.39840075258701785,0.3484952414534866,0.17214199590713464,0.3823602311840978
Cardiotocography,1,NEW10,,formal,,YACHT,"{""alpha"": 0.99, ""anchor_offset"": 2, ""kmeans_replicates"": 3, ""theta"": 0.4, ""walk_order"": 20}",ok,,2126,10,20,13.362858899999992,matlab,https://github.com/scu-kdde/YACHT.git,44cb0fc35b80ec17befa199879ac947fee15f464,2026-09-14,NOASSERTION,772ba07fb9057d091b0e68e3f43b7015d1983aa6afbea6e0ec91465b78c5a567,62deb2b66b54ab18491847bd2cca81e375344bea0ab840d0da429a98100a165b,False,results\cache\official_baselines\YACHT\Cardiotocography__pool1__35217c211e17dd71d5ee5b7e0db6f5711b3142c6c9711b7c77217ec774f546a5.npz,"{""details"": {""alpha"": 0.99, ""anchor_offset"": 2, ""compatibility_patch"": ""paper walk order is parameterized; repository helper hard-codes 10"", ""entrypoint"": ""solve_YACHT"", ""input"": ""frozen_base_parts"", ""kmeans_replicates"": 3, ""theta"": 0.4, ""walk_order"": 20}, ""method"": ""YACHT"", ""schema"": ""psfce-v4-matlab-adapter-v1""}",v1,0.3805268109125118,0.34571157161365423,0.16543735403401386,0.36305519550565146
Cardiotocography,2,NEW10,,formal,,CEHM,{},ok,,2126,10,20,13.290379900005064,matlab,https://github.com/FeijiangLi/Code-k-HyperEdge-Medoids-for-Clustering-Ensemble-AAAI.git,29c22fb18e05eed67728eebcb29cd7e9133723f7,2026-09-14,NOASSERTION,1ae66a72cb43602d4bab6a548e7aa35e78dc62f48dd57604083b5b6382809772,44136fa355b3678a1146ad16f7e8649e94fb4fc21fe77e8310c060f61caaff8a,False,results\cache\official_baselines\CEHM\Cardiotocography__pool2__d95cee689d640630a1bcddfc16b225729a1ce39927099513556b4be505059547.npz,"{""details"": {""entrypoint"": ""CEHM"", ""input"": ""frozen_base_parts"", ""variant"": ""published""}, ""method"": ""CEHM"", ""schema"": ""psfce-v4-matlab-adapter-v1""}",v1,0.3922859830667921,0.31282806110571787,0.1379172244986569,0.2558906954935248
Cardiotocography,2,NEW10,,formal,,RANGE,"{""alpha"": 0.8, ""anchor_offset"": 0, ""fuzzy_threshold"": 0.8, ""kmeans_replicates"": 3, ""lambda"": 0.1}",ok,,2126,10,20,13.533754600008251,matlab,https://github.com/middle258/RANGE.git,85d93c54d72d500034d05b5ef131bd90630a3632,2026-09-14,NOASSERTION,1ae66a72cb43602d4bab6a548e7aa35e78dc62f48dd57604083b5b6382809772,768290a1f1c2f63f8babf657f4e5e2b4da610a7bbda77136d410d91af83ab12a,False,results\cache\official_baselines\RANGE\Cardiotocography__pool2__1d8e8083d0f0179743edbe29c6c32821ab7f6895d876b2168099cb2290a362fb.npz,"{""details"": {""alpha"": 0.8, ""anchor_offset"": 0, ""entrypoint"": ""HFES+solve_RANGE"", ""fuzzy_threshold"": 0.8, ""input"": ""frozen_base_parts"", ""kmeans_replicates"": 3, ""lambda"": 0.1}, ""method"": ""RANGE"", ""schema"": ""psfce-v4-matlab-adapter-v1""}",v1,0.39416745061147695,0.3424510021547781,0.1712154291363728,0.3775826339306106
Cardiotocography,2,NEW10,,formal,,YACHT,"{""alpha"": 0.99, ""anchor_offset"": 2, ""kmeans_replicates"": 3, ""theta"": 0.4, ""walk_order"": 20}",ok,,2126,10,20,13.410419899999397,matlab,https://github.com/scu-kdde/YACHT.git,44cb0fc35b80ec17befa199879ac947fee15f464,2026-09-14,NOASSERTION,1ae66a72cb43602d4bab6a548e7aa35e78dc62f48dd57604083b5b6382809772,62deb2b66b54ab18491847bd2cca81e375344bea0ab840d0da429a98100a165b,False,results\cache\official_baselines\YACHT\Cardiotocography__pool2__98dc9b6488a0bea99ce2fe263ab87f9db177de4563bfd2d02067bc33602ecc85.npz,"{""details"": {""alpha"": 0.99, ""anchor_offset"": 2, ""compatibility_patch"": ""paper walk order is parameterized; repository helper hard-codes 10"", ""entrypoint"": ""solve_YACHT"", ""input"": ""frozen_base_parts"", ""kmeans_replicates"": 3, ""theta"": 0.4, ""walk_order"": 20}, ""method"": ""YACHT"", ""schema"": ""psfce-v4-matlab-adapter-v1""}",v1,0.39463781749764815,0.3395038890292672,0.17327338503640236,0.3770950740578862
Chameleon,0,GRAPH_GEOMETRY_8,,formal,,CEHM,{},ok,,2277,5,20,12.777917300001718,matlab,https://github.com/FeijiangLi/Code-k-HyperEdge-Medoids-for-Clustering-Ensemble-AAAI.git,29c22fb18e05eed67728eebcb29cd7e9133723f7,2026-09-14,NOASSERTION,7dd0036afa6c0b334862350d9ac54d4048fd7fcc2f34132551d64086bc862bfa,44136fa355b3678a1146ad16f7e8649e94fb4fc21fe77e8310c060f61caaff8a,False,results\cache\official_baselines\CEHM\Chameleon__pool0__57186db5584937edf09032ebbb5540cd8013b930b29976f9e24cd5093b084067.npz,"{""details"": {""entrypoint"": ""CEHM"", ""input"": ""frozen_base_parts"", ""variant"": ""published""}, ""method"": ""CEHM"", ""schema"": ""psfce-v4-matlab-adapter-v1""}",v1,0.33113746157224416,0.06746634294094181,0.049766136491698365,0.27780550851107905
Chameleon,0,GRAPH_GEOMETRY_8,,formal,,RANGE,"{""alpha"": 0.8, ""anchor_offset"": 0, ""fuzzy_threshold"": 0.8, ""kmeans_replicates"": 3, ""lambda"": 0.1}",ok,,2277,5,20,13.216191599989543,matlab,https://github.com/middle258/RANGE.git,85d93c54d72d500034d05b5ef131bd90630a3632,2026-09-14,NOASSERTION,7dd0036afa6c0b334862350d9ac54d4048fd7fcc2f34132551d64086bc862bfa,768290a1f1c2f63f8babf657f4e5e2b4da610a7bbda77136d410d91af83ab12a,False,results\cache\official_baselines\RANGE\Chameleon__pool0__90993e481a7eeff3cb34d76a3eee2f296fa026eedfb70d978b50a98e56cd7a98.npz,"{""details"": {""alpha"": 0.8, ""anchor_offset"": 0, ""entrypoint"": ""HFES+solve_RANGE"", ""fuzzy_threshold"": 0.8, ""input"": ""frozen_base_parts"", ""kmeans_replicates"": 3, ""lambda"": 0.1}, ""method"": ""RANGE"", ""schema"": ""psfce-v4-matlab-adapter-v1""}",v1,0.33201581027667987,0.08415005783683342,0.04517693851630945,0.3282388008807432
Chameleon,0,GRAPH_GEOMETRY_8,,formal,,YACHT,"{""alpha"": 0.99, ""anchor_offset"": 2, ""kmeans_replicates"": 3, ""theta"": 0.4, ""walk_order"": 20}",ok,,2277,5,20,13.133006900010514,matlab,https://github.com/scu-kdde/YACHT.git,44cb0fc35b80ec17befa199879ac947fee15f464,2026-09-14,NOASSERTION,7dd0036afa6c0b334862350d9ac54d4048fd7fcc2f34132551d64086bc862bfa,62deb2b66b54ab18491847bd2cca81e375344bea0ab840d0da429a98100a165b,False,results\cache\official_baselines\YACHT\Chameleon__pool0__4f1d5642029570a61684dbb9e3deeba44ab30554630948693e9fc005604c8eb0.npz,"{""details"": {""alpha"": 0.99, ""anchor_offset"": 2, ""compatibility_patch"": ""paper walk order is parameterized; repository helper hard-codes 10"", ""entrypoint"": ""solve_YACHT"", ""input"": ""frozen_base_parts"", ""kmeans_replicates"": 3, ""theta"": 0.4, ""walk_order"": 20}, ""method"": ""YACHT"", ""schema"": ""psfce-v4-matlab-adapter-v1""}",v1,0.32059727711901626,0.09364797760348882,0.057617057738368095,0.3215054818183417
Chameleon,1,GRAPH_GEOMETRY_8,,formal,,CEHM,{},ok,,2277,5,20,12.380383899988374,matlab,https://github.com/FeijiangLi/Code-k-HyperEdge-Medoids-for-Clustering-Ensemble-AAAI.git,29c22fb18e05eed67728eebcb29cd7e9133723f7,2026-09-14,NOASSERTION,a5328a887c72f5b4bc656215d3395edd6135662bb317857777f894032a3893fb,44136fa355b3678a1146ad16f7e8649e94fb4fc21fe77e8310c060f61caaff8a,False,results\cache\official_baselines\CEHM\Chameleon__pool1__a8678828595fa7cf9758d2bb40a3f16d64029e3c5d82d755cb8972ea0a90e683.npz,"{""details"": {""entrypoint"": ""CEHM"", ""input"": ""frozen_base_parts"", ""variant"": ""published""}, ""method"": ""CEHM"", ""schema"": ""psfce-v4-matlab-adapter-v1""}",v1,0.3302591128678085,0.06686980427714519,0.04910508030444968,0.2771362538284453
Chameleon,1,GRAPH_GEOMETRY_8,,formal,,RANGE,"{""alpha"": 0.8, ""anchor_offset"": 0, ""fuzzy_threshold"": 0.8, ""kmeans_replicates"": 3, ""lambda"": 0.1}",ok,,2277,5,20,13.442319199995836,matlab,https://github.com/middle258/RANGE.git,85d93c54d72d500034d05b5ef131bd90630a3632,2026-09-14,NOASSERTION,a5328a887c72f5b4bc656215d3395edd6135662bb317857777f894032a3893fb,768290a1f1c2f63f8babf657f4e5e2b4da610a7bbda77136d410d91af83ab12a,False,results\cache\official_baselines\RANGE\Chameleon__pool1__c2e5fb9c3168b94cc77287f378bda4353f211eaa89516479b4a262907852bd2f.npz,"{""details"": {""alpha"": 0.8, ""anchor_offset"": 0, ""entrypoint"": ""HFES+solve_RANGE"", ""fuzzy_threshold"": 0.8, ""input"": ""frozen_base_parts"", ""kmeans_replicates"": 3, ""lambda"": 0.1}, ""method"": ""RANGE"", ""schema"": ""psfce-v4-matlab-adapter-v1""}",v1,0.31620553359683795,0.07269218462517599,0.04666250309243898,0.31521908845481683
Chameleon,1,GRAPH_GEOMETRY_8,,formal,,YACHT,"{""alpha"": 0.99, ""anchor_offset"": 2, ""kmeans_replicates"": 3, ""theta"": 0.4, ""walk_order"": 20}",ok,,2277,5,20,13.828200499992818,matlab,https://github.com/scu-kdde/YACHT.git,44cb0fc35b80ec17befa199879ac947fee15f464,2026-09-14,NOASSERTION,a5328a887c72f5b4bc656215d3395edd6135662bb317857777f894032a3893fb,62deb2b66b54ab18491847bd2cca81e375344bea0ab840d0da429a98100a165b,False,results\cache\official_baselines\YACHT\Chameleon__pool1__668c54ebcc0ac445d2d778c65e246235084b7a71b4c1127c6d2cc6e3a6790ed9.npz,"{""details"": {""alpha"": 0.99, ""anchor_offset"": 2, ""compatibility_patch"": ""paper walk order is parameterized; repository helper hard-codes 10"", ""entrypoint"": ""solve_YACHT"", ""input"": ""frozen_base_parts"", ""kmeans_replicates"": 3, ""theta"": 0.4, ""walk_order"": 20}, ""method"": ""YACHT"", ""schema"": ""psfce-v4-matlab-adapter-v1""}",v1,0.32498902064119456,0.07546128587798628,0.045248373937481594,0.3198813144344861
Chameleon,2,GRAPH_GEOMETRY_8,,formal,,CEHM,{},ok,,2277,5,20,12.788522200004081,matlab,https://github.com/FeijiangLi/Code-k-HyperEdge-Medoids-for-Clustering-Ensemble-AAAI.git,29c22fb18e05eed67728eebcb29cd7e9133723f7,2026-09-14,NOASSERTION,5c84016ffaf63148cb869e8801ade7be1b71ed28e7308189832a0f9e17eb9906,44136fa355b3678a1146ad16f7e8649e94fb4fc21fe77e8310c060f61caaff8a,False,results\cache\official_baselines\CEHM\Chameleon__pool2__d3329f84a75e0dcf0ffc19a1b254963609f3c81c373e1ec91624507f19cdfb02.npz,"{""details"": {""entrypoint"": ""CEHM"", ""input"": ""frozen_base_parts"", ""variant"": ""published""}, ""method"": ""CEHM"", ""schema"": ""psfce-v4-matlab-adapter-v1""}",v1,0.3302591128678085,0.06681825221641884,0.04900889164659425,0.2771370350348744
Chameleon,2,GRAPH_GEOMETRY_8,,formal,,RANGE,"{""alpha"": 0.8, ""anchor_offset"": 0, ""fuzzy_threshold"": 0.8, ""kmeans_replicates"": 3, ""lambda"": 0.1}",ok,,2277,5,20,12.931953799998155,matlab,https://github.com/middle258/RANGE.git,85d93c54d72d500034d05b5ef131bd90630a3632,2026-09-14,NOASSERTION,5c84016ffaf63148cb869e8801ade7be1b71ed28e7308189832a0f9e17eb9906,768290a1f1c2f63f8babf657f4e5e2b4da610a7bbda77136d410d91af83ab12a,False,results\cache\official_baselines\RANGE\Chameleon__pool2__d9c8f76df7f39db9bf4b085b3ca5d63e5b7a4fdf4ef77075273ba5d23a5ebf51.npz,"{""details"": {""alpha"": 0.8, ""anchor_offset"": 0, ""entrypoint"": ""HFES+solve_RANGE"", ""fuzzy_threshold"": 0.8, ""input"": ""frozen_base_parts"", ""kmeans_replicates"": 3, ""lambda"": 0.1}, ""method"": ""RANGE"", ""schema"": ""psfce-v4-matlab-adapter-v1""}",v1,0.33069828722002637,0.07942106807765467,0.03956040982939211,0.3250379592003721
Chameleon,2,GRAPH_GEOMETRY_8,,formal,,YACHT,"{""alpha"": 0.99, ""anchor_offset"": 2, ""kmeans_replicates"": 3, ""theta"": 0.4, ""walk_order"": 20}",ok,,2277,5,20,13.55745670000033,matlab,https://github.com/scu-kdde/YACHT.git,44cb0fc35b80ec17befa199879ac947fee15f464,2026-09-14,NOASSERTION,5c84016ffaf63148cb869e8801ade7be1b71ed28e7308189832a0f9e17eb9906,62deb2b66b54ab18491847bd2cca81e375344bea0ab840d0da429a98100a165b,False,results\cache\official_baselines\YACHT\Chameleon__pool2__674bf7a0b6044dd3976c748bd85312529a01aaf041165bab5165af23bf7c1c18.npz,"{""details"": {""alpha"": 0.99, ""anchor_offset"": 2, ""compatibility_patch"": ""paper walk order is parameterized; repository helper hard-codes 10"", ""entrypoint"": ""solve_YACHT"", ""input"": ""frozen_base_parts"", ""kmeans_replicates"": 3, ""theta"": 0.4, ""walk_order"": 20}, ""method"": ""YACHT"", ""schema"": ""psfce-v4-matlab-adapter-v1""}",v1,0.3153271848924023,0.0681404700017141,0.04853201088078929,0.31181532888520425
CiteSeer,0,CONTENT_RELATION_8,,formal,,CEHM,{},ok,,3312,6,20,12.676640699995914,matlab,https://github.com/FeijiangLi/Code-k-HyperEdge-Medoids-for-Clustering-Ensemble-AAAI.git,29c22fb18e05eed67728eebcb29cd7e9133723f7,2026-09-14,NOASSERTION,c54a4a350ca5a40f0fb763fc2902a5af60489170a208e7d17cd9162179423f93,44136fa355b3678a1146ad16f7e8649e94fb4fc21fe77e8310c060f61caaff8a,False,results\cache\official_baselines\CEHM\CiteSeer__pool0__d5cde2218a4130eedd5bab26a106a14080c7e9fd9fe4c50f5a4c3fd8958aaba4.npz,"{""details"": {""entrypoint"": ""CEHM"", ""input"": ""frozen_base_parts"", ""variant"": ""published""}, ""method"": ""CEHM"", ""schema"": ""psfce-v4-matlab-adapter-v1""}",v1,0.3641304347826087,0.13697168545664415,0.14838473221533321,0.29432529683811953
CiteSeer,0,CONTENT_RELATION_8,,formal,,RANGE,"{""alpha"": 0.8, ""anchor_offset"": 0, ""fuzzy_threshold"": 0.8, ""kmeans_replicates"": 3, ""lambda"": 0.1}",ok,,3312,6,20,12.645728699993924,matlab,https://github.com/middle258/RANGE.git,85d93c54d72d500034d05b5ef131bd90630a3632,2026-09-14,NOASSERTION,c54a4a350ca5a40f0fb763fc2902a5af60489170a208e7d17cd9162179423f93,768290a1f1c2f63f8babf657f4e5e2b4da610a7bbda77136d410d91af83ab12a,False,results\cache\official_baselines\RANGE\CiteSeer__pool0__d12e835c48388d045b9b4b731aa52cd5b1e974df3f83fca28acb6a33c067fe2c.npz,"{""details"": {""alpha"": 0.8, ""anchor_offset"": 0, ""entrypoint"": ""HFES+solve_RANGE"", ""fuzzy_threshold"": 0.8, ""input"": ""frozen_base_parts"", ""kmeans_replicates"": 3, ""lambda"": 0.1}, ""method"": ""RANGE"", ""schema"": ""psfce-v4-matlab-adapter-v1""}",v1,0.4148550724637681,0.168495502882328,0.1780718949845062,0.3645369325614358
CiteSeer,0,CONTENT_RELATION_8,,formal,,YACHT,"{""alpha"": 0.99, ""anchor_offset"": 2, ""kmeans_replicates"": 3, ""theta"": 0.4, ""walk_order"": 20}",ok,,3312,6,20,13.283461900005932,matlab,https://github.com/scu-kdde/YACHT.git,44cb0fc35b80ec17befa199879ac947fee15f464,2026-09-14,NOASSERTION,c54a4a350ca5a40f0fb763fc2902a5af60489170a208e7d17cd9162179423f93,62deb2b66b54ab18491847bd2cca81e375344bea0ab840d0da429a98100a165b,False,results\cache\official_baselines\YACHT\CiteSeer__pool0__0f3ade53e2923dc17366597a893d34ccf5845812c238b65d028021e653605440.npz,"{""details"": {""alpha"": 0.99, ""anchor_offset"": 2, ""compatibility_patch"": ""paper walk order is parameterized; repository helper hard-codes 10"", ""entrypoint"": ""solve_YACHT"", ""input"": ""frozen_base_parts"", ""kmeans_replicates"": 3, ""theta"": 0.4, ""walk_order"": 20}, ""method"": ""YACHT"", ""schema"": ""psfce-v4-matlab-adapter-v1""}",v1,0.41878019323671495,0.17321369576439827,0.17480391560322167,0.36797847253192767
CiteSeer,1,CONTENT_RELATION_8,,formal,,CEHM,{},ok,,3312,6,20,11.867043100006413,matlab,https://github.com/FeijiangLi/Code-k-HyperEdge-Medoids-for-Clustering-Ensemble-AAAI.git,29c22fb18e05eed67728eebcb29cd7e9133723f7,2026-09-14,NOASSERTION,4e3dc95ec3ef779b3fc4a0f6dc74056b8ddf7618cf8ca08fede89997934a5fb9,44136fa355b3678a1146ad16f7e8649e94fb4fc21fe77e8310c060f61caaff8a,False,results\cache\official_baselines\CEHM\CiteSeer__pool1__bb43f7883222c24ccc1e0cfdd0571353aed8143ab4a749a048651e0dd58ae5c1.npz,"{""details"": {""entrypoint"": ""CEHM"", ""input"": ""frozen_base_parts"", ""variant"": ""published""}, ""method"": ""CEHM"", ""schema"": ""psfce-v4-matlab-adapter-v1""}",v1,0.3689613526570048,0.13282356586833494,0.14209980786410956,0.2947205136817171
CiteSeer,1,CONTENT_RELATION_8,,formal,,RANGE,"{""alpha"": 0.8, ""anchor_offset"": 0, ""fuzzy_threshold"": 0.8, ""kmeans_replicates"": 3, ""lambda"": 0.1}",ok,,3312,6,20,12.36039649999293,matlab,https://github.com/middle258/RANGE.git,85d93c54d72d500034d05b5ef131bd90630a3632,2026-09-14,NOASSERTION,4e3dc95ec3ef779b3fc4a0f6dc74056b8ddf7618cf8ca08fede89997934a5fb9,768290a1f1c2f63f8babf657f4e5e2b4da610a7bbda77136d410d91af83ab12a,False,results\cache\official_baselines\RANGE\CiteSeer__pool1__1b6b8b337d5daa83bf208fa509b4d375fd559365094facaba355b3ba2a30f7d0.npz,"{""details"": {""alpha"": 0.8, ""anchor_offset"": 0, ""entrypoint"": ""HFES+solve_RANGE"", ""fuzzy_threshold"": 0.8, ""input"": ""frozen_base_parts"", ""kmeans_replicates"": 3, ""lambda"": 0.1}, ""method"": ""RANGE"", ""schema"": ""psfce-v4-matlab-adapter-v1""}",v1,0.4323671497584541,0.17031603331167472,0.17843095206536302,0.37332149742358817
CiteSeer,1,CONTENT_RELATION_8,,formal,,YACHT,"{""alpha"": 0.99, ""anchor_offset"": 2, ""kmeans_replicates"": 3, ""theta"": 0.4, ""walk_order"": 20}",ok,,3312,6,20,13.41343479999341,matlab,https://github.com/scu-kdde/YACHT.git,44cb0fc35b80ec17befa199879ac947fee15f464,2026-09-14,NOASSERTION,4e3dc95ec3ef779b3fc4a0f6dc74056b8ddf7618cf8ca08fede89997934a5fb9,62deb2b66b54ab18491847bd2cca81e375344bea0ab840d0da429a98100a165b,False,results\cache\official_baselines\YACHT\CiteSeer__pool1__ec77399320ff4ab31b7b5e1f3f35871356441f421aeb379a871eb35e8d01c76d.npz,"{""details"": {""alpha"": 0.99, ""anchor_offset"": 2, ""compatibility_patch"": ""paper walk order is parameterized; repository helper hard-codes 10"", ""entrypoint"": ""solve_YACHT"", ""input"": ""frozen_base_parts"", ""kmeans_replicates"": 3, ""theta"": 0.4, ""walk_order"": 20}, ""method"": ""YACHT"", ""schema"": ""psfce-v4-matlab-adapter-v1""}",v1,0.43931159420289856,0.17726007734363686,0.18408641957978011,0.39365554188049806
CiteSeer,2,CONTENT_RELATION_8,,formal,,CEHM,{},ok,,3312,6,20,11.821370899997419,matlab,https://github.com/FeijiangLi/Code-k-HyperEdge-Medoids-for-Clustering-Ensemble-AAAI.git,29c22fb18e05eed67728eebcb29cd7e9133723f7,2026-09-14,NOASSERTION,4318f3ef0399825af7ca74e28ac4d939757682886910402b11d13dc687253524,44136fa355b3678a1146ad16f7e8649e94fb4fc21fe77e8310c060f61caaff8a,False,results\cache\official_baselines\CEHM\CiteSeer__pool2__e52323d5aa1cc7ffdcf508aeafe44c90b2127057cfbd6f77599da12dcffab872.npz,"{""details"": {""entrypoint"": ""CEHM"", ""input"": ""frozen_base_parts"", ""variant"": ""published""}, ""method"": ""CEHM"", ""schema"": ""psfce-v4-matlab-adapter-v1""}",v1,0.3713768115942029,0.13976228697011409,0.14912407378087042,0.30249784986533707
CiteSeer,2,CONTENT_RELATION_8,,formal,,RANGE,"{""alpha"": 0.8, ""anchor_offset"": 0, ""fuzzy_threshold"": 0.8, ""kmeans_replicates"": 3, ""lambda"": 0.1}",ok,,3312,6,20,12.621192099992186,matlab,https://github.com/middle258/RANGE.git,85d93c54d72d500034d05b5ef131bd90630a3632,2026-09-14,NOASSERTION,4318f3ef0399825af7ca74e28ac4d939757682886910402b11d13dc687253524,768290a1f1c2f63f8babf657f4e5e2b4da610a7bbda77136d410d91af83ab12a,False,results\cache\official_baselines\RANGE\CiteSeer__pool2__075f695bc04e7be9edb75cbe30ebf336bff5ab6e4cfdc715d7bfe6bce92adb6d.npz,"{""details"": {""alpha"": 0.8, ""anchor_offset"": 0, ""entrypoint"": ""HFES+solve_RANGE"", ""fuzzy_threshold"": 0.8, ""input"": ""frozen_base_parts"", ""kmeans_replicates"": 3, ""lambda"": 0.1}, ""method"": ""RANGE"", ""schema"": ""psfce-v4-matlab-adapter-v1""}",v1,0.3357487922705314,0.15029966929113514,0.12714555899539168,0.3009861307962867
CiteSeer,2,CONTENT_RELATION_8,,formal,,YACHT,"{""alpha"": 0.99, ""anchor_offset"": 2, ""kmeans_replicates"": 3, ""theta"": 0.4, ""walk_order"": 20}",ok,,3312,6,20,14.68644740000309,matlab,https://github.com/scu-kdde/YACHT.git,44cb0fc35b80ec17befa199879ac947fee15f464,2026-09-14,NOASSERTION,4318f3ef0399825af7ca74e28ac4d939757682886910402b11d13dc687253524,62deb2b66b54ab18491847bd2cca81e375344bea0ab840d0da429a98100a165b,False,results\cache\official_baselines\YACHT\CiteSeer__pool2__725653860c5309aa7d738e1ec5df462ae6b6031fa224f792d231a58bd82cddb2.npz,"{""details"": {""alpha"": 0.99, ""anchor_offset"": 2, ""compatibility_patch"": ""paper walk order is parameterized; repository helper hard-codes 10"", ""entrypoint"": ""solve_YACHT"", ""input"": ""frozen_base_parts"", ""kmeans_replicates"": 3, ""theta"": 0.4, ""walk_order"": 20}, ""method"": ""YACHT"", ""schema"": ""psfce-v4-matlab-adapter-v1""}",v1,0.42179951690821255,0.16944057417109076,0.1724970624857244,0.38384784517522436
Coauthor CS,0,GRAPH_GEOMETRY_8,,formal,,CEHM,{},ok,,18333,15,20,19.30514120000589,matlab,https://github.com/FeijiangLi/Code-k-HyperEdge-Medoids-for-Clustering-Ensemble-AAAI.git,29c22fb18e05eed67728eebcb29cd7e9133723f7,2026-09-14,NOASSERTION,15614d71c8184d2874189ad803b3acbd1f9cf49068625776091f9f332f17e5e9,44136fa355b3678a1146ad16f7e8649e94fb4fc21fe77e8310c060f61caaff8a,False,results\cache\official_baselines\CEHM\Coauthor_CS__pool0__5e4c382e927a86bc2fd1653f372185714afb3b2405770615f09b2f8e48a4dd05.npz,"{""details"": {""entrypoint"": ""CEHM"", ""input"": ""frozen_base_parts"", ""variant"": ""published""}, ""method"": ""CEHM"", ""schema"": ""psfce-v4-matlab-adapter-v1""}",v1,0.3865161184748814,0.3475013762198496,0.1278514437792735,0.16012113226780503
Coauthor CS,0,GRAPH_GEOMETRY_8,,formal,,RANGE,"{""alpha"": 0.8, ""anchor_offset"": 0, ""fuzzy_threshold"": 0.8, ""kmeans_replicates"": 3, ""lambda"": 0.1}",ok,,18333,15,20,16.72893009999825,matlab,https://github.com/middle258/RANGE.git,85d93c54d72d500034d05b5ef131bd90630a3632,2026-09-14,NOASSERTION,15614d71c8184d2874189ad803b3acbd1f9cf49068625776091f9f332f17e5e9,768290a1f1c2f63f8babf657f4e5e2b4da610a7bbda77136d410d91af83ab12a,False,results\cache\official_baselines\RANGE\Coauthor_CS__pool0__0fcebaab57560b7ca2d5b5ca356f858d90e852f58ab7d783c61b2ad4816bff13.npz,"{""details"": {""alpha"": 0.8, ""anchor_offset"": 0, ""entrypoint"": ""HFES+solve_RANGE"", ""fuzzy_threshold"": 0.8, ""input"": ""frozen_base_parts"", ""kmeans_replicates"": 3, ""lambda"": 0.1}, ""method"": ""RANGE"", ""schema"": ""psfce-v4-matlab-adapter-v1""}",v1,0.5732286041564392,0.6036400454588722,0.441805758563439,0.49146425572532354
Coauthor CS,0,GRAPH_GEOMETRY_8,,formal,,YACHT,"{""alpha"": 0.99, ""anchor_offset"": 2, ""kmeans_replicates"": 3, ""theta"": 0.4, ""walk_order"": 20}",ok,,18333,15,20,24.478426899993792,matlab,https://github.com/scu-kdde/YACHT.git,44cb0fc35b80ec17befa199879ac947fee15f464,2026-09-14,NOASSERTION,15614d71c8184d2874189ad803b3acbd1f9cf49068625776091f9f332f17e5e9,62deb2b66b54ab18491847bd2cca81e375344bea0ab840d0da429a98100a165b,False,results\cache\official_baselines\YACHT\Coauthor_CS__pool0__212e22c73e46d644a82c4937e01ae29654f5084290bebb7c046511e003a9bf77.npz,"{""details"": {""alpha"": 0.99, ""anchor_offset"": 2, ""compatibility_patch"": ""paper walk order is parameterized; repository helper hard-codes 10"", ""entrypoint"": ""solve_YACHT"", ""input"": ""frozen_base_parts"", ""kmeans_replicates"": 3, ""theta"": 0.4, ""walk_order"": 20}, ""method"": ""YACHT"", ""schema"": ""psfce-v4-matlab-adapter-v1""}",v1,0.5553919162166585,0.6046476603996151,0.4402918163414244,0.48459862566102235
Coauthor CS,1,GRAPH_GEOMETRY_8,,formal,,CEHM,{},ok,,18333,15,20,18.23849550000159,matlab,https://github.com/FeijiangLi/Code-k-HyperEdge-Medoids-for-Clustering-Ensemble-AAAI.git,29c22fb18e05eed67728eebcb29cd7e9133723f7,2026-09-14,NOASSERTION,0df78e5288c95b32ee4c30b9c236351e0db2e6877685eafa85ad34434f119406,44136fa355b3678a1146ad16f7e8649e94fb4fc21fe77e8310c060f61caaff8a,False,results\cache\official_baselines\CEHM\Coauthor_CS__pool1__ee6b90e36f6a71e247518555324a7df61a16b26a3c75697281f4daf6499346e6.npz,"{""details"": {""entrypoint"": ""CEHM"", ""input"": ""frozen_base_parts"", ""variant"": ""published""}, ""method"": ""CEHM"", ""schema"": ""psfce-v4-matlab-adapter-v1""}",v1,0.38831615120274915,0.35048240882375536,0.12950735584509207,0.16106267837069038
Coauthor CS,1,GRAPH_GEOMETRY_8,,formal,,RANGE,"{""alpha"": 0.8, ""anchor_offset"": 0, ""fuzzy_threshold"": 0.8, ""kmeans_replicates"": 3, ""lambda"": 0.1}",ok,,18333,15,20,16.622696000005817,matlab,https://github.com/middle258/RANGE.git,85d93c54d72d500034d05b5ef131bd90630a3632,2026-09-14,NOASSERTION,0df78e5288c95b32ee4c30b9c236351e0db2e6877685eafa85ad34434f119406,768290a1f1c2f63f8babf657f4e5e2b4da610a7bbda77136d410d91af83ab12a,False,results\cache\official_baselines\RANGE\Coauthor_CS__pool1__9440c4056e37cf9d5a596ca1fb7e3638697d57231a42ddb92a20d56b740dfe1a.npz,"{""details"": {""alpha"": 0.8, ""anchor_offset"": 0, ""entrypoint"": ""HFES+solve_RANGE"", ""fuzzy_threshold"": 0.8, ""input"": ""frozen_base_parts"", ""kmeans_replicates"": 3, ""lambda"": 0.1}, ""method"": ""RANGE"", ""schema"": ""psfce-v4-matlab-adapter-v1""}",v1,0.5411007472863143,0.5821353414669471,0.44123621658766243,0.4687056660862194
Coauthor CS,1,GRAPH_GEOMETRY_8,,formal,,YACHT,"{""alpha"": 0.99, ""anchor_offset"": 2, ""kmeans_replicates"": 3, ""theta"": 0.4, ""walk_order"": 20}",ok,,18333,15,20,23.583392500004265,matlab,https://github.com/scu-kdde/YACHT.git,44cb0fc35b80ec17befa199879ac947fee15f464,2026-09-14,NOASSERTION,0df78e5288c95b32ee4c30b9c236351e0db2e6877685eafa85ad34434f119406,62deb2b66b54ab18491847bd2cca81e375344bea0ab840d0da429a98100a165b,False,results\cache\official_baselines\YACHT\Coauthor_CS__pool1__c7163863eed9eacc37d02466cf9cba46d113f1dd95530b4f7610a1a6c6f7e2bc.npz,"{""details"": {""alpha"": 0.99, ""anchor_offset"": 2, ""compatibility_patch"": ""paper walk order is parameterized; repository helper hard-codes 10"", ""entrypoint"": ""solve_YACHT"", ""input"": ""frozen_base_parts"", ""kmeans_replicates"": 3, ""theta"": 0.4, ""walk_order"": 20}, ""method"": ""YACHT"", ""schema"": ""psfce-v4-matlab-adapter-v1""}",v1,0.53575519554901,0.5843131488463431,0.40530057205379194,0.4336817254026639
Coauthor CS,2,GRAPH_GEOMETRY_8,,formal,,CEHM,{},ok,,18333,15,20,19.643449699986377,matlab,https://github.com/FeijiangLi/Code-k-HyperEdge-Medoids-for-Clustering-Ensemble-AAAI.git,29c22fb18e05eed67728eebcb29cd7e9133723f7,2026-09-14,NOASSERTION,4bc00bcee601f952d26d16ba09581d349e4a5ef356814d98c7bc5b15ff2dcddb,44136fa355b3678a1146ad16f7e8649e94fb4fc21fe77e8310c060f61caaff8a,False,results\cache\official_baselines\CEHM\Coauthor_CS__pool2__8e1b9ee595cc107c6a97ba041f2812fd61e996395ab88cc14a572ebf921cbd60.npz,"{""details"": {""entrypoint"": ""CEHM"", ""input"": ""frozen_base_parts"", ""variant"": ""published""}, ""method"": ""CEHM"", ""schema"": ""psfce-v4-matlab-adapter-v1""}",v1,0.47706321933126056,0.4786250735721058,0.23046284742041084,0.2603685443320772
Coauthor CS,2,GRAPH_GEOMETRY_8,,formal,,RANGE,"{""alpha"": 0.8, ""anchor_offset"": 0, ""fuzzy_threshold"": 0.8, ""kmeans_replicates"": 3, ""lambda"": 0.1}",ok,,18333,15,20,18.131328799994662,matlab,https://github.com/middle258/RANGE.git,85d93c54d72d500034d05b5ef131bd90630a3632,2026-09-14,NOASSERTION,4bc00bcee601f952d26d16ba09581d349e4a5ef356814d98c7bc5b15ff2dcddb,768290a1f1c2f63f8babf657f4e5e2b4da610a7bbda77136d410d91af83ab12a,False,results\cache\official_baselines\RANGE\Coauthor_CS__pool2__d35d1d4087886c75c49c4cd8e2f8c90491793fb81ba8d10b7ac07c29bec0ba17.npz,"{""details"": {""alpha"": 0.8, ""anchor_offset"": 0, ""entrypoint"": ""HFES+solve_RANGE"", ""fuzzy_threshold"": 0.8, ""input"": ""frozen_base_parts"", ""kmeans_replicates"": 3, ""lambda"": 0.1}, ""method"": ""RANGE"", ""schema"": ""psfce-v4-matlab-adapter-v1""}",v1,0.6311023836797033,0.6258366772720606,0.5004940105367855,0.5702682616914496
Coauthor CS,2,GRAPH_GEOMETRY_8,,formal,,YACHT,"{""alpha"": 0.99, ""anchor_offset"": 2, ""kmeans_replicates"": 3, ""theta"": 0.4, ""walk_order"": 20}",ok,,18333,15,20,23.08550839999225,matlab,https://github.com/scu-kdde/YACHT.git,44cb0fc35b80ec17befa199879ac947fee15f464,2026-09-14,NOASSERTION,4bc00bcee601f952d26d16ba09581d349e4a5ef356814d98c7bc5b15ff2dcddb,62deb2b66b54ab18491847bd2cca81e375344bea0ab840d0da429a98100a165b,False,results\cache\official_baselines\YACHT\Coauthor_CS__pool2__b2a2bdd147981e49926afdf4f12e47388bbd32faa3ee856d77ced9bef134af3b.npz,"{""details"": {""alpha"": 0.99, ""anchor_offset"": 2, ""compatibility_patch"": ""paper walk order is parameterized; repository helper hard-codes 10"", ""entrypoint"": ""solve_YACHT"", ""input"": ""frozen_base_parts"", ""kmeans_replicates"": 3, ""theta"": 0.4, ""walk_order"": 20}, ""method"": ""YACHT"", ""schema"": ""psfce-v4-matlab-adapter-v1""}",v1,0.6125020454917363,0.6233780238681175,0.46732675025526865,0.5683273350045
Coauthor Physics,0,GRAPH_GEOMETRY_8,,formal,,CEHM,{},ok,,34493,5,20,14.764831299995421,matlab,https://github.com/FeijiangLi/Code-k-HyperEdge-Medoids-for-Clustering-Ensemble-AAAI.git,29c22fb18e05eed67728eebcb29cd7e9133723f7,2026-09-14,NOASSERTION,5890fc4f7208f5ad391a10e51011fe2ab9c28fb1ecc727975a409e71b1d4fffd,44136fa355b3678a1146ad16f7e8649e94fb4fc21fe77e8310c060f61caaff8a,False,results\cache\official_baselines\CEHM\Coauthor_Physics__pool0__687120e94fd1166936d39b2c6533fa2a72e282fbd4aab05cfc60bbe0dbb78e59.npz,"{""details"": {""entrypoint"": ""CEHM"", ""input"": ""frozen_base_parts"", ""variant"": ""published""}, ""method"": ""CEHM"", ""schema"": ""psfce-v4-matlab-adapter-v1""}",v1,0.8190937291624387,0.6385770412852932,0.6982641361174426,0.6687551648456614
Coauthor Physics,0,GRAPH_GEOMETRY_8,,formal,,RANGE,"{""alpha"": 0.8, ""anchor_offset"": 0, ""fuzzy_threshold"": 0.8, ""kmeans_replicates"": 3, ""lambda"": 0.1}",ok,,34493,5,20,14.305256699997699,matlab,https://github.com/middle258/RANGE.git,85d93c54d72d500034d05b5ef131bd90630a3632,2026-09-14,NOASSERTION,5890fc4f7208f5ad391a10e51011fe2ab9c28fb1ecc727975a409e71b1d4fffd,768290a1f1c2f63f8babf657f4e5e2b4da610a7bbda77136d410d91af83ab12a,False,results\cache\official_baselines\RANGE\Coauthor_Physics__pool0__28a84b987839bfd73d7d4d215b2d08ede855d0ef3512584cbc50bcf47b984069.npz,"{""details"": {""alpha"": 0.8, ""anchor_offset"": 0, ""entrypoint"": ""HFES+solve_RANGE"", ""fuzzy_threshold"": 0.8, ""input"": ""frozen_base_parts"", ""kmeans_replicates"": 3, ""lambda"": 0.1}, ""method"": ""RANGE"", ""schema"": ""psfce-v4-matlab-adapter-v1""}",v1,0.7760705070594034,0.5934393192510236,0.6841192507693169,0.6565542944783406
Coauthor Physics,0,GRAPH_GEOMETRY_8,,formal,,YACHT,"{""alpha"": 0.99, ""anchor_offset"": 2, ""kmeans_replicates"": 3, ""theta"": 0.4, ""walk_order"": 20}",ok,,34493,5,20,23.08366860001115,matlab,https://github.com/scu-kdde/YACHT.git,44cb0fc35b80ec17befa199879ac947fee15f464,2026-09-14,NOASSERTION,5890fc4f7208f5ad391a10e51011fe2ab9c28fb1ecc727975a409e71b1d4fffd,62deb2b66b54ab18491847bd2cca81e375344bea0ab840d0da429a98100a165b,False,results\cache\official_baselines\YACHT\Coauthor_Physics__pool0__5fc64f8e099db3cb4f7548394bb6d6a855a6a0e770b1c8195746d9c5440c8c5a.npz,"{""details"": {""alpha"": 0.99, ""anchor_offset"": 2, ""compatibility_patch"": ""paper walk order is parameterized; repository helper hard-codes 10"", ""entrypoint"": ""solve_YACHT"", ""input"": ""frozen_base_parts"", ""kmeans_replicates"": 3, ""theta"": 0.4, ""walk_order"": 20}, ""method"": ""YACHT"", ""schema"": ""psfce-v4-matlab-adapter-v1""}",v1,0.5656510016525093,0.5223862099754553,0.4116189879504566,0.5717021986079613
Coauthor Physics,1,GRAPH_GEOMETRY_8,,formal,,CEHM,{},ok,,34493,5,20,15.032839500010596,matlab,https://github.com/FeijiangLi/Code-k-HyperEdge-Medoids-for-Clustering-Ensemble-AAAI.git,29c22fb18e05eed67728eebcb29cd7e9133723f7,2026-09-14,NOASSERTION,fbd153391b5f20b5b1a035b9b27119d06607e553240381dbf368db5e50a57bf0,44136fa355b3678a1146ad16f7e8649e94fb4fc21fe77e8310c060f61caaff8a,False,results\cache\official_baselines\CEHM\Coauthor_Physics__pool1__ecaecc61e52a754687f89039d297cba70dff5333ea34b8d2e09b32edd94f319d.npz,"{""details"": {""entrypoint"": ""CEHM"", ""input"": ""frozen_base_parts"", ""variant"": ""published""}, ""method"": ""CEHM"", ""schema"": ""psfce-v4-matlab-adapter-v1""}",v1,0.8218769025599397,0.6430854681845792,0.7030823332129303,0.6710083370917391
Coauthor Physics,1,GRAPH_GEOMETRY_8,,formal,,RANGE,"{""alpha"": 0.8, ""anchor_offset"": 0, ""fuzzy_threshold"": 0.8, ""kmeans_replicates"": 3, ""lambda"": 0.1}",ok,,34493,5,20,13.775311799996416,matlab,https://github.com/middle258/RANGE.git,85d93c54d72d500034d05b5ef131bd90630a3632,2026-09-14,NOASSERTION,fbd153391b5f20b5b1a035b9b27119d06607e553240381dbf368db5e50a57bf0,768290a1f1c2f63f8babf657f4e5e2b4da610a7bbda77136d410d91af83ab12a,False,results\cache\official_baselines\RANGE\Coauthor_Physics__pool1__6f6768559a51d4898df8faa1203ed3f4e7fa0c3b7d4b7d467a6402d5d30286f4.npz,"{""details"": {""alpha"": 0.8, ""anchor_offset"": 0, ""entrypoint"": ""HFES+solve_RANGE"", ""fuzzy_threshold"": 0.8, ""input"": ""frozen_base_parts"", ""kmeans_replicates"": 3, ""lambda"": 0.1}, ""method"": ""RANGE"", ""schema"": ""psfce-v4-matlab-adapter-v1""}",v1,0.6309975937146668,0.527819087532423,0.4380832753367633,0.6024754899920141
Coauthor Physics,1,GRAPH_GEOMETRY_8,,formal,,YACHT,"{""alpha"": 0.99, ""anchor_offset"": 2, ""kmeans_replicates"": 3, ""theta"": 0.4, ""walk_order"": 20}",ok,,34493,5,20,23.089345200001844,matlab,https://github.com/scu-kdde/YACHT.git,44cb0fc35b80ec17befa199879ac947fee15f464,2026-09-14,NOASSERTION,fbd153391b5f20b5b1a035b9b27119d06607e553240381dbf368db5e50a57bf0,62deb2b66b54ab18491847bd2cca81e375344bea0ab840d0da429a98100a165b,False,results\cache\official_baselines\YACHT\Coauthor_Physics__pool1__9271ddc64df97f0debd80128cc029c8d8767d7f248711d83692d806451ced265.npz,"{""details"": {""alpha"": 0.99, ""anchor_offset"": 2, ""compatibility_patch"": ""paper walk order is parameterized; repository helper hard-codes 10"", ""entrypoint"": ""solve_YACHT"", ""input"": ""frozen_base_parts"", ""kmeans_replicates"": 3, ""theta"": 0.4, ""walk_order"": 20}, ""method"": ""YACHT"", ""schema"": ""psfce-v4-matlab-adapter-v1""}",v1,0.5814223175716812,0.5290594751503023,0.42038833696178807,0.5548418087011829
Coauthor Physics,2,GRAPH_GEOMETRY_8,,formal,,CEHM,{},ok,,34493,5,20,13.389240899996366,matlab,https://github.com/FeijiangLi/Code-k-HyperEdge-Medoids-for-Clustering-Ensemble-AAAI.git,29c22fb18e05eed67728eebcb29cd7e9133723f7,2026-09-14,NOASSERTION,129f6cab75d88426e9f162e88d326bcf79514077b3948ed15ceef96c1fd4fb95,44136fa355b3678a1146ad16f7e8649e94fb4fc21fe77e8310c060f61caaff8a,False,results\cache\official_baselines\CEHM\Coauthor_Physics__pool2__78f75cf041cc40f8b286af5f82655740803e2f013f473881fce885c274e0b81b.npz,"{""details"": {""entrypoint"": ""CEHM"", ""input"": ""frozen_base_parts"", ""variant"": ""published""}, ""method"": ""CEHM"", ""schema"": ""psfce-v4-matlab-adapter-v1""}",v1,0.820746238367205,0.641887608634292,0.701131269908505,0.6702621193459379
Coauthor Physics,2,GRAPH_GEOMETRY_8,,formal,,RANGE,"{""alpha"": 0.8, ""anchor_offset"": 0, ""fuzzy_threshold"": 0.8, ""kmeans_replicates"": 3, ""lambda"": 0.1}",ok,,34493,5,20,15.57453459998942,matlab,https://github.com/middle258/RANGE.git,85d93c54d72d500034d05b5ef131bd90630a3632,2026-09-14,NOASSERTION,129f6cab75d88426e9f162e88d326bcf79514077b3948ed15ceef96c1fd4fb95,768290a1f1c2f63f8babf657f4e5e2b4da610a7bbda77136d410d91af83ab12a,False,results\cache\official_baselines\RANGE\Coauthor_Physics__pool2__d9bd4571e775e7aab3fc15f051b2d01a89d49dbdbcfde198a641442093318e2a.npz,"{""details"": {""alpha"": 0.8, ""anchor_offset"": 0, ""entrypoint"": ""HFES+solve_RANGE"", ""fuzzy_threshold"": 0.8, ""input"": ""frozen_base_parts"", ""kmeans_replicates"": 3, ""lambda"": 0.1}, ""method"": ""RANGE"", ""schema"": ""psfce-v4-matlab-adapter-v1""}",v1,0.7763604209549764,0.5945783004902274,0.6857534629397732,0.6562452893433658
Coauthor Physics,2,GRAPH_GEOMETRY_8,,formal,,YACHT,"{""alpha"": 0.99, ""anchor_offset"": 2, ""kmeans_replicates"": 3, ""theta"": 0.4, ""walk_order"": 20}",ok,,34493,5,20,22.048961299995426,matlab,https://github.com/scu-kdde/YACHT.git,44cb0fc35b80ec17befa199879ac947fee15f464,2026-09-14,NOASSERTION,129f6cab75d88426e9f162e88d326bcf79514077b3948ed15ceef96c1fd4fb95,62deb2b66b54ab18491847bd2cca81e375344bea0ab840d0da429a98100a165b,False,results\cache\official_baselines\YACHT\Coauthor_Physics__pool2__a9cbd2473406546bd42ae1648ea994d4add600953e299132ca1535f9c22a88ee.npz,"{""details"": {""alpha"": 0.99, ""anchor_offset"": 2, ""compatibility_patch"": ""paper walk order is parameterized; repository helper hard-codes 10"", ""entrypoint"": ""solve_YACHT"", ""input"": ""frozen_base_parts"", ""kmeans_replicates"": 3, ""theta"": 0.4, ""walk_order"": 20}, ""method"": ""YACHT"", ""schema"": ""psfce-v4-matlab-adapter-v1""}",v1,0.5587510509378715,0.521286627440549,0.41135867827836603,0.537421381192251
Cora,0,CONTENT_RELATION_8,,formal,,CEHM,{},ok,,2708,7,20,13.468924500004505,matlab,https://github.com/FeijiangLi/Code-k-HyperEdge-Medoids-for-Clustering-Ensemble-AAAI.git,29c22fb18e05eed67728eebcb29cd7e9133723f7,2026-09-14,NOASSERTION,64915423bd212e2e8e0cce2ac479a514d046bd8325b25f97f5d09b107215ac8d,44136fa355b3678a1146ad16f7e8649e94fb4fc21fe77e8310c060f61caaff8a,False,results\cache\official_baselines\CEHM\Cora__pool0__91e63c88e6a2b642d9a16849797eea4a377a2bd9ee5c1ca06f24477a2c8e5e6b.npz,"{""details"": {""entrypoint"": ""CEHM"", ""input"": ""frozen_base_parts"", ""variant"": ""published""}, ""method"": ""CEHM"", ""schema"": ""psfce-v4-matlab-adapter-v1""}",v1,0.48707533234859673,0.3563883781140101,0.2559485273794477,0.3550810778802663
Cora,0,CONTENT_RELATION_8,,formal,,RANGE,"{""alpha"": 0.8, ""anchor_offset"": 0, ""fuzzy_threshold"": 0.8, ""kmeans_replicates"": 3, ""lambda"": 0.1}",ok,,2708,7,20,12.7509146000084,matlab,https://github.com/middle258/RANGE.git,85d93c54d72d500034d05b5ef131bd90630a3632,2026-09-14,NOASSERTION,64915423bd212e2e8e0cce2ac479a514d046bd8325b25f97f5d09b107215ac8d,768290a1f1c2f63f8babf657f4e5e2b4da610a7bbda77136d410d91af83ab12a,False,results\cache\official_baselines\RANGE\Cora__pool0__5dd56f8ebc294fa43842c2c00b9c6b3c1c4253a2f16a27073b46f96f4f17380f.npz,"{""details"": {""alpha"": 0.8, ""anchor_offset"": 0, ""entrypoint"": ""HFES+solve_RANGE"", ""fuzzy_threshold"": 0.8, ""input"": ""frozen_base_parts"", ""kmeans_replicates"": 3, ""lambda"": 0.1}, ""method"": ""RANGE"", ""schema"": ""psfce-v4-matlab-adapter-v1""}",v1,0.5668389955686853,0.40221403701441527,0.34495900009731223,0.5306545120242152
Cora,0,CONTENT_RELATION_8,,formal,,YACHT,"{""alpha"": 0.99, ""anchor_offset"": 2, ""kmeans_replicates"": 3, ""theta"": 0.4, ""walk_order"": 20}",ok,,2708,7,20,13.087355399999069,matlab,https://github.com/scu-kdde/YACHT.git,44cb0fc35b80ec17befa199879ac947fee15f464,2026-09-14,NOASSERTION,64915423bd212e2e8e0cce2ac479a514d046bd8325b25f97f5d09b107215ac8d,62deb2b66b54ab18491847bd2cca81e375344bea0ab840d0da429a98100a165b,False,results\cache\official_baselines\YACHT\Cora__pool0__f7eff12e409160415859a34cdafccde2e464a89601881fd55ff3f9e9d6b7bfd2.npz,"{""details"": {""alpha"": 0.99, ""anchor_offset"": 2, ""compatibility_patch"": ""paper walk order is parameterized; repository helper hard-codes 10"", ""entrypoint"": ""solve_YACHT"", ""input"": ""frozen_base_parts"", ""kmeans_replicates"": 3, ""theta"": 0.4, ""walk_order"": 20}, ""method"": ""YACHT"", ""schema"": ""psfce-v4-matlab-adapter-v1""}",v1,0.5941654357459379,0.39042987700498666,0.33124933317337923,0.5552640667690335
Cora,1,CONTENT_RELATION_8,,formal,,CEHM,{},ok,,2708,7,20,13.769884199995431,matlab,https://github.com/FeijiangLi/Code-k-HyperEdge-Medoids-for-Clustering-Ensemble-AAAI.git,29c22fb18e05eed67728eebcb29cd7e9133723f7,2026-09-14,NOASSERTION,ac139c106d43630572a04a27d494373acc22ff87010f068321c0881b4de63309,44136fa355b3678a1146ad16f7e8649e94fb4fc21fe77e8310c060f61caaff8a,False,results\cache\official_baselines\CEHM\Cora__pool1__5eebc6b5dbca689ede1520648e71dc18838476abb6eb38a47362adf449858fba.npz,"{""details"": {""entrypoint"": ""CEHM"", ""input"": ""frozen_base_parts"", ""variant"": ""published""}, ""method"": ""CEHM"", ""schema"": ""psfce-v4-matlab-adapter-v1""}",v1,0.4848596750369276,0.3550993428317096,0.24236110981303557,0.36003312848956526
Cora,1,CONTENT_RELATION_8,,formal,,RANGE,"{""alpha"": 0.8, ""anchor_offset"": 0, ""fuzzy_threshold"": 0.8, ""kmeans_replicates"": 3, ""lambda"": 0.1}",ok,,2708,7,20,12.873487799995928,matlab,https://github.com/middle258/RANGE.git,85d93c54d72d500034d05b5ef131bd90630a3632,2026-09-14,NOASSERTION,ac139c106d43630572a04a27d494373acc22ff87010f068321c0881b4de63309,768290a1f1c2f63f8babf657f4e5e2b4da610a7bbda77136d410d91af83ab12a,False,results\cache\official_baselines\RANGE\Cora__pool1__0997c64622b570f991fc8573ba33ed0fe9250008e8bee54f7fc07d3513ec4c2a.npz,"{""details"": {""alpha"": 0.8, ""anchor_offset"": 0, ""entrypoint"": ""HFES+solve_RANGE"", ""fuzzy_threshold"": 0.8, ""input"": ""frozen_base_parts"", ""kmeans_replicates"": 3, ""lambda"": 0.1}, ""method"": ""RANGE"", ""schema"": ""psfce-v4-matlab-adapter-v1""}",v1,0.55096011816839,0.3599277715413409,0.3075959026659387,0.5230051202052515
Cora,1,CONTENT_RELATION_8,,formal,,YACHT,"{""alpha"": 0.99, ""anchor_offset"": 2, ""kmeans_replicates"": 3, ""theta"": 0.4, ""walk_order"": 20}",ok,,2708,7,20,13.437543599997298,matlab,https://github.com/scu-kdde/YACHT.git,44cb0fc35b80ec17befa199879ac947fee15f464,2026-09-14,NOASSERTION,ac139c106d43630572a04a27d494373acc22ff87010f068321c0881b4de63309,62deb2b66b54ab18491847bd2cca81e375344bea0ab840d0da429a98100a165b,False,results\cache\official_baselines\YACHT\Cora__pool1__48c71d3e78657fb292b13d1102c63f38e4496a49488a745748603da1b2320037.npz,"{""details"": {""alpha"": 0.99, ""anchor_offset"": 2, ""compatibility_patch"": ""paper walk order is parameterized; repository helper hard-codes 10"", ""entrypoint"": ""solve_YACHT"", ""input"": ""frozen_base_parts"", ""kmeans_replicates"": 3, ""theta"": 0.4, ""walk_order"": 20}, ""method"": ""YACHT"", ""schema"": ""psfce-v4-matlab-adapter-v1""}",v1,0.5240029542097489,0.37101881395575426,0.3048550475044516,0.4791501012153749
Cora,2,CONTENT_RELATION_8,,formal,,CEHM,{},ok,,2708,7,20,12.050826500009862,matlab,https://github.com/FeijiangLi/Code-k-HyperEdge-Medoids-for-Clustering-Ensemble-AAAI.git,29c22fb18e05eed67728eebcb29cd7e9133723f7,2026-09-14,NOASSERTION,0c50a57e5b2840ff3dc5e8b3fc62a1fb8c4503b4521446970ae9e3451382aeea,44136fa355b3678a1146ad16f7e8649e94fb4fc21fe77e8310c060f61caaff8a,False,results\cache\official_baselines\CEHM\Cora__pool2__57e552fde2e233d10bab23bc332310c2ac01928409dcc803017dc8ce8eb384b2.npz,"{""details"": {""entrypoint"": ""CEHM"", ""input"": ""frozen_base_parts"", ""variant"": ""published""}, ""method"": ""CEHM"", ""schema"": ""psfce-v4-matlab-adapter-v1""}",v1,0.3020679468242245,0.0,0.0,0.06628312130297383
Cora,2,CONTENT_RELATION_8,,formal,,RANGE,"{""alpha"": 0.8, ""anchor_offset"": 0, ""fuzzy_threshold"": 0.8, ""kmeans_replicates"": 3, ""lambda"": 0.1}",ok,,2708,7,20,12.74125279999862,matlab,https://github.com/middle258/RANGE.git,85d93c54d72d500034d05b5ef131bd90630a3632,2026-09-14,NOASSERTION,0c50a57e5b2840ff3dc5e8b3fc62a1fb8c4503b4521446970ae9e3451382aeea,768290a1f1c2f63f8babf657f4e5e2b4da610a7bbda77136d410d91af83ab12a,False,results\cache\official_baselines\RANGE\Cora__pool2__663d1e2db358d59b7cb63647b67f8dbf9785921cb7b328762f98c1e1fa8772ae.npz,"{""details"": {""alpha"": 0.8, ""anchor_offset"": 0, ""entrypoint"": ""HFES+solve_RANGE"", ""fuzzy_threshold"": 0.8, ""input"": ""frozen_base_parts"", ""kmeans_replicates"": 3, ""lambda"": 0.1}, ""method"": ""RANGE"", ""schema"": ""psfce-v4-matlab-adapter-v1""}",v1,0.5299113737075333,0.3934215702081177,0.3158033123461592,0.4902229788599186
Cora,2,CONTENT_RELATION_8,,formal,,YACHT,"{""alpha"": 0.99, ""anchor_offset"": 2, ""kmeans_replicates"": 3, ""theta"": 0.4, ""walk_order"": 20}",ok,,2708,7,20,17.508237499991083,matlab,https://github.com/scu-kdde/YACHT.git,44cb0fc35b80ec17befa199879ac947fee15f464,2026-09-14,NOASSERTION,0c50a57e5b2840ff3dc5e8b3fc62a1fb8c4503b4521446970ae9e3451382aeea,62deb2b66b54ab18491847bd2cca81e375344bea0ab840d0da429a98100a165b,False,results\cache\official_baselines\YACHT\Cora__pool2__0ff0531f2a5c1a1e66b9855fafd3a638efe7c0fa2768e4577804331a71109398.npz,"{""details"": {""alpha"": 0.99, ""anchor_offset"": 2, ""compatibility_patch"": ""paper walk order is parameterized; repository helper hard-codes 10"", ""entrypoint"": ""solve_YACHT"", ""input"": ""frozen_base_parts"", ""kmeans_replicates"": 3, ""theta"": 0.4, ""walk_order"": 20}, ""method"": ""YACHT"", ""schema"": ""psfce-v4-matlab-adapter-v1""}",v1,0.49593796159527326,0.3545800333681708,0.275691277091001,0.4460526245700585
CoraFull,0,GRAPH_GEOMETRY_8,,formal,,CEHM,{},ok,,19793,70,20,56.009464399990975,matlab,https://github.com/FeijiangLi/Code-k-HyperEdge-Medoids-for-Clustering-Ensemble-AAAI.git,29c22fb18e05eed67728eebcb29cd7e9133723f7,2026-09-14,NOASSERTION,03e1be76bc4ac2a413427a39622f831e57cb7c62a49b14e706adea9a382b2f54,44136fa355b3678a1146ad16f7e8649e94fb4fc21fe77e8310c060f61caaff8a,False,results\cache\official_baselines\CEHM\CoraFull__pool0__21ce6cc116b62312d5b2badbd08049eb1499f1e029d0c18cd98fa5e484f919f9.npz,"{""details"": {""entrypoint"": ""CEHM"", ""input"": ""frozen_base_parts"", ""variant"": ""published""}, ""method"": ""CEHM"", ""schema"": ""psfce-v4-matlab-adapter-v1""}",v1,0.337594098923862,0.48579017323012913,0.2113119465143962,0.21693772349350468
CoraFull,0,GRAPH_GEOMETRY_8,,formal,,RANGE,"{""alpha"": 0.8, ""anchor_offset"": 0, ""fuzzy_threshold"": 0.8, ""kmeans_replicates"": 3, ""lambda"": 0.1}",ok,,19793,70,20,64.10106610000366,matlab,https://github.com/middle258/RANGE.git,85d93c54d72d500034d05b5ef131bd90630a3632,2026-09-14,NOASSERTION,03e1be76bc4ac2a413427a39622f831e57cb7c62a49b14e706adea9a382b2f54,768290a1f1c2f63f8babf657f4e5e2b4da610a7bbda77136d410d91af83ab12a,False,results\cache\official_baselines\RANGE\CoraFull__pool0__68f7d49c4c2d8ecf702e9b9b1d8889b556cf917087565a29d98b893f9067cfb6.npz,"{""details"": {""alpha"": 0.8, ""anchor_offset"": 0, ""entrypoint"": ""HFES+solve_RANGE"", ""fuzzy_threshold"": 0.8, ""input"": ""frozen_base_parts"", ""kmeans_replicates"": 3, ""lambda"": 0.1}, ""method"": ""RANGE"", ""schema"": ""psfce-v4-matlab-adapter-v1""}",v1,0.2965189713535088,0.47262280561834163,0.19308634478029982,0.2437499929441569
CoraFull,0,GRAPH_GEOMETRY_8,,formal,,YACHT,"{""alpha"": 0.99, ""anchor_offset"": 2, ""kmeans_replicates"": 3, ""theta"": 0.4, ""walk_order"": 20}",ok,,19793,70,20,74.71524790000694,matlab,https://github.com/scu-kdde/YACHT.git,44cb0fc35b80ec17befa199879ac947fee15f464,2026-09-14,NOASSERTION,03e1be76bc4ac2a413427a39622f831e57cb7c62a49b14e706adea9a382b2f54,62deb2b66b54ab18491847bd2cca81e375344bea0ab840d0da429a98100a165b,False,results\cache\official_baselines\YACHT\CoraFull__pool0__62e1d1d753f598d0fc3e52ecb2bb197fc7cd7c6d9118e4bdca8788aa7fe25fcb.npz,"{""details"": {""alpha"": 0.99, ""anchor_offset"": 2, ""compatibility_patch"": ""paper walk order is parameterized; repository helper hard-codes 10"", ""entrypoint"": ""solve_YACHT"", ""input"": ""frozen_base_parts"", ""kmeans_replicates"": 3, ""theta"": 0.4, ""walk_order"": 20}, ""method"": ""YACHT"", ""schema"": ""psfce-v4-matlab-adapter-v1""}",v1,0.30763401202445306,0.4776726623709526,0.20030341954329203,0.2578161649907865
CoraFull,1,GRAPH_GEOMETRY_8,,formal,,CEHM,{},ok,,19793,70,20,58.812551600000006,matlab,https://github.com/FeijiangLi/Code-k-HyperEdge-Medoids-for-Clustering-Ensemble-AAAI.git,29c22fb18e05eed67728eebcb29cd7e9133723f7,2026-09-14,NOASSERTION,91a9b625e7275d3a916782d2ba275cb81e64ef6bf1bd73cc19cc749c4cba02f4,44136fa355b3678a1146ad16f7e8649e94fb4fc21fe77e8310c060f61caaff8a,False,results\cache\official_baselines\CEHM\CoraFull__pool1__346429bd790d37a9ac19bce6329967f36cc51cadbe9b38edbf07ae260e658ad5.npz,"{""details"": {""entrypoint"": ""CEHM"", ""input"": ""frozen_base_parts"", ""variant"": ""published""}, ""method"": ""CEHM"", ""schema"": ""psfce-v4-matlab-adapter-v1""}",v1,0.3340069721618754,0.4845357642056136,0.21965617082645555,0.21201613891451923
CoraFull,1,GRAPH_GEOMETRY_8,,formal,,RANGE,"{""alpha"": 0.8, ""anchor_offset"": 0, ""fuzzy_threshold"": 0.8, ""kmeans_replicates"": 3, ""lambda"": 0.1}",ok,,19793,70,20,66.78738619999785,matlab,https://github.com/middle258/RANGE.git,85d93c54d72d500034d05b5ef131bd90630a3632,2026-09-14,NOASSERTION,91a9b625e7275d3a916782d2ba275cb81e64ef6bf1bd73cc19cc749c4cba02f4,768290a1f1c2f63f8babf657f4e5e2b4da610a7bbda77136d410d91af83ab12a,False,results\cache\official_baselines\RANGE\CoraFull__pool1__bbc3fb02b734670583ba9bde8b1811598a0a7dd8fb87fb0d5b28d35b65ca4cbe.npz,"{""details"": {""alpha"": 0.8, ""anchor_offset"": 0, ""entrypoint"": ""HFES+solve_RANGE"", ""fuzzy_threshold"": 0.8, ""input"": ""frozen_base_parts"", ""kmeans_replicates"": 3, ""lambda"": 0.1}, ""method"": ""RANGE"", ""schema"": ""psfce-v4-matlab-adapter-v1""}",v1,0.3058151871873895,0.4697619314357956,0.19688569667700437,0.24215403380582692
CoraFull,1,GRAPH_GEOMETRY_8,,formal,,YACHT,"{""alpha"": 0.99, ""anchor_offset"": 2, ""kmeans_replicates"": 3, ""theta"": 0.4, ""walk_order"": 20}",ok,,19793,70,20,77.75520820000384,matlab,https://github.com/scu-kdde/YACHT.git,44cb0fc35b80ec17befa199879ac947fee15f464,2026-09-14,NOASSERTION,91a9b625e7275d3a916782d2ba275cb81e64ef6bf1bd73cc19cc749c4cba02f4,62deb2b66b54ab18491847bd2cca81e375344bea0ab840d0da429a98100a165b,False,results\cache\official_baselines\YACHT\CoraFull__pool1__8a849f2108a9baa181cff158d08d87928740a8e31abfb177ae3efbfffbc0f69d.npz,"{""details"": {""alpha"": 0.99, ""anchor_offset"": 2, ""compatibility_patch"": ""paper walk order is parameterized; repository helper hard-codes 10"", ""entrypoint"": ""solve_YACHT"", ""input"": ""frozen_base_parts"", ""kmeans_replicates"": 3, ""theta"": 0.4, ""walk_order"": 20}, ""method"": ""YACHT"", ""schema"": ""psfce-v4-matlab-adapter-v1""}",v1,0.3149093113727075,0.4665201715609807,0.20019818041085333,0.2610739504603901
CoraFull,2,GRAPH_GEOMETRY_8,,formal,,CEHM,{},ok,,19793,70,20,52.01540390000446,matlab,https://github.com/FeijiangLi/Code-k-HyperEdge-Medoids-for-Clustering-Ensemble-AAAI.git,29c22fb18e05eed67728eebcb29cd7e9133723f7,2026-09-14,NOASSERTION,93f7eb385ba849599d9df4b00a75b7520c7db41b9234d56263a1831dce1be5b7,44136fa355b3678a1146ad16f7e8649e94fb4fc21fe77e8310c060f61caaff8a,False,results\cache\official_baselines\CEHM\CoraFull__pool2__043ae871185b10cae7cf7abb8fed799449a8f0f8dc18ef9a6514000e49615f94.npz,"{""details"": {""entrypoint"": ""CEHM"", ""input"": ""frozen_base_parts"", ""variant"": ""published""}, ""method"": ""CEHM"", ""schema"": ""psfce-v4-matlab-adapter-v1""}",v1,0.3305714141363108,0.48582535798547516,0.21775539668120453,0.20782411331524492
CoraFull,2,GRAPH_GEOMETRY_8,,formal,,RANGE,"{""alpha"": 0.8, ""anchor_offset"": 0, ""fuzzy_threshold"": 0.8, ""kmeans_replicates"": 3, ""lambda"": 0.1}",ok,,19793,70,20,66.08787309999752,matlab,https://github.com/middle258/RANGE.git,85d93c54d72d500034d05b5ef131bd90630a3632,2026-09-14,NOASSERTION,93f7eb385ba849599d9df4b00a75b7520c7db41b9234d56263a1831dce1be5b7,768290a1f1c2f63f8babf657f4e5e2b4da610a7bbda77136d410d91af83ab12a,False,results\cache\official_baselines\RANGE\CoraFull__pool2__c8d7a9eba5f6d448b562730c4eedee04c5ff4ab07c5f13e91318cad13da5f3e4.npz,"{""details"": {""alpha"": 0.8, ""anchor_offset"": 0, ""entrypoint"": ""HFES+solve_RANGE"", ""fuzzy_threshold"": 0.8, ""input"": ""frozen_base_parts"", ""kmeans_replicates"": 3, ""lambda"": 0.1}, ""method"": ""RANGE"", ""schema"": ""psfce-v4-matlab-adapter-v1""}",v1,0.2933865508007882,0.4643162659894632,0.18335318091051092,0.24544526964640367
CoraFull,2,GRAPH_GEOMETRY_8,,formal,,YACHT,"{""alpha"": 0.99, ""anchor_offset"": 2, ""kmeans_replicates"": 3, ""theta"": 0.4, ""walk_order"": 20}",ok,,19793,70,20,78.501239300007,matlab,https://github.com/scu-kdde/YACHT.git,44cb0fc35b80ec17befa199879ac947fee15f464,2026-09-14,NOASSERTION,93f7eb385ba849599d9df4b00a75b7520c7db41b9234d56263a1831dce1be5b7,62deb2b66b54ab18491847bd2cca81e375344bea0ab840d0da429a98100a165b,False,results\cache\official_baselines\YACHT\CoraFull__pool2__b623218409a0b7c993e9dc4f4481462b46ab2c7418eb84d02c4d76586c8628eb.npz,"{""details"": {""alpha"": 0.99, ""anchor_offset"": 2, ""compatibility_patch"": ""paper walk order is parameterized; repository helper hard-codes 10"", ""entrypoint"": ""solve_YACHT"", ""input"": ""frozen_base_parts"", ""kmeans_replicates"": 3, ""theta"": 0.4, ""walk_order"": 20}, ""method"": ""YACHT"", ""schema"": ""psfce-v4-matlab-adapter-v1""}",v1,0.32198251907239933,0.4707151705359051,0.20691317949360205,0.27054859261086767
DBLP,0,MULTI_RELATION_7,,formal,,CEHM,{},ok,,4057,4,20,16.525495499998215,matlab,https://github.com/FeijiangLi/Code-k-HyperEdge-Medoids-for-Clustering-Ensemble-AAAI.git,29c22fb18e05eed67728eebcb29cd7e9133723f7,2026-09-14,NOASSERTION,960b8b211bb361d665957f8462fbcf69e2c09e520e9a234522f54b3393a52eab,44136fa355b3678a1146ad16f7e8649e94fb4fc21fe77e8310c060f61caaff8a,False,results\cache\official_baselines\CEHM\DBLP__pool0__2706f81f93f43b122b17da401b0472812178ce4efb08fb38118eeb6b38fcb769.npz,"{""details"": {""entrypoint"": ""CEHM"", ""input"": ""frozen_base_parts"", ""variant"": ""published""}, ""method"": ""CEHM"", ""schema"": ""psfce-v4-matlab-adapter-v1""}",v1,0.29504560019719006,0.0,0.0,0.11391320898363153
DBLP,0,MULTI_RELATION_7,,formal,,RANGE,"{""alpha"": 0.8, ""anchor_offset"": 0, ""fuzzy_threshold"": 0.8, ""kmeans_replicates"": 3, ""lambda"": 0.1}",ok,,4057,4,20,13.751367899996694,matlab,https://github.com/middle258/RANGE.git,85d93c54d72d500034d05b5ef131bd90630a3632,2026-09-14,NOASSERTION,960b8b211bb361d665957f8462fbcf69e2c09e520e9a234522f54b3393a52eab,768290a1f1c2f63f8babf657f4e5e2b4da610a7bbda77136d410d91af83ab12a,False,results\cache\official_baselines\RANGE\DBLP__pool0__bd63327f71382f073fa88432f09ed544618f6b0efd80b0e29209c757817d6f6e.npz,"{""details"": {""alpha"": 0.8, ""anchor_offset"": 0, ""entrypoint"": ""HFES+solve_RANGE"", ""fuzzy_threshold"": 0.8, ""input"": ""frozen_base_parts"", ""kmeans_replicates"": 3, ""lambda"": 0.1}, ""method"": ""RANGE"", ""schema"": ""psfce-v4-matlab-adapter-v1""}",v1,0.8456987922109933,0.5967676416199499,0.6457216300614474,0.8402032660216374
DBLP,0,MULTI_RELATION_7,,formal,,YACHT,"{""alpha"": 0.99, ""anchor_offset"": 2, ""kmeans_replicates"": 3, ""theta"": 0.4, ""walk_order"": 20}",ok,,4057,4,20,14.404624299990246,matlab,https://github.com/scu-kdde/YACHT.git,44cb0fc35b80ec17befa199879ac947fee15f464,2026-09-14,NOASSERTION,960b8b211bb361d665957f8462fbcf69e2c09e520e9a234522f54b3393a52eab,62deb2b66b54ab18491847bd2cca81e375344bea0ab840d0da429a98100a165b,False,results\cache\official_baselines\YACHT\DBLP__pool0__0123b70dc83cc9067581826fcc323c4471915eee8f230a17df727da34c37a395.npz,"{""details"": {""alpha"": 0.99, ""anchor_offset"": 2, ""compatibility_patch"": ""paper walk order is parameterized; repository helper hard-codes 10"", ""entrypoint"": ""solve_YACHT"", ""input"": ""frozen_base_parts"", ""kmeans_replicates"": 3, ""theta"": 0.4, ""walk_order"": 20}, ""method"": ""YACHT"", ""schema"": ""psfce-v4-matlab-adapter-v1""}",v1,0.43751540547202367,0.17897140020107205,0.14916742007941677,0.4211833099661583
DBLP,1,MULTI_RELATION_7,,formal,,CEHM,{},ok,,4057,4,20,13.569914000006975,matlab,https://github.com/FeijiangLi/Code-k-HyperEdge-Medoids-for-Clustering-Ensemble-AAAI.git,29c22fb18e05eed67728eebcb29cd7e9133723f7,2026-09-14,NOASSERTION,7a060e9c94280370cc66e2e5565d7c6cad169b5439c41c88bbbde553d5be09b3,44136fa355b3678a1146ad16f7e8649e94fb4fc21fe77e8310c060f61caaff8a,False,results\cache\official_baselines\CEHM\DBLP__pool1__1717d35da43a929f40ca2960d17853cec991445b8740d850eabbbe2c84683ee1.npz,"{""details"": {""entrypoint"": ""CEHM"", ""input"": ""frozen_base_parts"", ""variant"": ""published""}, ""method"": ""CEHM"", ""schema"": ""psfce-v4-matlab-adapter-v1""}",v1,0.29504560019719006,0.0,0.0,0.11391320898363153
DBLP,1,MULTI_RELATION_7,,formal,,RANGE,"{""alpha"": 0.8, ""anchor_offset"": 0, ""fuzzy_threshold"": 0.8, ""kmeans_replicates"": 3, ""lambda"": 0.1}",ok,,4057,4,20,13.628484300003038,matlab,https://github.com/middle258/RANGE.git,85d93c54d72d500034d05b5ef131bd90630a3632,2026-09-14,NOASSERTION,7a060e9c94280370cc66e2e5565d7c6cad169b5439c41c88bbbde553d5be09b3,768290a1f1c2f63f8babf657f4e5e2b4da610a7bbda77136d410d91af83ab12a,False,results\cache\official_baselines\RANGE\DBLP__pool1__c5a910d558dce286674bc0f569f0579f69a40a41d08b7e46461b92252ea06928.npz,"{""details"": {""alpha"": 0.8, ""anchor_offset"": 0, ""entrypoint"": ""HFES+solve_RANGE"", ""fuzzy_threshold"": 0.8, ""input"": ""frozen_base_parts"", ""kmeans_replicates"": 3, ""lambda"": 0.1}, ""method"": ""RANGE"", ""schema"": ""psfce-v4-matlab-adapter-v1""}",v1,0.819078136554104,0.5629280015526665,0.6010673523358837,0.8123106248259262
DBLP,1,MULTI_RELATION_7,,formal,,YACHT,"{""alpha"": 0.99, ""anchor_offset"": 2, ""kmeans_replicates"": 3, ""theta"": 0.4, ""walk_order"": 20}",ok,,4057,4,20,14.35176710000087,matlab,https://github.com/scu-kdde/YACHT.git,44cb0fc35b80ec17befa199879ac947fee15f464,2026-09-14,NOASSERTION,7a060e9c94280370cc66e2e5565d7c6cad169b5439c41c88bbbde553d5be09b3,62deb2b66b54ab18491847bd2cca81e375344bea0ab840d0da429a98100a165b,False,results\cache\official_baselines\YACHT\DBLP__pool1__d251126bf96bad7a5d08c66e85a36111a5b4f5a86ec147d85775c48324ef3904.npz,"{""details"": {""alpha"": 0.99, ""anchor_offset"": 2, ""compatibility_patch"": ""paper walk order is parameterized; repository helper hard-codes 10"", ""entrypoint"": ""solve_YACHT"", ""input"": ""frozen_base_parts"", ""kmeans_replicates"": 3, ""theta"": 0.4, ""walk_order"": 20}, ""method"": ""YACHT"", ""schema"": ""psfce-v4-matlab-adapter-v1""}",v1,0.6088242543751541,0.34266352320003174,0.3330477192399677,0.5998117836770793
DBLP,2,MULTI_RELATION_7,,formal,,CEHM,{},ok,,4057,4,20,12.573874499998055,matlab,https://github.com/FeijiangLi/Code-k-HyperEdge-Medoids-for-Clustering-Ensemble-AAAI.git,29c22fb18e05eed67728eebcb29cd7e9133723f7,2026-09-14,NOASSERTION,e7f463cc0337b060346f006e1604bda79d7b2d8c6b4df05fdea5528b141e6fea,44136fa355b3678a1146ad16f7e8649e94fb4fc21fe77e8310c060f61caaff8a,False,results\cache\official_baselines\CEHM\DBLP__pool2__fce47e0cf98a584ba83f438ef41ded4e42f365544b323a37a9a8d67a7a447bf5.npz,"{""details"": {""entrypoint"": ""CEHM"", ""input"": ""frozen_base_parts"", ""variant"": ""published""}, ""method"": ""CEHM"", ""schema"": ""psfce-v4-matlab-adapter-v1""}",v1,0.29504560019719006,0.0,0.0,0.11391320898363153
DBLP,2,MULTI_RELATION_7,,formal,,RANGE,"{""alpha"": 0.8, ""anchor_offset"": 0, ""fuzzy_threshold"": 0.8, ""kmeans_replicates"": 3, ""lambda"": 0.1}",ok,,4057,4,20,13.807238599998527,matlab,https://github.com/middle258/RANGE.git,85d93c54d72d500034d05b5ef131bd90630a3632,2026-09-14,NOASSERTION,e7f463cc0337b060346f006e1604bda79d7b2d8c6b4df05fdea5528b141e6fea,768290a1f1c2f63f8babf657f4e5e2b4da610a7bbda77136d410d91af83ab12a,False,results\cache\official_baselines\RANGE\DBLP__pool2__5afd29fa91d016712b964b4494bcdd59035afbc708eb9dd2f0f01494da38c438.npz,"{""details"": {""alpha"": 0.8, ""anchor_offset"": 0, ""entrypoint"": ""HFES+solve_RANGE"", ""fuzzy_threshold"": 0.8, ""input"": ""frozen_base_parts"", ""kmeans_replicates"": 3, ""lambda"": 0.1}, ""method"": ""RANGE"", ""schema"": ""psfce-v4-matlab-adapter-v1""}",v1,0.8047818585161449,0.5467093269898018,0.5810036368603273,0.7960625639934881
DBLP,2,MULTI_RELATION_7,,formal,,YACHT,"{""alpha"": 0.99, ""anchor_offset"": 2, ""kmeans_replicates"": 3, ""theta"": 0.4, ""walk_order"": 20}",ok,,4057,4,20,14.329794600009336,matlab,https://github.com/scu-kdde/YACHT.git,44cb0fc35b80ec17befa199879ac947fee15f464,2026-09-14,NOASSERTION,e7f463cc0337b060346f006e1604bda79d7b2d8c6b4df05fdea5528b141e6fea,62deb2b66b54ab18491847bd2cca81e375344bea0ab840d0da429a98100a165b,False,results\cache\official_baselines\YACHT\DBLP__pool2__21802721d43a720883486a661353008ad892e59c05b4b249f97f6b193b756642.npz,"{""details"": {""alpha"": 0.99, ""anchor_offset"": 2, ""compatibility_patch"": ""paper walk order is parameterized; repository helper hard-codes 10"", ""entrypoint"": ""solve_YACHT"", ""input"": ""frozen_base_parts"", ""kmeans_replicates"": 3, ""theta"": 0.4, ""walk_order"": 20}, ""method"": ""YACHT"", ""schema"": ""psfce-v4-matlab-adapter-v1""}",v1,0.43184619176731576,0.16109180403331522,0.1366203158449949,0.42644992489508177
Extended Yale-B,0,NEW10,,formal,,CEHM,{},ok,,2414,38,20,15.017439999995986,matlab,https://github.com/FeijiangLi/Code-k-HyperEdge-Medoids-for-Clustering-Ensemble-AAAI.git,29c22fb18e05eed67728eebcb29cd7e9133723f7,2026-09-14,NOASSERTION,a1de59baa9b4d096af3be17bf729a428656a838ab8dbe84806050cb88fb72d41,44136fa355b3678a1146ad16f7e8649e94fb4fc21fe77e8310c060f61caaff8a,False,results\cache\official_baselines\CEHM\Extended_Yale-B__pool0__6d8a9aca843c5410ecc333cb5b1bea0834ba89620bac9cd235c8b74fb4d722c1.npz,"{""details"": {""entrypoint"": ""CEHM"", ""input"": ""frozen_base_parts"", ""variant"": ""published""}, ""method"": ""CEHM"", ""schema"": ""psfce-v4-matlab-adapter-v1""}",v1,0.09237779618889809,0.11708929676543643,0.013320892855685195,0.09238943924157084
Extended Yale-B,0,NEW10,,formal,,RANGE,"{""alpha"": 0.8, ""anchor_offset"": 0, ""fuzzy_threshold"": 0.8, ""kmeans_replicates"": 3, ""lambda"": 0.1}",ok,,2414,38,20,15.740270299997064,matlab,https://github.com/middle258/RANGE.git,85d93c54d72d500034d05b5ef131bd90630a3632,2026-09-14,NOASSERTION,a1de59baa9b4d096af3be17bf729a428656a838ab8dbe84806050cb88fb72d41,768290a1f1c2f63f8babf657f4e5e2b4da610a7bbda77136d410d91af83ab12a,False,results\cache\official_baselines\RANGE\Extended_Yale-B__pool0__b8e3d6da4b8bbe05e487cadc4987bdd84cd7a0e89681f0097c9553db4d7009d7.npz,"{""details"": {""alpha"": 0.8, ""anchor_offset"": 0, ""entrypoint"": ""HFES+solve_RANGE"", ""fuzzy_threshold"": 0.8, ""input"": ""frozen_base_parts"", ""kmeans_replicates"": 3, ""lambda"": 0.1}, ""method"": ""RANGE"", ""schema"": ""psfce-v4-matlab-adapter-v1""}",v1,0.0940347970173985,0.12730545147486205,0.016612028598901863,0.09816749967386218
Extended Yale-B,0,NEW10,,formal,,YACHT,"{""alpha"": 0.99, ""anchor_offset"": 2, ""kmeans_replicates"": 3, ""theta"": 0.4, ""walk_order"": 20}",ok,,2414,38,20,15.76183730000048,matlab,https://github.com/scu-kdde/YACHT.git,44cb0fc35b80ec17befa199879ac947fee15f464,2026-09-14,NOASSERTION,a1de59baa9b4d096af3be17bf729a428656a838ab8dbe84806050cb88fb72d41,62deb2b66b54ab18491847bd2cca81e375344bea0ab840d0da429a98100a165b,False,results\cache\official_baselines\YACHT\Extended_Yale-B__pool0__0e9202ef7fdcebdb003b54e05ab5840b384d37aba1f29ff0ed7a26dc62dde184.npz,"{""details"": {""alpha"": 0.99, ""anchor_offset"": 2, ""compatibility_patch"": ""paper walk order is parameterized; repository helper hard-codes 10"", ""entrypoint"": ""solve_YACHT"", ""input"": ""frozen_base_parts"", ""kmeans_replicates"": 3, ""theta"": 0.4, ""walk_order"": 20}, ""method"": ""YACHT"", ""schema"": ""psfce-v4-matlab-adapter-v1""}",v1,0.09652029826014913,0.12637444133672635,0.014414287420830715,0.09630243746551226
Extended Yale-B,1,NEW10,,formal,,CEHM,{},ok,,2414,38,20,14.822005099995295,matlab,https://github.com/FeijiangLi/Code-k-HyperEdge-Medoids-for-Clustering-Ensemble-AAAI.git,29c22fb18e05eed67728eebcb29cd7e9133723f7,2026-09-14,NOASSERTION,0ea3efae99ce2e9062c0856a27a10fb911890fea40c30c9e7c6e36dff03981fc,44136fa355b3678a1146ad16f7e8649e94fb4fc21fe77e8310c060f61caaff8a,False,results\cache\official_baselines\CEHM\Extended_Yale-B__pool1__782b61e8bee972509721b6a6504718361b1c413419ea2fce5fdb6737fcd174fa.npz,"{""details"": {""entrypoint"": ""CEHM"", ""input"": ""frozen_base_parts"", ""variant"": ""published""}, ""method"": ""CEHM"", ""schema"": ""psfce-v4-matlab-adapter-v1""}",v1,0.0936205468102734,0.1112481130570687,0.01183972845730593,0.09488027991024547
Extended Yale-B,1,NEW10,,formal,,RANGE,"{""alpha"": 0.8, ""anchor_offset"": 0, ""fuzzy_threshold"": 0.8, ""kmeans_replicates"": 3, ""lambda"": 0.1}",ok,,2414,38,20,16.981743299998925,matlab,https://github.com/middle258/RANGE.git,85d93c54d72d500034d05b5ef131bd90630a3632,2026-09-14,NOASSERTION,0ea3efae99ce2e9062c0856a27a10fb911890fea40c30c9e7c6e36dff03981fc,768290a1f1c2f63f8babf657f4e5e2b4da610a7bbda77136d410d91af83ab12a,False,results\cache\official_baselines\RANGE\Extended_Yale-B__pool1__e536b90b9985345ce8c37400f80701df3f2471c3f6725acaffa37299040ec64a.npz,"{""details"": {""alpha"": 0.8, ""anchor_offset"": 0, ""entrypoint"": ""HFES+solve_RANGE"", ""fuzzy_threshold"": 0.8, ""input"": ""frozen_base_parts"", ""kmeans_replicates"": 3, ""lambda"": 0.1}, ""method"": ""RANGE"", ""schema"": ""psfce-v4-matlab-adapter-v1""}",v1,0.09196354598177299,0.12400350052262915,0.013943275531121182,0.09437633578352397
Extended Yale-B,1,NEW10,,formal,,YACHT,"{""alpha"": 0.99, ""anchor_offset"": 2, ""kmeans_replicates"": 3, ""theta"": 0.4, ""walk_order"": 20}",ok,,2414,38,20,16.25315029999183,matlab,https://github.com/scu-kdde/YACHT.git,44cb0fc35b80ec17befa199879ac947fee15f464,2026-09-14,NOASSERTION,0ea3efae99ce2e9062c0856a27a10fb911890fea40c30c9e7c6e36dff03981fc,62deb2b66b54ab18491847bd2cca81e375344bea0ab840d0da429a98100a165b,False,results\cache\official_baselines\YACHT\Extended_Yale-B__pool1__83d11140957fa453b0c100cf2d000acca85c55d94dce68f87388d83baa9f6508.npz,"{""details"": {""alpha"": 0.99, ""anchor_offset"": 2, ""compatibility_patch"": ""paper walk order is parameterized; repository helper hard-codes 10"", ""entrypoint"": ""solve_YACHT"", ""input"": ""frozen_base_parts"", ""kmeans_replicates"": 3, ""theta"": 0.4, ""walk_order"": 20}, ""method"": ""YACHT"", ""schema"": ""psfce-v4-matlab-adapter-v1""}",v1,0.09693454846727423,0.12919237189297833,0.014137869376789717,0.10021238055990814
Extended Yale-B,2,NEW10,,formal,,CEHM,{},ok,,2414,38,20,14.259283299994422,matlab,https://github.com/FeijiangLi/Code-k-HyperEdge-Medoids-for-Clustering-Ensemble-AAAI.git,29c22fb18e05eed67728eebcb29cd7e9133723f7,2026-09-14,NOASSERTION,1653d1bb3c3cea74119745db5b8383b0033451dabfd4aead1074c94fd4503c5b,44136fa355b3678a1146ad16f7e8649e94fb4fc21fe77e8310c060f61caaff8a,False,results\cache\official_baselines\CEHM\Extended_Yale-B__pool2__986575ad385a71786d49161e5cfb31661a98a637af09508e72fb31b6293a70f5.npz,"{""details"": {""entrypoint"": ""CEHM"", ""input"": ""frozen_base_parts"", ""variant"": ""published""}, ""method"": ""CEHM"", ""schema"": ""psfce-v4-matlab-adapter-v1""}",v1,0.09527754763877382,0.11876031349028712,0.01471926664158731,0.09736930884843957
Extended Yale-B,2,NEW10,,formal,,RANGE,"{""alpha"": 0.8, ""anchor_offset"": 0, ""fuzzy_threshold"": 0.8, ""kmeans_replicates"": 3, ""lambda"": 0.1}",ok,,2414,38,20,16.73207430000184,matlab,https://github.com/middle258/RANGE.git,85d93c54d72d500034d05b5ef131bd90630a3632,2026-09-14,NOASSERTION,1653d1bb3c3cea74119745db5b8383b0033451dabfd4aead1074c94fd4503c5b,768290a1f1c2f63f8babf657f4e5e2b4da610a7bbda77136d410d91af83ab12a,False,results\cache\official_baselines\RANGE\Extended_Yale-B__pool2__19aa70ad1969923c097718df8d5c07c3ea219f43617595eaea87c402f0b617d3.npz,"{""details"": {""alpha"": 0.8, ""anchor_offset"": 0, ""entrypoint"": ""HFES+solve_RANGE"", ""fuzzy_threshold"": 0.8, ""input"": ""frozen_base_parts"", ""kmeans_replicates"": 3, ""lambda"": 0.1}, ""method"": ""RANGE"", ""schema"": ""psfce-v4-matlab-adapter-v1""}",v1,0.09113504556752279,0.11749882707191452,0.012295157126018046,0.0933315805898451
Extended Yale-B,2,NEW10,,formal,,YACHT,"{""alpha"": 0.99, ""anchor_offset"": 2, ""kmeans_replicates"": 3, ""theta"": 0.4, ""walk_order"": 20}",ok,,2414,38,20,16.15672659999109,matlab,https://github.com/scu-kdde/YACHT.git,44cb0fc35b80ec17befa199879ac947fee15f464,2026-09-14,NOASSERTION,1653d1bb3c3cea74119745db5b8383b0033451dabfd4aead1074c94fd4503c5b,62deb2b66b54ab18491847bd2cca81e375344bea0ab840d0da429a98100a165b,False,results\cache\official_baselines\YACHT\Extended_Yale-B__pool2__16cdaac52530f535de9e0789f8d80475c78e9304aff7125cc21066d886054b47.npz,"{""details"": {""alpha"": 0.99, ""anchor_offset"": 2, ""compatibility_patch"": ""paper walk order is parameterized; repository helper hard-codes 10"", ""entrypoint"": ""solve_YACHT"", ""input"": ""frozen_base_parts"", ""kmeans_replicates"": 3, ""theta"": 0.4, ""walk_order"": 20}, ""method"": ""YACHT"", ""schema"": ""psfce-v4-matlab-adapter-v1""}",v1,0.10687655343827672,0.13200459022386998,0.017114214071152763,0.11210046570786995
Handwritten,0,TEXT_MV,,formal,,CEHM,{},ok,,2000,10,20,13.735114800001611,matlab,https://github.com/FeijiangLi/Code-k-HyperEdge-Medoids-for-Clustering-Ensemble-AAAI.git,29c22fb18e05eed67728eebcb29cd7e9133723f7,2026-09-14,NOASSERTION,8efc53ff490961cd092467e88a7f56f798b07f7c71356a1ddca3ce0894601ae8,44136fa355b3678a1146ad16f7e8649e94fb4fc21fe77e8310c060f61caaff8a,False,results\cache\official_baselines\CEHM\Handwritten__pool0__caa6f2af546ffe0ebddd6200daf03307826ff5353481594ed96e03d953f5b84e.npz,"{""details"": {""entrypoint"": ""CEHM"", ""input"": ""frozen_base_parts"", ""variant"": ""published""}, ""method"": ""CEHM"", ""schema"": ""psfce-v4-matlab-adapter-v1""}",v1,0.951,0.9049043558319511,0.8950104084469075,0.9511846386460382
Handwritten,0,TEXT_MV,,formal,,RANGE,"{""alpha"": 0.8, ""anchor_offset"": 0, ""fuzzy_threshold"": 0.8, ""kmeans_replicates"": 3, ""lambda"": 0.1}",ok,,2000,10,20,13.588760700004059,matlab,https://github.com/middle258/RANGE.git,85d93c54d72d500034d05b5ef131bd90630a3632,2026-09-14,NOASSERTION,8efc53ff490961cd092467e88a7f56f798b07f7c71356a1ddca3ce0894601ae8,768290a1f1c2f63f8babf657f4e5e2b4da610a7bbda77136d410d91af83ab12a,False,results\cache\official_baselines\RANGE\Handwritten__pool0__da01ade99d0b4a325737b1353e3063d5105d14e7aea25a7bbd08c47190849308.npz,"{""details"": {""alpha"": 0.8, ""anchor_offset"": 0, ""entrypoint"": ""HFES+solve_RANGE"", ""fuzzy_threshold"": 0.8, ""input"": ""frozen_base_parts"", ""kmeans_replicates"": 3, ""lambda"": 0.1}, ""method"": ""RANGE"", ""schema"": ""psfce-v4-matlab-adapter-v1""}",v1,0.9445,0.894282015147058,0.8801871509447845,0.9451277953358821
Handwritten,0,TEXT_MV,,formal,,YACHT,"{""alpha"": 0.99, ""anchor_offset"": 2, ""kmeans_replicates"": 3, ""theta"": 0.4, ""walk_order"": 20}",ok,,2000,10,20,13.54400500000338,matlab,https://github.com/scu-kdde/YACHT.git,44cb0fc35b80ec17befa199879ac947fee15f464,2026-09-14,NOASSERTION,8efc53ff490961cd092467e88a7f56f798b07f7c71356a1ddca3ce0894601ae8,62deb2b66b54ab18491847bd2cca81e375344bea0ab840d0da429a98100a165b,False,results\cache\official_baselines\YACHT\Handwritten__pool0__74cd82b96e1524a04806a5aa476f2b86153735bd9c1975507c37a8136b11ba4c.npz,"{""details"": {""alpha"": 0.99, ""anchor_offset"": 2, ""compatibility_patch"": ""paper walk order is parameterized; repository helper hard-codes 10"", ""entrypoint"": ""solve_YACHT"", ""input"": ""frozen_base_parts"", ""kmeans_replicates"": 3, ""theta"": 0.4, ""walk_order"": 20}, ""method"": ""YACHT"", ""schema"": ""psfce-v4-matlab-adapter-v1""}",v1,0.9425,0.8922988309135177,0.8769285849294022,0.9430615888143473
Handwritten,1,TEXT_MV,,formal,,CEHM,{},ok,,2000,10,20,12.59494409999752,matlab,https://github.com/FeijiangLi/Code-k-HyperEdge-Medoids-for-Clustering-Ensemble-AAAI.git,29c22fb18e05eed67728eebcb29cd7e9133723f7,2026-09-14,NOASSERTION,a5aaefe4a1058492944092a7f78568b3ebebce02509c5b86114e28bcbd9a2ef2,44136fa355b3678a1146ad16f7e8649e94fb4fc21fe77e8310c060f61caaff8a,False,results\cache\official_baselines\CEHM\Handwritten__pool1__0c6bb796b512ceff6b331eea1ac157933156d3d445ca2f38baa5f82e1d3095c9.npz,"{""details"": {""entrypoint"": ""CEHM"", ""input"": ""frozen_base_parts"", ""variant"": ""published""}, ""method"": ""CEHM"", ""schema"": ""psfce-v4-matlab-adapter-v1""}",v1,0.9495,0.9053975042351993,0.8923139099058573,0.9497939649835601
Handwritten,1,TEXT_MV,,formal,,RANGE,"{""alpha"": 0.8, ""anchor_offset"": 0, ""fuzzy_threshold"": 0.8, ""kmeans_replicates"": 3, ""lambda"": 0.1}",ok,,2000,10,20,13.459799699994619,matlab,https://github.com/middle258/RANGE.git,85d93c54d72d500034d05b5ef131bd90630a3632,2026-09-14,NOASSERTION,a5aaefe4a1058492944092a7f78568b3ebebce02509c5b86114e28bcbd9a2ef2,768290a1f1c2f63f8babf657f4e5e2b4da610a7bbda77136d410d91af83ab12a,False,results\cache\official_baselines\RANGE\Handwritten__pool1__d333801386fbdc14c1dd4ad5c392c0b6775c5cbaac0ad6d5b04aa08c6ee6955c.npz,"{""details"": {""alpha"": 0.8, ""anchor_offset"": 0, ""entrypoint"": ""HFES+solve_RANGE"", ""fuzzy_threshold"": 0.8, ""input"": ""frozen_base_parts"", ""kmeans_replicates"": 3, ""lambda"": 0.1}, ""method"": ""RANGE"", ""schema"": ""psfce-v4-matlab-adapter-v1""}",v1,0.9435,0.8950261623090457,0.8823348563755062,0.9438597400197002
Handwritten,1,TEXT_MV,,formal,,YACHT,"{""alpha"": 0.99, ""anchor_offset"": 2, ""kmeans_replicates"": 3, ""theta"": 0.4, ""walk_order"": 20}",ok,,2000,10,20,13.63063250000414,matlab,https://github.com/scu-kdde/YACHT.git,44cb0fc35b80ec17befa199879ac947fee15f464,2026-09-14,NOASSERTION,a5aaefe4a1058492944092a7f78568b3ebebce02509c5b86114e28bcbd9a2ef2,62deb2b66b54ab18491847bd2cca81e375344bea0ab840d0da429a98100a165b,False,results\cache\official_baselines\YACHT\Handwritten__pool1__b04c10a868bde831d24bf24c7fc38d5e29edea5a8b4f1e8b6bca3ec883c07b99.npz,"{""details"": {""alpha"": 0.99, ""anchor_offset"": 2, ""compatibility_patch"": ""paper walk order is parameterized; repository helper hard-codes 10"", ""entrypoint"": ""solve_YACHT"", ""input"": ""frozen_base_parts"", ""kmeans_replicates"": 3, ""theta"": 0.4, ""walk_order"": 20}, ""method"": ""YACHT"", ""schema"": ""psfce-v4-matlab-adapter-v1""}",v1,0.8565,0.8314731511569655,0.7707641548299976,0.8633447430100137
Handwritten,2,TEXT_MV,,formal,,CEHM,{},ok,,2000,10,20,12.504409900007886,matlab,https://github.com/FeijiangLi/Code-k-HyperEdge-Medoids-for-Clustering-Ensemble-AAAI.git,29c22fb18e05eed67728eebcb29cd7e9133723f7,2026-09-14,NOASSERTION,fb73eaa98b749f5018c84a430fc5b2cb8d12c9c387f480ab63baf540c38664cf,44136fa355b3678a1146ad16f7e8649e94fb4fc21fe77e8310c060f61caaff8a,False,results\cache\official_baselines\CEHM\Handwritten__pool2__471ea5be0fa2ceca89c840d744ad355a002252b1f222d2b4b72a7d523edd7541.npz,"{""details"": {""entrypoint"": ""CEHM"", ""input"": ""frozen_base_parts"", ""variant"": ""published""}, ""method"": ""CEHM"", ""schema"": ""psfce-v4-matlab-adapter-v1""}",v1,0.9485,0.9010344747035375,0.8902448705969884,0.948769498182118
Handwritten,2,TEXT_MV,,formal,,RANGE,"{""alpha"": 0.8, ""anchor_offset"": 0, ""fuzzy_threshold"": 0.8, ""kmeans_replicates"": 3, ""lambda"": 0.1}",ok,,2000,10,20,13.649811900002533,matlab,https://github.com/middle258/RANGE.git,85d93c54d72d500034d05b5ef131bd90630a3632,2026-09-14,NOASSERTION,fb73eaa98b749f5018c84a430fc5b2cb8d12c9c387f480ab63baf540c38664cf,768290a1f1c2f63f8babf657f4e5e2b4da610a7bbda77136d410d91af83ab12a,False,results\cache\official_baselines\RANGE\Handwritten__pool2__e17afc03c766e603733bd09082a2191258df69619a9b6b6744ec4dca6417a84a.npz,"{""details"": {""alpha"": 0.8, ""anchor_offset"": 0, ""entrypoint"": ""HFES+solve_RANGE"", ""fuzzy_threshold"": 0.8, ""input"": ""frozen_base_parts"", ""kmeans_replicates"": 3, ""lambda"": 0.1}, ""method"": ""RANGE"", ""schema"": ""psfce-v4-matlab-adapter-v1""}",v1,0.8555,0.8392001802644274,0.7740337614639369,0.8589238006294512
Handwritten,2,TEXT_MV,,formal,,YACHT,"{""alpha"": 0.99, ""anchor_offset"": 2, ""kmeans_replicates"": 3, ""theta"": 0.4, ""walk_order"": 20}",ok,,2000,10,20,13.641380899993237,matlab,https://github.com/scu-kdde/YACHT.git,44cb0fc35b80ec17befa199879ac947fee15f464,2026-09-14,NOASSERTION,fb73eaa98b749f5018c84a430fc5b2cb8d12c9c387f480ab63baf540c38664cf,62deb2b66b54ab18491847bd2cca81e375344bea0ab840d0da429a98100a165b,False,results\cache\official_baselines\YACHT\Handwritten__pool2__7442727e310f2a2fe1b5d210e6d13dbcd25acf298ca2b3da8b435990a512a28f.npz,"{""details"": {""alpha"": 0.99, ""anchor_offset"": 2, ""compatibility_patch"": ""paper walk order is parameterized; repository helper hard-codes 10"", ""entrypoint"": ""solve_YACHT"", ""input"": ""frozen_base_parts"", ""kmeans_replicates"": 3, ""theta"": 0.4, ""walk_order"": 20}, ""method"": ""YACHT"", ""schema"": ""psfce-v4-matlab-adapter-v1""}",v1,0.9425,0.8910454864896954,0.878162284820843,0.9427617165467039
Human Kidney,0,BKCC_V2,,formal,,CEHM,{},ok,,2100,11,20,13.25507519999519,matlab,https://github.com/FeijiangLi/Code-k-HyperEdge-Medoids-for-Clustering-Ensemble-AAAI.git,29c22fb18e05eed67728eebcb29cd7e9133723f7,2026-09-14,NOASSERTION,e7d75f644c94aca34f5112bd9a64666628494536d36b1e64346ac035cd71362e,44136fa355b3678a1146ad16f7e8649e94fb4fc21fe77e8310c060f61caaff8a,False,results\cache\official_baselines\CEHM\Human_Kidney__pool0__03556f67ce353158432431754262c6d0f136d104e964b99de373160986e9d27a.npz,"{""details"": {""entrypoint"": ""CEHM"", ""input"": ""frozen_base_parts"", ""variant"": ""published""}, ""method"": ""CEHM"", ""schema"": ""psfce-v4-matlab-adapter-v1""}",v1,0.3547619047619048,0.2660612560007137,0.08111904843190527,0.24452376202827797
Human Kidney,0,BKCC_V2,,formal,,RANGE,"{""alpha"": 0.8, ""anchor_offset"": 0, ""fuzzy_threshold"": 0.8, ""kmeans_replicates"": 3, ""lambda"": 0.1}",ok,,2100,11,20,14.16079219999665,matlab,https://github.com/middle258/RANGE.git,85d93c54d72d500034d05b5ef131bd90630a3632,2026-09-14,NOASSERTION,e7d75f644c94aca34f5112bd9a64666628494536d36b1e64346ac035cd71362e,768290a1f1c2f63f8babf657f4e5e2b4da610a7bbda77136d410d91af83ab12a,False,results\cache\official_baselines\RANGE\Human_Kidney__pool0__12ef65b43c5bef224596e5c9188e22e7bec91804056b8a046d2d99313debbeea.npz,"{""details"": {""alpha"": 0.8, ""anchor_offset"": 0, ""entrypoint"": ""HFES+solve_RANGE"", ""fuzzy_threshold"": 0.8, ""input"": ""frozen_base_parts"", ""kmeans_replicates"": 3, ""lambda"": 0.1}, ""method"": ""RANGE"", ""schema"": ""psfce-v4-matlab-adapter-v1""}",v1,0.39904761904761904,0.318526558028046,0.15515718363263292,0.3293901877603497
Human Kidney,0,BKCC_V2,,formal,,YACHT,"{""alpha"": 0.99, ""anchor_offset"": 2, ""kmeans_replicates"": 3, ""theta"": 0.4, ""walk_order"": 20}",ok,,2100,11,20,14.526637400005711,matlab,https://github.com/scu-kdde/YACHT.git,44cb0fc35b80ec17befa199879ac947fee15f464,2026-09-14,NOASSERTION,e7d75f644c94aca34f5112bd9a64666628494536d36b1e64346ac035cd71362e,62deb2b66b54ab18491847bd2cca81e375344bea0ab840d0da429a98100a165b,False,results\cache\official_baselines\YACHT\Human_Kidney__pool0__83854f1d4baf09abad6b0c90f07648e55ba3f470b8eba7c702fdf153a45e0412.npz,"{""details"": {""alpha"": 0.99, ""anchor_offset"": 2, ""compatibility_patch"": ""paper walk order is parameterized; repository helper hard-codes 10"", ""entrypoint"": ""solve_YACHT"", ""input"": ""frozen_base_parts"", ""kmeans_replicates"": 3, ""theta"": 0.4, ""walk_order"": 20}, ""method"": ""YACHT"", ""schema"": ""psfce-v4-matlab-adapter-v1""}",v1,0.3547619047619048,0.2637786082504337,0.14301874798387365,0.2839381314494686
Human Kidney,1,BKCC_V2,,formal,,CEHM,{},ok,,2100,11,20,12.715357900000527,matlab,https://github.com/FeijiangLi/Code-k-HyperEdge-Medoids-for-Clustering-Ensemble-AAAI.git,29c22fb18e05eed67728eebcb29cd7e9133723f7,2026-09-14,NOASSERTION,cdcc30c9ed4dd75f3b1c5c26463414bacd28412ae65b9b1e2ff34cff4ecf77ee,44136fa355b3678a1146ad16f7e8649e94fb4fc21fe77e8310c060f61caaff8a,False,results\cache\official_baselines\CEHM\Human_Kidney__pool1__062e8d7843ef32dc46bbffaad3af8a03d908c781802b5c1243f7acc7821919dd.npz,"{""details"": {""entrypoint"": ""CEHM"", ""input"": ""frozen_base_parts"", ""variant"": ""published""}, ""method"": ""CEHM"", ""schema"": ""psfce-v4-matlab-adapter-v1""}",v1,0.35714285714285715,0.26647476953359306,0.09517929520674356,0.2486134492596693
Human Kidney,1,BKCC_V2,,formal,,RANGE,"{""alpha"": 0.8, ""anchor_offset"": 0, ""fuzzy_threshold"": 0.8, ""kmeans_replicates"": 3, ""lambda"": 0.1}",ok,,2100,11,20,14.074962800004869,matlab,https://github.com/middle258/RANGE.git,85d93c54d72d500034d05b5ef131bd90630a3632,2026-09-14,NOASSERTION,cdcc30c9ed4dd75f3b1c5c26463414bacd28412ae65b9b1e2ff34cff4ecf77ee,768290a1f1c2f63f8babf657f4e5e2b4da610a7bbda77136d410d91af83ab12a,False,results\cache\official_baselines\RANGE\Human_Kidney__pool1__bd2f6edfcf8b22e73c159953621afbb3ed1f10ace2a5a10017825fa806795e53.npz,"{""details"": {""alpha"": 0.8, ""anchor_offset"": 0, ""entrypoint"": ""HFES+solve_RANGE"", ""fuzzy_threshold"": 0.8, ""input"": ""frozen_base_parts"", ""kmeans_replicates"": 3, ""lambda"": 0.1}, ""method"": ""RANGE"", ""schema"": ""psfce-v4-matlab-adapter-v1""}",v1,0.3880952380952381,0.31104386476578,0.15734519856451792,0.3374049991297656
Human Kidney,1,BKCC_V2,,formal,,YACHT,"{""alpha"": 0.99, ""anchor_offset"": 2, ""kmeans_replicates"": 3, ""theta"": 0.4, ""walk_order"": 20}",ok,,2100,11,20,14.40312719999929,matlab,https://github.com/scu-kdde/YACHT.git,44cb0fc35b80ec17befa199879ac947fee15f464,2026-09-14,NOASSERTION,cdcc30c9ed4dd75f3b1c5c26463414bacd28412ae65b9b1e2ff34cff4ecf77ee,62deb2b66b54ab18491847bd2cca81e375344bea0ab840d0da429a98100a165b,False,results\cache\official_baselines\YACHT\Human_Kidney__pool1__0124bd0de99722b5bf6434d552f7de2d29eb37aac38fa9451f2fd86ab0ebc554.npz,"{""details"": {""alpha"": 0.99, ""anchor_offset"": 2, ""compatibility_patch"": ""paper walk order is parameterized; repository helper hard-codes 10"", ""entrypoint"": ""solve_YACHT"", ""input"": ""frozen_base_parts"", ""kmeans_replicates"": 3, ""theta"": 0.4, ""walk_order"": 20}, ""method"": ""YACHT"", ""schema"": ""psfce-v4-matlab-adapter-v1""}",v1,0.4104761904761905,0.3122673884816994,0.16575061096663365,0.3595589393950774
Human Kidney,2,BKCC_V2,,formal,,CEHM,{},ok,,2100,11,20,13.614246600001934,matlab,https://github.com/FeijiangLi/Code-k-HyperEdge-Medoids-for-Clustering-Ensemble-AAAI.git,29c22fb18e05eed67728eebcb29cd7e9133723f7,2026-09-14,NOASSERTION,fdffbc6286ddc19ab48ba186db79c8a220cf7aca7a7aecc49e71a081884b170c,44136fa355b3678a1146ad16f7e8649e94fb4fc21fe77e8310c060f61caaff8a,False,results\cache\official_baselines\CEHM\Human_Kidney__pool2__cc7d38bd78599d5615e6a52d4c22d9b687f47bd9ac634cef1f2a906a1f69fee6.npz,"{""details"": {""entrypoint"": ""CEHM"", ""input"": ""frozen_base_parts"", ""variant"": ""published""}, ""method"": ""CEHM"", ""schema"": ""psfce-v4-matlab-adapter-v1""}",v1,0.35523809523809524,0.2611895918542572,0.09618106283003389,0.23864841396576197
Human Kidney,2,BKCC_V2,,formal,,RANGE,"{""alpha"": 0.8, ""anchor_offset"": 0, ""fuzzy_threshold"": 0.8, ""kmeans_replicates"": 3, ""lambda"": 0.1}",ok,,2100,11,20,14.26624840000295,matlab,https://github.com/middle258/RANGE.git,85d93c54d72d500034d05b5ef131bd90630a3632,2026-09-14,NOASSERTION,fdffbc6286ddc19ab48ba186db79c8a220cf7aca7a7aecc49e71a081884b170c,768290a1f1c2f63f8babf657f4e5e2b4da610a7bbda77136d410d91af83ab12a,False,results\cache\official_baselines\RANGE\Human_Kidney__pool2__88a0454e388d551089b5e4a019e8db4e2002d3e5023e377228fed17a96319be0.npz,"{""details"": {""alpha"": 0.8, ""anchor_offset"": 0, ""entrypoint"": ""HFES+solve_RANGE"", ""fuzzy_threshold"": 0.8, ""input"": ""frozen_base_parts"", ""kmeans_replicates"": 3, ""lambda"": 0.1}, ""method"": ""RANGE"", ""schema"": ""psfce-v4-matlab-adapter-v1""}",v1,0.38142857142857145,0.31215020382012537,0.14362066395065815,0.30506150836457874
Human Kidney,2,BKCC_V2,,formal,,YACHT,"{""alpha"": 0.99, ""anchor_offset"": 2, ""kmeans_replicates"": 3, ""theta"": 0.4, ""walk_order"": 20}",ok,,2100,11,20,14.366119600003003,matlab,https://github.com/scu-kdde/YACHT.git,44cb0fc35b80ec17befa199879ac947fee15f464,2026-09-14,NOASSERTION,fdffbc6286ddc19ab48ba186db79c8a220cf7aca7a7aecc49e71a081884b170c,62deb2b66b54ab18491847bd2cca81e375344bea0ab840d0da429a98100a165b,False,results\cache\official_baselines\YACHT\Human_Kidney__pool2__829cc63a732f4cd4838f2d3a764aec61bf9970ddd761d27726f2bc723e51cd68.npz,"{""details"": {""alpha"": 0.99, ""anchor_offset"": 2, ""compatibility_patch"": ""paper walk order is parameterized; repository helper hard-codes 10"", ""entrypoint"": ""solve_YACHT"", ""input"": ""frozen_base_parts"", ""kmeans_replicates"": 3, ""theta"": 0.4, ""walk_order"": 20}, ""method"": ""YACHT"", ""schema"": ""psfce-v4-matlab-adapter-v1""}",v1,0.3661904761904762,0.3131698261688641,0.14805047412437858,0.3164060288396797
IMDB,0,MULTI_RELATION_7,,formal,,CEHM,{},ok,,4278,3,20,12.766731499999878,matlab,https://github.com/FeijiangLi/Code-k-HyperEdge-Medoids-for-Clustering-Ensemble-AAAI.git,29c22fb18e05eed67728eebcb29cd7e9133723f7,2026-09-14,NOASSERTION,8e3ecedcb46c7b3077511e5bd56ccdcd0b4c1e6039d44fcb2595cc70c3dd2c9b,44136fa355b3678a1146ad16f7e8649e94fb4fc21fe77e8310c060f61caaff8a,False,results\cache\official_baselines\CEHM\IMDB__pool0__de7436dbb21727c7325b914d7a1fdcba31a9a8c1b04c3e2290ba1115292940a9.npz,"{""details"": {""entrypoint"": ""CEHM"", ""input"": ""frozen_base_parts"", ""variant"": ""published""}, ""method"": ""CEHM"", ""schema"": ""psfce-v4-matlab-adapter-v1""}",v1,0.3702664796633941,0.0,0.0,0.18014329580348
IMDB,0,MULTI_RELATION_7,,formal,,RANGE,"{""alpha"": 0.8, ""anchor_offset"": 0, ""fuzzy_threshold"": 0.8, ""kmeans_replicates"": 3, ""lambda"": 0.1}",ok,,4278,3,20,13.213018200010993,matlab,https://github.com/middle258/RANGE.git,85d93c54d72d500034d05b5ef131bd90630a3632,2026-09-14,NOASSERTION,8e3ecedcb46c7b3077511e5bd56ccdcd0b4c1e6039d44fcb2595cc70c3dd2c9b,768290a1f1c2f63f8babf657f4e5e2b4da610a7bbda77136d410d91af83ab12a,False,results\cache\official_baselines\RANGE\IMDB__pool0__a7bd90bd5f1df2578a137e886c21680946a14400ed7dee5676f5e855c18b0f41.npz,"{""details"": {""alpha"": 0.8, ""anchor_offset"": 0, ""entrypoint"": ""HFES+solve_RANGE"", ""fuzzy_threshold"": 0.8, ""input"": ""frozen_base_parts"", ""kmeans_replicates"": 3, ""lambda"": 0.1}, ""method"": ""RANGE"", ""schema"": ""psfce-v4-matlab-adapter-v1""}",v1,0.3543712014960262,0.002835118714744697,0.0028283782388879145,0.3512552770798644
IMDB,0,MULTI_RELATION_7,,formal,,YACHT,"{""alpha"": 0.99, ""anchor_offset"": 2, ""kmeans_replicates"": 3, ""theta"": 0.4, ""walk_order"": 20}",ok,,4278,3,20,14.32025099999737,matlab,https://github.com/scu-kdde/YACHT.git,44cb0fc35b80ec17befa199879ac947fee15f464,2026-09-14,NOASSERTION,8e3ecedcb46c7b3077511e5bd56ccdcd0b4c1e6039d44fcb2595cc70c3dd2c9b,62deb2b66b54ab18491847bd2cca81e375344bea0ab840d0da429a98100a165b,False,results\cache\official_baselines\YACHT\IMDB__pool0__685bd5574fe009321fc2f917c868189a8631eb8fc2b63ab7cae40ca7422a7660.npz,"{""details"": {""alpha"": 0.99, ""anchor_offset"": 2, ""compatibility_patch"": ""paper walk order is parameterized; repository helper hard-codes 10"", ""entrypoint"": ""solve_YACHT"", ""input"": ""frozen_base_parts"", ""kmeans_replicates"": 3, ""theta"": 0.4, ""walk_order"": 20}, ""method"": ""YACHT"", ""schema"": ""psfce-v4-matlab-adapter-v1""}",v1,0.35857877512856473,0.0007866974533276913,0.0019139280943424567,0.3386783298054618
IMDB,1,MULTI_RELATION_7,,formal,,CEHM,{},ok,,4278,3,20,12.380329999999958,matlab,https://github.com/FeijiangLi/Code-k-HyperEdge-Medoids-for-Clustering-Ensemble-AAAI.git,29c22fb18e05eed67728eebcb29cd7e9133723f7,2026-09-14,NOASSERTION,074f904121671253f0a970b22cedd79a1cccd251484190e7572b32516d04c60e,44136fa355b3678a1146ad16f7e8649e94fb4fc21fe77e8310c060f61caaff8a,False,results\cache\official_baselines\CEHM\IMDB__pool1__a951473deb2b41e9c1f576a8ff76542939bcf1cf44c184991bd81a286d14ef70.npz,"{""details"": {""entrypoint"": ""CEHM"", ""input"": ""frozen_base_parts"", ""variant"": ""published""}, ""method"": ""CEHM"", ""schema"": ""psfce-v4-matlab-adapter-v1""}",v1,0.3702664796633941,0.0,0.0,0.18014329580348
IMDB,1,MULTI_RELATION_7,,formal,,RANGE,"{""alpha"": 0.8, ""anchor_offset"": 0, ""fuzzy_threshold"": 0.8, ""kmeans_replicates"": 3, ""lambda"": 0.1}",ok,,4278,3,20,13.179034699991462,matlab,https://github.com/middle258/RANGE.git,85d93c54d72d500034d05b5ef131bd90630a3632,2026-09-14,NOASSERTION,074f904121671253f0a970b22cedd79a1cccd251484190e7572b32516d04c60e,768290a1f1c2f63f8babf657f4e5e2b4da610a7bbda77136d410d91af83ab12a,False,results\cache\official_baselines\RANGE\IMDB__pool1__45e00eb84148625cd8ef0a2623c9fea93d589cd9acd10d6673a3c97be2ca4d78.npz,"{""details"": {""alpha"": 0.8, ""anchor_offset"": 0, ""entrypoint"": ""HFES+solve_RANGE"", ""fuzzy_threshold"": 0.8, ""input"": ""frozen_base_parts"", ""kmeans_replicates"": 3, ""lambda"": 0.1}, ""method"": ""RANGE"", ""schema"": ""psfce-v4-matlab-adapter-v1""}",v1,0.36091631603553065,0.00220006426694145,0.002412193119573421,0.3563889203473891
IMDB,1,MULTI_RELATION_7,,formal,,YACHT,"{""alpha"": 0.99, ""anchor_offset"": 2, ""kmeans_replicates"": 3, ""theta"": 0.4, ""walk_order"": 20}",ok,,4278,3,20,14.505002800011425,matlab,https://github.com/scu-kdde/YACHT.git,44cb0fc35b80ec17befa199879ac947fee15f464,2026-09-14,NOASSERTION,074f904121671253f0a970b22cedd79a1cccd251484190e7572b32516d04c60e,62deb2b66b54ab18491847bd2cca81e375344bea0ab840d0da429a98100a165b,False,results\cache\official_baselines\YACHT\IMDB__pool1__f9c8e0f3816ec038e18a090d2007ce1a37835ca19afb6ed913179941bfe8d76f.npz,"{""details"": {""alpha"": 0.99, ""anchor_offset"": 2, ""compatibility_patch"": ""paper walk order is parameterized; repository helper hard-codes 10"", ""entrypoint"": ""solve_YACHT"", ""input"": ""frozen_base_parts"", ""kmeans_replicates"": 3, ""theta"": 0.4, ""walk_order"": 20}, ""method"": ""YACHT"", ""schema"": ""psfce-v4-matlab-adapter-v1""}",v1,0.364656381486676,0.002550161679227565,0.0028244947878542192,0.3600339945024509
IMDB,2,MULTI_RELATION_7,,formal,,CEHM,{},ok,,4278,3,20,12.622810900007607,matlab,https://github.com/FeijiangLi/Code-k-HyperEdge-Medoids-for-Clustering-Ensemble-AAAI.git,29c22fb18e05eed67728eebcb29cd7e9133723f7,2026-09-14,NOASSERTION,c0184b68cb84f472509117af13ba9c719482294a2531967106a2d006608bafac,44136fa355b3678a1146ad16f7e8649e94fb4fc21fe77e8310c060f61caaff8a,False,results\cache\official_baselines\CEHM\IMDB__pool2__4af95bdf81a8ac1f7804a5593d1dff9ffc4840b0a447d0dcfaf78ebeb93d86d7.npz,"{""details"": {""entrypoint"": ""CEHM"", ""input"": ""frozen_base_parts"", ""variant"": ""published""}, ""method"": ""CEHM"", ""schema"": ""psfce-v4-matlab-adapter-v1""}",v1,0.3702664796633941,0.0,0.0,0.18014329580348
IMDB,2,MULTI_RELATION_7,,formal,,RANGE,"{""alpha"": 0.8, ""anchor_offset"": 0, ""fuzzy_threshold"": 0.8, ""kmeans_replicates"": 3, ""lambda"": 0.1}",ok,,4278,3,20,13.424515199993039,matlab,https://github.com/middle258/RANGE.git,85d93c54d72d500034d05b5ef131bd90630a3632,2026-09-14,NOASSERTION,c0184b68cb84f472509117af13ba9c719482294a2531967106a2d006608bafac,768290a1f1c2f63f8babf657f4e5e2b4da610a7bbda77136d410d91af83ab12a,False,results\cache\official_baselines\RANGE\IMDB__pool2__d77f273d1ddb39f99e929282e7cfe06522b6f19f9321bc435d18a6e935fa5a15.npz,"{""details"": {""alpha"": 0.8, ""anchor_offset"": 0, ""entrypoint"": ""HFES+solve_RANGE"", ""fuzzy_threshold"": 0.8, ""input"": ""frozen_base_parts"", ""kmeans_replicates"": 3, ""lambda"": 0.1}, ""method"": ""RANGE"", ""schema"": ""psfce-v4-matlab-adapter-v1""}",v1,0.3489948574100047,0.0020677293804799136,-0.0008715842531020944,0.3244599444001733
IMDB,2,MULTI_RELATION_7,,formal,,YACHT,"{""alpha"": 0.99, ""anchor_offset"": 2, ""kmeans_replicates"": 3, ""theta"": 0.4, ""walk_order"": 20}",ok,,4278,3,20,14.407786000010674,matlab,https://github.com/scu-kdde/YACHT.git,44cb0fc35b80ec17befa199879ac947fee15f464,2026-09-14,NOASSERTION,c0184b68cb84f472509117af13ba9c719482294a2531967106a2d006608bafac,62deb2b66b54ab18491847bd2cca81e375344bea0ab840d0da429a98100a165b,False,results\cache\official_baselines\YACHT\IMDB__pool2__a151a7f8eb746e3afb91a2acbaf0ef42f0a225d24d447eebfd5cd8f1386456ea.npz,"{""details"": {""alpha"": 0.99, ""anchor_offset"": 2, ""compatibility_patch"": ""paper walk order is parameterized; repository helper hard-codes 10"", ""entrypoint"": ""solve_YACHT"", ""input"": ""frozen_base_parts"", ""kmeans_replicates"": 3, ""theta"": 0.4, ""walk_order"": 20}, ""method"": ""YACHT"", ""schema"": ""psfce-v4-matlab-adapter-v1""}",v1,0.35857877512856473,0.0014079438807105755,0.0006500911120134946,0.33399193609802547
Isolet,0,BKCC_V2,,formal,,CEHM,{},ok,,1560,2,20,14.105462599996827,matlab,https://github.com/FeijiangLi/Code-k-HyperEdge-Medoids-for-Clustering-Ensemble-AAAI.git,29c22fb18e05eed67728eebcb29cd7e9133723f7,2026-09-14,NOASSERTION,6bf158406c734dca731f6fb8c882b7764222b5eaaf87b8aadee99bc85c237164,44136fa355b3678a1146ad16f7e8649e94fb4fc21fe77e8310c060f61caaff8a,False,results\cache\official_baselines\CEHM\Isolet__pool0__4eb2336d247b386470dfe4d860ed75dbf53c4bf411c15766f66c38cc0b542914.npz,"{""details"": {""entrypoint"": ""CEHM"", ""input"": ""frozen_base_parts"", ""variant"": ""published""}, ""method"": ""CEHM"", ""schema"": ""psfce-v4-matlab-adapter-v1""}",v1,0.5923076923076923,0.02617025952430049,0.033487681913811,0.5881895881895882
Isolet,0,BKCC_V2,,formal,,RANGE,"{""alpha"": 0.8, ""anchor_offset"": 0, ""fuzzy_threshold"": 0.8, ""kmeans_replicates"": 3, ""lambda"": 0.1}",ok,,1560,2,20,13.222180299999309,matlab,https://github.com/middle258/RANGE.git,85d93c54d72d500034d05b5ef131bd90630a3632,2026-09-14,NOASSERTION,6bf158406c734dca731f6fb8c882b7764222b5eaaf87b8aadee99bc85c237164,768290a1f1c2f63f8babf657f4e5e2b4da610a7bbda77136d410d91af83ab12a,False,results\cache\official_baselines\RANGE\Isolet__pool0__198a1458183a811969fe09890098d343e416959384a5fdabe9845b7d2d23ebc8.npz,"{""details"": {""alpha"": 0.8, ""anchor_offset"": 0, ""entrypoint"": ""HFES+solve_RANGE"", ""fuzzy_threshold"": 0.8, ""input"": ""frozen_base_parts"", ""kmeans_replicates"": 3, ""lambda"": 0.1}, ""method"": ""RANGE"", ""schema"": ""psfce-v4-matlab-adapter-v1""}",v1,0.5032051282051282,3.292691174356549e-05,-0.0005528410112048803,0.49376756268551913
Isolet,0,BKCC_V2,,formal,,YACHT,"{""alpha"": 0.99, ""anchor_offset"": 2, ""kmeans_replicates"": 3, ""theta"": 0.4, ""walk_order"": 20}",ok,,1560,2,20,12.808656199995312,matlab,https://github.com/scu-kdde/YACHT.git,44cb0fc35b80ec17befa199879ac947fee15f464,2026-09-14,NOASSERTION,6bf158406c734dca731f6fb8c882b7764222b5eaaf87b8aadee99bc85c237164,62deb2b66b54ab18491847bd2cca81e375344bea0ab840d0da429a98100a165b,False,results\cache\official_baselines\YACHT\Isolet__pool0__41a220dd9aadf4f0af46de4e19fd51679933df79a8b9672ec956b319cd046d16.npz,"{""details"": {""alpha"": 0.99, ""anchor_offset"": 2, ""compatibility_patch"": ""paper walk order is parameterized; repository helper hard-codes 10"", ""entrypoint"": ""solve_YACHT"", ""input"": ""frozen_base_parts"", ""kmeans_replicates"": 3, ""theta"": 0.4, ""walk_order"": 20}, ""method"": ""YACHT"", ""schema"": ""psfce-v4-matlab-adapter-v1""}",v1,0.5474358974358975,0.009268561856515851,0.008510896159256954,0.5198376090584569
Isolet,1,BKCC_V2,,formal,,CEHM,{},ok,,1560,2,20,12.607827599989832,matlab,https://github.com/FeijiangLi/Code-k-HyperEdge-Medoids-for-Clustering-Ensemble-AAAI.git,29c22fb18e05eed67728eebcb29cd7e9133723f7,2026-09-14,NOASSERTION,88f3affca419287ee10f966c3034365e23473c1db2a7ba533fe139e2a23efc2f,44136fa355b3678a1146ad16f7e8649e94fb4fc21fe77e8310c060f61caaff8a,False,results\cache\official_baselines\CEHM\Isolet__pool1__686965f470844b37d83cdbd8963030a4b8f0a8703305c4a14ff36c7d81460bba.npz,"{""details"": {""entrypoint"": ""CEHM"", ""input"": ""frozen_base_parts"", ""variant"": ""published""}, ""method"": ""CEHM"", ""schema"": ""psfce-v4-matlab-adapter-v1""}",v1,0.6666666666666666,0.08201987632451935,0.11054208046344677,0.6664473684210527
Isolet,1,BKCC_V2,,formal,,RANGE,"{""alpha"": 0.8, ""anchor_offset"": 0, ""fuzzy_threshold"": 0.8, ""kmeans_replicates"": 3, ""lambda"": 0.1}",ok,,1560,2,20,13.72997870000836,matlab,https://github.com/middle258/RANGE.git,85d93c54d72d500034d05b5ef131bd90630a3632,2026-09-14,NOASSERTION,88f3affca419287ee10f966c3034365e23473c1db2a7ba533fe139e2a23efc2f,768290a1f1c2f63f8babf657f4e5e2b4da610a7bbda77136d410d91af83ab12a,False,results\cache\official_baselines\RANGE\Isolet__pool1__f5e4556319052fbf33074ba71e8070c3ce609cedadf1ae0b69d3ee1cfe602c68.npz,"{""details"": {""alpha"": 0.8, ""anchor_offset"": 0, ""entrypoint"": ""HFES+solve_RANGE"", ""fuzzy_threshold"": 0.8, ""input"": ""frozen_base_parts"", ""kmeans_replicates"": 3, ""lambda"": 0.1}, ""method"": ""RANGE"", ""schema"": ""psfce-v4-matlab-adapter-v1""}",v1,0.5705128205128205,0.01710556681931136,0.019333455915284372,0.5574516804303202
Isolet,1,BKCC_V2,,formal,,YACHT,"{""alpha"": 0.99, ""anchor_offset"": 2, ""kmeans_replicates"": 3, ""theta"": 0.4, ""walk_order"": 20}",ok,,1560,2,20,13.417601499997545,matlab,https://github.com/scu-kdde/YACHT.git,44cb0fc35b80ec17befa199879ac947fee15f464,2026-09-14,NOASSERTION,88f3affca419287ee10f966c3034365e23473c1db2a7ba533fe139e2a23efc2f,62deb2b66b54ab18491847bd2cca81e375344bea0ab840d0da429a98100a165b,False,results\cache\official_baselines\YACHT\Isolet__pool1__ea1faaae33c100511f93ec31a3582d7dc3caf6b89503433895fc9cb36df2dc05.npz,"{""details"": {""alpha"": 0.99, ""anchor_offset"": 2, ""compatibility_patch"": ""paper walk order is parameterized; repository helper hard-codes 10"", ""entrypoint"": ""solve_YACHT"", ""input"": ""frozen_base_parts"", ""kmeans_replicates"": 3, ""theta"": 0.4, ""walk_order"": 20}, ""method"": ""YACHT"", ""schema"": ""psfce-v4-matlab-adapter-v1""}",v1,0.6230769230769231,0.04520769803288093,0.059998674961799656,0.6215217032513616
Isolet,2,BKCC_V2,,formal,,CEHM,{},ok,,1560,2,20,12.24180790000537,matlab,https://github.com/FeijiangLi/Code-k-HyperEdge-Medoids-for-Clustering-Ensemble-AAAI.git,29c22fb18e05eed67728eebcb29cd7e9133723f7,2026-09-14,NOASSERTION,1100967473b7640de1d0cca329acef27f6cf137365c5fa23429020e01f8f9490,44136fa355b3678a1146ad16f7e8649e94fb4fc21fe77e8310c060f61caaff8a,False,results\cache\official_baselines\CEHM\Isolet__pool2__8021717e8833650804b0f4d1a7ceac94efe4cc5ccac1a7e0e33d98f87f3c501f.npz,"{""details"": {""entrypoint"": ""CEHM"", ""input"": ""frozen_base_parts"", ""variant"": ""published""}, ""method"": ""CEHM"", ""schema"": ""psfce-v4-matlab-adapter-v1""}",v1,0.541025641025641,0.005692223001282464,0.006164676191949801,0.5281187104885604
Isolet,2,BKCC_V2,,formal,,RANGE,"{""alpha"": 0.8, ""anchor_offset"": 0, ""fuzzy_threshold"": 0.8, ""kmeans_replicates"": 3, ""lambda"": 0.1}",ok,,1560,2,20,12.990698099994916,matlab,https://github.com/middle258/RANGE.git,85d93c54d72d500034d05b5ef131bd90630a3632,2026-09-14,NOASSERTION,1100967473b7640de1d0cca329acef27f6cf137365c5fa23429020e01f8f9490,768290a1f1c2f63f8babf657f4e5e2b4da610a7bbda77136d410d91af83ab12a,False,results\cache\official_baselines\RANGE\Isolet__pool2__16137c52499121f928d1b838ccbb20906564354c0f2cf237359d2315b0f24260.npz,"{""details"": {""alpha"": 0.8, ""anchor_offset"": 0, ""entrypoint"": ""HFES+solve_RANGE"", ""fuzzy_threshold"": 0.8, ""input"": ""frozen_base_parts"", ""kmeans_replicates"": 3, ""lambda"": 0.1}, ""method"": ""RANGE"", ""schema"": ""psfce-v4-matlab-adapter-v1""}",v1,0.5217948717948718,0.0013754870419458226,0.001260958243951702,0.5215109557117225
Isolet,2,BKCC_V2,,formal,,YACHT,"{""alpha"": 0.99, ""anchor_offset"": 2, ""kmeans_replicates"": 3, ""theta"": 0.4, ""walk_order"": 20}",ok,,1560,2,20,13.326600900007179,matlab,https://github.com/scu-kdde/YACHT.git,44cb0fc35b80ec17befa199879ac947fee15f464,2026-09-14,NOASSERTION,1100967473b7640de1d0cca329acef27f6cf137365c5fa23429020e01f8f9490,62deb2b66b54ab18491847bd2cca81e375344bea0ab840d0da429a98100a165b,False,results\cache\official_baselines\YACHT\Isolet__pool2__705673b2d60639fc20fd8cfa6b3db7cd10eb6fb9b63112efcaad9f0f5706f4f8.npz,"{""details"": {""alpha"": 0.99, ""anchor_offset"": 2, ""compatibility_patch"": ""paper walk order is parameterized; repository helper hard-codes 10"", ""entrypoint"": ""solve_YACHT"", ""input"": ""frozen_base_parts"", ""kmeans_replicates"": 3, ""theta"": 0.4, ""walk_order"": 20}, ""method"": ""YACHT"", ""schema"": ""psfce-v4-matlab-adapter-v1""}",v1,0.541025641025641,0.005692223001282464,0.006164676191949801,0.5281187104885604
LandUse-21,0,NEW10,,formal,,CEHM,{},ok,,2100,21,20,13.33783289999701,matlab,https://github.com/FeijiangLi/Code-k-HyperEdge-Medoids-for-Clustering-Ensemble-AAAI.git,29c22fb18e05eed67728eebcb29cd7e9133723f7,2026-09-14,NOASSERTION,c63541b612b1211571be3da8af36e4239fa9b2b20b17ec4baed42c625bc5d0ba,44136fa355b3678a1146ad16f7e8649e94fb4fc21fe77e8310c060f61caaff8a,False,results\cache\official_baselines\CEHM\LandUse-21__pool0__99bb0b58e7c0bd74aaebc3a3487eb3b80859071880625959eeb3622f456e7026.npz,"{""details"": {""entrypoint"": ""CEHM"", ""input"": ""frozen_base_parts"", ""variant"": ""published""}, ""method"": ""CEHM"", ""schema"": ""psfce-v4-matlab-adapter-v1""}",v1,0.047619047619047616,0.0,0.0,0.004329004329004329
LandUse-21,0,NEW10,,formal,,RANGE,"{""alpha"": 0.8, ""anchor_offset"": 0, ""fuzzy_threshold"": 0.8, ""kmeans_replicates"": 3, ""lambda"": 0.1}",ok,,2100,21,20,13.379957900004229,matlab,https://github.com/middle258/RANGE.git,85d93c54d72d500034d05b5ef131bd90630a3632,2026-09-14,NOASSERTION,c63541b612b1211571be3da8af36e4239fa9b2b20b17ec4baed42c625bc5d0ba,768290a1f1c2f63f8babf657f4e5e2b4da610a7bbda77136d410d91af83ab12a,False,results\cache\official_baselines\RANGE\LandUse-21__pool0__4a99545343f9afcb0d98e657f065c0b475ce6cb2fe5693d8126aaed2262e52f4.npz,"{""details"": {""alpha"": 0.8, ""anchor_offset"": 0, ""entrypoint"": ""HFES+solve_RANGE"", ""fuzzy_threshold"": 0.8, ""input"": ""frozen_base_parts"", ""kmeans_replicates"": 3, ""lambda"": 0.1}, ""method"": ""RANGE"", ""schema"": ""psfce-v4-matlab-adapter-v1""}",v1,0.2947619047619048,0.35545916087735707,0.15579633849694663,0.29924281023935406
LandUse-21,0,NEW10,,formal,,YACHT,"{""alpha"": 0.99, ""anchor_offset"": 2, ""kmeans_replicates"": 3, ""theta"": 0.4, ""walk_order"": 20}",ok,,2100,21,20,14.24486180000531,matlab,https://github.com/scu-kdde/YACHT.git,44cb0fc35b80ec17befa199879ac947fee15f464,2026-09-14,NOASSERTION,c63541b612b1211571be3da8af36e4239fa9b2b20b17ec4baed42c625bc5d0ba,62deb2b66b54ab18491847bd2cca81e375344bea0ab840d0da429a98100a165b,False,results\cache\official_baselines\YACHT\LandUse-21__pool0__fe1f0ba7e4d9f2d82afb12dc7c9242c7f37ee7322c53f1e6a79a67d50a0c9031.npz,"{""details"": {""alpha"": 0.99, ""anchor_offset"": 2, ""compatibility_patch"": ""paper walk order is parameterized; repository helper hard-codes 10"", ""entrypoint"": ""solve_YACHT"", ""input"": ""frozen_base_parts"", ""kmeans_replicates"": 3, ""theta"": 0.4, ""walk_order"": 20}, ""method"": ""YACHT"", ""schema"": ""psfce-v4-matlab-adapter-v1""}",v1,0.2761904761904762,0.3519048754573593,0.14067021237022262,0.28465520039236614
LandUse-21,1,NEW10,,formal,,CEHM,{},ok,,2100,21,20,12.408909300007508,matlab,https://github.com/FeijiangLi/Code-k-HyperEdge-Medoids-for-Clustering-Ensemble-AAAI.git,29c22fb18e05eed67728eebcb29cd7e9133723f7,2026-09-14,NOASSERTION,0a8d0fbc328a4bdd9b266e9ebdbf5be8b28304507c7a5440941359ee24cacf61,44136fa355b3678a1146ad16f7e8649e94fb4fc21fe77e8310c060f61caaff8a,False,results\cache\official_baselines\CEHM\LandUse-21__pool1__dffaf47c2799c0b5fb4df3451a9b9083927e0d887465a89aeaf9da5c437a3f3a.npz,"{""details"": {""entrypoint"": ""CEHM"", ""input"": ""frozen_base_parts"", ""variant"": ""published""}, ""method"": ""CEHM"", ""schema"": ""psfce-v4-matlab-adapter-v1""}",v1,0.06857142857142857,0.04187535269118856,0.0017780715740802827,0.03236618678479143
LandUse-21,1,NEW10,,formal,,RANGE,"{""alpha"": 0.8, ""anchor_offset"": 0, ""fuzzy_threshold"": 0.8, ""kmeans_replicates"": 3, ""lambda"": 0.1}",ok,,2100,21,20,13.642548900010297,matlab,https://github.com/middle258/RANGE.git,85d93c54d72d500034d05b5ef131bd90630a3632,2026-09-14,NOASSERTION,0a8d0fbc328a4bdd9b266e9ebdbf5be8b28304507c7a5440941359ee24cacf61,768290a1f1c2f63f8babf657f4e5e2b4da610a7bbda77136d410d91af83ab12a,False,results\cache\official_baselines\RANGE\LandUse-21__pool1__12e702c290c0b36f3c973cd485ddda54eaf51e27f9905b394d8b80096016a460.npz,"{""details"": {""alpha"": 0.8, ""anchor_offset"": 0, ""entrypoint"": ""HFES+solve_RANGE"", ""fuzzy_threshold"": 0.8, ""input"": ""frozen_base_parts"", ""kmeans_replicates"": 3, ""lambda"": 0.1}, ""method"": ""RANGE"", ""schema"": ""psfce-v4-matlab-adapter-v1""}",v1,0.3,0.37078608499672755,0.15544978438186827,0.3091814654814003
LandUse-21,1,NEW10,,formal,,YACHT,"{""alpha"": 0.99, ""anchor_offset"": 2, ""kmeans_replicates"": 3, ""theta"": 0.4, ""walk_order"": 20}",ok,,2100,21,20,13.911329199996544,matlab,https://github.com/scu-kdde/YACHT.git,44cb0fc35b80ec17befa199879ac947fee15f464,2026-09-14,NOASSERTION,0a8d0fbc328a4bdd9b266e9ebdbf5be8b28304507c7a5440941359ee24cacf61,62deb2b66b54ab18491847bd2cca81e375344bea0ab840d0da429a98100a165b,False,results\cache\official_baselines\YACHT\LandUse-21__pool1__10f880c5f7a7d870d399cb35ee3acb789cc7f7b112c148a3bfc13093c1e27a6c.npz,"{""details"": {""alpha"": 0.99, ""anchor_offset"": 2, ""compatibility_patch"": ""paper walk order is parameterized; repository helper hard-codes 10"", ""entrypoint"": ""solve_YACHT"", ""input"": ""frozen_base_parts"", ""kmeans_replicates"": 3, ""theta"": 0.4, ""walk_order"": 20}, ""method"": ""YACHT"", ""schema"": ""psfce-v4-matlab-adapter-v1""}",v1,0.2976190476190476,0.36503256202143214,0.15807443009925382,0.3051605101932699
LandUse-21,2,NEW10,,formal,,CEHM,{},ok,,2100,21,20,12.373941199999535,matlab,https://github.com/FeijiangLi/Code-k-HyperEdge-Medoids-for-Clustering-Ensemble-AAAI.git,29c22fb18e05eed67728eebcb29cd7e9133723f7,2026-09-14,NOASSERTION,850293ed07060a1a9819ef975c9bf30ca932d67ab67b4695c7e563b253e732f8,44136fa355b3678a1146ad16f7e8649e94fb4fc21fe77e8310c060f61caaff8a,False,results\cache\official_baselines\CEHM\LandUse-21__pool2__bb0fe24952c83b77a9eb4708bff476db94a2f88c17744902896f55637fa2e78f.npz,"{""details"": {""entrypoint"": ""CEHM"", ""input"": ""frozen_base_parts"", ""variant"": ""published""}, ""method"": ""CEHM"", ""schema"": ""psfce-v4-matlab-adapter-v1""}",v1,0.07333333333333333,0.05544620566313029,0.0019480286518315487,0.03999340777170744
LandUse-21,2,NEW10,,formal,,RANGE,"{""alpha"": 0.8, ""anchor_offset"": 0, ""fuzzy_threshold"": 0.8, ""kmeans_replicates"": 3, ""lambda"": 0.1}",ok,,2100,21,20,14.240614499998628,matlab,https://github.com/middle258/RANGE.git,85d93c54d72d500034d05b5ef131bd90630a3632,2026-09-14,NOASSERTION,850293ed07060a1a9819ef975c9bf30ca932d67ab67b4695c7e563b253e732f8,768290a1f1c2f63f8babf657f4e5e2b4da610a7bbda77136d410d91af83ab12a,False,results\cache\official_baselines\RANGE\LandUse-21__pool2__ba96f7d3af18d874e7afe050d10b714855e46fce45a3eeaf80e69cdee7a87924.npz,"{""details"": {""alpha"": 0.8, ""anchor_offset"": 0, ""entrypoint"": ""HFES+solve_RANGE"", ""fuzzy_threshold"": 0.8, ""input"": ""frozen_base_parts"", ""kmeans_replicates"": 3, ""lambda"": 0.1}, ""method"": ""RANGE"", ""schema"": ""psfce-v4-matlab-adapter-v1""}",v1,0.3076190476190476,0.36651228719857254,0.1628586255811014,0.3063040249171535
LandUse-21,2,NEW10,,formal,,YACHT,"{""alpha"": 0.99, ""anchor_offset"": 2, ""kmeans_replicates"": 3, ""theta"": 0.4, ""walk_order"": 20}",ok,,2100,21,20,16.421893399994588,matlab,https://github.com/scu-kdde/YACHT.git,44cb0fc35b80ec17befa199879ac947fee15f464,2026-09-14,NOASSERTION,850293ed07060a1a9819ef975c9bf30ca932d67ab67b4695c7e563b253e732f8,62deb2b66b54ab18491847bd2cca81e375344bea0ab840d0da429a98100a165b,False,results\cache\official_baselines\YACHT\LandUse-21__pool2__d66e6d53fedc241a540c66bd1859458e884f23058c81b170d02959a2157a639f.npz,"{""details"": {""alpha"": 0.99, ""anchor_offset"": 2, ""compatibility_patch"": ""paper walk order is parameterized; repository helper hard-codes 10"", ""entrypoint"": ""solve_YACHT"", ""input"": ""frozen_base_parts"", ""kmeans_replicates"": 3, ""theta"": 0.4, ""walk_order"": 20}, ""method"": ""YACHT"", ""schema"": ""psfce-v4-matlab-adapter-v1""}",v1,0.27666666666666667,0.3558113157900128,0.14037901968923558,0.2785094344776232
Letter,0,BKCC_V2,,formal,,CEHM,{},ok,,20000,26,20,38.40308069999446,matlab,https://github.com/FeijiangLi/Code-k-HyperEdge-Medoids-for-Clustering-Ensemble-AAAI.git,29c22fb18e05eed67728eebcb29cd7e9133723f7,2026-09-14,NOASSERTION,fa3242923348092b9a2e33fa34a027882becdbc1047b9a1bcf413cfa90e06627,44136fa355b3678a1146ad16f7e8649e94fb4fc21fe77e8310c060f61caaff8a,False,results\cache\official_baselines\CEHM\Letter__pool0__6a27b0a3e2aff6635eed6cc7beee1b7ba9b6a2a04e1baf8ef0b87d76f8ff6f01.npz,"{""details"": {""entrypoint"": ""CEHM"", ""input"": ""frozen_base_parts"", ""variant"": ""published""}, ""method"": ""CEHM"", ""schema"": ""psfce-v4-matlab-adapter-v1""}",v1,0.284,0.39698697200450733,0.1339713713506544,0.2996569356177457
Letter,0,BKCC_V2,,formal,,RANGE,"{""alpha"": 0.8, ""anchor_offset"": 0, ""fuzzy_threshold"": 0.8, ""kmeans_replicates"": 3, ""lambda"": 0.1}",ok,,20000,26,20,34.5128018999967,matlab,https://github.com/middle258/RANGE.git,85d93c54d72d500034d05b5ef131bd90630a3632,2026-09-14,NOASSERTION,fa3242923348092b9a2e33fa34a027882becdbc1047b9a1bcf413cfa90e06627,768290a1f1c2f63f8babf657f4e5e2b4da610a7bbda77136d410d91af83ab12a,False,results\cache\official_baselines\RANGE\Letter__pool0__90bee9f78978bad57f751c026d25176051ad7b8147859d07bb4248daedf68bfe.npz,"{""details"": {""alpha"": 0.8, ""anchor_offset"": 0, ""entrypoint"": ""HFES+solve_RANGE"", ""fuzzy_threshold"": 0.8, ""input"": ""frozen_base_parts"", ""kmeans_replicates"": 3, ""lambda"": 0.1}, ""method"": ""RANGE"", ""schema"": ""psfce-v4-matlab-adapter-v1""}",v1,0.25975,0.3763755243304252,0.1612611005766829,0.2556278469224709
Letter,0,BKCC_V2,,formal,,YACHT,"{""alpha"": 0.99, ""anchor_offset"": 2, ""kmeans_replicates"": 3, ""theta"": 0.4, ""walk_order"": 20}",ok,,20000,26,20,48.64946040000359,matlab,https://github.com/scu-kdde/YACHT.git,44cb0fc35b80ec17befa199879ac947fee15f464,2026-09-14,NOASSERTION,fa3242923348092b9a2e33fa34a027882becdbc1047b9a1bcf413cfa90e06627,62deb2b66b54ab18491847bd2cca81e375344bea0ab840d0da429a98100a165b,False,results\cache\official_baselines\YACHT\Letter__pool0__60dd174a7725abd6373d7642f7e6fe6373a15388dcdeed67426926d585e8264a.npz,"{""details"": {""alpha"": 0.99, ""anchor_offset"": 2, ""compatibility_patch"": ""paper walk order is parameterized; repository helper hard-codes 10"", ""entrypoint"": ""solve_YACHT"", ""input"": ""frozen_base_parts"", ""kmeans_replicates"": 3, ""theta"": 0.4, ""walk_order"": 20}, ""method"": ""YACHT"", ""schema"": ""psfce-v4-matlab-adapter-v1""}",v1,0.2417,0.36679592045355747,0.13979461384475023,0.24422634634558874
Letter,1,BKCC_V2,,formal,,CEHM,{},ok,,20000,26,20,38.806503299987526,matlab,https://github.com/FeijiangLi/Code-k-HyperEdge-Medoids-for-Clustering-Ensemble-AAAI.git,29c22fb18e05eed67728eebcb29cd7e9133723f7,2026-09-14,NOASSERTION,5bfafe1285367d8bbff73a9226cf8d1b0eddb596cd690dbddfb7249f9f01a992,44136fa355b3678a1146ad16f7e8649e94fb4fc21fe77e8310c060f61caaff8a,False,results\cache\official_baselines\CEHM\Letter__pool1__9cfa5e401203d4962eb38c0bf9719ecc4b8025fe241a57ca05243fd25a8cc15b.npz,"{""details"": {""entrypoint"": ""CEHM"", ""input"": ""frozen_base_parts"", ""variant"": ""published""}, ""method"": ""CEHM"", ""schema"": ""psfce-v4-matlab-adapter-v1""}",v1,0.2545,0.3826338078903254,0.1080136272908075,0.2549068898663618
Letter,1,BKCC_V2,,formal,,RANGE,"{""alpha"": 0.8, ""anchor_offset"": 0, ""fuzzy_threshold"": 0.8, ""kmeans_replicates"": 3, ""lambda"": 0.1}",ok,,20000,26,20,36.41559250000864,matlab,https://github.com/middle258/RANGE.git,85d93c54d72d500034d05b5ef131bd90630a3632,2026-09-14,NOASSERTION,5bfafe1285367d8bbff73a9226cf8d1b0eddb596cd690dbddfb7249f9f01a992,768290a1f1c2f63f8babf657f4e5e2b4da610a7bbda77136d410d91af83ab12a,False,results\cache\official_baselines\RANGE\Letter__pool1__2baf05ef75088e93043933bac18388f0a4d0e851a2164edd3292a3f363e36077.npz,"{""details"": {""alpha"": 0.8, ""anchor_offset"": 0, ""entrypoint"": ""HFES+solve_RANGE"", ""fuzzy_threshold"": 0.8, ""input"": ""frozen_base_parts"", ""kmeans_replicates"": 3, ""lambda"": 0.1}, ""method"": ""RANGE"", ""schema"": ""psfce-v4-matlab-adapter-v1""}",v1,0.2767,0.38021746501437886,0.16467531548153122,0.276947594787479
Letter,1,BKCC_V2,,formal,,YACHT,"{""alpha"": 0.99, ""anchor_offset"": 2, ""kmeans_replicates"": 3, ""theta"": 0.4, ""walk_order"": 20}",ok,,20000,26,20,56.129594500001986,matlab,https://github.com/scu-kdde/YACHT.git,44cb0fc35b80ec17befa199879ac947fee15f464,2026-09-14,NOASSERTION,5bfafe1285367d8bbff73a9226cf8d1b0eddb596cd690dbddfb7249f9f01a992,62deb2b66b54ab18491847bd2cca81e375344bea0ab840d0da429a98100a165b,False,results\cache\official_baselines\YACHT\Letter__pool1__1aa0313c733209aa56d4eaec4fcd04b9675355250679abe0312fe93faf7d0180.npz,"{""details"": {""alpha"": 0.99, ""anchor_offset"": 2, ""compatibility_patch"": ""paper walk order is parameterized; repository helper hard-codes 10"", ""entrypoint"": ""solve_YACHT"", ""input"": ""frozen_base_parts"", ""kmeans_replicates"": 3, ""theta"": 0.4, ""walk_order"": 20}, ""method"": ""YACHT"", ""schema"": ""psfce-v4-matlab-adapter-v1""}",v1,0.2727,0.382683752491975,0.1565594642057261,0.2861719069318164
Letter,2,BKCC_V2,,formal,,CEHM,{},ok,,20000,26,20,39.545578200006275,matlab,https://github.com/FeijiangLi/Code-k-HyperEdge-Medoids-for-Clustering-Ensemble-AAAI.git,29c22fb18e05eed67728eebcb29cd7e9133723f7,2026-09-14,NOASSERTION,2c7c985cc3e24ed5124f1fe1fa1063bb41a44d4414d197fe980da3a6f9512ce0,44136fa355b3678a1146ad16f7e8649e94fb4fc21fe77e8310c060f61caaff8a,False,results\cache\official_baselines\CEHM\Letter__pool2__eb623e5cfafe7d4f23a5a97e1da27832c2442674d689731530e090f894a032cf.npz,"{""details"": {""entrypoint"": ""CEHM"", ""input"": ""frozen_base_parts"", ""variant"": ""published""}, ""method"": ""CEHM"", ""schema"": ""psfce-v4-matlab-adapter-v1""}",v1,0.26195,0.3720166560391204,0.10320296906997739,0.28425912429939093
Letter,2,BKCC_V2,,formal,,RANGE,"{""alpha"": 0.8, ""anchor_offset"": 0, ""fuzzy_threshold"": 0.8, ""kmeans_replicates"": 3, ""lambda"": 0.1}",ok,,20000,26,20,42.07797589999973,matlab,https://github.com/middle258/RANGE.git,85d93c54d72d500034d05b5ef131bd90630a3632,2026-09-14,NOASSERTION,2c7c985cc3e24ed5124f1fe1fa1063bb41a44d4414d197fe980da3a6f9512ce0,768290a1f1c2f63f8babf657f4e5e2b4da610a7bbda77136d410d91af83ab12a,False,results\cache\official_baselines\RANGE\Letter__pool2__66b262b80d33ab3f40d0a698540d3a5b5908b9494498ea0c74f396d70ec0168c.npz,"{""details"": {""alpha"": 0.8, ""anchor_offset"": 0, ""entrypoint"": ""HFES+solve_RANGE"", ""fuzzy_threshold"": 0.8, ""input"": ""frozen_base_parts"", ""kmeans_replicates"": 3, ""lambda"": 0.1}, ""method"": ""RANGE"", ""schema"": ""psfce-v4-matlab-adapter-v1""}",v1,0.26365,0.3580157672515274,0.13078923606671228,0.28026645521817406
Letter,2,BKCC_V2,,formal,,YACHT,"{""alpha"": 0.99, ""anchor_offset"": 2, ""kmeans_replicates"": 3, ""theta"": 0.4, ""walk_order"": 20}",ok,,20000,26,20,60.69815860000381,matlab,https://github.com/scu-kdde/YACHT.git,44cb0fc35b80ec17befa199879ac947fee15f464,2026-09-14,NOASSERTION,2c7c985cc3e24ed5124f1fe1fa1063bb41a44d4414d197fe980da3a6f9512ce0,62deb2b66b54ab18491847bd2cca81e375344bea0ab840d0da429a98100a165b,False,results\cache\official_baselines\YACHT\Letter__pool2__0bca937024aeb24bdb83b82355d9934902f8b08956787ffdb44a5cf6ec1fde55.npz,"{""details"": {""alpha"": 0.99, ""anchor_offset"": 2, ""compatibility_patch"": ""paper walk order is parameterized; repository helper hard-codes 10"", ""entrypoint"": ""solve_YACHT"", ""input"": ""frozen_base_parts"", ""kmeans_replicates"": 3, ""theta"": 0.4, ""walk_order"": 20}, ""method"": ""YACHT"", ""schema"": ""psfce-v4-matlab-adapter-v1""}",v1,0.2526,0.3424002593731139,0.13135433499186636,0.2563239213925861
Leukemia,0,BKCC_V2,,formal,,CEHM,{},ok,,72,2,20,15.560792199990829,matlab,https://github.com/FeijiangLi/Code-k-HyperEdge-Medoids-for-Clustering-Ensemble-AAAI.git,29c22fb18e05eed67728eebcb29cd7e9133723f7,2026-09-14,NOASSERTION,46211e2cad8a28f45d78d97d49ecef22debe9bf1c6ab1e1bfe63d67abaac6123,44136fa355b3678a1146ad16f7e8649e94fb4fc21fe77e8310c060f61caaff8a,False,results\cache\official_baselines\CEHM\Leukemia__pool0__b1c358949d9e886ec06339a892e4c9fa8eca2ee0bed2ee3ab9fe6a62e0865e32.npz,"{""details"": {""entrypoint"": ""CEHM"", ""input"": ""frozen_base_parts"", ""variant"": ""published""}, ""method"": ""CEHM"", ""schema"": ""psfce-v4-matlab-adapter-v1""}",v1,0.7083333333333334,0.12531250648530332,0.16207751501386602,0.6950998185117967
Leukemia,0,BKCC_V2,,formal,,RANGE,"{""alpha"": 0.8, ""anchor_offset"": 0, ""fuzzy_threshold"": 0.8, ""kmeans_replicates"": 3, ""lambda"": 0.1}",ok,,72,2,20,16.06291949999286,matlab,https://github.com/middle258/RANGE.git,85d93c54d72d500034d05b5ef131bd90630a3632,2026-09-14,NOASSERTION,46211e2cad8a28f45d78d97d49ecef22debe9bf1c6ab1e1bfe63d67abaac6123,768290a1f1c2f63f8babf657f4e5e2b4da610a7bbda77136d410d91af83ab12a,False,results\cache\official_baselines\RANGE\Leukemia__pool0__9799ed5341758657bd3c1bb599d92acb70cea7c701753cd0b877683288e31fbc.npz,"{""details"": {""alpha"": 0.8, ""anchor_offset"": 0, ""entrypoint"": ""HFES+solve_RANGE"", ""fuzzy_threshold"": 0.8, ""input"": ""frozen_base_parts"", ""kmeans_replicates"": 3, ""lambda"": 0.1}, ""method"": ""RANGE"", ""schema"": ""psfce-v4-matlab-adapter-v1""}",v1,0.7083333333333334,0.12531250648530332,0.16207751501386602,0.6950998185117967
Leukemia,0,BKCC_V2,,formal,,YACHT,"{""alpha"": 0.99, ""anchor_offset"": 2, ""kmeans_replicates"": 3, ""theta"": 0.4, ""walk_order"": 20}",ok,,72,2,20,12.140562600005069,matlab,https://github.com/scu-kdde/YACHT.git,44cb0fc35b80ec17befa199879ac947fee15f464,2026-09-14,NOASSERTION,46211e2cad8a28f45d78d97d49ecef22debe9bf1c6ab1e1bfe63d67abaac6123,62deb2b66b54ab18491847bd2cca81e375344bea0ab840d0da429a98100a165b,False,results\cache\official_baselines\YACHT\Leukemia__pool0__53b43367e415159759767f87b12f03fd180200795307e5b1b8d8830ec959e592.npz,"{""details"": {""alpha"": 0.99, ""anchor_offset"": 2, ""compatibility_patch"": ""paper walk order is parameterized; repository helper hard-codes 10"", ""entrypoint"": ""solve_YACHT"", ""input"": ""frozen_base_parts"", ""kmeans_replicates"": 3, ""theta"": 0.4, ""walk_order"": 20}, ""method"": ""YACHT"", ""schema"": ""psfce-v4-matlab-adapter-v1""}",v1,0.5277777777777778,0.01602197826279699,-0.01498713728527565,0.5274131274131274
Leukemia,1,BKCC_V2,,formal,,CEHM,{},ok,,72,2,20,14.669808599996031,matlab,https://github.com/FeijiangLi/Code-k-HyperEdge-Medoids-for-Clustering-Ensemble-AAAI.git,29c22fb18e05eed67728eebcb29cd7e9133723f7,2026-09-14,NOASSERTION,e93aaec600fc5254aca296920866214d96e6dc444bacbbc5dafaa50c6a8613c9,44136fa355b3678a1146ad16f7e8649e94fb4fc21fe77e8310c060f61caaff8a,False,results\cache\official_baselines\CEHM\Leukemia__pool1__b18474bd390d7d61e8dc9d129f7d11a378b3ea4dbc0b5e47beeabb788da4c2b9.npz,"{""details"": {""entrypoint"": ""CEHM"", ""input"": ""frozen_base_parts"", ""variant"": ""published""}, ""method"": ""CEHM"", ""schema"": ""psfce-v4-matlab-adapter-v1""}",v1,0.7083333333333334,0.12531250648530332,0.16207751501386602,0.6950998185117967
Leukemia,1,BKCC_V2,,formal,,RANGE,"{""alpha"": 0.8, ""anchor_offset"": 0, ""fuzzy_threshold"": 0.8, ""kmeans_replicates"": 3, ""lambda"": 0.1}",ok,,72,2,20,13.152357900005882,matlab,https://github.com/middle258/RANGE.git,85d93c54d72d500034d05b5ef131bd90630a3632,2026-09-14,NOASSERTION,e93aaec600fc5254aca296920866214d96e6dc444bacbbc5dafaa50c6a8613c9,768290a1f1c2f63f8babf657f4e5e2b4da610a7bbda77136d410d91af83ab12a,False,results\cache\official_baselines\RANGE\Leukemia__pool1__2742559c43040b63c8aa9485d401e96c15583b588a75014b62a80e570e47905c.npz,"{""details"": {""alpha"": 0.8, ""anchor_offset"": 0, ""entrypoint"": ""HFES+solve_RANGE"", ""fuzzy_threshold"": 0.8, ""input"": ""frozen_base_parts"", ""kmeans_replicates"": 3, ""lambda"": 0.1}, ""method"": ""RANGE"", ""schema"": ""psfce-v4-matlab-adapter-v1""}",v1,0.6527777777777778,0.07892504742452423,0.08163714622252066,0.6444795575745605
Leukemia,1,BKCC_V2,,formal,,YACHT,"{""alpha"": 0.99, ""anchor_offset"": 2, ""kmeans_replicates"": 3, ""theta"": 0.4, ""walk_order"": 20}",ok,,72,2,20,11.66765379998833,matlab,https://github.com/scu-kdde/YACHT.git,44cb0fc35b80ec17befa199879ac947fee15f464,2026-09-14,NOASSERTION,e93aaec600fc5254aca296920866214d96e6dc444bacbbc5dafaa50c6a8613c9,62deb2b66b54ab18491847bd2cca81e375344bea0ab840d0da429a98100a165b,False,results\cache\official_baselines\YACHT\Leukemia__pool1__7a4ee830d14a49dcd651fb6e2f34ccbe2b2a58d9e63dfba97dde4e700f328bf7.npz,"{""details"": {""alpha"": 0.99, ""anchor_offset"": 2, ""compatibility_patch"": ""paper walk order is parameterized; repository helper hard-codes 10"", ""entrypoint"": ""solve_YACHT"", ""input"": ""frozen_base_parts"", ""kmeans_replicates"": 3, ""theta"": 0.4, ""walk_order"": 20}, ""method"": ""YACHT"", ""schema"": ""psfce-v4-matlab-adapter-v1""}",v1,0.7083333333333334,0.12531250648530332,0.16207751501386602,0.6950998185117967
Leukemia,2,BKCC_V2,,formal,,CEHM,{},ok,,72,2,20,11.694535200003884,matlab,https://github.com/FeijiangLi/Code-k-HyperEdge-Medoids-for-Clustering-Ensemble-AAAI.git,29c22fb18e05eed67728eebcb29cd7e9133723f7,2026-09-14,NOASSERTION,8bca8c3059788726464368cbe44d496c779f37aa4bc929df7fca3668be9139c1,44136fa355b3678a1146ad16f7e8649e94fb4fc21fe77e8310c060f61caaff8a,False,results\cache\official_baselines\CEHM\Leukemia__pool2__41b0148fca9b0098a103ff215c7d9737237251ee7c8abe9ed4b2a2a724be45ee.npz,"{""details"": {""entrypoint"": ""CEHM"", ""input"": ""frozen_base_parts"", ""variant"": ""published""}, ""method"": ""CEHM"", ""schema"": ""psfce-v4-matlab-adapter-v1""}",v1,0.7083333333333334,0.12531250648530332,0.16207751501386602,0.6950998185117967
Leukemia,2,BKCC_V2,,formal,,RANGE,"{""alpha"": 0.8, ""anchor_offset"": 0, ""fuzzy_threshold"": 0.8, ""kmeans_replicates"": 3, ""lambda"": 0.1}",ok,,72,2,20,11.949926000001142,matlab,https://github.com/middle258/RANGE.git,85d93c54d72d500034d05b5ef131bd90630a3632,2026-09-14,NOASSERTION,8bca8c3059788726464368cbe44d496c779f37aa4bc929df7fca3668be9139c1,768290a1f1c2f63f8babf657f4e5e2b4da610a7bbda77136d410d91af83ab12a,False,results\cache\official_baselines\RANGE\Leukemia__pool2__a43bf50ebf36affc1551825a0f2793e231744c443d9eee66bd19bf1d364c7fb8.npz,"{""details"": {""alpha"": 0.8, ""anchor_offset"": 0, ""entrypoint"": ""HFES+solve_RANGE"", ""fuzzy_threshold"": 0.8, ""input"": ""frozen_base_parts"", ""kmeans_replicates"": 3, ""lambda"": 0.1}, ""method"": ""RANGE"", ""schema"": ""psfce-v4-matlab-adapter-v1""}",v1,0.6527777777777778,0.07892504742452423,0.08163714622252066,0.6444795575745605
Leukemia,2,BKCC_V2,,formal,,YACHT,"{""alpha"": 0.99, ""anchor_offset"": 2, ""kmeans_replicates"": 3, ""theta"": 0.4, ""walk_order"": 20}",ok,,72,2,20,11.648615500002052,matlab,https://github.com/scu-kdde/YACHT.git,44cb0fc35b80ec17befa199879ac947fee15f464,2026-09-14,NOASSERTION,8bca8c3059788726464368cbe44d496c779f37aa4bc929df7fca3668be9139c1,62deb2b66b54ab18491847bd2cca81e375344bea0ab840d0da429a98100a165b,False,results\cache\official_baselines\YACHT\Leukemia__pool2__cfab72d32e6653fcefab54da7a7a58bea7683c0afe63684ec84451a9da0952fd.npz,"{""details"": {""alpha"": 0.99, ""anchor_offset"": 2, ""compatibility_patch"": ""paper walk order is parameterized; repository helper hard-codes 10"", ""entrypoint"": ""solve_YACHT"", ""input"": ""frozen_base_parts"", ""kmeans_replicates"": 3, ""theta"": 0.4, ""walk_order"": 20}, ""method"": ""YACHT"", ""schema"": ""psfce-v4-matlab-adapter-v1""}",v1,0.5416666666666666,0.02068814902456983,-0.009972085529054752,0.5408695652173914
Leukemia2,0,NEW10,,formal,,CEHM,{},ok,,72,3,20,11.581451399993966,matlab,https://github.com/FeijiangLi/Code-k-HyperEdge-Medoids-for-Clustering-Ensemble-AAAI.git,29c22fb18e05eed67728eebcb29cd7e9133723f7,2026-09-14,NOASSERTION,a7d50fe0db885177cc43f70632ceac75e18a6a5a62b2d7460f31f74e471b48a6,44136fa355b3678a1146ad16f7e8649e94fb4fc21fe77e8310c060f61caaff8a,False,results\cache\official_baselines\CEHM\Leukemia2__pool0__2fd4cd5c483c5cf439306b5d757dc5b0c9fedddd9e2e589c348ea0efd6edad5d.npz,"{""details"": {""entrypoint"": ""CEHM"", ""input"": ""frozen_base_parts"", ""variant"": ""published""}, ""method"": ""CEHM"", ""schema"": ""psfce-v4-matlab-adapter-v1""}",v1,0.5277777777777778,0.32195895498181504,0.1622627823753863,0.42758057935536514
Leukemia2,0,NEW10,,formal,,RANGE,"{""alpha"": 0.8, ""anchor_offset"": 0, ""fuzzy_threshold"": 0.8, ""kmeans_replicates"": 3, ""lambda"": 0.1}",ok,,72,3,20,12.069229000000632,matlab,https://github.com/middle258/RANGE.git,85d93c54d72d500034d05b5ef131bd90630a3632,2026-09-14,NOASSERTION,a7d50fe0db885177cc43f70632ceac75e18a6a5a62b2d7460f31f74e471b48a6,768290a1f1c2f63f8babf657f4e5e2b4da610a7bbda77136d410d91af83ab12a,False,results\cache\official_baselines\RANGE\Leukemia2__pool0__885b2b6346eb78233919c48756b4b4f47ac692daddf4c36fbbbd14cf4a947093.npz,"{""details"": {""alpha"": 0.8, ""anchor_offset"": 0, ""entrypoint"": ""HFES+solve_RANGE"", ""fuzzy_threshold"": 0.8, ""input"": ""frozen_base_parts"", ""kmeans_replicates"": 3, ""lambda"": 0.1}, ""method"": ""RANGE"", ""schema"": ""psfce-v4-matlab-adapter-v1""}",v1,0.6666666666666666,0.3991327888932993,0.3379064977217402,0.6589181126996254
Leukemia2,0,NEW10,,formal,,YACHT,"{""alpha"": 0.99, ""anchor_offset"": 2, ""kmeans_replicates"": 3, ""theta"": 0.4, ""walk_order"": 20}",ok,,72,3,20,11.362164399994072,matlab,https://github.com/scu-kdde/YACHT.git,44cb0fc35b80ec17befa199879ac947fee15f464,2026-09-14,NOASSERTION,a7d50fe0db885177cc43f70632ceac75e18a6a5a62b2d7460f31f74e471b48a6,62deb2b66b54ab18491847bd2cca81e375344bea0ab840d0da429a98100a165b,False,results\cache\official_baselines\YACHT\Leukemia2__pool0__f1becb988f24cd11d322b81ce9cbf489ebf3803a0cd26a9edfbd0591c511f7db.npz,"{""details"": {""alpha"": 0.99, ""anchor_offset"": 2, ""compatibility_patch"": ""paper walk order is parameterized; repository helper hard-codes 10"", ""entrypoint"": ""solve_YACHT"", ""input"": ""frozen_base_parts"", ""kmeans_replicates"": 3, ""theta"": 0.4, ""walk_order"": 20}, ""method"": ""YACHT"", ""schema"": ""psfce-v4-matlab-adapter-v1""}",v1,0.6527777777777778,0.38672942870869464,0.3156856415719861,0.6473311546840959
Leukemia2,1,NEW10,,formal,,CEHM,{},ok,,72,3,20,11.133940899992012,matlab,https://github.com/FeijiangLi/Code-k-HyperEdge-Medoids-for-Clustering-Ensemble-AAAI.git,29c22fb18e05eed67728eebcb29cd7e9133723f7,2026-09-14,NOASSERTION,5324c02163658d1edf92bc375ebcaa40038c2bb7ae68a9aeff076fd90cc47681,44136fa355b3678a1146ad16f7e8649e94fb4fc21fe77e8310c060f61caaff8a,False,results\cache\official_baselines\CEHM\Leukemia2__pool1__51da6fe0193cbd28f772f5a0051d488e12a1892dbebc05abf24907b8834b7468.npz,"{""details"": {""entrypoint"": ""CEHM"", ""input"": ""frozen_base_parts"", ""variant"": ""published""}, ""method"": ""CEHM"", ""schema"": ""psfce-v4-matlab-adapter-v1""}",v1,0.5277777777777778,0.32195895498181504,0.1622627823753863,0.42758057935536514
Leukemia2,1,NEW10,,formal,,RANGE,"{""alpha"": 0.8, ""anchor_offset"": 0, ""fuzzy_threshold"": 0.8, ""kmeans_replicates"": 3, ""lambda"": 0.1}",ok,,72,3,20,11.87624210001377,matlab,https://github.com/middle258/RANGE.git,85d93c54d72d500034d05b5ef131bd90630a3632,2026-09-14,NOASSERTION,5324c02163658d1edf92bc375ebcaa40038c2bb7ae68a9aeff076fd90cc47681,768290a1f1c2f63f8babf657f4e5e2b4da610a7bbda77136d410d91af83ab12a,False,results\cache\official_baselines\RANGE\Leukemia2__pool1__1e47f6b3e1bdfe09837c418972e3aebbbb9d1419faeb22488c2b610f3c9d99bb.npz,"{""details"": {""alpha"": 0.8, ""anchor_offset"": 0, ""entrypoint"": ""HFES+solve_RANGE"", ""fuzzy_threshold"": 0.8, ""input"": ""frozen_base_parts"", ""kmeans_replicates"": 3, ""lambda"": 0.1}, ""method"": ""RANGE"", ""schema"": ""psfce-v4-matlab-adapter-v1""}",v1,0.6388888888888888,0.3754568937928855,0.2957095344447287,0.635540802815113
Leukemia2,1,NEW10,,formal,,YACHT,"{""alpha"": 0.99, ""anchor_offset"": 2, ""kmeans_replicates"": 3, ""theta"": 0.4, ""walk_order"": 20}",ok,,72,3,20,12.513620100013213,matlab,https://github.com/scu-kdde/YACHT.git,44cb0fc35b80ec17befa199879ac947fee15f464,2026-09-14,NOASSERTION,5324c02163658d1edf92bc375ebcaa40038c2bb7ae68a9aeff076fd90cc47681,62deb2b66b54ab18491847bd2cca81e375344bea0ab840d0da429a98100a165b,False,results\cache\official_baselines\YACHT\Leukemia2__pool1__4bb35cfbbcf3821c22ca74364eaa4f638c107aa26e3ba4a05d28f9a7241a70aa.npz,"{""details"": {""alpha"": 0.99, ""anchor_offset"": 2, ""compatibility_patch"": ""paper walk order is parameterized; repository helper hard-codes 10"", ""entrypoint"": ""solve_YACHT"", ""input"": ""frozen_base_parts"", ""kmeans_replicates"": 3, ""theta"": 0.4, ""walk_order"": 20}, ""method"": ""YACHT"", ""schema"": ""psfce-v4-matlab-adapter-v1""}",v1,0.6527777777777778,0.28496589410055917,0.24687905013322334,0.6442080378250591
Leukemia2,2,NEW10,,formal,,CEHM,{},ok,,72,3,20,11.220656999998027,matlab,https://github.com/FeijiangLi/Code-k-HyperEdge-Medoids-for-Clustering-Ensemble-AAAI.git,29c22fb18e05eed67728eebcb29cd7e9133723f7,2026-09-14,NOASSERTION,6f2890c7af16d64f162ae5bee8b03b1c30f3171a72ae0344b91fc107f0ff76f5,44136fa355b3678a1146ad16f7e8649e94fb4fc21fe77e8310c060f61caaff8a,False,results\cache\official_baselines\CEHM\Leukemia2__pool2__e0f9dcee64bd813241f6f06f41c108e5a53b271364cc59ac77d9f576a8df1633.npz,"{""details"": {""entrypoint"": ""CEHM"", ""input"": ""frozen_base_parts"", ""variant"": ""published""}, ""method"": ""CEHM"", ""schema"": ""psfce-v4-matlab-adapter-v1""}",v1,0.5972222222222222,0.45500293739228287,0.32995510789888083,0.48924100156494515
Leukemia2,2,NEW10,,formal,,RANGE,"{""alpha"": 0.8, ""anchor_offset"": 0, ""fuzzy_threshold"": 0.8, ""kmeans_replicates"": 3, ""lambda"": 0.1}",ok,,72,3,20,12.595265399999334,matlab,https://github.com/middle258/RANGE.git,85d93c54d72d500034d05b5ef131bd90630a3632,2026-09-14,NOASSERTION,6f2890c7af16d64f162ae5bee8b03b1c30f3171a72ae0344b91fc107f0ff76f5,768290a1f1c2f63f8babf657f4e5e2b4da610a7bbda77136d410d91af83ab12a,False,results\cache\official_baselines\RANGE\Leukemia2__pool2__37ac4cc1ef370bcf1f380141d300d9b5245775e71850f7874c45b731ec89934b.npz,"{""details"": {""alpha"": 0.8, ""anchor_offset"": 0, ""entrypoint"": ""HFES+solve_RANGE"", ""fuzzy_threshold"": 0.8, ""input"": ""frozen_base_parts"", ""kmeans_replicates"": 3, ""lambda"": 0.1}, ""method"": ""RANGE"", ""schema"": ""psfce-v4-matlab-adapter-v1""}",v1,0.6666666666666666,0.3167019153909561,0.29070411996352236,0.6569573283858998
Leukemia2,2,NEW10,,formal,,YACHT,"{""alpha"": 0.99, ""anchor_offset"": 2, ""kmeans_replicates"": 3, ""theta"": 0.4, ""walk_order"": 20}",ok,,72,3,20,11.918838500001584,matlab,https://github.com/scu-kdde/YACHT.git,44cb0fc35b80ec17befa199879ac947fee15f464,2026-09-14,NOASSERTION,6f2890c7af16d64f162ae5bee8b03b1c30f3171a72ae0344b91fc107f0ff76f5,62deb2b66b54ab18491847bd2cca81e375344bea0ab840d0da429a98100a165b,False,results\cache\official_baselines\YACHT\Leukemia2__pool2__d1ea64f956033cf724cef92a47124572615debe46fa57a07093b64521de003c3.npz,"{""details"": {""alpha"": 0.99, ""anchor_offset"": 2, ""compatibility_patch"": ""paper walk order is parameterized; repository helper hard-codes 10"", ""entrypoint"": ""solve_YACHT"", ""input"": ""frozen_base_parts"", ""kmeans_replicates"": 3, ""theta"": 0.4, ""walk_order"": 20}, ""method"": ""YACHT"", ""schema"": ""psfce-v4-matlab-adapter-v1""}",v1,0.5833333333333334,0.33945360816882997,0.2386035598904271,0.5856817145462836
MFeat-pix,0,BKCC_V2,,formal,,CEHM,{},ok,,2000,10,20,12.417700100006186,matlab,https://github.com/FeijiangLi/Code-k-HyperEdge-Medoids-for-Clustering-Ensemble-AAAI.git,29c22fb18e05eed67728eebcb29cd7e9133723f7,2026-09-14,NOASSERTION,2af26b9b1718d2bda5287c269e4e597dc61ee28fd0eae90ef563f199ff666579,44136fa355b3678a1146ad16f7e8649e94fb4fc21fe77e8310c060f61caaff8a,False,results\cache\official_baselines\CEHM\MFeat-pix__pool0__df096abb4e57301d9353db6c02356ced6b02e06c0e4aa37910d28aa410910301.npz,"{""details"": {""entrypoint"": ""CEHM"", ""input"": ""frozen_base_parts"", ""variant"": ""published""}, ""method"": ""CEHM"", ""schema"": ""psfce-v4-matlab-adapter-v1""}",v1,0.7575,0.7706987621597436,0.6597818137453969,0.7319827723488682
MFeat-pix,0,BKCC_V2,,formal,,RANGE,"{""alpha"": 0.8, ""anchor_offset"": 0, ""fuzzy_threshold"": 0.8, ""kmeans_replicates"": 3, ""lambda"": 0.1}",ok,,2000,10,20,13.535099400003674,matlab,https://github.com/middle258/RANGE.git,85d93c54d72d500034d05b5ef131bd90630a3632,2026-09-14,NOASSERTION,2af26b9b1718d2bda5287c269e4e597dc61ee28fd0eae90ef563f199ff666579,768290a1f1c2f63f8babf657f4e5e2b4da610a7bbda77136d410d91af83ab12a,False,results\cache\official_baselines\RANGE\MFeat-pix__pool0__285959534f4416b874081ef0841e3fa411fd368f9845bd575a8d12c321463a6a.npz,"{""details"": {""alpha"": 0.8, ""anchor_offset"": 0, ""entrypoint"": ""HFES+solve_RANGE"", ""fuzzy_threshold"": 0.8, ""input"": ""frozen_base_parts"", ""kmeans_replicates"": 3, ""lambda"": 0.1}, ""method"": ""RANGE"", ""schema"": ""psfce-v4-matlab-adapter-v1""}",v1,0.808,0.752047703688247,0.6694450579113945,0.8127986865487493
MFeat-pix,0,BKCC_V2,,formal,,YACHT,"{""alpha"": 0.99, ""anchor_offset"": 2, ""kmeans_replicates"": 3, ""theta"": 0.4, ""walk_order"": 20}",ok,,2000,10,20,13.068413899993175,matlab,https://github.com/scu-kdde/YACHT.git,44cb0fc35b80ec17befa199879ac947fee15f464,2026-09-14,NOASSERTION,2af26b9b1718d2bda5287c269e4e597dc61ee28fd0eae90ef563f199ff666579,62deb2b66b54ab18491847bd2cca81e375344bea0ab840d0da429a98100a165b,False,results\cache\official_baselines\YACHT\MFeat-pix__pool0__9767e0ef4f4cccbde1b70828e530864d38af1fc6efdfd6f169e75670f18d04ca.npz,"{""details"": {""alpha"": 0.99, ""anchor_offset"": 2, ""compatibility_patch"": ""paper walk order is parameterized; repository helper hard-codes 10"", ""entrypoint"": ""solve_YACHT"", ""input"": ""frozen_base_parts"", ""kmeans_replicates"": 3, ""theta"": 0.4, ""walk_order"": 20}, ""method"": ""YACHT"", ""schema"": ""psfce-v4-matlab-adapter-v1""}",v1,0.713,0.7152782421241771,0.5984841240554498,0.7095582942452551
MFeat-pix,1,BKCC_V2,,formal,,CEHM,{},ok,,2000,10,20,12.302490999994916,matlab,https://github.com/FeijiangLi/Code-k-HyperEdge-Medoids-for-Clustering-Ensemble-AAAI.git,29c22fb18e05eed67728eebcb29cd7e9133723f7,2026-09-14,NOASSERTION,7276fe905eb60efbce3e9e962ebf78037e4e57779bb54176a00b85e45295c360,44136fa355b3678a1146ad16f7e8649e94fb4fc21fe77e8310c060f61caaff8a,False,results\cache\official_baselines\CEHM\MFeat-pix__pool1__eaa962d56fcab1ec4672d88d93fb4608fc0dd22fa7a3da956f94e97a1d8ced9f.npz,"{""details"": {""entrypoint"": ""CEHM"", ""input"": ""frozen_base_parts"", ""variant"": ""published""}, ""method"": ""CEHM"", ""schema"": ""psfce-v4-matlab-adapter-v1""}",v1,0.87,0.8152832562207095,0.7624863241000072,0.868532458870755
MFeat-pix,1,BKCC_V2,,formal,,RANGE,"{""alpha"": 0.8, ""anchor_offset"": 0, ""fuzzy_threshold"": 0.8, ""kmeans_replicates"": 3, ""lambda"": 0.1}",ok,,2000,10,20,13.985801799994078,matlab,https://github.com/middle258/RANGE.git,85d93c54d72d500034d05b5ef131bd90630a3632,2026-09-14,NOASSERTION,7276fe905eb60efbce3e9e962ebf78037e4e57779bb54176a00b85e45295c360,768290a1f1c2f63f8babf657f4e5e2b4da610a7bbda77136d410d91af83ab12a,False,results\cache\official_baselines\RANGE\MFeat-pix__pool1__9d6dbeb73ab691bb2c35987ff725d72e51b89be059b6ec5f2092dd6cc0fcc94d.npz,"{""details"": {""alpha"": 0.8, ""anchor_offset"": 0, ""entrypoint"": ""HFES+solve_RANGE"", ""fuzzy_threshold"": 0.8, ""input"": ""frozen_base_parts"", ""kmeans_replicates"": 3, ""lambda"": 0.1}, ""method"": ""RANGE"", ""schema"": ""psfce-v4-matlab-adapter-v1""}",v1,0.856,0.7905658229447765,0.7304449012980484,0.8540317095716823
MFeat-pix,1,BKCC_V2,,formal,,YACHT,"{""alpha"": 0.99, ""anchor_offset"": 2, ""kmeans_replicates"": 3, ""theta"": 0.4, ""walk_order"": 20}",ok,,2000,10,20,12.841385399995488,matlab,https://github.com/scu-kdde/YACHT.git,44cb0fc35b80ec17befa199879ac947fee15f464,2026-09-14,NOASSERTION,7276fe905eb60efbce3e9e962ebf78037e4e57779bb54176a00b85e45295c360,62deb2b66b54ab18491847bd2cca81e375344bea0ab840d0da429a98100a165b,False,results\cache\official_baselines\YACHT\MFeat-pix__pool1__b6b4addc7929e7b564b8998311cd7fbd3090dfc0713c47a54879fd9e7cae4893.npz,"{""details"": {""alpha"": 0.99, ""anchor_offset"": 2, ""compatibility_patch"": ""paper walk order is parameterized; repository helper hard-codes 10"", ""entrypoint"": ""solve_YACHT"", ""input"": ""frozen_base_parts"", ""kmeans_replicates"": 3, ""theta"": 0.4, ""walk_order"": 20}, ""method"": ""YACHT"", ""schema"": ""psfce-v4-matlab-adapter-v1""}",v1,0.7555,0.753817726419159,0.6605969327128856,0.7361482632067602
MFeat-pix,2,BKCC_V2,,formal,,CEHM,{},ok,,2000,10,20,12.120675800004392,matlab,https://github.com/FeijiangLi/Code-k-HyperEdge-Medoids-for-Clustering-Ensemble-AAAI.git,29c22fb18e05eed67728eebcb29cd7e9133723f7,2026-09-14,NOASSERTION,3ff7ebef55e27bb0caeba93c6e008605c9b554820ad6b5b2756bc1d3aaecd191,44136fa355b3678a1146ad16f7e8649e94fb4fc21fe77e8310c060f61caaff8a,False,results\cache\official_baselines\CEHM\MFeat-pix__pool2__bad3129a10c44b27c3e0ba0d17fba5305276278f661f05c4ab9f175ab7281435.npz,"{""details"": {""entrypoint"": ""CEHM"", ""input"": ""frozen_base_parts"", ""variant"": ""published""}, ""method"": ""CEHM"", ""schema"": ""psfce-v4-matlab-adapter-v1""}",v1,0.7385,0.7975389391426366,0.6826445375062282,0.6908155481143912
MFeat-pix,2,BKCC_V2,,formal,,RANGE,"{""alpha"": 0.8, ""anchor_offset"": 0, ""fuzzy_threshold"": 0.8, ""kmeans_replicates"": 3, ""lambda"": 0.1}",ok,,2000,10,20,13.631150800007163,matlab,https://github.com/middle258/RANGE.git,85d93c54d72d500034d05b5ef131bd90630a3632,2026-09-14,NOASSERTION,3ff7ebef55e27bb0caeba93c6e008605c9b554820ad6b5b2756bc1d3aaecd191,768290a1f1c2f63f8babf657f4e5e2b4da610a7bbda77136d410d91af83ab12a,False,results\cache\official_baselines\RANGE\MFeat-pix__pool2__3e632910ca1f94b67899fa2ef0d8210d6bb6bce2c06379583a076223ae9d8ccb.npz,"{""details"": {""alpha"": 0.8, ""anchor_offset"": 0, ""entrypoint"": ""HFES+solve_RANGE"", ""fuzzy_threshold"": 0.8, ""input"": ""frozen_base_parts"", ""kmeans_replicates"": 3, ""lambda"": 0.1}, ""method"": ""RANGE"", ""schema"": ""psfce-v4-matlab-adapter-v1""}",v1,0.813,0.7641213556762488,0.6849608473626033,0.8149028619633494
MFeat-pix,2,BKCC_V2,,formal,,YACHT,"{""alpha"": 0.99, ""anchor_offset"": 2, ""kmeans_replicates"": 3, ""theta"": 0.4, ""walk_order"": 20}",ok,,2000,10,20,12.851320000001579,matlab,https://github.com/scu-kdde/YACHT.git,44cb0fc35b80ec17befa199879ac947fee15f464,2026-09-14,NOASSERTION,3ff7ebef55e27bb0caeba93c6e008605c9b554820ad6b5b2756bc1d3aaecd191,62deb2b66b54ab18491847bd2cca81e375344bea0ab840d0da429a98100a165b,False,results\cache\official_baselines\YACHT\MFeat-pix__pool2__52ce5d1064366e82b0fd813df9b7f191e5c1be8f0ef557da3e2d93e29da27243.npz,"{""details"": {""alpha"": 0.99, ""anchor_offset"": 2, ""compatibility_patch"": ""paper walk order is parameterized; repository helper hard-codes 10"", ""entrypoint"": ""solve_YACHT"", ""input"": ""frozen_base_parts"", ""kmeans_replicates"": 3, ""theta"": 0.4, ""walk_order"": 20}, ""method"": ""YACHT"", ""schema"": ""psfce-v4-matlab-adapter-v1""}",v1,0.671,0.672117852285568,0.5157852701090708,0.6684609854028665
MSRC-v1,0,TEXT_MV,,formal,,CEHM,{},ok,,210,7,20,11.770257500000298,matlab,https://github.com/FeijiangLi/Code-k-HyperEdge-Medoids-for-Clustering-Ensemble-AAAI.git,29c22fb18e05eed67728eebcb29cd7e9133723f7,2026-09-14,NOASSERTION,a1b29b4bd524e82aae4fb01522e1e74f0a7b8fbf29d67b292fb2f4feec8c371e,44136fa355b3678a1146ad16f7e8649e94fb4fc21fe77e8310c060f61caaff8a,False,results\cache\official_baselines\CEHM\MSRC-v1__pool0__991e835f59d25aea1b1c3ac2dad549522e1feefd0378180f3d9bea4c7e72fa45.npz,"{""details"": {""entrypoint"": ""CEHM"", ""input"": ""frozen_base_parts"", ""variant"": ""published""}, ""method"": ""CEHM"", ""schema"": ""psfce-v4-matlab-adapter-v1""}",v1,0.14285714285714285,0.0,0.0,0.03571428571428571
MSRC-v1,0,TEXT_MV,,formal,,RANGE,"{""alpha"": 0.8, ""anchor_offset"": 0, ""fuzzy_threshold"": 0.8, ""kmeans_replicates"": 3, ""lambda"": 0.1}",ok,,210,7,20,12.300430400006007,matlab,https://github.com/middle258/RANGE.git,85d93c54d72d500034d05b5ef131bd90630a3632,2026-09-14,NOASSERTION,a1b29b4bd524e82aae4fb01522e1e74f0a7b8fbf29d67b292fb2f4feec8c371e,768290a1f1c2f63f8babf657f4e5e2b4da610a7bbda77136d410d91af83ab12a,False,results\cache\official_baselines\RANGE\MSRC-v1__pool0__50eabe8f45465ba2ee8246df6695fa09093854a7aacff4e74db7bacb207c1f4f.npz,"{""details"": {""alpha"": 0.8, ""anchor_offset"": 0, ""entrypoint"": ""HFES+solve_RANGE"", ""fuzzy_threshold"": 0.8, ""input"": ""frozen_base_parts"", ""kmeans_replicates"": 3, ""lambda"": 0.1}, ""method"": ""RANGE"", ""schema"": ""psfce-v4-matlab-adapter-v1""}",v1,0.6952380952380952,0.6299513791925965,0.5171463980743882,0.6859833373960559
MSRC-v1,0,TEXT_MV,,formal,,YACHT,"{""alpha"": 0.99, ""anchor_offset"": 2, ""kmeans_replicates"": 3, ""theta"": 0.4, ""walk_order"": 20}",ok,,210,7,20,11.667866599993431,matlab,https://github.com/scu-kdde/YACHT.git,44cb0fc35b80ec17befa199879ac947fee15f464,2026-09-14,NOASSERTION,a1b29b4bd524e82aae4fb01522e1e74f0a7b8fbf29d67b292fb2f4feec8c371e,62deb2b66b54ab18491847bd2cca81e375344bea0ab840d0da429a98100a165b,False,results\cache\official_baselines\YACHT\MSRC-v1__pool0__125b6d96b96c6a3a88d5b972684e35f72c0c1c4c183c92f223c633953eecf59d.npz,"{""details"": {""alpha"": 0.99, ""anchor_offset"": 2, ""compatibility_patch"": ""paper walk order is parameterized; repository helper hard-codes 10"", ""entrypoint"": ""solve_YACHT"", ""input"": ""frozen_base_parts"", ""kmeans_replicates"": 3, ""theta"": 0.4, ""walk_order"": 20}, ""method"": ""YACHT"", ""schema"": ""psfce-v4-matlab-adapter-v1""}",v1,0.7619047619047619,0.6641905519552356,0.5782240116881573,0.7558587919071318
MSRC-v1,1,TEXT_MV,,formal,,CEHM,{},ok,,210,7,20,11.611145699993358,matlab,https://github.com/FeijiangLi/Code-k-HyperEdge-Medoids-for-Clustering-Ensemble-AAAI.git,29c22fb18e05eed67728eebcb29cd7e9133723f7,2026-09-14,NOASSERTION,320478f6263429f94eddede7875620d07124792bbeeac08e6320f297328b8842,44136fa355b3678a1146ad16f7e8649e94fb4fc21fe77e8310c060f61caaff8a,False,results\cache\official_baselines\CEHM\MSRC-v1__pool1__98bd2d241d48293c12842ab44274da010c25d9bda8fe6ba139a86b872e5d2569.npz,"{""details"": {""entrypoint"": ""CEHM"", ""input"": ""frozen_base_parts"", ""variant"": ""published""}, ""method"": ""CEHM"", ""schema"": ""psfce-v4-matlab-adapter-v1""}",v1,0.680952380952381,0.6403820766981614,0.5055544830158798,0.6342802660930297
MSRC-v1,1,TEXT_MV,,formal,,RANGE,"{""alpha"": 0.8, ""anchor_offset"": 0, ""fuzzy_threshold"": 0.8, ""kmeans_replicates"": 3, ""lambda"": 0.1}",ok,,210,7,20,12.509257300000172,matlab,https://github.com/middle258/RANGE.git,85d93c54d72d500034d05b5ef131bd90630a3632,2026-09-14,NOASSERTION,320478f6263429f94eddede7875620d07124792bbeeac08e6320f297328b8842,768290a1f1c2f63f8babf657f4e5e2b4da610a7bbda77136d410d91af83ab12a,False,results\cache\official_baselines\RANGE\MSRC-v1__pool1__b92447445688e593ffbcca83af3559aa4b357ac0573192970c2777cebfc12efc.npz,"{""details"": {""alpha"": 0.8, ""anchor_offset"": 0, ""entrypoint"": ""HFES+solve_RANGE"", ""fuzzy_threshold"": 0.8, ""input"": ""frozen_base_parts"", ""kmeans_replicates"": 3, ""lambda"": 0.1}, ""method"": ""RANGE"", ""schema"": ""psfce-v4-matlab-adapter-v1""}",v1,0.7333333333333333,0.6355860831555972,0.5585216720296795,0.7225903342123028
MSRC-v1,1,TEXT_MV,,formal,,YACHT,"{""alpha"": 0.99, ""anchor_offset"": 2, ""kmeans_replicates"": 3, ""theta"": 0.4, ""walk_order"": 20}",ok,,210,7,20,11.604024999993271,matlab,https://github.com/scu-kdde/YACHT.git,44cb0fc35b80ec17befa199879ac947fee15f464,2026-09-14,NOASSERTION,320478f6263429f94eddede7875620d07124792bbeeac08e6320f297328b8842,62deb2b66b54ab18491847bd2cca81e375344bea0ab840d0da429a98100a165b,False,results\cache\official_baselines\YACHT\MSRC-v1__pool1__32b2870a67ac36f9cb5b34e9514168fe7760ea023113f28d815e6ee5848c98bf.npz,"{""details"": {""alpha"": 0.99, ""anchor_offset"": 2, ""compatibility_patch"": ""paper walk order is parameterized; repository helper hard-codes 10"", ""entrypoint"": ""solve_YACHT"", ""input"": ""frozen_base_parts"", ""kmeans_replicates"": 3, ""theta"": 0.4, ""walk_order"": 20}, ""method"": ""YACHT"", ""schema"": ""psfce-v4-matlab-adapter-v1""}",v1,0.6523809523809524,0.5614749080406044,0.4603606659893513,0.639464805256679
MSRC-v1,2,TEXT_MV,,formal,,CEHM,{},ok,,210,7,20,11.700993899998139,matlab,https://github.com/FeijiangLi/Code-k-HyperEdge-Medoids-for-Clustering-Ensemble-AAAI.git,29c22fb18e05eed67728eebcb29cd7e9133723f7,2026-09-14,NOASSERTION,06da2d909c791132b679869d9d1690904a9c8ad01711c1cb19a734ac8061eb6b,44136fa355b3678a1146ad16f7e8649e94fb4fc21fe77e8310c060f61caaff8a,False,results\cache\official_baselines\CEHM\MSRC-v1__pool2__4c2bd49e7ada87f403913c89ec74415b11cde325d02152f9adc99fb58b0583b0.npz,"{""details"": {""entrypoint"": ""CEHM"", ""input"": ""frozen_base_parts"", ""variant"": ""published""}, ""method"": ""CEHM"", ""schema"": ""psfce-v4-matlab-adapter-v1""}",v1,0.3952380952380952,0.4724791201823928,0.17648206163588662,0.31154629951786866
MSRC-v1,2,TEXT_MV,,formal,,RANGE,"{""alpha"": 0.8, ""anchor_offset"": 0, ""fuzzy_threshold"": 0.8, ""kmeans_replicates"": 3, ""lambda"": 0.1}",ok,,210,7,20,12.407984799996484,matlab,https://github.com/middle258/RANGE.git,85d93c54d72d500034d05b5ef131bd90630a3632,2026-09-14,NOASSERTION,06da2d909c791132b679869d9d1690904a9c8ad01711c1cb19a734ac8061eb6b,768290a1f1c2f63f8babf657f4e5e2b4da610a7bbda77136d410d91af83ab12a,False,results\cache\official_baselines\RANGE\MSRC-v1__pool2__7b0652e7cc4fc81628c48e8d67d03e4fee6f23663d112bb6daa21b093144ab6a.npz,"{""details"": {""alpha"": 0.8, ""anchor_offset"": 0, ""entrypoint"": ""HFES+solve_RANGE"", ""fuzzy_threshold"": 0.8, ""input"": ""frozen_base_parts"", ""kmeans_replicates"": 3, ""lambda"": 0.1}, ""method"": ""RANGE"", ""schema"": ""psfce-v4-matlab-adapter-v1""}",v1,0.6857142857142857,0.618330248573912,0.5193629898444364,0.6799124247400109
MSRC-v1,2,TEXT_MV,,formal,,YACHT,"{""alpha"": 0.99, ""anchor_offset"": 2, ""kmeans_replicates"": 3, ""theta"": 0.4, ""walk_order"": 20}",ok,,210,7,20,12.40870490000816,matlab,https://github.com/scu-kdde/YACHT.git,44cb0fc35b80ec17befa199879ac947fee15f464,2026-09-14,NOASSERTION,06da2d909c791132b679869d9d1690904a9c8ad01711c1cb19a734ac8061eb6b,62deb2b66b54ab18491847bd2cca81e375344bea0ab840d0da429a98100a165b,False,results\cache\official_baselines\YACHT\MSRC-v1__pool2__c723de968796decd46726ac96cdb15c2cf3f4b9d5c479b67ac80c04c335e69c1.npz,"{""details"": {""alpha"": 0.99, ""anchor_offset"": 2, ""compatibility_patch"": ""paper walk order is parameterized; repository helper hard-codes 10"", ""entrypoint"": ""solve_YACHT"", ""input"": ""frozen_base_parts"", ""kmeans_replicates"": 3, ""theta"": 0.4, ""walk_order"": 20}, ""method"": ""YACHT"", ""schema"": ""psfce-v4-matlab-adapter-v1""}",v1,0.719047619047619,0.6517736354927302,0.5759161072216579,0.7076112059983027
Movies617,0,CONTENT_RELATION_8,,formal,,CEHM,{},ok,,617,17,20,11.684769700004836,matlab,https://github.com/FeijiangLi/Code-k-HyperEdge-Medoids-for-Clustering-Ensemble-AAAI.git,29c22fb18e05eed67728eebcb29cd7e9133723f7,2026-09-14,NOASSERTION,e9202b0ab2382c00139055623ee489a52a80a525ddb036b1b228f5b350f04e35,44136fa355b3678a1146ad16f7e8649e94fb4fc21fe77e8310c060f61caaff8a,False,results\cache\official_baselines\CEHM\Movies617__pool0__b82a79e03bc7b2ac36908152840cec3bd4e4a41f5a374dd79d883cf700247c8b.npz,"{""details"": {""entrypoint"": ""CEHM"", ""input"": ""frozen_base_parts"", ""variant"": ""published""}, ""method"": ""CEHM"", ""schema"": ""psfce-v4-matlab-adapter-v1""}",v1,0.07455429497568881,0.0,0.0,0.008162541034513353
Movies617,0,CONTENT_RELATION_8,,formal,,RANGE,"{""alpha"": 0.8, ""anchor_offset"": 0, ""fuzzy_threshold"": 0.8, ""kmeans_replicates"": 3, ""lambda"": 0.1}",ok,,617,17,20,13.635727200002293,matlab,https://github.com/middle258/RANGE.git,85d93c54d72d500034d05b5ef131bd90630a3632,2026-09-14,NOASSERTION,e9202b0ab2382c00139055623ee489a52a80a525ddb036b1b228f5b350f04e35,768290a1f1c2f63f8babf657f4e5e2b4da610a7bbda77136d410d91af83ab12a,False,results\cache\official_baselines\RANGE\Movies617__pool0__58d11b771c3f2066add24c86b03175c3ed4303214c874a4a3d27bc33a31efb58.npz,"{""details"": {""alpha"": 0.8, ""anchor_offset"": 0, ""entrypoint"": ""HFES+solve_RANGE"", ""fuzzy_threshold"": 0.8, ""input"": ""frozen_base_parts"", ""kmeans_replicates"": 3, ""lambda"": 0.1}, ""method"": ""RANGE"", ""schema"": ""psfce-v4-matlab-adapter-v1""}",v1,0.21393841166936792,0.1810450571266973,0.05888766415557787,0.21292719752082573
Movies617,0,CONTENT_RELATION_8,,formal,,YACHT,"{""alpha"": 0.99, ""anchor_offset"": 2, ""kmeans_replicates"": 3, ""theta"": 0.4, ""walk_order"": 20}",ok,,617,17,20,13.155695399997057,matlab,https://github.com/scu-kdde/YACHT.git,44cb0fc35b80ec17befa199879ac947fee15f464,2026-09-14,NOASSERTION,e9202b0ab2382c00139055623ee489a52a80a525ddb036b1b228f5b350f04e35,62deb2b66b54ab18491847bd2cca81e375344bea0ab840d0da429a98100a165b,False,results\cache\official_baselines\YACHT\Movies617__pool0__cec4ee80c4180f69d09d29bbc555de8d4755e5668e429ca70abc9c56a1d74b8a.npz,"{""details"": {""alpha"": 0.99, ""anchor_offset"": 2, ""compatibility_patch"": ""paper walk order is parameterized; repository helper hard-codes 10"", ""entrypoint"": ""solve_YACHT"", ""input"": ""frozen_base_parts"", ""kmeans_replicates"": 3, ""theta"": 0.4, ""walk_order"": 20}, ""method"": ""YACHT"", ""schema"": ""psfce-v4-matlab-adapter-v1""}",v1,0.233387358184765,0.1992069828953729,0.07122030461385714,0.22283087424657413
Movies617,1,CONTENT_RELATION_8,,formal,,CEHM,{},ok,,617,17,20,12.238454999998794,matlab,https://github.com/FeijiangLi/Code-k-HyperEdge-Medoids-for-Clustering-Ensemble-AAAI.git,29c22fb18e05eed67728eebcb29cd7e9133723f7,2026-09-14,NOASSERTION,67caf53ddce95322cc55640c084ffcd73af3648f89d1c6579b7a6764cc3a8f05,44136fa355b3678a1146ad16f7e8649e94fb4fc21fe77e8310c060f61caaff8a,False,results\cache\official_baselines\CEHM\Movies617__pool1__ea0906c37ac039469522cdc453d7a1f5f5396ee6be021b0197ef6fccc51f9b4d.npz,"{""details"": {""entrypoint"": ""CEHM"", ""input"": ""frozen_base_parts"", ""variant"": ""published""}, ""method"": ""CEHM"", ""schema"": ""psfce-v4-matlab-adapter-v1""}",v1,0.07455429497568881,0.0,0.0,0.008162541034513353
Movies617,1,CONTENT_RELATION_8,,formal,,RANGE,"{""alpha"": 0.8, ""anchor_offset"": 0, ""fuzzy_threshold"": 0.8, ""kmeans_replicates"": 3, ""lambda"": 0.1}",ok,,617,17,20,13.471944799995981,matlab,https://github.com/middle258/RANGE.git,85d93c54d72d500034d05b5ef131bd90630a3632,2026-09-14,NOASSERTION,67caf53ddce95322cc55640c084ffcd73af3648f89d1c6579b7a6764cc3a8f05,768290a1f1c2f63f8babf657f4e5e2b4da610a7bbda77136d410d91af83ab12a,False,results\cache\official_baselines\RANGE\Movies617__pool1__3c8bb25e25e145fb3c602cca1620cdade3e3c369714cbdc87168252dab638c2c.npz,"{""details"": {""alpha"": 0.8, ""anchor_offset"": 0, ""entrypoint"": ""HFES+solve_RANGE"", ""fuzzy_threshold"": 0.8, ""input"": ""frozen_base_parts"", ""kmeans_replicates"": 3, ""lambda"": 0.1}, ""method"": ""RANGE"", ""schema"": ""psfce-v4-matlab-adapter-v1""}",v1,0.1993517017828201,0.17932114649945252,0.05189888916708641,0.18810663971432717
Movies617,1,CONTENT_RELATION_8,,formal,,YACHT,"{""alpha"": 0.99, ""anchor_offset"": 2, ""kmeans_replicates"": 3, ""theta"": 0.4, ""walk_order"": 20}",ok,,617,17,20,12.458585000000312,matlab,https://github.com/scu-kdde/YACHT.git,44cb0fc35b80ec17befa199879ac947fee15f464,2026-09-14,NOASSERTION,67caf53ddce95322cc55640c084ffcd73af3648f89d1c6579b7a6764cc3a8f05,62deb2b66b54ab18491847bd2cca81e375344bea0ab840d0da429a98100a165b,False,results\cache\official_baselines\YACHT\Movies617__pool1__fd1c7e28f8c1ef2ac30cd1a86bdedc8841c0edf2cc0cede059b2a20ea5ea9bbf.npz,"{""details"": {""alpha"": 0.99, ""anchor_offset"": 2, ""compatibility_patch"": ""paper walk order is parameterized; repository helper hard-codes 10"", ""entrypoint"": ""solve_YACHT"", ""input"": ""frozen_base_parts"", ""kmeans_replicates"": 3, ""theta"": 0.4, ""walk_order"": 20}, ""method"": ""YACHT"", ""schema"": ""psfce-v4-matlab-adapter-v1""}",v1,0.20097244732576985,0.16450786075205748,0.04576844748176725,0.19059283196424606
Movies617,2,CONTENT_RELATION_8,,formal,,CEHM,{},ok,,617,17,20,12.425548300001537,matlab,https://github.com/FeijiangLi/Code-k-HyperEdge-Medoids-for-Clustering-Ensemble-AAAI.git,29c22fb18e05eed67728eebcb29cd7e9133723f7,2026-09-14,NOASSERTION,e09a1dfbd49cc13fa8c7c70877221fe504d1047d59f9780bb2e1261e3f9e19ce,44136fa355b3678a1146ad16f7e8649e94fb4fc21fe77e8310c060f61caaff8a,False,results\cache\official_baselines\CEHM\Movies617__pool2__990ed93459e7449540c3dc90b16b2a74898f7509d4c707c458e616d8154f4ce2.npz,"{""details"": {""entrypoint"": ""CEHM"", ""input"": ""frozen_base_parts"", ""variant"": ""published""}, ""method"": ""CEHM"", ""schema"": ""psfce-v4-matlab-adapter-v1""}",v1,0.07455429497568881,0.0,0.0,0.008162541034513353
Movies617,2,CONTENT_RELATION_8,,formal,,RANGE,"{""alpha"": 0.8, ""anchor_offset"": 0, ""fuzzy_threshold"": 0.8, ""kmeans_replicates"": 3, ""lambda"": 0.1}",ok,,617,17,20,12.714055699994788,matlab,https://github.com/middle258/RANGE.git,85d93c54d72d500034d05b5ef131bd90630a3632,2026-09-14,NOASSERTION,e09a1dfbd49cc13fa8c7c70877221fe504d1047d59f9780bb2e1261e3f9e19ce,768290a1f1c2f63f8babf657f4e5e2b4da610a7bbda77136d410d91af83ab12a,False,results\cache\official_baselines\RANGE\Movies617__pool2__c67047674cd4605585ae2bc47f4661b889c75ce8614c0d10f2628cda036d0275.npz,"{""details"": {""alpha"": 0.8, ""anchor_offset"": 0, ""entrypoint"": ""HFES+solve_RANGE"", ""fuzzy_threshold"": 0.8, ""input"": ""frozen_base_parts"", ""kmeans_replicates"": 3, ""lambda"": 0.1}, ""method"": ""RANGE"", ""schema"": ""psfce-v4-matlab-adapter-v1""}",v1,0.21393841166936792,0.19096973606322892,0.06229709517690262,0.20178199864272206
Movies617,2,CONTENT_RELATION_8,,formal,,YACHT,"{""alpha"": 0.99, ""anchor_offset"": 2, ""kmeans_replicates"": 3, ""theta"": 0.4, ""walk_order"": 20}",ok,,617,17,20,10.872416500002146,matlab,https://github.com/scu-kdde/YACHT.git,44cb0fc35b80ec17befa199879ac947fee15f464,2026-09-14,NOASSERTION,e09a1dfbd49cc13fa8c7c70877221fe504d1047d59f9780bb2e1261e3f9e19ce,62deb2b66b54ab18491847bd2cca81e375344bea0ab840d0da429a98100a165b,False,results\cache\official_baselines\YACHT\Movies617__pool2__41bc9ac0f9eeab3edb39f32e420facf03e27bda4dae4eb0f4fb5287377bb3b0c.npz,"{""details"": {""alpha"": 0.99, ""anchor_offset"": 2, ""compatibility_patch"": ""paper walk order is parameterized; repository helper hard-codes 10"", ""entrypoint"": ""solve_YACHT"", ""input"": ""frozen_base_parts"", ""kmeans_replicates"": 3, ""theta"": 0.4, ""walk_order"": 20}, ""method"": ""YACHT"", ""schema"": ""psfce-v4-matlab-adapter-v1""}",v1,0.20907617504051865,0.18533453470728525,0.0582406365662016,0.20070655652147046
NGs,0,TEXT_MV,,formal,,CEHM,{},ok,,500,5,20,11.743977999998606,matlab,https://github.com/FeijiangLi/Code-k-HyperEdge-Medoids-for-Clustering-Ensemble-AAAI.git,29c22fb18e05eed67728eebcb29cd7e9133723f7,2026-09-14,NOASSERTION,c6bd2c6a41109044ec8cbdce9e427f3860281ccb059e92ae52b2a7e0808677a0,44136fa355b3678a1146ad16f7e8649e94fb4fc21fe77e8310c060f61caaff8a,False,results\cache\official_baselines\CEHM\NGs__pool0__b8c1b8c337b9ca9451aba6afabff2ce1d09b24e6528d963fd0821474ffeeb9a3.npz,"{""details"": {""entrypoint"": ""CEHM"", ""input"": ""frozen_base_parts"", ""variant"": ""published""}, ""method"": ""CEHM"", ""schema"": ""psfce-v4-matlab-adapter-v1""}",v1,0.2,0.0,0.0,0.06666666666666667
NGs,0,TEXT_MV,,formal,,RANGE,"{""alpha"": 0.8, ""anchor_offset"": 0, ""fuzzy_threshold"": 0.8, ""kmeans_replicates"": 3, ""lambda"": 0.1}",ok,,500,5,20,12.381576699990546,matlab,https://github.com/middle258/RANGE.git,85d93c54d72d500034d05b5ef131bd90630a3632,2026-09-14,NOASSERTION,c6bd2c6a41109044ec8cbdce9e427f3860281ccb059e92ae52b2a7e0808677a0,768290a1f1c2f63f8babf657f4e5e2b4da610a7bbda77136d410d91af83ab12a,False,results\cache\official_baselines\RANGE\NGs__pool0__7454ddd8fa8241590363594635d988b8c643e18878833e8a884e165d6fca0886.npz,"{""details"": {""alpha"": 0.8, ""anchor_offset"": 0, ""entrypoint"": ""HFES+solve_RANGE"", ""fuzzy_threshold"": 0.8, ""input"": ""frozen_base_parts"", ""kmeans_replicates"": 3, ""lambda"": 0.1}, ""method"": ""RANGE"", ""schema"": ""psfce-v4-matlab-adapter-v1""}",v1,0.396,0.16528917088004388,0.13795325383241563,0.38860599991853084
NGs,0,TEXT_MV,,formal,,YACHT,"{""alpha"": 0.99, ""anchor_offset"": 2, ""kmeans_replicates"": 3, ""theta"": 0.4, ""walk_order"": 20}",ok,,500,5,20,14.778616299998248,matlab,https://github.com/scu-kdde/YACHT.git,44cb0fc35b80ec17befa199879ac947fee15f464,2026-09-14,NOASSERTION,c6bd2c6a41109044ec8cbdce9e427f3860281ccb059e92ae52b2a7e0808677a0,62deb2b66b54ab18491847bd2cca81e375344bea0ab840d0da429a98100a165b,False,results\cache\official_baselines\YACHT\NGs__pool0__b52bcd2d83f9e3e74702e3a7f8c541b948171902d6e4973aca388f5ec1b5b97b.npz,"{""details"": {""alpha"": 0.99, ""anchor_offset"": 2, ""compatibility_patch"": ""paper walk order is parameterized; repository helper hard-codes 10"", ""entrypoint"": ""solve_YACHT"", ""input"": ""frozen_base_parts"", ""kmeans_replicates"": 3, ""theta"": 0.4, ""walk_order"": 20}, ""method"": ""YACHT"", ""schema"": ""psfce-v4-matlab-adapter-v1""}",v1,0.322,0.08799208710235427,0.054819854845043405,0.2847741644693621
NGs,1,TEXT_MV,,formal,,CEHM,{},ok,,500,5,20,11.059478299997863,matlab,https://github.com/FeijiangLi/Code-k-HyperEdge-Medoids-for-Clustering-Ensemble-AAAI.git,29c22fb18e05eed67728eebcb29cd7e9133723f7,2026-09-14,NOASSERTION,0cbf2b7e1ee813ddd227a3ae00a295c7387259aac3045e5cd1a232483d96bfe0,44136fa355b3678a1146ad16f7e8649e94fb4fc21fe77e8310c060f61caaff8a,False,results\cache\official_baselines\CEHM\NGs__pool1__60439f582a0d67f818b26e96cbbf1df3747488a42a040f5dfcc4720f9fd603f6.npz,"{""details"": {""entrypoint"": ""CEHM"", ""input"": ""frozen_base_parts"", ""variant"": ""published""}, ""method"": ""CEHM"", ""schema"": ""psfce-v4-matlab-adapter-v1""}",v1,0.2,0.0,0.0,0.06666666666666667
NGs,1,TEXT_MV,,formal,,RANGE,"{""alpha"": 0.8, ""anchor_offset"": 0, ""fuzzy_threshold"": 0.8, ""kmeans_replicates"": 3, ""lambda"": 0.1}",ok,,500,5,20,15.248841100008576,matlab,https://github.com/middle258/RANGE.git,85d93c54d72d500034d05b5ef131bd90630a3632,2026-09-14,NOASSERTION,0cbf2b7e1ee813ddd227a3ae00a295c7387259aac3045e5cd1a232483d96bfe0,768290a1f1c2f63f8babf657f4e5e2b4da610a7bbda77136d410d91af83ab12a,False,results\cache\official_baselines\RANGE\NGs__pool1__4fdf27dd6eb024a10dd6ce76a5f930553096b2ec83f537149fdd04f6b524fd11.npz,"{""details"": {""alpha"": 0.8, ""anchor_offset"": 0, ""entrypoint"": ""HFES+solve_RANGE"", ""fuzzy_threshold"": 0.8, ""input"": ""frozen_base_parts"", ""kmeans_replicates"": 3, ""lambda"": 0.1}, ""method"": ""RANGE"", ""schema"": ""psfce-v4-matlab-adapter-v1""}",v1,0.406,0.1820282499628523,0.14881659662661123,0.39398966728271445
NGs,1,TEXT_MV,,formal,,YACHT,"{""alpha"": 0.99, ""anchor_offset"": 2, ""kmeans_replicates"": 3, ""theta"": 0.4, ""walk_order"": 20}",ok,,500,5,20,13.416193700002623,matlab,https://github.com/scu-kdde/YACHT.git,44cb0fc35b80ec17befa199879ac947fee15f464,2026-09-14,NOASSERTION,0cbf2b7e1ee813ddd227a3ae00a295c7387259aac3045e5cd1a232483d96bfe0,62deb2b66b54ab18491847bd2cca81e375344bea0ab840d0da429a98100a165b,False,results\cache\official_baselines\YACHT\NGs__pool1__45d980ce1d9a20e2ea031cb6e58c8866de8056d3564f42f2a290111049135675.npz,"{""details"": {""alpha"": 0.99, ""anchor_offset"": 2, ""compatibility_patch"": ""paper walk order is parameterized; repository helper hard-codes 10"", ""entrypoint"": ""solve_YACHT"", ""input"": ""frozen_base_parts"", ""kmeans_replicates"": 3, ""theta"": 0.4, ""walk_order"": 20}, ""method"": ""YACHT"", ""schema"": ""psfce-v4-matlab-adapter-v1""}",v1,0.444,0.19728647234627883,0.15371807822918554,0.44461683722313705
NGs,2,TEXT_MV,,formal,,CEHM,{},ok,,500,5,20,14.09832109999843,matlab,https://github.com/FeijiangLi/Code-k-HyperEdge-Medoids-for-Clustering-Ensemble-AAAI.git,29c22fb18e05eed67728eebcb29cd7e9133723f7,2026-09-14,NOASSERTION,04c97f62d03d525dd46bd04c71c08d69b7a7d93bec8e5fa606f05ee58caba574,44136fa355b3678a1146ad16f7e8649e94fb4fc21fe77e8310c060f61caaff8a,False,results\cache\official_baselines\CEHM\NGs__pool2__8c8ce38b8ef35a03305db412721bcdf3d17e08da46979f57ac141c2492d95413.npz,"{""details"": {""entrypoint"": ""CEHM"", ""input"": ""frozen_base_parts"", ""variant"": ""published""}, ""method"": ""CEHM"", ""schema"": ""psfce-v4-matlab-adapter-v1""}",v1,0.2,0.0,0.0,0.06666666666666667
NGs,2,TEXT_MV,,formal,,RANGE,"{""alpha"": 0.8, ""anchor_offset"": 0, ""fuzzy_threshold"": 0.8, ""kmeans_replicates"": 3, ""lambda"": 0.1}",ok,,500,5,20,13.732993700003135,matlab,https://github.com/middle258/RANGE.git,85d93c54d72d500034d05b5ef131bd90630a3632,2026-09-14,NOASSERTION,04c97f62d03d525dd46bd04c71c08d69b7a7d93bec8e5fa606f05ee58caba574,768290a1f1c2f63f8babf657f4e5e2b4da610a7bbda77136d410d91af83ab12a,False,results\cache\official_baselines\RANGE\NGs__pool2__4bc3b02b2d37511e04c9541be20fd42723b45e1eaf08b13acd0dba7fe2ab04c9.npz,"{""details"": {""alpha"": 0.8, ""anchor_offset"": 0, ""entrypoint"": ""HFES+solve_RANGE"", ""fuzzy_threshold"": 0.8, ""input"": ""frozen_base_parts"", ""kmeans_replicates"": 3, ""lambda"": 0.1}, ""method"": ""RANGE"", ""schema"": ""psfce-v4-matlab-adapter-v1""}",v1,0.352,0.11363105954364877,0.09328158685069408,0.3383283439938893
NGs,2,TEXT_MV,,formal,,YACHT,"{""alpha"": 0.99, ""anchor_offset"": 2, ""kmeans_replicates"": 3, ""theta"": 0.4, ""walk_order"": 20}",ok,,500,5,20,12.709170699992683,matlab,https://github.com/scu-kdde/YACHT.git,44cb0fc35b80ec17befa199879ac947fee15f464,2026-09-14,NOASSERTION,04c97f62d03d525dd46bd04c71c08d69b7a7d93bec8e5fa606f05ee58caba574,62deb2b66b54ab18491847bd2cca81e375344bea0ab840d0da429a98100a165b,False,results\cache\official_baselines\YACHT\NGs__pool2__74cd53b4640ca30262ff0267b5c8965fc09b2150e28474836631d2a8656fecb6.npz,"{""details"": {""alpha"": 0.99, ""anchor_offset"": 2, ""compatibility_patch"": ""paper walk order is parameterized; repository helper hard-codes 10"", ""entrypoint"": ""solve_YACHT"", ""input"": ""frozen_base_parts"", ""kmeans_replicates"": 3, ""theta"": 0.4, ""walk_order"": 20}, ""method"": ""YACHT"", ""schema"": ""psfce-v4-matlab-adapter-v1""}",v1,0.332,0.1292277613523618,0.08092201730882898,0.28909037295569445
NUSWIDE-Object-2000,0,TEXT_MV,,formal,,CEHM,{},ok,,2000,31,20,14.469914900008007,matlab,https://github.com/FeijiangLi/Code-k-HyperEdge-Medoids-for-Clustering-Ensemble-AAAI.git,29c22fb18e05eed67728eebcb29cd7e9133723f7,2026-09-14,NOASSERTION,9ac571fbe685d80eb5196f4a26426c731e482643957a94e1a80d3d201b3b4314,44136fa355b3678a1146ad16f7e8649e94fb4fc21fe77e8310c060f61caaff8a,False,results\cache\official_baselines\CEHM\NUSWIDE-Object-2000__pool0__e6a6ced203ebc952ce7698f0c55a75bd6b7c6c63d0fafa106b25439330514582.npz,"{""details"": {""entrypoint"": ""CEHM"", ""input"": ""frozen_base_parts"", ""variant"": ""published""}, ""method"": ""CEHM"", ""schema"": ""psfce-v4-matlab-adapter-v1""}",v1,0.1175,0.0,0.0,0.006783575088402973
NUSWIDE-Object-2000,0,TEXT_MV,,formal,,RANGE,"{""alpha"": 0.8, ""anchor_offset"": 0, ""fuzzy_threshold"": 0.8, ""kmeans_replicates"": 3, ""lambda"": 0.1}",ok,,2000,31,20,15.595760299998801,matlab,https://github.com/middle258/RANGE.git,85d93c54d72d500034d05b5ef131bd90630a3632,2026-09-14,NOASSERTION,9ac571fbe685d80eb5196f4a26426c731e482643957a94e1a80d3d201b3b4314,768290a1f1c2f63f8babf657f4e5e2b4da610a7bbda77136d410d91af83ab12a,False,results\cache\official_baselines\RANGE\NUSWIDE-Object-2000__pool0__f2b95d2b649185a83ff75f5f704e2d6ca5227356642fcaadb2c92e75d1878971.npz,"{""details"": {""alpha"": 0.8, ""anchor_offset"": 0, ""entrypoint"": ""HFES+solve_RANGE"", ""fuzzy_threshold"": 0.8, ""input"": ""frozen_base_parts"", ""kmeans_replicates"": 3, ""lambda"": 0.1}, ""method"": ""RANGE"", ""schema"": ""psfce-v4-matlab-adapter-v1""}",v1,0.157,0.18817595906782245,0.050295325506795066,0.12684379274747795
NUSWIDE-Object-2000,0,TEXT_MV,,formal,,YACHT,"{""alpha"": 0.99, ""anchor_offset"": 2, ""kmeans_replicates"": 3, ""theta"": 0.4, ""walk_order"": 20}",ok,,2000,31,20,15.090858099996694,matlab,https://github.com/scu-kdde/YACHT.git,44cb0fc35b80ec17befa199879ac947fee15f464,2026-09-14,NOASSERTION,9ac571fbe685d80eb5196f4a26426c731e482643957a94e1a80d3d201b3b4314,62deb2b66b54ab18491847bd2cca81e375344bea0ab840d0da429a98100a165b,False,results\cache\official_baselines\YACHT\NUSWIDE-Object-2000__pool0__28e32a0c9a12d4178eedbb4abfff504c18ab01ef428141a30f82b80822108f4d.npz,"{""details"": {""alpha"": 0.99, ""anchor_offset"": 2, ""compatibility_patch"": ""paper walk order is parameterized; repository helper hard-codes 10"", ""entrypoint"": ""solve_YACHT"", ""input"": ""frozen_base_parts"", ""kmeans_replicates"": 3, ""theta"": 0.4, ""walk_order"": 20}, ""method"": ""YACHT"", ""schema"": ""psfce-v4-matlab-adapter-v1""}",v1,0.136,0.1750334453712904,0.03765359049152601,0.11698211808264009
NUSWIDE-Object-2000,1,TEXT_MV,,formal,,CEHM,{},ok,,2000,31,20,13.970931299991207,matlab,https://github.com/FeijiangLi/Code-k-HyperEdge-Medoids-for-Clustering-Ensemble-AAAI.git,29c22fb18e05eed67728eebcb29cd7e9133723f7,2026-09-14,NOASSERTION,d2e0140edc90c3ca8c7470799d52fc2e7a6f48201b010b6636e0ec4a0b755773,44136fa355b3678a1146ad16f7e8649e94fb4fc21fe77e8310c060f61caaff8a,False,results\cache\official_baselines\CEHM\NUSWIDE-Object-2000__pool1__c8fda5b43b39fee0c08d80e59fcf52f288a067633d3115dd083e61b93786d5c4.npz,"{""details"": {""entrypoint"": ""CEHM"", ""input"": ""frozen_base_parts"", ""variant"": ""published""}, ""method"": ""CEHM"", ""schema"": ""psfce-v4-matlab-adapter-v1""}",v1,0.1175,0.0,0.0,0.006783575088402973
NUSWIDE-Object-2000,1,TEXT_MV,,formal,,RANGE,"{""alpha"": 0.8, ""anchor_offset"": 0, ""fuzzy_threshold"": 0.8, ""kmeans_replicates"": 3, ""lambda"": 0.1}",ok,,2000,31,20,15.439328099993872,matlab,https://github.com/middle258/RANGE.git,85d93c54d72d500034d05b5ef131bd90630a3632,2026-09-14,NOASSERTION,d2e0140edc90c3ca8c7470799d52fc2e7a6f48201b010b6636e0ec4a0b755773,768290a1f1c2f63f8babf657f4e5e2b4da610a7bbda77136d410d91af83ab12a,False,results\cache\official_baselines\RANGE\NUSWIDE-Object-2000__pool1__306257067e37081c3f26c24fa683c99b75b1a5bf2531088f675fe9a32d16c58c.npz,"{""details"": {""alpha"": 0.8, ""anchor_offset"": 0, ""entrypoint"": ""HFES+solve_RANGE"", ""fuzzy_threshold"": 0.8, ""input"": ""frozen_base_parts"", ""kmeans_replicates"": 3, ""lambda"": 0.1}, ""method"": ""RANGE"", ""schema"": ""psfce-v4-matlab-adapter-v1""}",v1,0.1355,0.16640720462157127,0.030896816970980207,0.11242393001521403
NUSWIDE-Object-2000,1,TEXT_MV,,formal,,YACHT,"{""alpha"": 0.99, ""anchor_offset"": 2, ""kmeans_replicates"": 3, ""theta"": 0.4, ""walk_order"": 20}",ok,,2000,31,20,15.423794800008181,matlab,https://github.com/scu-kdde/YACHT.git,44cb0fc35b80ec17befa199879ac947fee15f464,2026-09-14,NOASSERTION,d2e0140edc90c3ca8c7470799d52fc2e7a6f48201b010b6636e0ec4a0b755773,62deb2b66b54ab18491847bd2cca81e375344bea0ab840d0da429a98100a165b,False,results\cache\official_baselines\YACHT\NUSWIDE-Object-2000__pool1__fb62c56a92707f566ea330eb8b16ff4b7c2f61ac11490ddf5c2207f10e777a1a.npz,"{""details"": {""alpha"": 0.99, ""anchor_offset"": 2, ""compatibility_patch"": ""paper walk order is parameterized; repository helper hard-codes 10"", ""entrypoint"": ""solve_YACHT"", ""input"": ""frozen_base_parts"", ""kmeans_replicates"": 3, ""theta"": 0.4, ""walk_order"": 20}, ""method"": ""YACHT"", ""schema"": ""psfce-v4-matlab-adapter-v1""}",v1,0.131,0.1601766776330557,0.02928968893828872,0.1110699373754647
NUSWIDE-Object-2000,2,TEXT_MV,,formal,,CEHM,{},ok,,2000,31,20,14.465929400001187,matlab,https://github.com/FeijiangLi/Code-k-HyperEdge-Medoids-for-Clustering-Ensemble-AAAI.git,29c22fb18e05eed67728eebcb29cd7e9133723f7,2026-09-14,NOASSERTION,3330cd1ed2e0b2297bf3c1bc9baa64cce64b4fb26a3a2e65b367fbb64cd09a4a,44136fa355b3678a1146ad16f7e8649e94fb4fc21fe77e8310c060f61caaff8a,False,results\cache\official_baselines\CEHM\NUSWIDE-Object-2000__pool2__ee4cd1a1d12a1599d83337ea4d8c607fedac3d40d42bd3007d0e3d843ebd3713.npz,"{""details"": {""entrypoint"": ""CEHM"", ""input"": ""frozen_base_parts"", ""variant"": ""published""}, ""method"": ""CEHM"", ""schema"": ""psfce-v4-matlab-adapter-v1""}",v1,0.1175,0.0,0.0,0.006783575088402973
NUSWIDE-Object-2000,2,TEXT_MV,,formal,,RANGE,"{""alpha"": 0.8, ""anchor_offset"": 0, ""fuzzy_threshold"": 0.8, ""kmeans_replicates"": 3, ""lambda"": 0.1}",ok,,2000,31,20,15.769171299994923,matlab,https://github.com/middle258/RANGE.git,85d93c54d72d500034d05b5ef131bd90630a3632,2026-09-14,NOASSERTION,3330cd1ed2e0b2297bf3c1bc9baa64cce64b4fb26a3a2e65b367fbb64cd09a4a,768290a1f1c2f63f8babf657f4e5e2b4da610a7bbda77136d410d91af83ab12a,False,results\cache\official_baselines\RANGE\NUSWIDE-Object-2000__pool2__1fa1b645affd9d671b0301da8d34020d78cbec17ebd6da8df835f96e25662feb.npz,"{""details"": {""alpha"": 0.8, ""anchor_offset"": 0, ""entrypoint"": ""HFES+solve_RANGE"", ""fuzzy_threshold"": 0.8, ""input"": ""frozen_base_parts"", ""kmeans_replicates"": 3, ""lambda"": 0.1}, ""method"": ""RANGE"", ""schema"": ""psfce-v4-matlab-adapter-v1""}",v1,0.136,0.16682649577661676,0.035886752210857874,0.11142629869810362
NUSWIDE-Object-2000,2,TEXT_MV,,formal,,YACHT,"{""alpha"": 0.99, ""anchor_offset"": 2, ""kmeans_replicates"": 3, ""theta"": 0.4, ""walk_order"": 20}",ok,,2000,31,20,16.11934210000618,matlab,https://github.com/scu-kdde/YACHT.git,44cb0fc35b80ec17befa199879ac947fee15f464,2026-09-14,NOASSERTION,3330cd1ed2e0b2297bf3c1bc9baa64cce64b4fb26a3a2e65b367fbb64cd09a4a,62deb2b66b54ab18491847bd2cca81e375344bea0ab840d0da429a98100a165b,False,results\cache\official_baselines\YACHT\NUSWIDE-Object-2000__pool2__48f8640485f8b861db3157cbe3f2b478a3d464b6c2aec4cb96f87b302c19a44c.npz,"{""details"": {""alpha"": 0.99, ""anchor_offset"": 2, ""compatibility_patch"": ""paper walk order is parameterized; repository helper hard-codes 10"", ""entrypoint"": ""solve_YACHT"", ""input"": ""frozen_base_parts"", ""kmeans_replicates"": 3, ""theta"": 0.4, ""walk_order"": 20}, ""method"": ""YACHT"", ""schema"": ""psfce-v4-matlab-adapter-v1""}",v1,0.1395,0.16501228320661337,0.033381891914848534,0.11986227442345818
ORL,0,MULTI_RELATION_7,,formal,,CEHM,{},ok,,400,40,20,14.121011299997917,matlab,https://github.com/FeijiangLi/Code-k-HyperEdge-Medoids-for-Clustering-Ensemble-AAAI.git,29c22fb18e05eed67728eebcb29cd7e9133723f7,2026-09-14,NOASSERTION,4e5eb8850fb0482920ae5475cfac58e9b8d20be3fe0b28dd4d9f6e0c7e289c72,44136fa355b3678a1146ad16f7e8649e94fb4fc21fe77e8310c060f61caaff8a,False,results\cache\official_baselines\CEHM\ORL__pool0__0e1cfde045daf0c28195e0373e88be3c5fceaacdbf3865bf8db7bd63661e6259.npz,"{""details"": {""entrypoint"": ""CEHM"", ""input"": ""frozen_base_parts"", ""variant"": ""published""}, ""method"": ""CEHM"", ""schema"": ""psfce-v4-matlab-adapter-v1""}",v1,0.66,0.8482890018783817,0.42052294030587073,0.6672460282010002
ORL,0,MULTI_RELATION_7,,formal,,RANGE,"{""alpha"": 0.8, ""anchor_offset"": 0, ""fuzzy_threshold"": 0.8, ""kmeans_replicates"": 3, ""lambda"": 0.1}",ok,,400,40,20,17.22777880000649,matlab,https://github.com/middle258/RANGE.git,85d93c54d72d500034d05b5ef131bd90630a3632,2026-09-14,NOASSERTION,4e5eb8850fb0482920ae5475cfac58e9b8d20be3fe0b28dd4d9f6e0c7e289c72,768290a1f1c2f63f8babf657f4e5e2b4da610a7bbda77136d410d91af83ab12a,False,results\cache\official_baselines\RANGE\ORL__pool0__5e8259a044958f66c3c82c838449b4f0775b3541c68dceea0a3482d99f3facc4.npz,"{""details"": {""alpha"": 0.8, ""anchor_offset"": 0, ""entrypoint"": ""HFES+solve_RANGE"", ""fuzzy_threshold"": 0.8, ""input"": ""frozen_base_parts"", ""kmeans_replicates"": 3, ""lambda"": 0.1}, ""method"": ""RANGE"", ""schema"": ""psfce-v4-matlab-adapter-v1""}",v1,0.7625,0.8808290961325544,0.6656342390539208,0.7639048132432592
ORL,0,MULTI_RELATION_7,,formal,,YACHT,"{""alpha"": 0.99, ""anchor_offset"": 2, ""kmeans_replicates"": 3, ""theta"": 0.4, ""walk_order"": 20}",ok,,400,40,20,14.413799999994808,matlab,https://github.com/scu-kdde/YACHT.git,44cb0fc35b80ec17befa199879ac947fee15f464,2026-09-14,NOASSERTION,4e5eb8850fb0482920ae5475cfac58e9b8d20be3fe0b28dd4d9f6e0c7e289c72,62deb2b66b54ab18491847bd2cca81e375344bea0ab840d0da429a98100a165b,False,results\cache\official_baselines\YACHT\ORL__pool0__d6663653b69856fe61423ed1bb751ee4632b16346e0d1370373b0ec8f7201455.npz,"{""details"": {""alpha"": 0.99, ""anchor_offset"": 2, ""compatibility_patch"": ""paper walk order is parameterized; repository helper hard-codes 10"", ""entrypoint"": ""solve_YACHT"", ""input"": ""frozen_base_parts"", ""kmeans_replicates"": 3, ""theta"": 0.4, ""walk_order"": 20}, ""method"": ""YACHT"", ""schema"": ""psfce-v4-matlab-adapter-v1""}",v1,0.7175,0.8468168584791894,0.6096226418991633,0.7144992459399682
ORL,1,MULTI_RELATION_7,,formal,,CEHM,{},ok,,400,40,20,14.032718000002205,matlab,https://github.com/FeijiangLi/Code-k-HyperEdge-Medoids-for-Clustering-Ensemble-AAAI.git,29c22fb18e05eed67728eebcb29cd7e9133723f7,2026-09-14,NOASSERTION,e9ffd106eae8e47af4f76e564d85762dcbaa35d253533770f1f98bf2d2703346,44136fa355b3678a1146ad16f7e8649e94fb4fc21fe77e8310c060f61caaff8a,False,results\cache\official_baselines\CEHM\ORL__pool1__fe79d4a6e22715a60ebd365a3ed176f7fd84bde38dfcf6a29c48443b82b23ce1.npz,"{""details"": {""entrypoint"": ""CEHM"", ""input"": ""frozen_base_parts"", ""variant"": ""published""}, ""method"": ""CEHM"", ""schema"": ""psfce-v4-matlab-adapter-v1""}",v1,0.615,0.8200693963574438,0.35110847486237845,0.6271901062886736
ORL,1,MULTI_RELATION_7,,formal,,RANGE,"{""alpha"": 0.8, ""anchor_offset"": 0, ""fuzzy_threshold"": 0.8, ""kmeans_replicates"": 3, ""lambda"": 0.1}",ok,,400,40,20,17.03289919999952,matlab,https://github.com/middle258/RANGE.git,85d93c54d72d500034d05b5ef131bd90630a3632,2026-09-14,NOASSERTION,e9ffd106eae8e47af4f76e564d85762dcbaa35d253533770f1f98bf2d2703346,768290a1f1c2f63f8babf657f4e5e2b4da610a7bbda77136d410d91af83ab12a,False,results\cache\official_baselines\RANGE\ORL__pool1__178347a1486a546d33cbe6355d3afa135660aae54acd3f299429311ba1d53dc6.npz,"{""details"": {""alpha"": 0.8, ""anchor_offset"": 0, ""entrypoint"": ""HFES+solve_RANGE"", ""fuzzy_threshold"": 0.8, ""input"": ""frozen_base_parts"", ""kmeans_replicates"": 3, ""lambda"": 0.1}, ""method"": ""RANGE"", ""schema"": ""psfce-v4-matlab-adapter-v1""}",v1,0.75,0.87460187796919,0.6573701607263468,0.7439169184298274
ORL,1,MULTI_RELATION_7,,formal,,YACHT,"{""alpha"": 0.99, ""anchor_offset"": 2, ""kmeans_replicates"": 3, ""theta"": 0.4, ""walk_order"": 20}",ok,,400,40,20,14.486833900009515,matlab,https://github.com/scu-kdde/YACHT.git,44cb0fc35b80ec17befa199879ac947fee15f464,2026-09-14,NOASSERTION,e9ffd106eae8e47af4f76e564d85762dcbaa35d253533770f1f98bf2d2703346,62deb2b66b54ab18491847bd2cca81e375344bea0ab840d0da429a98100a165b,False,results\cache\official_baselines\YACHT\ORL__pool1__3ccb2ad07c96ac4ea9165c56bb199d2a1eb0a066e594fb3a8bba6803aba38e9a.npz,"{""details"": {""alpha"": 0.99, ""anchor_offset"": 2, ""compatibility_patch"": ""paper walk order is parameterized; repository helper hard-codes 10"", ""entrypoint"": ""solve_YACHT"", ""input"": ""frozen_base_parts"", ""kmeans_replicates"": 3, ""theta"": 0.4, ""walk_order"": 20}, ""method"": ""YACHT"", ""schema"": ""psfce-v4-matlab-adapter-v1""}",v1,0.7475,0.8606247362810656,0.6324050481129531,0.7429517233758972
ORL,2,MULTI_RELATION_7,,formal,,CEHM,{},ok,,400,40,20,14.554772399991634,matlab,https://github.com/FeijiangLi/Code-k-HyperEdge-Medoids-for-Clustering-Ensemble-AAAI.git,29c22fb18e05eed67728eebcb29cd7e9133723f7,2026-09-14,NOASSERTION,832be6e78647a55010efeda7eb0858808c97ea3b6dcc56341f715ae3cddb2f00,44136fa355b3678a1146ad16f7e8649e94fb4fc21fe77e8310c060f61caaff8a,False,results\cache\official_baselines\CEHM\ORL__pool2__73fa6a6ec010d7066f6508779c1cf0c7b2fae6dce36b98e723bfa115fe33441c.npz,"{""details"": {""entrypoint"": ""CEHM"", ""input"": ""frozen_base_parts"", ""variant"": ""published""}, ""method"": ""CEHM"", ""schema"": ""psfce-v4-matlab-adapter-v1""}",v1,0.6925,0.8553682613081182,0.5040171331272627,0.6845548395311203
ORL,2,MULTI_RELATION_7,,formal,,RANGE,"{""alpha"": 0.8, ""anchor_offset"": 0, ""fuzzy_threshold"": 0.8, ""kmeans_replicates"": 3, ""lambda"": 0.1}",ok,,400,40,20,15.960755799998879,matlab,https://github.com/middle258/RANGE.git,85d93c54d72d500034d05b5ef131bd90630a3632,2026-09-14,NOASSERTION,832be6e78647a55010efeda7eb0858808c97ea3b6dcc56341f715ae3cddb2f00,768290a1f1c2f63f8babf657f4e5e2b4da610a7bbda77136d410d91af83ab12a,False,results\cache\official_baselines\RANGE\ORL__pool2__a7c00ab150b8c8ff7ba0484714916f61b623262886e4fa29002120d6f2ac3b6b.npz,"{""details"": {""alpha"": 0.8, ""anchor_offset"": 0, ""entrypoint"": ""HFES+solve_RANGE"", ""fuzzy_threshold"": 0.8, ""input"": ""frozen_base_parts"", ""kmeans_replicates"": 3, ""lambda"": 0.1}, ""method"": ""RANGE"", ""schema"": ""psfce-v4-matlab-adapter-v1""}",v1,0.75,0.8753962093000378,0.6581113762672774,0.7461041502332388
ORL,2,MULTI_RELATION_7,,formal,,YACHT,"{""alpha"": 0.99, ""anchor_offset"": 2, ""kmeans_replicates"": 3, ""theta"": 0.4, ""walk_order"": 20}",ok,,400,40,20,14.036792700004298,matlab,https://github.com/scu-kdde/YACHT.git,44cb0fc35b80ec17befa199879ac947fee15f464,2026-09-14,NOASSERTION,832be6e78647a55010efeda7eb0858808c97ea3b6dcc56341f715ae3cddb2f00,62deb2b66b54ab18491847bd2cca81e375344bea0ab840d0da429a98100a165b,False,results\cache\official_baselines\YACHT\ORL__pool2__9f6eec4c0f453fba7f7968b902610bd6b89a9efb0d88ada3f8a1952a54bd0523.npz,"{""details"": {""alpha"": 0.99, ""anchor_offset"": 2, ""compatibility_patch"": ""paper walk order is parameterized; repository helper hard-codes 10"", ""entrypoint"": ""solve_YACHT"", ""input"": ""frozen_base_parts"", ""kmeans_replicates"": 3, ""theta"": 0.4, ""walk_order"": 20}, ""method"": ""YACHT"", ""schema"": ""psfce-v4-matlab-adapter-v1""}",v1,0.7225,0.85858326554502,0.6239028319135552,0.7082657511971743
PubMed,0,GRAPH_GEOMETRY_8,,formal,,CEHM,{},ok,,19717,3,20,12.976384099994902,matlab,https://github.com/FeijiangLi/Code-k-HyperEdge-Medoids-for-Clustering-Ensemble-AAAI.git,29c22fb18e05eed67728eebcb29cd7e9133723f7,2026-09-14,NOASSERTION,d4b498a54002d53084063742f921337cd02c928a4f2f397f0962d19c4cdb38a6,44136fa355b3678a1146ad16f7e8649e94fb4fc21fe77e8310c060f61caaff8a,False,results\cache\official_baselines\CEHM\PubMed__pool0__eaa0379f8b7ffbc38db67e3b50f4999431dec78969eee7e5564d187ce52e55e9.npz,"{""details"": {""entrypoint"": ""CEHM"", ""input"": ""frozen_base_parts"", ""variant"": ""published""}, ""method"": ""CEHM"", ""schema"": ""psfce-v4-matlab-adapter-v1""}",v1,0.5860932190495511,0.1849248645233214,0.12575468813492693,0.43169838416320205
PubMed,0,GRAPH_GEOMETRY_8,,formal,,RANGE,"{""alpha"": 0.8, ""anchor_offset"": 0, ""fuzzy_threshold"": 0.8, ""kmeans_replicates"": 3, ""lambda"": 0.1}",ok,,19717,3,20,13.906997300000512,matlab,https://github.com/middle258/RANGE.git,85d93c54d72d500034d05b5ef131bd90630a3632,2026-09-14,NOASSERTION,d4b498a54002d53084063742f921337cd02c928a4f2f397f0962d19c4cdb38a6,768290a1f1c2f63f8babf657f4e5e2b4da610a7bbda77136d410d91af83ab12a,False,results\cache\official_baselines\RANGE\PubMed__pool0__dc3c15951033eeb1e58480b7c60cf39678ca7fbdf62a119a5b2d35260a436337.npz,"{""details"": {""alpha"": 0.8, ""anchor_offset"": 0, ""entrypoint"": ""HFES+solve_RANGE"", ""fuzzy_threshold"": 0.8, ""input"": ""frozen_base_parts"", ""kmeans_replicates"": 3, ""lambda"": 0.1}, ""method"": ""RANGE"", ""schema"": ""psfce-v4-matlab-adapter-v1""}",v1,0.6325505908606786,0.16310798165773996,0.19335894177219723,0.6238613097347517
PubMed,0,GRAPH_GEOMETRY_8,,formal,,YACHT,"{""alpha"": 0.99, ""anchor_offset"": 2, ""kmeans_replicates"": 3, ""theta"": 0.4, ""walk_order"": 20}",ok,,19717,3,20,14.181226499989862,matlab,https://github.com/scu-kdde/YACHT.git,44cb0fc35b80ec17befa199879ac947fee15f464,2026-09-14,NOASSERTION,d4b498a54002d53084063742f921337cd02c928a4f2f397f0962d19c4cdb38a6,62deb2b66b54ab18491847bd2cca81e375344bea0ab840d0da429a98100a165b,False,results\cache\official_baselines\YACHT\PubMed__pool0__cb302733c7cce73147319592eaf4688237f9ad3b9ad35240fa917ccf6eba1197.npz,"{""details"": {""alpha"": 0.99, ""anchor_offset"": 2, ""compatibility_patch"": ""paper walk order is parameterized; repository helper hard-codes 10"", ""entrypoint"": ""solve_YACHT"", ""input"": ""frozen_base_parts"", ""kmeans_replicates"": 3, ""theta"": 0.4, ""walk_order"": 20}, ""method"": ""YACHT"", ""schema"": ""psfce-v4-matlab-adapter-v1""}",v1,0.5962874676674951,0.18502690026598376,0.17778486562030513,0.5851435259210173
PubMed,1,GRAPH_GEOMETRY_8,,formal,,CEHM,{},ok,,19717,3,20,12.810583600003156,matlab,https://github.com/FeijiangLi/Code-k-HyperEdge-Medoids-for-Clustering-Ensemble-AAAI.git,29c22fb18e05eed67728eebcb29cd7e9133723f7,2026-09-14,NOASSERTION,7eb72914da7061bf652397e16ceb05d67302ec290507fb2a1aa24b489428d692,44136fa355b3678a1146ad16f7e8649e94fb4fc21fe77e8310c060f61caaff8a,False,results\cache\official_baselines\CEHM\PubMed__pool1__6d0ef3ec0dc9cd447293ca7a35f080b1ed747d457a441448838fcb47c5f65c5a.npz,"{""details"": {""entrypoint"": ""CEHM"", ""input"": ""frozen_base_parts"", ""variant"": ""published""}, ""method"": ""CEHM"", ""schema"": ""psfce-v4-matlab-adapter-v1""}",v1,0.5860932190495511,0.1849248645233214,0.12575468813492693,0.43169838416320205
PubMed,1,GRAPH_GEOMETRY_8,,formal,,RANGE,"{""alpha"": 0.8, ""anchor_offset"": 0, ""fuzzy_threshold"": 0.8, ""kmeans_replicates"": 3, ""lambda"": 0.1}",ok,,19717,3,20,13.634580600002664,matlab,https://github.com/middle258/RANGE.git,85d93c54d72d500034d05b5ef131bd90630a3632,2026-09-14,NOASSERTION,7eb72914da7061bf652397e16ceb05d67302ec290507fb2a1aa24b489428d692,768290a1f1c2f63f8babf657f4e5e2b4da610a7bbda77136d410d91af83ab12a,False,results\cache\official_baselines\RANGE\PubMed__pool1__ef2d2f4acc9fb6b8980c2bc45d3c24725ca69f7c7196990cffa1c23051f0036a.npz,"{""details"": {""alpha"": 0.8, ""anchor_offset"": 0, ""entrypoint"": ""HFES+solve_RANGE"", ""fuzzy_threshold"": 0.8, ""input"": ""frozen_base_parts"", ""kmeans_replicates"": 3, ""lambda"": 0.1}, ""method"": ""RANGE"", ""schema"": ""psfce-v4-matlab-adapter-v1""}",v1,0.5067708069178881,0.15762562524814347,0.11218488197585273,0.43543312572315146
PubMed,1,GRAPH_GEOMETRY_8,,formal,,YACHT,"{""alpha"": 0.99, ""anchor_offset"": 2, ""kmeans_replicates"": 3, ""theta"": 0.4, ""walk_order"": 20}",ok,,19717,3,20,14.806660700007342,matlab,https://github.com/scu-kdde/YACHT.git,44cb0fc35b80ec17befa199879ac947fee15f464,2026-09-14,NOASSERTION,7eb72914da7061bf652397e16ceb05d67302ec290507fb2a1aa24b489428d692,62deb2b66b54ab18491847bd2cca81e375344bea0ab840d0da429a98100a165b,False,results\cache\official_baselines\YACHT\PubMed__pool1__4280dd4a3574cbf994bfcbb6c86fbb051c4930ff30c03a051038386a8c8fbf97.npz,"{""details"": {""alpha"": 0.99, ""anchor_offset"": 2, ""compatibility_patch"": ""paper walk order is parameterized; repository helper hard-codes 10"", ""entrypoint"": ""solve_YACHT"", ""input"": ""frozen_base_parts"", ""kmeans_replicates"": 3, ""theta"": 0.4, ""walk_order"": 20}, ""method"": ""YACHT"", ""schema"": ""psfce-v4-matlab-adapter-v1""}",v1,0.6671907490997616,0.2451538889663679,0.25315309854823187,0.645459557998009
PubMed,2,GRAPH_GEOMETRY_8,,formal,,CEHM,{},ok,,19717,3,20,12.630036000002292,matlab,https://github.com/FeijiangLi/Code-k-HyperEdge-Medoids-for-Clustering-Ensemble-AAAI.git,29c22fb18e05eed67728eebcb29cd7e9133723f7,2026-09-14,NOASSERTION,efb0862fae83260202613710cb53a2d561f3391b4f281b1fbc1addecaf6aafdb,44136fa355b3678a1146ad16f7e8649e94fb4fc21fe77e8310c060f61caaff8a,False,results\cache\official_baselines\CEHM\PubMed__pool2__f24ddd6b8b2dabbef04f484c17bbdbd335077cdeb2f365f113bb3ec183b6609b.npz,"{""details"": {""entrypoint"": ""CEHM"", ""input"": ""frozen_base_parts"", ""variant"": ""published""}, ""method"": ""CEHM"", ""schema"": ""psfce-v4-matlab-adapter-v1""}",v1,0.5860932190495511,0.1849248645233214,0.12575468813492693,0.43169838416320205
PubMed,2,GRAPH_GEOMETRY_8,,formal,,RANGE,"{""alpha"": 0.8, ""anchor_offset"": 0, ""fuzzy_threshold"": 0.8, ""kmeans_replicates"": 3, ""lambda"": 0.1}",ok,,19717,3,20,13.766024399999878,matlab,https://github.com/middle258/RANGE.git,85d93c54d72d500034d05b5ef131bd90630a3632,2026-09-14,NOASSERTION,efb0862fae83260202613710cb53a2d561f3391b4f281b1fbc1addecaf6aafdb,768290a1f1c2f63f8babf657f4e5e2b4da610a7bbda77136d410d91af83ab12a,False,results\cache\official_baselines\RANGE\PubMed__pool2__c1f15e6e31fd0913af8c993f505ea104d9e5aadc36acd09dff9e58fd549fec26.npz,"{""details"": {""alpha"": 0.8, ""anchor_offset"": 0, ""entrypoint"": ""HFES+solve_RANGE"", ""fuzzy_threshold"": 0.8, ""input"": ""frozen_base_parts"", ""kmeans_replicates"": 3, ""lambda"": 0.1}, ""method"": ""RANGE"", ""schema"": ""psfce-v4-matlab-adapter-v1""}",v1,0.6253994015316732,0.15644155264681958,0.18302969391447166,0.6183955439270005
PubMed,2,GRAPH_GEOMETRY_8,,formal,,YACHT,"{""alpha"": 0.99, ""anchor_offset"": 2, ""kmeans_replicates"": 3, ""theta"": 0.4, ""walk_order"": 20}",ok,,19717,3,20,15.213065799995093,matlab,https://github.com/scu-kdde/YACHT.git,44cb0fc35b80ec17befa199879ac947fee15f464,2026-09-14,NOASSERTION,efb0862fae83260202613710cb53a2d561f3391b4f281b1fbc1addecaf6aafdb,62deb2b66b54ab18491847bd2cca81e375344bea0ab840d0da429a98100a165b,False,results\cache\official_baselines\YACHT\PubMed__pool2__04f0a201d2d3a72cd0969ac8ce66cd93a78dc90adfc609b312e40e54acc247eb.npz,"{""details"": {""alpha"": 0.99, ""anchor_offset"": 2, ""compatibility_patch"": ""paper walk order is parameterized; repository helper hard-codes 10"", ""entrypoint"": ""solve_YACHT"", ""input"": ""frozen_base_parts"", ""kmeans_replicates"": 3, ""theta"": 0.4, ""walk_order"": 20}, ""method"": ""YACHT"", ""schema"": ""psfce-v4-matlab-adapter-v1""}",v1,0.5963381853223106,0.18505364110860267,0.17783318654331579,0.5851864745715757
Reuters,0,NEW10,,formal,,CEHM,{},ok,,1500,6,20,12.7047401000018,matlab,https://github.com/FeijiangLi/Code-k-HyperEdge-Medoids-for-Clustering-Ensemble-AAAI.git,29c22fb18e05eed67728eebcb29cd7e9133723f7,2026-09-14,NOASSERTION,69d21783a62357c5e13226a5a14e09ba83bbae254dc5fb2da19789f3b625144b,44136fa355b3678a1146ad16f7e8649e94fb4fc21fe77e8310c060f61caaff8a,False,results\cache\official_baselines\CEHM\Reuters__pool0__11797b7d0ef4f02b674dcde359d49015377e36d0c23871633e1d97f2d99038d6.npz,"{""details"": {""entrypoint"": ""CEHM"", ""input"": ""frozen_base_parts"", ""variant"": ""published""}, ""method"": ""CEHM"", ""schema"": ""psfce-v4-matlab-adapter-v1""}",v1,0.278,0.0,0.0,0.07250912884715702
Reuters,0,NEW10,,formal,,RANGE,"{""alpha"": 0.8, ""anchor_offset"": 0, ""fuzzy_threshold"": 0.8, ""kmeans_replicates"": 3, ""lambda"": 0.1}",ok,,1500,6,20,13.682219299997087,matlab,https://github.com/middle258/RANGE.git,85d93c54d72d500034d05b5ef131bd90630a3632,2026-09-14,NOASSERTION,69d21783a62357c5e13226a5a14e09ba83bbae254dc5fb2da19789f3b625144b,768290a1f1c2f63f8babf657f4e5e2b4da610a7bbda77136d410d91af83ab12a,False,results\cache\official_baselines\RANGE\Reuters__pool0__529486c9f4c67b921c32c672a24ec5b8413f7ff41569471ceeeb4bdb2d294c31.npz,"{""details"": {""alpha"": 0.8, ""anchor_offset"": 0, ""entrypoint"": ""HFES+solve_RANGE"", ""fuzzy_threshold"": 0.8, ""input"": ""frozen_base_parts"", ""kmeans_replicates"": 3, ""lambda"": 0.1}, ""method"": ""RANGE"", ""schema"": ""psfce-v4-matlab-adapter-v1""}",v1,0.4206666666666667,0.22916782327325336,0.21752735407550974,0.36314915297460293
Reuters,0,NEW10,,formal,,YACHT,"{""alpha"": 0.99, ""anchor_offset"": 2, ""kmeans_replicates"": 3, ""theta"": 0.4, ""walk_order"": 20}",ok,,1500,6,20,13.621278199992958,matlab,https://github.com/scu-kdde/YACHT.git,44cb0fc35b80ec17befa199879ac947fee15f464,2026-09-14,NOASSERTION,69d21783a62357c5e13226a5a14e09ba83bbae254dc5fb2da19789f3b625144b,62deb2b66b54ab18491847bd2cca81e375344bea0ab840d0da429a98100a165b,False,results\cache\official_baselines\YACHT\Reuters__pool0__aab24aed3b98a229c6cc9339ec4f2ce90c096bcfba24cbfb98dccd9464563785.npz,"{""details"": {""alpha"": 0.99, ""anchor_offset"": 2, ""compatibility_patch"": ""paper walk order is parameterized; repository helper hard-codes 10"", ""entrypoint"": ""solve_YACHT"", ""input"": ""frozen_base_parts"", ""kmeans_replicates"": 3, ""theta"": 0.4, ""walk_order"": 20}, ""method"": ""YACHT"", ""schema"": ""psfce-v4-matlab-adapter-v1""}",v1,0.38533333333333336,0.163662026930857,0.1594958355263341,0.3280346523442826
Reuters,1,NEW10,,formal,,CEHM,{},ok,,1500,6,20,12.576004700007616,matlab,https://github.com/FeijiangLi/Code-k-HyperEdge-Medoids-for-Clustering-Ensemble-AAAI.git,29c22fb18e05eed67728eebcb29cd7e9133723f7,2026-09-14,NOASSERTION,c967a01e1f7bf97e90d510496cb8a09f7072dd6d3f85c81b966bd819e4967a68,44136fa355b3678a1146ad16f7e8649e94fb4fc21fe77e8310c060f61caaff8a,False,results\cache\official_baselines\CEHM\Reuters__pool1__8564b40ae5bb6ec8447a5863b47e4f296ea829d5f915fda5dfe505f5d968dfdc.npz,"{""details"": {""entrypoint"": ""CEHM"", ""input"": ""frozen_base_parts"", ""variant"": ""published""}, ""method"": ""CEHM"", ""schema"": ""psfce-v4-matlab-adapter-v1""}",v1,0.278,0.0,0.0,0.07250912884715702
Reuters,1,NEW10,,formal,,RANGE,"{""alpha"": 0.8, ""anchor_offset"": 0, ""fuzzy_threshold"": 0.8, ""kmeans_replicates"": 3, ""lambda"": 0.1}",ok,,1500,6,20,13.222680599996238,matlab,https://github.com/middle258/RANGE.git,85d93c54d72d500034d05b5ef131bd90630a3632,2026-09-14,NOASSERTION,c967a01e1f7bf97e90d510496cb8a09f7072dd6d3f85c81b966bd819e4967a68,768290a1f1c2f63f8babf657f4e5e2b4da610a7bbda77136d410d91af83ab12a,False,results\cache\official_baselines\RANGE\Reuters__pool1__8d5ea748499966225ce53a89a80062c617d629c994bde02238fdf196b8d88eca.npz,"{""details"": {""alpha"": 0.8, ""anchor_offset"": 0, ""entrypoint"": ""HFES+solve_RANGE"", ""fuzzy_threshold"": 0.8, ""input"": ""frozen_base_parts"", ""kmeans_replicates"": 3, ""lambda"": 0.1}, ""method"": ""RANGE"", ""schema"": ""psfce-v4-matlab-adapter-v1""}",v1,0.4206666666666667,0.20186352750020797,0.20610440428218926,0.3393846041254611
Reuters,1,NEW10,,formal,,YACHT,"{""alpha"": 0.99, ""anchor_offset"": 2, ""kmeans_replicates"": 3, ""theta"": 0.4, ""walk_order"": 20}",ok,,1500,6,20,13.39919359999476,matlab,https://github.com/scu-kdde/YACHT.git,44cb0fc35b80ec17befa199879ac947fee15f464,2026-09-14,NOASSERTION,c967a01e1f7bf97e90d510496cb8a09f7072dd6d3f85c81b966bd819e4967a68,62deb2b66b54ab18491847bd2cca81e375344bea0ab840d0da429a98100a165b,False,results\cache\official_baselines\YACHT\Reuters__pool1__b2e566c31fee875409d2d42eb897e2907b473db5db74f80815befc7c24c9635a.npz,"{""details"": {""alpha"": 0.99, ""anchor_offset"": 2, ""compatibility_patch"": ""paper walk order is parameterized; repository helper hard-codes 10"", ""entrypoint"": ""solve_YACHT"", ""input"": ""frozen_base_parts"", ""kmeans_replicates"": 3, ""theta"": 0.4, ""walk_order"": 20}, ""method"": ""YACHT"", ""schema"": ""psfce-v4-matlab-adapter-v1""}",v1,0.35933333333333334,0.14251211558315952,0.13996401698108427,0.2958358570331822
Reuters,2,NEW10,,formal,,CEHM,{},ok,,1500,6,20,12.647926499994355,matlab,https://github.com/FeijiangLi/Code-k-HyperEdge-Medoids-for-Clustering-Ensemble-AAAI.git,29c22fb18e05eed67728eebcb29cd7e9133723f7,2026-09-14,NOASSERTION,d231e9379697f33557eca07ba6571c3f1a5799341d2141036c362503e4558d4b,44136fa355b3678a1146ad16f7e8649e94fb4fc21fe77e8310c060f61caaff8a,False,results\cache\official_baselines\CEHM\Reuters__pool2__e62c4c9b3b828336dc43294d3681d0e4bebdfbf18bde35e2dac2e69c1c7428e1.npz,"{""details"": {""entrypoint"": ""CEHM"", ""input"": ""frozen_base_parts"", ""variant"": ""published""}, ""method"": ""CEHM"", ""schema"": ""psfce-v4-matlab-adapter-v1""}",v1,0.278,0.0,0.0,0.07250912884715702
Reuters,2,NEW10,,formal,,RANGE,"{""alpha"": 0.8, ""anchor_offset"": 0, ""fuzzy_threshold"": 0.8, ""kmeans_replicates"": 3, ""lambda"": 0.1}",ok,,1500,6,20,13.274001400000998,matlab,https://github.com/middle258/RANGE.git,85d93c54d72d500034d05b5ef131bd90630a3632,2026-09-14,NOASSERTION,d231e9379697f33557eca07ba6571c3f1a5799341d2141036c362503e4558d4b,768290a1f1c2f63f8babf657f4e5e2b4da610a7bbda77136d410d91af83ab12a,False,results\cache\official_baselines\RANGE\Reuters__pool2__34a204ebd4d6f34b321ecb1ce2fa5c4b9d65ea07b83052904676a8a2e04f15f0.npz,"{""details"": {""alpha"": 0.8, ""anchor_offset"": 0, ""entrypoint"": ""HFES+solve_RANGE"", ""fuzzy_threshold"": 0.8, ""input"": ""frozen_base_parts"", ""kmeans_replicates"": 3, ""lambda"": 0.1}, ""method"": ""RANGE"", ""schema"": ""psfce-v4-matlab-adapter-v1""}",v1,0.4066666666666667,0.20599009833397583,0.18192389070448206,0.3530655430798353
Reuters,2,NEW10,,formal,,YACHT,"{""alpha"": 0.99, ""anchor_offset"": 2, ""kmeans_replicates"": 3, ""theta"": 0.4, ""walk_order"": 20}",ok,,1500,6,20,13.502583399997093,matlab,https://github.com/scu-kdde/YACHT.git,44cb0fc35b80ec17befa199879ac947fee15f464,2026-09-14,NOASSERTION,d231e9379697f33557eca07ba6571c3f1a5799341d2141036c362503e4558d4b,62deb2b66b54ab18491847bd2cca81e375344bea0ab840d0da429a98100a165b,False,results\cache\official_baselines\YACHT\Reuters__pool2__ad671047b3d47d8492d11df41eab2d47104dd442cb496d9a9151f22d103148bb.npz,"{""details"": {""alpha"": 0.99, ""anchor_offset"": 2, ""compatibility_patch"": ""paper walk order is parameterized; repository helper hard-codes 10"", ""entrypoint"": ""solve_YACHT"", ""input"": ""frozen_base_parts"", ""kmeans_replicates"": 3, ""theta"": 0.4, ""walk_order"": 20}, ""method"": ""YACHT"", ""schema"": ""psfce-v4-matlab-adapter-v1""}",v1,0.36466666666666664,0.16032722286764983,0.1398484051104362,0.3230293698470804
Scene15,0,NEW10,,formal,,CEHM,{},ok,,4485,15,20,13.141100099994219,matlab,https://github.com/FeijiangLi/Code-k-HyperEdge-Medoids-for-Clustering-Ensemble-AAAI.git,29c22fb18e05eed67728eebcb29cd7e9133723f7,2026-09-14,NOASSERTION,be31a6880bc89eb6096217975cdfe61c05fbdaae51a4cc7a351758600435f2c8,44136fa355b3678a1146ad16f7e8649e94fb4fc21fe77e8310c060f61caaff8a,False,results\cache\official_baselines\CEHM\Scene15__pool0__61fd59f75b3878dd1bb7638b85ae0189ea11719f8f5847c6a21eaa35222a9109.npz,"{""details"": {""entrypoint"": ""CEHM"", ""input"": ""frozen_base_parts"", ""variant"": ""published""}, ""method"": ""CEHM"", ""schema"": ""psfce-v4-matlab-adapter-v1""}",v1,0.09141583054626533,0.0,0.0,0.011167858358869595
Scene15,0,NEW10,,formal,,RANGE,"{""alpha"": 0.8, ""anchor_offset"": 0, ""fuzzy_threshold"": 0.8, ""kmeans_replicates"": 3, ""lambda"": 0.1}",ok,,4485,15,20,14.563590899997507,matlab,https://github.com/middle258/RANGE.git,85d93c54d72d500034d05b5ef131bd90630a3632,2026-09-14,NOASSERTION,be31a6880bc89eb6096217975cdfe61c05fbdaae51a4cc7a351758600435f2c8,768290a1f1c2f63f8babf657f4e5e2b4da610a7bbda77136d410d91af83ab12a,False,results\cache\official_baselines\RANGE\Scene15__pool0__fbd372a816056c6832f6d88a82e861d57c4549e810d0c61faac59751af3fade6.npz,"{""details"": {""alpha"": 0.8, ""anchor_offset"": 0, ""entrypoint"": ""HFES+solve_RANGE"", ""fuzzy_threshold"": 0.8, ""input"": ""frozen_base_parts"", ""kmeans_replicates"": 3, ""lambda"": 0.1}, ""method"": ""RANGE"", ""schema"": ""psfce-v4-matlab-adapter-v1""}",v1,0.42229654403567446,0.4087468596429851,0.23987347592229913,0.4186209014314901
Scene15,0,NEW10,,formal,,YACHT,"{""alpha"": 0.99, ""anchor_offset"": 2, ""kmeans_replicates"": 3, ""theta"": 0.4, ""walk_order"": 20}",ok,,4485,15,20,15.078528600002755,matlab,https://github.com/scu-kdde/YACHT.git,44cb0fc35b80ec17befa199879ac947fee15f464,2026-09-14,NOASSERTION,be31a6880bc89eb6096217975cdfe61c05fbdaae51a4cc7a351758600435f2c8,62deb2b66b54ab18491847bd2cca81e375344bea0ab840d0da429a98100a165b,False,results\cache\official_baselines\YACHT\Scene15__pool0__b92efcb11143ab6ae683130fbb919a72c457891a115709b05112752737e6da9b.npz,"{""details"": {""alpha"": 0.99, ""anchor_offset"": 2, ""compatibility_patch"": ""paper walk order is parameterized; repository helper hard-codes 10"", ""entrypoint"": ""solve_YACHT"", ""input"": ""frozen_base_parts"", ""kmeans_replicates"": 3, ""theta"": 0.4, ""walk_order"": 20}, ""method"": ""YACHT"", ""schema"": ""psfce-v4-matlab-adapter-v1""}",v1,0.35206243032329987,0.3925886227001199,0.21246181505442155,0.34416252097485367
Scene15,1,NEW10,,formal,,CEHM,{},ok,,4485,15,20,13.612831999998889,matlab,https://github.com/FeijiangLi/Code-k-HyperEdge-Medoids-for-Clustering-Ensemble-AAAI.git,29c22fb18e05eed67728eebcb29cd7e9133723f7,2026-09-14,NOASSERTION,f3a415eec96ec819c8076b00bf5d4e1d8c08a4c90c31d0f5c1e93cbbc28f8cb3,44136fa355b3678a1146ad16f7e8649e94fb4fc21fe77e8310c060f61caaff8a,False,results\cache\official_baselines\CEHM\Scene15__pool1__f831476f0f99b9cd2c3683e079ac6981f0ab5281a93d666064dcb694e20da791.npz,"{""details"": {""entrypoint"": ""CEHM"", ""input"": ""frozen_base_parts"", ""variant"": ""published""}, ""method"": ""CEHM"", ""schema"": ""psfce-v4-matlab-adapter-v1""}",v1,0.09141583054626533,0.0,0.0,0.011167858358869595
Scene15,1,NEW10,,formal,,RANGE,"{""alpha"": 0.8, ""anchor_offset"": 0, ""fuzzy_threshold"": 0.8, ""kmeans_replicates"": 3, ""lambda"": 0.1}",ok,,4485,15,20,14.571371899990481,matlab,https://github.com/middle258/RANGE.git,85d93c54d72d500034d05b5ef131bd90630a3632,2026-09-14,NOASSERTION,f3a415eec96ec819c8076b00bf5d4e1d8c08a4c90c31d0f5c1e93cbbc28f8cb3,768290a1f1c2f63f8babf657f4e5e2b4da610a7bbda77136d410d91af83ab12a,False,results\cache\official_baselines\RANGE\Scene15__pool1__db6a626eb273577aff0ecaeb4647fc57e0400b7b6804d505001eda381ac5bf1e.npz,"{""details"": {""alpha"": 0.8, ""anchor_offset"": 0, ""entrypoint"": ""HFES+solve_RANGE"", ""fuzzy_threshold"": 0.8, ""input"": ""frozen_base_parts"", ""kmeans_replicates"": 3, ""lambda"": 0.1}, ""method"": ""RANGE"", ""schema"": ""psfce-v4-matlab-adapter-v1""}",v1,0.39777034559643254,0.4001132713254983,0.22901164384439535,0.3887160664379567
Scene15,1,NEW10,,formal,,YACHT,"{""alpha"": 0.99, ""anchor_offset"": 2, ""kmeans_replicates"": 3, ""theta"": 0.4, ""walk_order"": 20}",ok,,4485,15,20,14.777991499999189,matlab,https://github.com/scu-kdde/YACHT.git,44cb0fc35b80ec17befa199879ac947fee15f464,2026-09-14,NOASSERTION,f3a415eec96ec819c8076b00bf5d4e1d8c08a4c90c31d0f5c1e93cbbc28f8cb3,62deb2b66b54ab18491847bd2cca81e375344bea0ab840d0da429a98100a165b,False,results\cache\official_baselines\YACHT\Scene15__pool1__2a89e9d3d0c493351066cadd758789c1ca7654ca96ceae69179045d59a37b9a6.npz,"{""details"": {""alpha"": 0.99, ""anchor_offset"": 2, ""compatibility_patch"": ""paper walk order is parameterized; repository helper hard-codes 10"", ""entrypoint"": ""solve_YACHT"", ""input"": ""frozen_base_parts"", ""kmeans_replicates"": 3, ""theta"": 0.4, ""walk_order"": 20}, ""method"": ""YACHT"", ""schema"": ""psfce-v4-matlab-adapter-v1""}",v1,0.36744704570791525,0.38291751620270764,0.20903871182701583,0.35422276165834626
Scene15,2,NEW10,,formal,,CEHM,{},ok,,4485,15,20,13.855581200012239,matlab,https://github.com/FeijiangLi/Code-k-HyperEdge-Medoids-for-Clustering-Ensemble-AAAI.git,29c22fb18e05eed67728eebcb29cd7e9133723f7,2026-09-14,NOASSERTION,f2c86f72f2735a6888ed927f70fef4a623ad6d00b46ea5dcbb5a6e1ca15d6360,44136fa355b3678a1146ad16f7e8649e94fb4fc21fe77e8310c060f61caaff8a,False,results\cache\official_baselines\CEHM\Scene15__pool2__0bf4aa970b3e1a8dcba24f4975d1d414eeb2462f22b3dafe2a29dc38d3a81ca2.npz,"{""details"": {""entrypoint"": ""CEHM"", ""input"": ""frozen_base_parts"", ""variant"": ""published""}, ""method"": ""CEHM"", ""schema"": ""psfce-v4-matlab-adapter-v1""}",v1,0.09141583054626533,0.0,0.0,0.011167858358869595
Scene15,2,NEW10,,formal,,RANGE,"{""alpha"": 0.8, ""anchor_offset"": 0, ""fuzzy_threshold"": 0.8, ""kmeans_replicates"": 3, ""lambda"": 0.1}",ok,,4485,15,20,14.290509900005418,matlab,https://github.com/middle258/RANGE.git,85d93c54d72d500034d05b5ef131bd90630a3632,2026-09-14,NOASSERTION,f2c86f72f2735a6888ed927f70fef4a623ad6d00b46ea5dcbb5a6e1ca15d6360,768290a1f1c2f63f8babf657f4e5e2b4da610a7bbda77136d410d91af83ab12a,False,results\cache\official_baselines\RANGE\Scene15__pool2__1dc94a8dfc17ea372c09b632aa785ae38f0527099afbd5867218ca19efdbac0f.npz,"{""details"": {""alpha"": 0.8, ""anchor_offset"": 0, ""entrypoint"": ""HFES+solve_RANGE"", ""fuzzy_threshold"": 0.8, ""input"": ""frozen_base_parts"", ""kmeans_replicates"": 3, ""lambda"": 0.1}, ""method"": ""RANGE"", ""schema"": ""psfce-v4-matlab-adapter-v1""}",v1,0.4343366778149387,0.42289183578304496,0.2534212792495252,0.4265962178850914
Scene15,2,NEW10,,formal,,YACHT,"{""alpha"": 0.99, ""anchor_offset"": 2, ""kmeans_replicates"": 3, ""theta"": 0.4, ""walk_order"": 20}",ok,,4485,15,20,14.749184200001764,matlab,https://github.com/scu-kdde/YACHT.git,44cb0fc35b80ec17befa199879ac947fee15f464,2026-09-14,NOASSERTION,f2c86f72f2735a6888ed927f70fef4a623ad6d00b46ea5dcbb5a6e1ca15d6360,62deb2b66b54ab18491847bd2cca81e375344bea0ab840d0da429a98100a165b,False,results\cache\official_baselines\YACHT\Scene15__pool2__8840e35dea8e53dd382072bb3c056393bb15e04b3f04fa7cfc724c6982bedc36.npz,"{""details"": {""alpha"": 0.99, ""anchor_offset"": 2, ""compatibility_patch"": ""paper walk order is parameterized; repository helper hard-codes 10"", ""entrypoint"": ""solve_YACHT"", ""input"": ""frozen_base_parts"", ""kmeans_replicates"": 3, ""theta"": 0.4, ""walk_order"": 20}, ""method"": ""YACHT"", ""schema"": ""psfce-v4-matlab-adapter-v1""}",v1,0.38238573021181715,0.40319655220318273,0.2266889490296815,0.3685899715410938
Squirrel,0,GRAPH_GEOMETRY_8,,formal,,CEHM,{},ok,,5201,5,20,12.858858599996893,matlab,https://github.com/FeijiangLi/Code-k-HyperEdge-Medoids-for-Clustering-Ensemble-AAAI.git,29c22fb18e05eed67728eebcb29cd7e9133723f7,2026-09-14,NOASSERTION,e7ee773fe4af819d2926429b95fda6b3f4d2f55279c7f9826566b07296aa1c2b,44136fa355b3678a1146ad16f7e8649e94fb4fc21fe77e8310c060f61caaff8a,False,results\cache\official_baselines\CEHM\Squirrel__pool0__c5bd4805c12bb5a759e707fb2158794267981b2e9b4a0999f1810baff00ea3b0.npz,"{""details"": {""entrypoint"": ""CEHM"", ""input"": ""frozen_base_parts"", ""variant"": ""published""}, ""method"": ""CEHM"", ""schema"": ""psfce-v4-matlab-adapter-v1""}",v1,0.20034608729090558,0.0,0.0,0.06676277430722409
Squirrel,0,GRAPH_GEOMETRY_8,,formal,,RANGE,"{""alpha"": 0.8, ""anchor_offset"": 0, ""fuzzy_threshold"": 0.8, ""kmeans_replicates"": 3, ""lambda"": 0.1}",ok,,5201,5,20,13.70473640000273,matlab,https://github.com/middle258/RANGE.git,85d93c54d72d500034d05b5ef131bd90630a3632,2026-09-14,NOASSERTION,e7ee773fe4af819d2926429b95fda6b3f4d2f55279c7f9826566b07296aa1c2b,768290a1f1c2f63f8babf657f4e5e2b4da610a7bbda77136d410d91af83ab12a,False,results\cache\official_baselines\RANGE\Squirrel__pool0__b2a2e60ea5900001f0ae6b6b7260bbb73eca2f544112b5d8854c9c887beb0ae8.npz,"{""details"": {""alpha"": 0.8, ""anchor_offset"": 0, ""entrypoint"": ""HFES+solve_RANGE"", ""fuzzy_threshold"": 0.8, ""input"": ""frozen_base_parts"", ""kmeans_replicates"": 3, ""lambda"": 0.1}, ""method"": ""RANGE"", ""schema"": ""psfce-v4-matlab-adapter-v1""}",v1,0.25398961738127285,0.015674564120745395,0.014276725900382977,0.2446784313023352
Squirrel,0,GRAPH_GEOMETRY_8,,formal,,YACHT,"{""alpha"": 0.99, ""anchor_offset"": 2, ""kmeans_replicates"": 3, ""theta"": 0.4, ""walk_order"": 20}",ok,,5201,5,20,13.994271300005494,matlab,https://github.com/scu-kdde/YACHT.git,44cb0fc35b80ec17befa199879ac947fee15f464,2026-09-14,NOASSERTION,e7ee773fe4af819d2926429b95fda6b3f4d2f55279c7f9826566b07296aa1c2b,62deb2b66b54ab18491847bd2cca81e375344bea0ab840d0da429a98100a165b,False,results\cache\official_baselines\YACHT\Squirrel__pool0__4166b491385b9267e24e7e8ff064195d7d0be772c4c943bbc40b5026d4cdf40e.npz,"{""details"": {""alpha"": 0.99, ""anchor_offset"": 2, ""compatibility_patch"": ""paper walk order is parameterized; repository helper hard-codes 10"", ""entrypoint"": ""solve_YACHT"", ""input"": ""frozen_base_parts"", ""kmeans_replicates"": 3, ""theta"": 0.4, ""walk_order"": 20}, ""method"": ""YACHT"", ""schema"": ""psfce-v4-matlab-adapter-v1""}",v1,0.24014612574504904,0.01078678762286902,0.007878515436134412,0.23579379596360175
Squirrel,1,GRAPH_GEOMETRY_8,,formal,,CEHM,{},ok,,5201,5,20,12.42974019999383,matlab,https://github.com/FeijiangLi/Code-k-HyperEdge-Medoids-for-Clustering-Ensemble-AAAI.git,29c22fb18e05eed67728eebcb29cd7e9133723f7,2026-09-14,NOASSERTION,0a45e0c529c62702498aee46357989a887ffce669527f2612d0e58cdb631eef0,44136fa355b3678a1146ad16f7e8649e94fb4fc21fe77e8310c060f61caaff8a,False,results\cache\official_baselines\CEHM\Squirrel__pool1__ccca19022daa85deac939c7e75d43a9701c6f65f9762c9ae20683fa067d15ead.npz,"{""details"": {""entrypoint"": ""CEHM"", ""input"": ""frozen_base_parts"", ""variant"": ""published""}, ""method"": ""CEHM"", ""schema"": ""psfce-v4-matlab-adapter-v1""}",v1,0.20034608729090558,0.0,0.0,0.06676277430722409
Squirrel,1,GRAPH_GEOMETRY_8,,formal,,RANGE,"{""alpha"": 0.8, ""anchor_offset"": 0, ""fuzzy_threshold"": 0.8, ""kmeans_replicates"": 3, ""lambda"": 0.1}",ok,,5201,5,20,13.555896099991514,matlab,https://github.com/middle258/RANGE.git,85d93c54d72d500034d05b5ef131bd90630a3632,2026-09-14,NOASSERTION,0a45e0c529c62702498aee46357989a887ffce669527f2612d0e58cdb631eef0,768290a1f1c2f63f8babf657f4e5e2b4da610a7bbda77136d410d91af83ab12a,False,results\cache\official_baselines\RANGE\Squirrel__pool1__7a2575cf1b8a946f0042bb3f8d0bbc9a7e5247a1fcc96d4d0368d1eb35950e92.npz,"{""details"": {""alpha"": 0.8, ""anchor_offset"": 0, ""entrypoint"": ""HFES+solve_RANGE"", ""fuzzy_threshold"": 0.8, ""input"": ""frozen_base_parts"", ""kmeans_replicates"": 3, ""lambda"": 0.1}, ""method"": ""RANGE"", ""schema"": ""psfce-v4-matlab-adapter-v1""}",v1,0.2441838108056143,0.010380203249382495,0.004824539384904348,0.21612052750693622
Squirrel,1,GRAPH_GEOMETRY_8,,formal,,YACHT,"{""alpha"": 0.99, ""anchor_offset"": 2, ""kmeans_replicates"": 3, ""theta"": 0.4, ""walk_order"": 20}",ok,,5201,5,20,14.287903599994024,matlab,https://github.com/scu-kdde/YACHT.git,44cb0fc35b80ec17befa199879ac947fee15f464,2026-09-14,NOASSERTION,0a45e0c529c62702498aee46357989a887ffce669527f2612d0e58cdb631eef0,62deb2b66b54ab18491847bd2cca81e375344bea0ab840d0da429a98100a165b,False,results\cache\official_baselines\YACHT\Squirrel__pool1__673a0071a80811530e0ea9878734a5281ab9c2ac72dd88e06751e7c04b77a7d5.npz,"{""details"": {""alpha"": 0.99, ""anchor_offset"": 2, ""compatibility_patch"": ""paper walk order is parameterized; repository helper hard-codes 10"", ""entrypoint"": ""solve_YACHT"", ""input"": ""frozen_base_parts"", ""kmeans_replicates"": 3, ""theta"": 0.4, ""walk_order"": 20}, ""method"": ""YACHT"", ""schema"": ""psfce-v4-matlab-adapter-v1""}",v1,0.24591424726014227,0.007971066616836008,0.005100307945921917,0.2456829683321584
Squirrel,2,GRAPH_GEOMETRY_8,,formal,,CEHM,{},ok,,5201,5,20,13.103779700002633,matlab,https://github.com/FeijiangLi/Code-k-HyperEdge-Medoids-for-Clustering-Ensemble-AAAI.git,29c22fb18e05eed67728eebcb29cd7e9133723f7,2026-09-14,NOASSERTION,97673e206f68b6a3cfe1e38333e75d4222438d5ac4424e2a2f8b9c622c87e3c6,44136fa355b3678a1146ad16f7e8649e94fb4fc21fe77e8310c060f61caaff8a,False,results\cache\official_baselines\CEHM\Squirrel__pool2__de0f49deb7d3ca2f6ef1dce498f5957ae00678ce8f2b98049a9818c976505309.npz,"{""details"": {""entrypoint"": ""CEHM"", ""input"": ""frozen_base_parts"", ""variant"": ""published""}, ""method"": ""CEHM"", ""schema"": ""psfce-v4-matlab-adapter-v1""}",v1,0.20034608729090558,0.0,0.0,0.06676277430722409
Squirrel,2,GRAPH_GEOMETRY_8,,formal,,RANGE,"{""alpha"": 0.8, ""anchor_offset"": 0, ""fuzzy_threshold"": 0.8, ""kmeans_replicates"": 3, ""lambda"": 0.1}",ok,,5201,5,20,13.40699339999992,matlab,https://github.com/middle258/RANGE.git,85d93c54d72d500034d05b5ef131bd90630a3632,2026-09-14,NOASSERTION,97673e206f68b6a3cfe1e38333e75d4222438d5ac4424e2a2f8b9c622c87e3c6,768290a1f1c2f63f8babf657f4e5e2b4da610a7bbda77136d410d91af83ab12a,False,results\cache\official_baselines\RANGE\Squirrel__pool2__fbe4055a20799bff32c302e3d0ef474de71890e2d9d38e416500a18cb8a94929.npz,"{""details"": {""alpha"": 0.8, ""anchor_offset"": 0, ""entrypoint"": ""HFES+solve_RANGE"", ""fuzzy_threshold"": 0.8, ""input"": ""frozen_base_parts"", ""kmeans_replicates"": 3, ""lambda"": 0.1}, ""method"": ""RANGE"", ""schema"": ""psfce-v4-matlab-adapter-v1""}",v1,0.2526437223610844,0.014023156228440137,0.012251978973429728,0.24482311483202177
Squirrel,2,GRAPH_GEOMETRY_8,,formal,,YACHT,"{""alpha"": 0.99, ""anchor_offset"": 2, ""kmeans_replicates"": 3, ""theta"": 0.4, ""walk_order"": 20}",ok,,5201,5,20,14.17461619999085,matlab,https://github.com/scu-kdde/YACHT.git,44cb0fc35b80ec17befa199879ac947fee15f464,2026-09-14,NOASSERTION,97673e206f68b6a3cfe1e38333e75d4222438d5ac4424e2a2f8b9c622c87e3c6,62deb2b66b54ab18491847bd2cca81e375344bea0ab840d0da429a98100a165b,False,results\cache\official_baselines\YACHT\Squirrel__pool2__5c7a508486203dc944792fc2142eb478225428db893e77bd4568db8d1b68c255.npz,"{""details"": {""alpha"": 0.99, ""anchor_offset"": 2, ""compatibility_patch"": ""paper walk order is parameterized; repository helper hard-codes 10"", ""entrypoint"": ""solve_YACHT"", ""input"": ""frozen_base_parts"", ""kmeans_replicates"": 3, ""theta"": 0.4, ""walk_order"": 20}, ""method"": ""YACHT"", ""schema"": ""psfce-v4-matlab-adapter-v1""}",v1,0.2522591809267449,0.02208694303936791,0.01073538224479577,0.2519383927158173
UMIST,0,NEW10,,formal,,CEHM,{},ok,,575,20,20,12.959811100008665,matlab,https://github.com/FeijiangLi/Code-k-HyperEdge-Medoids-for-Clustering-Ensemble-AAAI.git,29c22fb18e05eed67728eebcb29cd7e9133723f7,2026-09-14,NOASSERTION,73a28c1538c0c1c9f68b65baca85be02183f35f54dfc9ecf4043294d82777260,44136fa355b3678a1146ad16f7e8649e94fb4fc21fe77e8310c060f61caaff8a,False,results\cache\official_baselines\CEHM\UMIST__pool0__d51badbabf75b747cf03d4f4abeccd28da6a25b334be7f0c5c6650f36b47b3c6.npz,"{""details"": {""entrypoint"": ""CEHM"", ""input"": ""frozen_base_parts"", ""variant"": ""published""}, ""method"": ""CEHM"", ""schema"": ""psfce-v4-matlab-adapter-v1""}",v1,0.40869565217391307,0.5930139511919896,0.27595725855033326,0.3726817134645504
UMIST,0,NEW10,,formal,,RANGE,"{""alpha"": 0.8, ""anchor_offset"": 0, ""fuzzy_threshold"": 0.8, ""kmeans_replicates"": 3, ""lambda"": 0.1}",ok,,575,20,20,13.676656399999047,matlab,https://github.com/middle258/RANGE.git,85d93c54d72d500034d05b5ef131bd90630a3632,2026-09-14,NOASSERTION,73a28c1538c0c1c9f68b65baca85be02183f35f54dfc9ecf4043294d82777260,768290a1f1c2f63f8babf657f4e5e2b4da610a7bbda77136d410d91af83ab12a,False,results\cache\official_baselines\RANGE\UMIST__pool0__d46c5243cfc0c9e997ae3fb3a6c2b51c90dca0450fabf43091366a4d6e5bf096.npz,"{""details"": {""alpha"": 0.8, ""anchor_offset"": 0, ""entrypoint"": ""HFES+solve_RANGE"", ""fuzzy_threshold"": 0.8, ""input"": ""frozen_base_parts"", ""kmeans_replicates"": 3, ""lambda"": 0.1}, ""method"": ""RANGE"", ""schema"": ""psfce-v4-matlab-adapter-v1""}",v1,0.42086956521739133,0.5992860927327407,0.32393384901702094,0.4073856139515346
UMIST,0,NEW10,,formal,,YACHT,"{""alpha"": 0.99, ""anchor_offset"": 2, ""kmeans_replicates"": 3, ""theta"": 0.4, ""walk_order"": 20}",ok,,575,20,20,13.049838700011605,matlab,https://github.com/scu-kdde/YACHT.git,44cb0fc35b80ec17befa199879ac947fee15f464,2026-09-14,NOASSERTION,73a28c1538c0c1c9f68b65baca85be02183f35f54dfc9ecf4043294d82777260,62deb2b66b54ab18491847bd2cca81e375344bea0ab840d0da429a98100a165b,False,results\cache\official_baselines\YACHT\UMIST__pool0__ed5619c4cd862eddb18affa0f88fdc1303e28e3779e8bcb16f77c108371ead56.npz,"{""details"": {""alpha"": 0.99, ""anchor_offset"": 2, ""compatibility_patch"": ""paper walk order is parameterized; repository helper hard-codes 10"", ""entrypoint"": ""solve_YACHT"", ""input"": ""frozen_base_parts"", ""kmeans_replicates"": 3, ""theta"": 0.4, ""walk_order"": 20}, ""method"": ""YACHT"", ""schema"": ""psfce-v4-matlab-adapter-v1""}",v1,0.41043478260869565,0.6016178598767837,0.2965881638933863,0.4089848386523217
UMIST,1,NEW10,,formal,,CEHM,{},ok,,575,20,20,12.524125900003128,matlab,https://github.com/FeijiangLi/Code-k-HyperEdge-Medoids-for-Clustering-Ensemble-AAAI.git,29c22fb18e05eed67728eebcb29cd7e9133723f7,2026-09-14,NOASSERTION,500a22db82a3543a8c8fb0af5d17b3f2290298eea80cac2374e470eaa9ddbd1e,44136fa355b3678a1146ad16f7e8649e94fb4fc21fe77e8310c060f61caaff8a,False,results\cache\official_baselines\CEHM\UMIST__pool1__340b46e46f6c33bcd42c4ce8c6741451121379f05d38b60550b7d1bb7d81aac3.npz,"{""details"": {""entrypoint"": ""CEHM"", ""input"": ""frozen_base_parts"", ""variant"": ""published""}, ""method"": ""CEHM"", ""schema"": ""psfce-v4-matlab-adapter-v1""}",v1,0.40347826086956523,0.5909981660509979,0.27457528613316456,0.40625604323041253
UMIST,1,NEW10,,formal,,RANGE,"{""alpha"": 0.8, ""anchor_offset"": 0, ""fuzzy_threshold"": 0.8, ""kmeans_replicates"": 3, ""lambda"": 0.1}",ok,,575,20,20,13.607827200001338,matlab,https://github.com/middle258/RANGE.git,85d93c54d72d500034d05b5ef131bd90630a3632,2026-09-14,NOASSERTION,500a22db82a3543a8c8fb0af5d17b3f2290298eea80cac2374e470eaa9ddbd1e,768290a1f1c2f63f8babf657f4e5e2b4da610a7bbda77136d410d91af83ab12a,False,results\cache\official_baselines\RANGE\UMIST__pool1__5e2b677916f43a973ada4bb3a10ddad0524015cd95f855e0c3148652eb261461.npz,"{""details"": {""alpha"": 0.8, ""anchor_offset"": 0, ""entrypoint"": ""HFES+solve_RANGE"", ""fuzzy_threshold"": 0.8, ""input"": ""frozen_base_parts"", ""kmeans_replicates"": 3, ""lambda"": 0.1}, ""method"": ""RANGE"", ""schema"": ""psfce-v4-matlab-adapter-v1""}",v1,0.34956521739130436,0.5599776173442149,0.24986388386276986,0.33760683884846815
UMIST,1,NEW10,,formal,,YACHT,"{""alpha"": 0.99, ""anchor_offset"": 2, ""kmeans_replicates"": 3, ""theta"": 0.4, ""walk_order"": 20}",ok,,575,20,20,13.041163500005496,matlab,https://github.com/scu-kdde/YACHT.git,44cb0fc35b80ec17befa199879ac947fee15f464,2026-09-14,NOASSERTION,500a22db82a3543a8c8fb0af5d17b3f2290298eea80cac2374e470eaa9ddbd1e,62deb2b66b54ab18491847bd2cca81e375344bea0ab840d0da429a98100a165b,False,results\cache\official_baselines\YACHT\UMIST__pool1__30314fc684e81b85bb2eeced92bb0a432e7bddfc51cf314261983f00c6fb5ce1.npz,"{""details"": {""alpha"": 0.99, ""anchor_offset"": 2, ""compatibility_patch"": ""paper walk order is parameterized; repository helper hard-codes 10"", ""entrypoint"": ""solve_YACHT"", ""input"": ""frozen_base_parts"", ""kmeans_replicates"": 3, ""theta"": 0.4, ""walk_order"": 20}, ""method"": ""YACHT"", ""schema"": ""psfce-v4-matlab-adapter-v1""}",v1,0.36695652173913046,0.5606487246934063,0.2585392454876734,0.35050486296068056
UMIST,2,NEW10,,formal,,CEHM,{},ok,,575,20,20,13.041020699994988,matlab,https://github.com/FeijiangLi/Code-k-HyperEdge-Medoids-for-Clustering-Ensemble-AAAI.git,29c22fb18e05eed67728eebcb29cd7e9133723f7,2026-09-14,NOASSERTION,244e42fa73b91d68be99fddc9383988e8b21bfbc9819a404b46b9f0f9e8b560f,44136fa355b3678a1146ad16f7e8649e94fb4fc21fe77e8310c060f61caaff8a,False,results\cache\official_baselines\CEHM\UMIST__pool2__25e38ec8e1bba573d71440a71fd1b0bf76931fdb272a304c359e710245c858a5.npz,"{""details"": {""entrypoint"": ""CEHM"", ""input"": ""frozen_base_parts"", ""variant"": ""published""}, ""method"": ""CEHM"", ""schema"": ""psfce-v4-matlab-adapter-v1""}",v1,0.4260869565217391,0.61794392726218,0.3114435641470449,0.42259974829964697
UMIST,2,NEW10,,formal,,RANGE,"{""alpha"": 0.8, ""anchor_offset"": 0, ""fuzzy_threshold"": 0.8, ""kmeans_replicates"": 3, ""lambda"": 0.1}",ok,,575,20,20,13.950687000004109,matlab,https://github.com/middle258/RANGE.git,85d93c54d72d500034d05b5ef131bd90630a3632,2026-09-14,NOASSERTION,244e42fa73b91d68be99fddc9383988e8b21bfbc9819a404b46b9f0f9e8b560f,768290a1f1c2f63f8babf657f4e5e2b4da610a7bbda77136d410d91af83ab12a,False,results\cache\official_baselines\RANGE\UMIST__pool2__405e3b171e83911f1cddb15af3c57aed00cc0a3d673140a643b60b2f5116bb6a.npz,"{""details"": {""alpha"": 0.8, ""anchor_offset"": 0, ""entrypoint"": ""HFES+solve_RANGE"", ""fuzzy_threshold"": 0.8, ""input"": ""frozen_base_parts"", ""kmeans_replicates"": 3, ""lambda"": 0.1}, ""method"": ""RANGE"", ""schema"": ""psfce-v4-matlab-adapter-v1""}",v1,0.40347826086956523,0.5954002177227613,0.2870257074404532,0.3939219204526631
UMIST,2,NEW10,,formal,,YACHT,"{""alpha"": 0.99, ""anchor_offset"": 2, ""kmeans_replicates"": 3, ""theta"": 0.4, ""walk_order"": 20}",ok,,575,20,20,13.25041140000394,matlab,https://github.com/scu-kdde/YACHT.git,44cb0fc35b80ec17befa199879ac947fee15f464,2026-09-14,NOASSERTION,244e42fa73b91d68be99fddc9383988e8b21bfbc9819a404b46b9f0f9e8b560f,62deb2b66b54ab18491847bd2cca81e375344bea0ab840d0da429a98100a165b,False,results\cache\official_baselines\YACHT\UMIST__pool2__3e8d850df64e599f1fa17791dd9113fe2110648da73b2957051539f689e4d8e6.npz,"{""details"": {""alpha"": 0.99, ""anchor_offset"": 2, ""compatibility_patch"": ""paper walk order is parameterized; repository helper hard-codes 10"", ""entrypoint"": ""solve_YACHT"", ""input"": ""frozen_base_parts"", ""kmeans_replicates"": 3, ""theta"": 0.4, ""walk_order"": 20}, ""method"": ""YACHT"", ""schema"": ""psfce-v4-matlab-adapter-v1""}",v1,0.4156521739130435,0.5933870830517947,0.31879896859451445,0.39452447682843655
USPS3568,0,BKCC_V2,,formal,,CEHM,{},ok,,3082,4,20,13.070805799987284,matlab,https://github.com/FeijiangLi/Code-k-HyperEdge-Medoids-for-Clustering-Ensemble-AAAI.git,29c22fb18e05eed67728eebcb29cd7e9133723f7,2026-09-14,NOASSERTION,8524860c8d77d6138fcdac1666683e30af623ef5ee94dea6fa83e9906d1fac9f,44136fa355b3678a1146ad16f7e8649e94fb4fc21fe77e8310c060f61caaff8a,False,results\cache\official_baselines\CEHM\USPS3568__pool0__013f9fdc1dd282824f17d03c449499f812392fa3f1b00ee718cf04a0a515c8ed.npz,"{""details"": {""entrypoint"": ""CEHM"", ""input"": ""frozen_base_parts"", ""variant"": ""published""}, ""method"": ""CEHM"", ""schema"": ""psfce-v4-matlab-adapter-v1""}",v1,0.6787800129785854,0.5828934118115384,0.5026369243964784,0.6003859200310318
USPS3568,0,BKCC_V2,,formal,,RANGE,"{""alpha"": 0.8, ""anchor_offset"": 0, ""fuzzy_threshold"": 0.8, ""kmeans_replicates"": 3, ""lambda"": 0.1}",ok,,3082,4,20,14.549524399990332,matlab,https://github.com/middle258/RANGE.git,85d93c54d72d500034d05b5ef131bd90630a3632,2026-09-14,NOASSERTION,8524860c8d77d6138fcdac1666683e30af623ef5ee94dea6fa83e9906d1fac9f,768290a1f1c2f63f8babf657f4e5e2b4da610a7bbda77136d410d91af83ab12a,False,results\cache\official_baselines\RANGE\USPS3568__pool0__c4c96b4e3e2fcb5dc3d323f998212475d17897153916593c58d50a941fbb5fe0.npz,"{""details"": {""alpha"": 0.8, ""anchor_offset"": 0, ""entrypoint"": ""HFES+solve_RANGE"", ""fuzzy_threshold"": 0.8, ""input"": ""frozen_base_parts"", ""kmeans_replicates"": 3, ""lambda"": 0.1}, ""method"": ""RANGE"", ""schema"": ""psfce-v4-matlab-adapter-v1""}",v1,0.636275146009085,0.5638064542913298,0.4637573821926501,0.5965617295279587
USPS3568,0,BKCC_V2,,formal,,YACHT,"{""alpha"": 0.99, ""anchor_offset"": 2, ""kmeans_replicates"": 3, ""theta"": 0.4, ""walk_order"": 20}",ok,,3082,4,20,14.560847300002933,matlab,https://github.com/scu-kdde/YACHT.git,44cb0fc35b80ec17befa199879ac947fee15f464,2026-09-14,NOASSERTION,8524860c8d77d6138fcdac1666683e30af623ef5ee94dea6fa83e9906d1fac9f,62deb2b66b54ab18491847bd2cca81e375344bea0ab840d0da429a98100a165b,False,results\cache\official_baselines\YACHT\USPS3568__pool0__7a4373346e3f5f8f8ab82200053a150b0098cbb1a4f596cd79a05911d9ca7ac1.npz,"{""details"": {""alpha"": 0.99, ""anchor_offset"": 2, ""compatibility_patch"": ""paper walk order is parameterized; repository helper hard-codes 10"", ""entrypoint"": ""solve_YACHT"", ""input"": ""frozen_base_parts"", ""kmeans_replicates"": 3, ""theta"": 0.4, ""walk_order"": 20}, ""method"": ""YACHT"", ""schema"": ""psfce-v4-matlab-adapter-v1""}",v1,0.6894873458792992,0.4427259778806894,0.3663627059297787,0.7026003618379741
USPS3568,1,BKCC_V2,,formal,,CEHM,{},ok,,3082,4,20,13.170016300005955,matlab,https://github.com/FeijiangLi/Code-k-HyperEdge-Medoids-for-Clustering-Ensemble-AAAI.git,29c22fb18e05eed67728eebcb29cd7e9133723f7,2026-09-14,NOASSERTION,ea30042ce78bd3d748c9aefe9920d03b0ea93ae8b23fcf08cf6cca54d91705e0,44136fa355b3678a1146ad16f7e8649e94fb4fc21fe77e8310c060f61caaff8a,False,results\cache\official_baselines\CEHM\USPS3568__pool1__db6ba0ea27f63c3a5e2ac0d2943eaa2f682429cc6c238be0db057d38bb348660.npz,"{""details"": {""entrypoint"": ""CEHM"", ""input"": ""frozen_base_parts"", ""variant"": ""published""}, ""method"": ""CEHM"", ""schema"": ""psfce-v4-matlab-adapter-v1""}",v1,0.6778066190785205,0.5818141477926663,0.5032999319260274,0.600918594235178
USPS3568,1,BKCC_V2,,formal,,RANGE,"{""alpha"": 0.8, ""anchor_offset"": 0, ""fuzzy_threshold"": 0.8, ""kmeans_replicates"": 3, ""lambda"": 0.1}",ok,,3082,4,20,13.962386200000765,matlab,https://github.com/middle258/RANGE.git,85d93c54d72d500034d05b5ef131bd90630a3632,2026-09-14,NOASSERTION,ea30042ce78bd3d748c9aefe9920d03b0ea93ae8b23fcf08cf6cca54d91705e0,768290a1f1c2f63f8babf657f4e5e2b4da610a7bbda77136d410d91af83ab12a,False,results\cache\official_baselines\RANGE\USPS3568__pool1__7a65a387f7e4b93ff0fe2a7b2b753fa0a64b7dfe68778536b05a994fe6c99c4c.npz,"{""details"": {""alpha"": 0.8, ""anchor_offset"": 0, ""entrypoint"": ""HFES+solve_RANGE"", ""fuzzy_threshold"": 0.8, ""input"": ""frozen_base_parts"", ""kmeans_replicates"": 3, ""lambda"": 0.1}, ""method"": ""RANGE"", ""schema"": ""psfce-v4-matlab-adapter-v1""}",v1,0.8121349772874756,0.565495347484836,0.5570660323616247,0.8137323507651739
USPS3568,1,BKCC_V2,,formal,,YACHT,"{""alpha"": 0.99, ""anchor_offset"": 2, ""kmeans_replicates"": 3, ""theta"": 0.4, ""walk_order"": 20}",ok,,3082,4,20,14.435246199995163,matlab,https://github.com/scu-kdde/YACHT.git,44cb0fc35b80ec17befa199879ac947fee15f464,2026-09-14,NOASSERTION,ea30042ce78bd3d748c9aefe9920d03b0ea93ae8b23fcf08cf6cca54d91705e0,62deb2b66b54ab18491847bd2cca81e375344bea0ab840d0da429a98100a165b,False,results\cache\official_baselines\YACHT\USPS3568__pool1__eb45516c1a7b42bfac867df6773c525461627ef5e2af471072623016dc8f67e0.npz,"{""details"": {""alpha"": 0.99, ""anchor_offset"": 2, ""compatibility_patch"": ""paper walk order is parameterized; repository helper hard-codes 10"", ""entrypoint"": ""solve_YACHT"", ""input"": ""frozen_base_parts"", ""kmeans_replicates"": 3, ""theta"": 0.4, ""walk_order"": 20}, ""method"": ""YACHT"", ""schema"": ""psfce-v4-matlab-adapter-v1""}",v1,0.5476963011031798,0.37218977364039885,0.3086974465457201,0.5476444653311398
USPS3568,2,BKCC_V2,,formal,,CEHM,{},ok,,3082,4,20,13.719115699990653,matlab,https://github.com/FeijiangLi/Code-k-HyperEdge-Medoids-for-Clustering-Ensemble-AAAI.git,29c22fb18e05eed67728eebcb29cd7e9133723f7,2026-09-14,NOASSERTION,3dea0fc34a8c1ded4b8a0835fbc4633ae167c4bea016ccbbb3b7f590c9df7fbf,44136fa355b3678a1146ad16f7e8649e94fb4fc21fe77e8310c060f61caaff8a,False,results\cache\official_baselines\CEHM\USPS3568__pool2__dc02c6d30d072a739916e2eba26ebac43f38ac48788f0edbef32567cd5e88a0c.npz,"{""details"": {""entrypoint"": ""CEHM"", ""input"": ""frozen_base_parts"", ""variant"": ""published""}, ""method"": ""CEHM"", ""schema"": ""psfce-v4-matlab-adapter-v1""}",v1,0.6531473069435432,0.5340384949609926,0.452493954856895,0.576451570854102
USPS3568,2,BKCC_V2,,formal,,RANGE,"{""alpha"": 0.8, ""anchor_offset"": 0, ""fuzzy_threshold"": 0.8, ""kmeans_replicates"": 3, ""lambda"": 0.1}",ok,,3082,4,20,13.998710100000608,matlab,https://github.com/middle258/RANGE.git,85d93c54d72d500034d05b5ef131bd90630a3632,2026-09-14,NOASSERTION,3dea0fc34a8c1ded4b8a0835fbc4633ae167c4bea016ccbbb3b7f590c9df7fbf,768290a1f1c2f63f8babf657f4e5e2b4da610a7bbda77136d410d91af83ab12a,False,results\cache\official_baselines\RANGE\USPS3568__pool2__678dd7e8c9890c0de02852acbacbfa573075ee6a663637096f316972787f4359.npz,"{""details"": {""alpha"": 0.8, ""anchor_offset"": 0, ""entrypoint"": ""HFES+solve_RANGE"", ""fuzzy_threshold"": 0.8, ""input"": ""frozen_base_parts"", ""kmeans_replicates"": 3, ""lambda"": 0.1}, ""method"": ""RANGE"", ""schema"": ""psfce-v4-matlab-adapter-v1""}",v1,0.7563270603504219,0.5265251372518198,0.5147788703454985,0.7452178005887977
USPS3568,2,BKCC_V2,,formal,,YACHT,"{""alpha"": 0.99, ""anchor_offset"": 2, ""kmeans_replicates"": 3, ""theta"": 0.4, ""walk_order"": 20}",ok,,3082,4,20,14.125297799997497,matlab,https://github.com/scu-kdde/YACHT.git,44cb0fc35b80ec17befa199879ac947fee15f464,2026-09-14,NOASSERTION,3dea0fc34a8c1ded4b8a0835fbc4633ae167c4bea016ccbbb3b7f590c9df7fbf,62deb2b66b54ab18491847bd2cca81e375344bea0ab840d0da429a98100a165b,False,results\cache\official_baselines\YACHT\USPS3568__pool2__1b57e78b3171c3f4661971e24f39b65cadbef16a1b8ccf4c52b300a48f01e90e.npz,"{""details"": {""alpha"": 0.99, ""anchor_offset"": 2, ""compatibility_patch"": ""paper walk order is parameterized; repository helper hard-codes 10"", ""entrypoint"": ""solve_YACHT"", ""input"": ""frozen_base_parts"", ""kmeans_replicates"": 3, ""theta"": 0.4, ""walk_order"": 20}, ""method"": ""YACHT"", ""schema"": ""psfce-v4-matlab-adapter-v1""}",v1,0.8014276443867618,0.5762262739189932,0.5775582435568803,0.7963281155637982
WebKB,0,TEXT_MV,,formal,,CEHM,{},ok,,1051,2,20,11.993964099994628,matlab,https://github.com/FeijiangLi/Code-k-HyperEdge-Medoids-for-Clustering-Ensemble-AAAI.git,29c22fb18e05eed67728eebcb29cd7e9133723f7,2026-09-14,NOASSERTION,243203424be356f689469a887fc3f647c5374c7a637af5f94dd714465ac80428,44136fa355b3678a1146ad16f7e8649e94fb4fc21fe77e8310c060f61caaff8a,False,results\cache\official_baselines\CEHM\WebKB__pool0__c0fc23fe8f2d9900e56b6ac82e8fa6e91122bd371b95d21b67a1353e71d28055.npz,"{""details"": {""entrypoint"": ""CEHM"", ""input"": ""frozen_base_parts"", ""variant"": ""published""}, ""method"": ""CEHM"", ""schema"": ""psfce-v4-matlab-adapter-v1""}",v1,0.7811607992388202,0.0,0.0,0.43856837606837606
WebKB,0,TEXT_MV,,formal,,RANGE,"{""alpha"": 0.8, ""anchor_offset"": 0, ""fuzzy_threshold"": 0.8, ""kmeans_replicates"": 3, ""lambda"": 0.1}",ok,,1051,2,20,12.15128160000313,matlab,https://github.com/middle258/RANGE.git,85d93c54d72d500034d05b5ef131bd90630a3632,2026-09-14,NOASSERTION,243203424be356f689469a887fc3f647c5374c7a637af5f94dd714465ac80428,768290a1f1c2f63f8babf657f4e5e2b4da610a7bbda77136d410d91af83ab12a,False,results\cache\official_baselines\RANGE\WebKB__pool0__0853aa8a0ee430cbcf2ba59ca549384f97f7f43a103e332fc05508b0232f8417.npz,"{""details"": {""alpha"": 0.8, ""anchor_offset"": 0, ""entrypoint"": ""HFES+solve_RANGE"", ""fuzzy_threshold"": 0.8, ""input"": ""frozen_base_parts"", ""kmeans_replicates"": 3, ""lambda"": 0.1}, ""method"": ""RANGE"", ""schema"": ""psfce-v4-matlab-adapter-v1""}",v1,0.60418648905804,0.05535233852341576,0.0427890946636934,0.5708317627842694
WebKB,0,TEXT_MV,,formal,,YACHT,"{""alpha"": 0.99, ""anchor_offset"": 2, ""kmeans_replicates"": 3, ""theta"": 0.4, ""walk_order"": 20}",ok,,1051,2,20,11.680475700006355,matlab,https://github.com/scu-kdde/YACHT.git,44cb0fc35b80ec17befa199879ac947fee15f464,2026-09-14,NOASSERTION,243203424be356f689469a887fc3f647c5374c7a637af5f94dd714465ac80428,62deb2b66b54ab18491847bd2cca81e375344bea0ab840d0da429a98100a165b,False,results\cache\official_baselines\YACHT\WebKB__pool0__3631e446040b4f73abc62ddd205200b0ae6f47dcd89bc9d17f845dc6bcf93c3b.npz,"{""details"": {""alpha"": 0.99, ""anchor_offset"": 2, ""compatibility_patch"": ""paper walk order is parameterized; repository helper hard-codes 10"", ""entrypoint"": ""solve_YACHT"", ""input"": ""frozen_base_parts"", ""kmeans_replicates"": 3, ""theta"": 0.4, ""walk_order"": 20}, ""method"": ""YACHT"", ""schema"": ""psfce-v4-matlab-adapter-v1""}",v1,0.7982873453853473,0.24711601823911236,0.3361713299552723,0.7517625248446929
WebKB,1,TEXT_MV,,formal,,CEHM,{},ok,,1051,2,20,11.254409299988765,matlab,https://github.com/FeijiangLi/Code-k-HyperEdge-Medoids-for-Clustering-Ensemble-AAAI.git,29c22fb18e05eed67728eebcb29cd7e9133723f7,2026-09-14,NOASSERTION,7ae47f5b86ba535f15f193f5f0fc7decf2a940e07637fd87cd6ea5e13cfb3d73,44136fa355b3678a1146ad16f7e8649e94fb4fc21fe77e8310c060f61caaff8a,False,results\cache\official_baselines\CEHM\WebKB__pool1__2f42f07b4fbe5c81e65392ceb7b6ec2a7425793704c418fc8cdad25fd7f596d5.npz,"{""details"": {""entrypoint"": ""CEHM"", ""input"": ""frozen_base_parts"", ""variant"": ""published""}, ""method"": ""CEHM"", ""schema"": ""psfce-v4-matlab-adapter-v1""}",v1,0.7811607992388202,0.0,0.0,0.43856837606837606
WebKB,1,TEXT_MV,,formal,,RANGE,"{""alpha"": 0.8, ""anchor_offset"": 0, ""fuzzy_threshold"": 0.8, ""kmeans_replicates"": 3, ""lambda"": 0.1}",ok,,1051,2,20,12.352463499992155,matlab,https://github.com/middle258/RANGE.git,85d93c54d72d500034d05b5ef131bd90630a3632,2026-09-14,NOASSERTION,7ae47f5b86ba535f15f193f5f0fc7decf2a940e07637fd87cd6ea5e13cfb3d73,768290a1f1c2f63f8babf657f4e5e2b4da610a7bbda77136d410d91af83ab12a,False,results\cache\official_baselines\RANGE\WebKB__pool1__1d7a4ba74a459894e3aea6ee74a32f2bad6d9f0bc61542819a99fb99bd8ef59f.npz,"{""details"": {""alpha"": 0.8, ""anchor_offset"": 0, ""entrypoint"": ""HFES+solve_RANGE"", ""fuzzy_threshold"": 0.8, ""input"": ""frozen_base_parts"", ""kmeans_replicates"": 3, ""lambda"": 0.1}, ""method"": ""RANGE"", ""schema"": ""psfce-v4-matlab-adapter-v1""}",v1,0.7002854424357755,0.12333734071585933,0.15332065131263015,0.6557563191666571
WebKB,1,TEXT_MV,,formal,,YACHT,"{""alpha"": 0.99, ""anchor_offset"": 2, ""kmeans_replicates"": 3, ""theta"": 0.4, ""walk_order"": 20}",ok,,1051,2,20,11.837848299997859,matlab,https://github.com/scu-kdde/YACHT.git,44cb0fc35b80ec17befa199879ac947fee15f464,2026-09-14,NOASSERTION,7ae47f5b86ba535f15f193f5f0fc7decf2a940e07637fd87cd6ea5e13cfb3d73,62deb2b66b54ab18491847bd2cca81e375344bea0ab840d0da429a98100a165b,False,results\cache\official_baselines\YACHT\WebKB__pool1__11d2ee68b5acc1f1f4d5356e8d04e0d6164801ffb8442d1365d7c90a3970120b.npz,"{""details"": {""alpha"": 0.99, ""anchor_offset"": 2, ""compatibility_patch"": ""paper walk order is parameterized; repository helper hard-codes 10"", ""entrypoint"": ""solve_YACHT"", ""input"": ""frozen_base_parts"", ""kmeans_replicates"": 3, ""theta"": 0.4, ""walk_order"": 20}, ""method"": ""YACHT"", ""schema"": ""psfce-v4-matlab-adapter-v1""}",v1,0.5699333967649858,0.16175359451771407,-0.006454259301600627,0.5613522537562604
WebKB,2,TEXT_MV,,formal,,CEHM,{},ok,,1051,2,20,11.094130800003768,matlab,https://github.com/FeijiangLi/Code-k-HyperEdge-Medoids-for-Clustering-Ensemble-AAAI.git,29c22fb18e05eed67728eebcb29cd7e9133723f7,2026-09-14,NOASSERTION,b641041280946f55d636a28a548d6caefc73bbd255eba218fbfc5a2d76901a80,44136fa355b3678a1146ad16f7e8649e94fb4fc21fe77e8310c060f61caaff8a,False,results\cache\official_baselines\CEHM\WebKB__pool2__8103caaeb1e810428904651a191a07dffae287fc922542d7a54c46eb5f131313.npz,"{""details"": {""entrypoint"": ""CEHM"", ""input"": ""frozen_base_parts"", ""variant"": ""published""}, ""method"": ""CEHM"", ""schema"": ""psfce-v4-matlab-adapter-v1""}",v1,0.7811607992388202,0.0,0.0,0.43856837606837606
WebKB,2,TEXT_MV,,formal,,RANGE,"{""alpha"": 0.8, ""anchor_offset"": 0, ""fuzzy_threshold"": 0.8, ""kmeans_replicates"": 3, ""lambda"": 0.1}",ok,,1051,2,20,12.244455799998832,matlab,https://github.com/middle258/RANGE.git,85d93c54d72d500034d05b5ef131bd90630a3632,2026-09-14,NOASSERTION,b641041280946f55d636a28a548d6caefc73bbd255eba218fbfc5a2d76901a80,768290a1f1c2f63f8babf657f4e5e2b4da610a7bbda77136d410d91af83ab12a,False,results\cache\official_baselines\RANGE\WebKB__pool2__7b3dc2a42720e12a2db9c2dc6f3e0ecd0015ef2fc26174b2d067833b6484fe28.npz,"{""details"": {""alpha"": 0.8, ""anchor_offset"": 0, ""entrypoint"": ""HFES+solve_RANGE"", ""fuzzy_threshold"": 0.8, ""input"": ""frozen_base_parts"", ""kmeans_replicates"": 3, ""lambda"": 0.1}, ""method"": ""RANGE"", ""schema"": ""psfce-v4-matlab-adapter-v1""}",v1,0.7602283539486203,0.22966381565228844,0.26238230100265036,0.7212530205693405
WebKB,2,TEXT_MV,,formal,,YACHT,"{""alpha"": 0.99, ""anchor_offset"": 2, ""kmeans_replicates"": 3, ""theta"": 0.4, ""walk_order"": 20}",ok,,1051,2,20,11.566296000004513,matlab,https://github.com/scu-kdde/YACHT.git,44cb0fc35b80ec17befa199879ac947fee15f464,2026-09-14,NOASSERTION,b641041280946f55d636a28a548d6caefc73bbd255eba218fbfc5a2d76901a80,62deb2b66b54ab18491847bd2cca81e375344bea0ab840d0da429a98100a165b,False,results\cache\official_baselines\YACHT\WebKB__pool2__879a56a5a62f56a08f396623d7564b1f31b076945e8b7fd74fd243da23fb859b.npz,"{""details"": {""alpha"": 0.99, ""anchor_offset"": 2, ""compatibility_patch"": ""paper walk order is parameterized; repository helper hard-codes 10"", ""entrypoint"": ""solve_YACHT"", ""input"": ""frozen_base_parts"", ""kmeans_replicates"": 3, ""theta"": 0.4, ""walk_order"": 20}, ""method"": ""YACHT"", ""schema"": ""psfce-v4-matlab-adapter-v1""}",v1,0.7240723120837298,0.19156675095788847,0.19683934566592515,0.6880833278752947
WebKB-Cornell,0,CONTENT_RELATION_8,,formal,,CEHM,{},ok,,195,5,20,11.362157399998978,matlab,https://github.com/FeijiangLi/Code-k-HyperEdge-Medoids-for-Clustering-Ensemble-AAAI.git,29c22fb18e05eed67728eebcb29cd7e9133723f7,2026-09-14,NOASSERTION,0927a3ea2231b3932a54106c7cacdb102c3f03b48fd5a2217de504f4923dab88,44136fa355b3678a1146ad16f7e8649e94fb4fc21fe77e8310c060f61caaff8a,False,results\cache\official_baselines\CEHM\WebKB-Cornell__pool0__3d89d8505d0f7a9d10145de4f77bef42fce224aa9ff6ca75a07c0765c537a433.npz,"{""details"": {""entrypoint"": ""CEHM"", ""input"": ""frozen_base_parts"", ""variant"": ""published""}, ""method"": ""CEHM"", ""schema"": ""psfce-v4-matlab-adapter-v1""}",v1,0.36923076923076925,0.07726592087603182,0.049309990368183,0.2901342431416237
WebKB-Cornell,0,CONTENT_RELATION_8,,formal,,RANGE,"{""alpha"": 0.8, ""anchor_offset"": 0, ""fuzzy_threshold"": 0.8, ""kmeans_replicates"": 3, ""lambda"": 0.1}",ok,,195,5,20,12.162864300000365,matlab,https://github.com/middle258/RANGE.git,85d93c54d72d500034d05b5ef131bd90630a3632,2026-09-14,NOASSERTION,0927a3ea2231b3932a54106c7cacdb102c3f03b48fd5a2217de504f4923dab88,768290a1f1c2f63f8babf657f4e5e2b4da610a7bbda77136d410d91af83ab12a,False,results\cache\official_baselines\RANGE\WebKB-Cornell__pool0__971dd30e7b69fb0c09053982ec0a0fd871e9dc66e9f0600df91e58396a871de6.npz,"{""details"": {""alpha"": 0.8, ""anchor_offset"": 0, ""entrypoint"": ""HFES+solve_RANGE"", ""fuzzy_threshold"": 0.8, ""input"": ""frozen_base_parts"", ""kmeans_replicates"": 3, ""lambda"": 0.1}, ""method"": ""RANGE"", ""schema"": ""psfce-v4-matlab-adapter-v1""}",v1,0.37948717948717947,0.12025073856617098,0.08502669125386707,0.33015886325183047
WebKB-Cornell,0,CONTENT_RELATION_8,,formal,,YACHT,"{""alpha"": 0.99, ""anchor_offset"": 2, ""kmeans_replicates"": 3, ""theta"": 0.4, ""walk_order"": 20}",ok,,195,5,20,11.352731999999378,matlab,https://github.com/scu-kdde/YACHT.git,44cb0fc35b80ec17befa199879ac947fee15f464,2026-09-14,NOASSERTION,0927a3ea2231b3932a54106c7cacdb102c3f03b48fd5a2217de504f4923dab88,62deb2b66b54ab18491847bd2cca81e375344bea0ab840d0da429a98100a165b,False,results\cache\official_baselines\YACHT\WebKB-Cornell__pool0__faf8d058eb21f8e5e8c309e3956376906184c79048d8ed11a51c3a5fa3aab5c6.npz,"{""details"": {""alpha"": 0.99, ""anchor_offset"": 2, ""compatibility_patch"": ""paper walk order is parameterized; repository helper hard-codes 10"", ""entrypoint"": ""solve_YACHT"", ""input"": ""frozen_base_parts"", ""kmeans_replicates"": 3, ""theta"": 0.4, ""walk_order"": 20}, ""method"": ""YACHT"", ""schema"": ""psfce-v4-matlab-adapter-v1""}",v1,0.35384615384615387,0.08524169100002164,0.03747302544222921,0.31721668742216685
WebKB-Cornell,1,CONTENT_RELATION_8,,formal,,CEHM,{},ok,,195,5,20,11.690502400000696,matlab,https://github.com/FeijiangLi/Code-k-HyperEdge-Medoids-for-Clustering-Ensemble-AAAI.git,29c22fb18e05eed67728eebcb29cd7e9133723f7,2026-09-14,NOASSERTION,31fe2e2b37a5638c8434b01fb21742dfdc42fcd8912d566d0a922f5b5ce4911a,44136fa355b3678a1146ad16f7e8649e94fb4fc21fe77e8310c060f61caaff8a,False,results\cache\official_baselines\CEHM\WebKB-Cornell__pool1__a0dd0142f8c2d97fefd2772a1c1d1f3f3d7a081f4f4086531a87233e30bd2587.npz,"{""details"": {""entrypoint"": ""CEHM"", ""input"": ""frozen_base_parts"", ""variant"": ""published""}, ""method"": ""CEHM"", ""schema"": ""psfce-v4-matlab-adapter-v1""}",v1,0.37435897435897436,0.05097522304085325,-0.01376490099115924,0.2099640924048388
WebKB-Cornell,1,CONTENT_RELATION_8,,formal,,RANGE,"{""alpha"": 0.8, ""anchor_offset"": 0, ""fuzzy_threshold"": 0.8, ""kmeans_replicates"": 3, ""lambda"": 0.1}",ok,,195,5,20,12.666565300009097,matlab,https://github.com/middle258/RANGE.git,85d93c54d72d500034d05b5ef131bd90630a3632,2026-09-14,NOASSERTION,31fe2e2b37a5638c8434b01fb21742dfdc42fcd8912d566d0a922f5b5ce4911a,768290a1f1c2f63f8babf657f4e5e2b4da610a7bbda77136d410d91af83ab12a,False,results\cache\official_baselines\RANGE\WebKB-Cornell__pool1__c9879023728c938716ee859d220306464f52bffb4d465873616e037873bae48d.npz,"{""details"": {""alpha"": 0.8, ""anchor_offset"": 0, ""entrypoint"": ""HFES+solve_RANGE"", ""fuzzy_threshold"": 0.8, ""input"": ""frozen_base_parts"", ""kmeans_replicates"": 3, ""lambda"": 0.1}, ""method"": ""RANGE"", ""schema"": ""psfce-v4-matlab-adapter-v1""}",v1,0.37435897435897436,0.09990209453368998,0.06983208565390835,0.3251904956816326
WebKB-Cornell,1,CONTENT_RELATION_8,,formal,,YACHT,"{""alpha"": 0.99, ""anchor_offset"": 2, ""kmeans_replicates"": 3, ""theta"": 0.4, ""walk_order"": 20}",ok,,195,5,20,11.659501299989643,matlab,https://github.com/scu-kdde/YACHT.git,44cb0fc35b80ec17befa199879ac947fee15f464,2026-09-14,NOASSERTION,31fe2e2b37a5638c8434b01fb21742dfdc42fcd8912d566d0a922f5b5ce4911a,62deb2b66b54ab18491847bd2cca81e375344bea0ab840d0da429a98100a165b,False,results\cache\official_baselines\YACHT\WebKB-Cornell__pool1__07282b50c1a0e39a9bf20b7b3ee25207b45d3339039744198448486e49bb4584.npz,"{""details"": {""alpha"": 0.99, ""anchor_offset"": 2, ""compatibility_patch"": ""paper walk order is parameterized; repository helper hard-codes 10"", ""entrypoint"": ""solve_YACHT"", ""input"": ""frozen_base_parts"", ""kmeans_replicates"": 3, ""theta"": 0.4, ""walk_order"": 20}, ""method"": ""YACHT"", ""schema"": ""psfce-v4-matlab-adapter-v1""}",v1,0.3230769230769231,0.07977389548955684,0.026428237448099055,0.2788978384052672
WebKB-Cornell,2,CONTENT_RELATION_8,,formal,,CEHM,{},ok,,195,5,20,11.316775699990103,matlab,https://github.com/FeijiangLi/Code-k-HyperEdge-Medoids-for-Clustering-Ensemble-AAAI.git,29c22fb18e05eed67728eebcb29cd7e9133723f7,2026-09-14,NOASSERTION,d4897edb32d4c0cdad08435c8d62b2c731bef576e180072a05575496b0c18c58,44136fa355b3678a1146ad16f7e8649e94fb4fc21fe77e8310c060f61caaff8a,False,results\cache\official_baselines\CEHM\WebKB-Cornell__pool2__7957470a0f56bc1135f6ece48e2c9fcdbecbddaf6893d23dd4050c34437a4e3d.npz,"{""details"": {""entrypoint"": ""CEHM"", ""input"": ""frozen_base_parts"", ""variant"": ""published""}, ""method"": ""CEHM"", ""schema"": ""psfce-v4-matlab-adapter-v1""}",v1,0.37435897435897436,0.05159925198862907,-0.015082994106332666,0.21106640709496
WebKB-Cornell,2,CONTENT_RELATION_8,,formal,,RANGE,"{""alpha"": 0.8, ""anchor_offset"": 0, ""fuzzy_threshold"": 0.8, ""kmeans_replicates"": 3, ""lambda"": 0.1}",ok,,195,5,20,12.11347690000548,matlab,https://github.com/middle258/RANGE.git,85d93c54d72d500034d05b5ef131bd90630a3632,2026-09-14,NOASSERTION,d4897edb32d4c0cdad08435c8d62b2c731bef576e180072a05575496b0c18c58,768290a1f1c2f63f8babf657f4e5e2b4da610a7bbda77136d410d91af83ab12a,False,results\cache\official_baselines\RANGE\WebKB-Cornell__pool2__06383ab5789156125533828c797e0e056ed51e893b51753df084d43a8299a1e4.npz,"{""details"": {""alpha"": 0.8, ""anchor_offset"": 0, ""entrypoint"": ""HFES+solve_RANGE"", ""fuzzy_threshold"": 0.8, ""input"": ""frozen_base_parts"", ""kmeans_replicates"": 3, ""lambda"": 0.1}, ""method"": ""RANGE"", ""schema"": ""psfce-v4-matlab-adapter-v1""}",v1,0.3282051282051282,0.08283823507763724,0.025071749246211153,0.28517173813904484
WebKB-Cornell,2,CONTENT_RELATION_8,,formal,,YACHT,"{""alpha"": 0.99, ""anchor_offset"": 2, ""kmeans_replicates"": 3, ""theta"": 0.4, ""walk_order"": 20}",ok,,195,5,20,11.667624900001101,matlab,https://github.com/scu-kdde/YACHT.git,44cb0fc35b80ec17befa199879ac947fee15f464,2026-09-14,NOASSERTION,d4897edb32d4c0cdad08435c8d62b2c731bef576e180072a05575496b0c18c58,62deb2b66b54ab18491847bd2cca81e375344bea0ab840d0da429a98100a165b,False,results\cache\official_baselines\YACHT\WebKB-Cornell__pool2__a1773904b9a6b382e423e57d15a9b641642604b7a5f4f867335ad8cb6ba10d8b.npz,"{""details"": {""alpha"": 0.99, ""anchor_offset"": 2, ""compatibility_patch"": ""paper walk order is parameterized; repository helper hard-codes 10"", ""entrypoint"": ""solve_YACHT"", ""input"": ""frozen_base_parts"", ""kmeans_replicates"": 3, ""theta"": 0.4, ""walk_order"": 20}, ""method"": ""YACHT"", ""schema"": ""psfce-v4-matlab-adapter-v1""}",v1,0.36923076923076925,0.09801469423714301,0.04601555932435664,0.3176581685528334
WebKB-Texas,0,CONTENT_RELATION_8,,formal,,CEHM,{},ok,,187,5,20,11.30588379999972,matlab,https://github.com/FeijiangLi/Code-k-HyperEdge-Medoids-for-Clustering-Ensemble-AAAI.git,29c22fb18e05eed67728eebcb29cd7e9133723f7,2026-09-14,NOASSERTION,f15997ddaf53b4deead270fa438e24a3c339ebef757e4ff2adaf6936088f1f1d,44136fa355b3678a1146ad16f7e8649e94fb4fc21fe77e8310c060f61caaff8a,False,results\cache\official_baselines\CEHM\WebKB-Texas__pool0__1b6fa57726cc090d82ad9673826a0afe019ae264760c3ab41e2506d5b1e5c75a.npz,"{""details"": {""entrypoint"": ""CEHM"", ""input"": ""frozen_base_parts"", ""variant"": ""published""}, ""method"": ""CEHM"", ""schema"": ""psfce-v4-matlab-adapter-v1""}",v1,0.5508021390374331,0.0,0.0,0.14206896551724138
WebKB-Texas,0,CONTENT_RELATION_8,,formal,,RANGE,"{""alpha"": 0.8, ""anchor_offset"": 0, ""fuzzy_threshold"": 0.8, ""kmeans_replicates"": 3, ""lambda"": 0.1}",ok,,187,5,20,12.018103499998688,matlab,https://github.com/middle258/RANGE.git,85d93c54d72d500034d05b5ef131bd90630a3632,2026-09-14,NOASSERTION,f15997ddaf53b4deead270fa438e24a3c339ebef757e4ff2adaf6936088f1f1d,768290a1f1c2f63f8babf657f4e5e2b4da610a7bbda77136d410d91af83ab12a,False,results\cache\official_baselines\RANGE\WebKB-Texas__pool0__8e178ee6dc0c062bcc00346f2979052ef08f40f1a5af8488b7c63ceafc28b873.npz,"{""details"": {""alpha"": 0.8, ""anchor_offset"": 0, ""entrypoint"": ""HFES+solve_RANGE"", ""fuzzy_threshold"": 0.8, ""input"": ""frozen_base_parts"", ""kmeans_replicates"": 3, ""lambda"": 0.1}, ""method"": ""RANGE"", ""schema"": ""psfce-v4-matlab-adapter-v1""}",v1,0.4117647058823529,0.09612455031788886,0.10283672349211972,0.2924812030075188
WebKB-Texas,0,CONTENT_RELATION_8,,formal,,YACHT,"{""alpha"": 0.99, ""anchor_offset"": 2, ""kmeans_replicates"": 3, ""theta"": 0.4, ""walk_order"": 20}",ok,,187,5,20,11.704289999994216,matlab,https://github.com/scu-kdde/YACHT.git,44cb0fc35b80ec17befa199879ac947fee15f464,2026-09-14,NOASSERTION,f15997ddaf53b4deead270fa438e24a3c339ebef757e4ff2adaf6936088f1f1d,62deb2b66b54ab18491847bd2cca81e375344bea0ab840d0da429a98100a165b,False,results\cache\official_baselines\YACHT\WebKB-Texas__pool0__b3337f3c2badbef06c2a1a04df571f964944f1fc34944c2f92d79b615f3b5490.npz,"{""details"": {""alpha"": 0.99, ""anchor_offset"": 2, ""compatibility_patch"": ""paper walk order is parameterized; repository helper hard-codes 10"", ""entrypoint"": ""solve_YACHT"", ""input"": ""frozen_base_parts"", ""kmeans_replicates"": 3, ""theta"": 0.4, ""walk_order"": 20}, ""method"": ""YACHT"", ""schema"": ""psfce-v4-matlab-adapter-v1""}",v1,0.31016042780748665,0.05759253043063954,0.05531156666390568,0.2411534227295075
WebKB-Texas,1,CONTENT_RELATION_8,,formal,,CEHM,{},ok,,187,5,20,11.582071600001655,matlab,https://github.com/FeijiangLi/Code-k-HyperEdge-Medoids-for-Clustering-Ensemble-AAAI.git,29c22fb18e05eed67728eebcb29cd7e9133723f7,2026-09-14,NOASSERTION,58f0e3432a785995757c5e74a18d50a6f6e78339348e040719d467bd12ebcc78,44136fa355b3678a1146ad16f7e8649e94fb4fc21fe77e8310c060f61caaff8a,False,results\cache\official_baselines\CEHM\WebKB-Texas__pool1__5276258718b709f7c0863f72b93a8a65c0b03a3a4f8ee1f14a4d1b830b61ff70.npz,"{""details"": {""entrypoint"": ""CEHM"", ""input"": ""frozen_base_parts"", ""variant"": ""published""}, ""method"": ""CEHM"", ""schema"": ""psfce-v4-matlab-adapter-v1""}",v1,0.5294117647058824,0.001891048005169577,-0.007310117439348095,0.15675324675324676
WebKB-Texas,1,CONTENT_RELATION_8,,formal,,RANGE,"{""alpha"": 0.8, ""anchor_offset"": 0, ""fuzzy_threshold"": 0.8, ""kmeans_replicates"": 3, ""lambda"": 0.1}",ok,,187,5,20,12.08432609999727,matlab,https://github.com/middle258/RANGE.git,85d93c54d72d500034d05b5ef131bd90630a3632,2026-09-14,NOASSERTION,58f0e3432a785995757c5e74a18d50a6f6e78339348e040719d467bd12ebcc78,768290a1f1c2f63f8babf657f4e5e2b4da610a7bbda77136d410d91af83ab12a,False,results\cache\official_baselines\RANGE\WebKB-Texas__pool1__057935162432aba524f7385f295ceb716a14f495eef99dd92bd3f88a31478515.npz,"{""details"": {""alpha"": 0.8, ""anchor_offset"": 0, ""entrypoint"": ""HFES+solve_RANGE"", ""fuzzy_threshold"": 0.8, ""input"": ""frozen_base_parts"", ""kmeans_replicates"": 3, ""lambda"": 0.1}, ""method"": ""RANGE"", ""schema"": ""psfce-v4-matlab-adapter-v1""}",v1,0.39572192513368987,0.08859934604554015,0.0786841649027539,0.2858694177534757
WebKB-Texas,1,CONTENT_RELATION_8,,formal,,YACHT,"{""alpha"": 0.99, ""anchor_offset"": 2, ""kmeans_replicates"": 3, ""theta"": 0.4, ""walk_order"": 20}",ok,,187,5,20,12.347228899991023,matlab,https://github.com/scu-kdde/YACHT.git,44cb0fc35b80ec17befa199879ac947fee15f464,2026-09-14,NOASSERTION,58f0e3432a785995757c5e74a18d50a6f6e78339348e040719d467bd12ebcc78,62deb2b66b54ab18491847bd2cca81e375344bea0ab840d0da429a98100a165b,False,results\cache\official_baselines\YACHT\WebKB-Texas__pool1__489ff6b91b56757f51cc66f8dcaf0ad95bea0d08cbcfd24e41a676f0d46634a8.npz,"{""details"": {""alpha"": 0.99, ""anchor_offset"": 2, ""compatibility_patch"": ""paper walk order is parameterized; repository helper hard-codes 10"", ""entrypoint"": ""solve_YACHT"", ""input"": ""frozen_base_parts"", ""kmeans_replicates"": 3, ""theta"": 0.4, ""walk_order"": 20}, ""method"": ""YACHT"", ""schema"": ""psfce-v4-matlab-adapter-v1""}",v1,0.3155080213903743,0.0636291617042918,0.02760333067246268,0.23448366701791362
WebKB-Texas,2,CONTENT_RELATION_8,,formal,,CEHM,{},ok,,187,5,20,11.743098399994778,matlab,https://github.com/FeijiangLi/Code-k-HyperEdge-Medoids-for-Clustering-Ensemble-AAAI.git,29c22fb18e05eed67728eebcb29cd7e9133723f7,2026-09-14,NOASSERTION,61c79c3e9fd120af9897e053922f3f45358997eeefa4f18d9398001e6c0a76e9,44136fa355b3678a1146ad16f7e8649e94fb4fc21fe77e8310c060f61caaff8a,False,results\cache\official_baselines\CEHM\WebKB-Texas__pool2__fb0f9b05147375f42b70b8ceb9d46c987205a45c650d80d93f9b7c501520cb1b.npz,"{""details"": {""entrypoint"": ""CEHM"", ""input"": ""frozen_base_parts"", ""variant"": ""published""}, ""method"": ""CEHM"", ""schema"": ""psfce-v4-matlab-adapter-v1""}",v1,0.5508021390374331,0.0,0.0,0.14206896551724138
WebKB-Texas,2,CONTENT_RELATION_8,,formal,,RANGE,"{""alpha"": 0.8, ""anchor_offset"": 0, ""fuzzy_threshold"": 0.8, ""kmeans_replicates"": 3, ""lambda"": 0.1}",ok,,187,5,20,12.730629900004715,matlab,https://github.com/middle258/RANGE.git,85d93c54d72d500034d05b5ef131bd90630a3632,2026-09-14,NOASSERTION,61c79c3e9fd120af9897e053922f3f45358997eeefa4f18d9398001e6c0a76e9,768290a1f1c2f63f8babf657f4e5e2b4da610a7bbda77136d410d91af83ab12a,False,results\cache\official_baselines\RANGE\WebKB-Texas__pool2__c46c75d9204dbed9e726d64a4f5f87baeb122181e03389d15ab61e6e93defb31.npz,"{""details"": {""alpha"": 0.8, ""anchor_offset"": 0, ""entrypoint"": ""HFES+solve_RANGE"", ""fuzzy_threshold"": 0.8, ""input"": ""frozen_base_parts"", ""kmeans_replicates"": 3, ""lambda"": 0.1}, ""method"": ""RANGE"", ""schema"": ""psfce-v4-matlab-adapter-v1""}",v1,0.40641711229946526,0.09006603020287647,0.09639745912668815,0.28754075124025513
WebKB-Texas,2,CONTENT_RELATION_8,,formal,,YACHT,"{""alpha"": 0.99, ""anchor_offset"": 2, ""kmeans_replicates"": 3, ""theta"": 0.4, ""walk_order"": 20}",ok,,187,5,20,11.723812800002634,matlab,https://github.com/scu-kdde/YACHT.git,44cb0fc35b80ec17befa199879ac947fee15f464,2026-09-14,NOASSERTION,61c79c3e9fd120af9897e053922f3f45358997eeefa4f18d9398001e6c0a76e9,62deb2b66b54ab18491847bd2cca81e375344bea0ab840d0da429a98100a165b,False,results\cache\official_baselines\YACHT\WebKB-Texas__pool2__550a0b5ffa225229c63c62547015da5d908597bf180714666086763037fcd63c.npz,"{""details"": {""alpha"": 0.99, ""anchor_offset"": 2, ""compatibility_patch"": ""paper walk order is parameterized; repository helper hard-codes 10"", ""entrypoint"": ""solve_YACHT"", ""input"": ""frozen_base_parts"", ""kmeans_replicates"": 3, ""theta"": 0.4, ""walk_order"": 20}, ""method"": ""YACHT"", ""schema"": ""psfce-v4-matlab-adapter-v1""}",v1,0.2994652406417112,0.06689264426907864,0.028006352180396536,0.2431281848946369
WebKB-Washington,0,CONTENT_RELATION_8,,formal,,CEHM,{},ok,,230,5,20,11.785671600009664,matlab,https://github.com/FeijiangLi/Code-k-HyperEdge-Medoids-for-Clustering-Ensemble-AAAI.git,29c22fb18e05eed67728eebcb29cd7e9133723f7,2026-09-14,NOASSERTION,2becf9c5917db86ba3771b546d1a2d59abf11f3391f1347ace4aebcae1d15e9a,44136fa355b3678a1146ad16f7e8649e94fb4fc21fe77e8310c060f61caaff8a,False,results\cache\official_baselines\CEHM\WebKB-Washington__pool0__b5332e420c7b52b41971edc35c66e143f20b6a1913c5072d83b1efa7d5eccfe5.npz,"{""details"": {""entrypoint"": ""CEHM"", ""input"": ""frozen_base_parts"", ""variant"": ""published""}, ""method"": ""CEHM"", ""schema"": ""psfce-v4-matlab-adapter-v1""}",v1,0.46956521739130436,0.050102010620527805,0.03515795391636854,0.20914965609122343
WebKB-Washington,0,CONTENT_RELATION_8,,formal,,RANGE,"{""alpha"": 0.8, ""anchor_offset"": 0, ""fuzzy_threshold"": 0.8, ""kmeans_replicates"": 3, ""lambda"": 0.1}",ok,,230,5,20,12.298267699996359,matlab,https://github.com/middle258/RANGE.git,85d93c54d72d500034d05b5ef131bd90630a3632,2026-09-14,NOASSERTION,2becf9c5917db86ba3771b546d1a2d59abf11f3391f1347ace4aebcae1d15e9a,768290a1f1c2f63f8babf657f4e5e2b4da610a7bbda77136d410d91af83ab12a,False,results\cache\official_baselines\RANGE\WebKB-Washington__pool0__25ff31db5807d2e5fc296d01e487404f5d0c0b2f78308fb3d682c74f38cbac94.npz,"{""details"": {""alpha"": 0.8, ""anchor_offset"": 0, ""entrypoint"": ""HFES+solve_RANGE"", ""fuzzy_threshold"": 0.8, ""input"": ""frozen_base_parts"", ""kmeans_replicates"": 3, ""lambda"": 0.1}, ""method"": ""RANGE"", ""schema"": ""psfce-v4-matlab-adapter-v1""}",v1,0.3782608695652174,0.10703027359532896,0.08810981996382332,0.30391036801388216
WebKB-Washington,0,CONTENT_RELATION_8,,formal,,YACHT,"{""alpha"": 0.99, ""anchor_offset"": 2, ""kmeans_replicates"": 3, ""theta"": 0.4, ""walk_order"": 20}",ok,,230,5,20,11.85331700000097,matlab,https://github.com/scu-kdde/YACHT.git,44cb0fc35b80ec17befa199879ac947fee15f464,2026-09-14,NOASSERTION,2becf9c5917db86ba3771b546d1a2d59abf11f3391f1347ace4aebcae1d15e9a,62deb2b66b54ab18491847bd2cca81e375344bea0ab840d0da429a98100a165b,False,results\cache\official_baselines\YACHT\WebKB-Washington__pool0__e3bb149f9cb1ef809cc50ce2db98f62bafff21bdea48d50bc75d71bc417936dd.npz,"{""details"": {""alpha"": 0.99, ""anchor_offset"": 2, ""compatibility_patch"": ""paper walk order is parameterized; repository helper hard-codes 10"", ""entrypoint"": ""solve_YACHT"", ""input"": ""frozen_base_parts"", ""kmeans_replicates"": 3, ""theta"": 0.4, ""walk_order"": 20}, ""method"": ""YACHT"", ""schema"": ""psfce-v4-matlab-adapter-v1""}",v1,0.3869565217391304,0.09599799478613252,0.09120284709571667,0.29162102406938606
WebKB-Washington,1,CONTENT_RELATION_8,,formal,,CEHM,{},ok,,230,5,20,11.72872319999442,matlab,https://github.com/FeijiangLi/Code-k-HyperEdge-Medoids-for-Clustering-Ensemble-AAAI.git,29c22fb18e05eed67728eebcb29cd7e9133723f7,2026-09-14,NOASSERTION,0706cb10024c41f76250bc6bb51213cd0a55f653759f9fa886a7939fe4004d6c,44136fa355b3678a1146ad16f7e8649e94fb4fc21fe77e8310c060f61caaff8a,False,results\cache\official_baselines\CEHM\WebKB-Washington__pool1__aed9ac02c561477867da6cc9cb1625aeab154ca16573e0b9605918c83deb0662.npz,"{""details"": {""entrypoint"": ""CEHM"", ""input"": ""frozen_base_parts"", ""variant"": ""published""}, ""method"": ""CEHM"", ""schema"": ""psfce-v4-matlab-adapter-v1""}",v1,0.48695652173913045,0.01980112404562284,0.01971724389936285,0.17521825251265497
WebKB-Washington,1,CONTENT_RELATION_8,,formal,,RANGE,"{""alpha"": 0.8, ""anchor_offset"": 0, ""fuzzy_threshold"": 0.8, ""kmeans_replicates"": 3, ""lambda"": 0.1}",ok,,230,5,20,12.394109000000753,matlab,https://github.com/middle258/RANGE.git,85d93c54d72d500034d05b5ef131bd90630a3632,2026-09-14,NOASSERTION,0706cb10024c41f76250bc6bb51213cd0a55f653759f9fa886a7939fe4004d6c,768290a1f1c2f63f8babf657f4e5e2b4da610a7bbda77136d410d91af83ab12a,False,results\cache\official_baselines\RANGE\WebKB-Washington__pool1__686a8fa57fa503511c03f84a3d0532da6cb4e75588ee2292170ac1258439524f.npz,"{""details"": {""alpha"": 0.8, ""anchor_offset"": 0, ""entrypoint"": ""HFES+solve_RANGE"", ""fuzzy_threshold"": 0.8, ""input"": ""frozen_base_parts"", ""kmeans_replicates"": 3, ""lambda"": 0.1}, ""method"": ""RANGE"", ""schema"": ""psfce-v4-matlab-adapter-v1""}",v1,0.3782608695652174,0.10413161430152228,0.09444138613992983,0.3019640075208166
WebKB-Washington,1,CONTENT_RELATION_8,,formal,,YACHT,"{""alpha"": 0.99, ""anchor_offset"": 2, ""kmeans_replicates"": 3, ""theta"": 0.4, ""walk_order"": 20}",ok,,230,5,20,11.670872699993197,matlab,https://github.com/scu-kdde/YACHT.git,44cb0fc35b80ec17befa199879ac947fee15f464,2026-09-14,NOASSERTION,0706cb10024c41f76250bc6bb51213cd0a55f653759f9fa886a7939fe4004d6c,62deb2b66b54ab18491847bd2cca81e375344bea0ab840d0da429a98100a165b,False,results\cache\official_baselines\YACHT\WebKB-Washington__pool1__4997b703e56a22bfc2104b2e08d4b3ecf151a850f6a9d5b65ee4c726700edece.npz,"{""details"": {""alpha"": 0.99, ""anchor_offset"": 2, ""compatibility_patch"": ""paper walk order is parameterized; repository helper hard-codes 10"", ""entrypoint"": ""solve_YACHT"", ""input"": ""frozen_base_parts"", ""kmeans_replicates"": 3, ""theta"": 0.4, ""walk_order"": 20}, ""method"": ""YACHT"", ""schema"": ""psfce-v4-matlab-adapter-v1""}",v1,0.3739130434782609,0.08965607804796603,0.07577627834796914,0.2902701197438039
WebKB-Washington,2,CONTENT_RELATION_8,,formal,,CEHM,{},ok,,230,5,20,11.854579000006197,matlab,https://github.com/FeijiangLi/Code-k-HyperEdge-Medoids-for-Clustering-Ensemble-AAAI.git,29c22fb18e05eed67728eebcb29cd7e9133723f7,2026-09-14,NOASSERTION,f45e086511060ffe5211e037eca04faeaf00f827a257eef4c44518d240f08700,44136fa355b3678a1146ad16f7e8649e94fb4fc21fe77e8310c060f61caaff8a,False,results\cache\official_baselines\CEHM\WebKB-Washington__pool2__c5de2cd901471d6239f6ad38b5a05c20b9ca371dfee0a95c6b396d72e10f9874.npz,"{""details"": {""entrypoint"": ""CEHM"", ""input"": ""frozen_base_parts"", ""variant"": ""published""}, ""method"": ""CEHM"", ""schema"": ""psfce-v4-matlab-adapter-v1""}",v1,0.49130434782608695,0.05007644210510012,0.03987128276841365,0.19972934073381007
WebKB-Washington,2,CONTENT_RELATION_8,,formal,,RANGE,"{""alpha"": 0.8, ""anchor_offset"": 0, ""fuzzy_threshold"": 0.8, ""kmeans_replicates"": 3, ""lambda"": 0.1}",ok,,230,5,20,12.58787050000683,matlab,https://github.com/middle258/RANGE.git,85d93c54d72d500034d05b5ef131bd90630a3632,2026-09-14,NOASSERTION,f45e086511060ffe5211e037eca04faeaf00f827a257eef4c44518d240f08700,768290a1f1c2f63f8babf657f4e5e2b4da610a7bbda77136d410d91af83ab12a,False,results\cache\official_baselines\RANGE\WebKB-Washington__pool2__380a0e37de617ffba35c77ea94afc5715ca16584947076feaab66576a2f295f0.npz,"{""details"": {""alpha"": 0.8, ""anchor_offset"": 0, ""entrypoint"": ""HFES+solve_RANGE"", ""fuzzy_threshold"": 0.8, ""input"": ""frozen_base_parts"", ""kmeans_replicates"": 3, ""lambda"": 0.1}, ""method"": ""RANGE"", ""schema"": ""psfce-v4-matlab-adapter-v1""}",v1,0.39565217391304347,0.1134719425250347,0.1107968465655419,0.30857033639143727
WebKB-Washington,2,CONTENT_RELATION_8,,formal,,YACHT,"{""alpha"": 0.99, ""anchor_offset"": 2, ""kmeans_replicates"": 3, ""theta"": 0.4, ""walk_order"": 20}",ok,,230,5,20,11.88815749999776,matlab,https://github.com/scu-kdde/YACHT.git,44cb0fc35b80ec17befa199879ac947fee15f464,2026-09-14,NOASSERTION,f45e086511060ffe5211e037eca04faeaf00f827a257eef4c44518d240f08700,62deb2b66b54ab18491847bd2cca81e375344bea0ab840d0da429a98100a165b,False,results\cache\official_baselines\YACHT\WebKB-Washington__pool2__039b03eaef7ba69a8795f6fedeab0ec3c5c7e3fa81250f8ed4dfd6847711cf54.npz,"{""details"": {""alpha"": 0.99, ""anchor_offset"": 2, ""compatibility_patch"": ""paper walk order is parameterized; repository helper hard-codes 10"", ""entrypoint"": ""solve_YACHT"", ""input"": ""frozen_base_parts"", ""kmeans_replicates"": 3, ""theta"": 0.4, ""walk_order"": 20}, ""method"": ""YACHT"", ""schema"": ""psfce-v4-matlab-adapter-v1""}",v1,0.3173913043478261,0.08591268361110921,0.03649614043285522,0.2813675675748229
WebKB-Wisconsin,0,CONTENT_RELATION_8,,formal,,CEHM,{},ok,,265,5,20,11.78762380000262,matlab,https://github.com/FeijiangLi/Code-k-HyperEdge-Medoids-for-Clustering-Ensemble-AAAI.git,29c22fb18e05eed67728eebcb29cd7e9133723f7,2026-09-14,NOASSERTION,58f5febd49d82512386a1db5ac4538a9ec2e2f5eab68f49511b431f87900215c,44136fa355b3678a1146ad16f7e8649e94fb4fc21fe77e8310c060f61caaff8a,False,results\cache\official_baselines\CEHM\WebKB-Wisconsin__pool0__283cfe134bea2cc08cb25ec5e25a57d79a6786d9ac32bd45a48de625c18c1def.npz,"{""details"": {""entrypoint"": ""CEHM"", ""input"": ""frozen_base_parts"", ""variant"": ""published""}, ""method"": ""CEHM"", ""schema"": ""psfce-v4-matlab-adapter-v1""}",v1,0.46037735849056605,0.0,0.0,0.12609819121447027
WebKB-Wisconsin,0,CONTENT_RELATION_8,,formal,,RANGE,"{""alpha"": 0.8, ""anchor_offset"": 0, ""fuzzy_threshold"": 0.8, ""kmeans_replicates"": 3, ""lambda"": 0.1}",ok,,265,5,20,12.227624499995727,matlab,https://github.com/middle258/RANGE.git,85d93c54d72d500034d05b5ef131bd90630a3632,2026-09-14,NOASSERTION,58f5febd49d82512386a1db5ac4538a9ec2e2f5eab68f49511b431f87900215c,768290a1f1c2f63f8babf657f4e5e2b4da610a7bbda77136d410d91af83ab12a,False,results\cache\official_baselines\RANGE\WebKB-Wisconsin__pool0__6049dfbaf8a01de4cb14eb44c74a51ec2d88335d419bce18c86d09e7eea18dfc.npz,"{""details"": {""alpha"": 0.8, ""anchor_offset"": 0, ""entrypoint"": ""HFES+solve_RANGE"", ""fuzzy_threshold"": 0.8, ""input"": ""frozen_base_parts"", ""kmeans_replicates"": 3, ""lambda"": 0.1}, ""method"": ""RANGE"", ""schema"": ""psfce-v4-matlab-adapter-v1""}",v1,0.3320754716981132,0.10085456149745392,0.059880648887971795,0.2956278266287187
WebKB-Wisconsin,0,CONTENT_RELATION_8,,formal,,YACHT,"{""alpha"": 0.99, ""anchor_offset"": 2, ""kmeans_replicates"": 3, ""theta"": 0.4, ""walk_order"": 20}",ok,,265,5,20,11.885630200005835,matlab,https://github.com/scu-kdde/YACHT.git,44cb0fc35b80ec17befa199879ac947fee15f464,2026-09-14,NOASSERTION,58f5febd49d82512386a1db5ac4538a9ec2e2f5eab68f49511b431f87900215c,62deb2b66b54ab18491847bd2cca81e375344bea0ab840d0da429a98100a165b,False,results\cache\official_baselines\YACHT\WebKB-Wisconsin__pool0__22036a7f83e1e75572e9e3a467b97b20befed8421f2228103f59dea63aab6b51.npz,"{""details"": {""alpha"": 0.99, ""anchor_offset"": 2, ""compatibility_patch"": ""paper walk order is parameterized; repository helper hard-codes 10"", ""entrypoint"": ""solve_YACHT"", ""input"": ""frozen_base_parts"", ""kmeans_replicates"": 3, ""theta"": 0.4, ""walk_order"": 20}, ""method"": ""YACHT"", ""schema"": ""psfce-v4-matlab-adapter-v1""}",v1,0.33584905660377357,0.10531553822635292,0.05981058774030164,0.2944978359200239
WebKB-Wisconsin,1,CONTENT_RELATION_8,,formal,,CEHM,{},ok,,265,5,20,11.817371099998127,matlab,https://github.com/FeijiangLi/Code-k-HyperEdge-Medoids-for-Clustering-Ensemble-AAAI.git,29c22fb18e05eed67728eebcb29cd7e9133723f7,2026-09-14,NOASSERTION,a71453d425080b0f06e7e6ee44ace1359686d7e2844e5d1ffca079fb20f9a560,44136fa355b3678a1146ad16f7e8649e94fb4fc21fe77e8310c060f61caaff8a,False,results\cache\official_baselines\CEHM\WebKB-Wisconsin__pool1__5c683933d970c54e7e079871746de41f82a16c8198ea04ebd6215cad135a9af0.npz,"{""details"": {""entrypoint"": ""CEHM"", ""input"": ""frozen_base_parts"", ""variant"": ""published""}, ""method"": ""CEHM"", ""schema"": ""psfce-v4-matlab-adapter-v1""}",v1,0.32452830188679244,0.03875787989577503,0.01338811163027295,0.26350290203029203
WebKB-Wisconsin,1,CONTENT_RELATION_8,,formal,,RANGE,"{""alpha"": 0.8, ""anchor_offset"": 0, ""fuzzy_threshold"": 0.8, ""kmeans_replicates"": 3, ""lambda"": 0.1}",ok,,265,5,20,12.280747600001632,matlab,https://github.com/middle258/RANGE.git,85d93c54d72d500034d05b5ef131bd90630a3632,2026-09-14,NOASSERTION,a71453d425080b0f06e7e6ee44ace1359686d7e2844e5d1ffca079fb20f9a560,768290a1f1c2f63f8babf657f4e5e2b4da610a7bbda77136d410d91af83ab12a,False,results\cache\official_baselines\RANGE\WebKB-Wisconsin__pool1__3d5362e8dd9eb322227125b1d14fe666fec28e6ecef3dd015e432170c771873f.npz,"{""details"": {""alpha"": 0.8, ""anchor_offset"": 0, ""entrypoint"": ""HFES+solve_RANGE"", ""fuzzy_threshold"": 0.8, ""input"": ""frozen_base_parts"", ""kmeans_replicates"": 3, ""lambda"": 0.1}, ""method"": ""RANGE"", ""schema"": ""psfce-v4-matlab-adapter-v1""}",v1,0.32452830188679244,0.08379459354074881,0.04872730112007224,0.29107316015473367
WebKB-Wisconsin,1,CONTENT_RELATION_8,,formal,,YACHT,"{""alpha"": 0.99, ""anchor_offset"": 2, ""kmeans_replicates"": 3, ""theta"": 0.4, ""walk_order"": 20}",ok,,265,5,20,11.901891899993643,matlab,https://github.com/scu-kdde/YACHT.git,44cb0fc35b80ec17befa199879ac947fee15f464,2026-09-14,NOASSERTION,a71453d425080b0f06e7e6ee44ace1359686d7e2844e5d1ffca079fb20f9a560,62deb2b66b54ab18491847bd2cca81e375344bea0ab840d0da429a98100a165b,False,results\cache\official_baselines\YACHT\WebKB-Wisconsin__pool1__c7df3c0b2f7407d46d2b0fcd6a69f46d55d2932129ae23827109b2d905809003.npz,"{""details"": {""alpha"": 0.99, ""anchor_offset"": 2, ""compatibility_patch"": ""paper walk order is parameterized; repository helper hard-codes 10"", ""entrypoint"": ""solve_YACHT"", ""input"": ""frozen_base_parts"", ""kmeans_replicates"": 3, ""theta"": 0.4, ""walk_order"": 20}, ""method"": ""YACHT"", ""schema"": ""psfce-v4-matlab-adapter-v1""}",v1,0.2792452830188679,0.06364139116754171,0.013210685568130527,0.24594164456233422
WebKB-Wisconsin,2,CONTENT_RELATION_8,,formal,,CEHM,{},ok,,265,5,20,11.540469200001098,matlab,https://github.com/FeijiangLi/Code-k-HyperEdge-Medoids-for-Clustering-Ensemble-AAAI.git,29c22fb18e05eed67728eebcb29cd7e9133723f7,2026-09-14,NOASSERTION,e8743d50bf3cbe226a2e26a6683211462a039bb3f731c46bf52bf759dd121301,44136fa355b3678a1146ad16f7e8649e94fb4fc21fe77e8310c060f61caaff8a,False,results\cache\official_baselines\CEHM\WebKB-Wisconsin__pool2__ba8b3a328db96115e8df5cb263743521e7d4432ca19b46aff79eaa20851d7f0f.npz,"{""details"": {""entrypoint"": ""CEHM"", ""input"": ""frozen_base_parts"", ""variant"": ""published""}, ""method"": ""CEHM"", ""schema"": ""psfce-v4-matlab-adapter-v1""}",v1,0.46037735849056605,0.0,0.0,0.12609819121447027
WebKB-Wisconsin,2,CONTENT_RELATION_8,,formal,,RANGE,"{""alpha"": 0.8, ""anchor_offset"": 0, ""fuzzy_threshold"": 0.8, ""kmeans_replicates"": 3, ""lambda"": 0.1}",ok,,265,5,20,12.053417300005094,matlab,https://github.com/middle258/RANGE.git,85d93c54d72d500034d05b5ef131bd90630a3632,2026-09-14,NOASSERTION,e8743d50bf3cbe226a2e26a6683211462a039bb3f731c46bf52bf759dd121301,768290a1f1c2f63f8babf657f4e5e2b4da610a7bbda77136d410d91af83ab12a,False,results\cache\official_baselines\RANGE\WebKB-Wisconsin__pool2__185d3669da8a35a63d6bfe8828de6ebbb09f544008b2d10fdff2e887b8754157.npz,"{""details"": {""alpha"": 0.8, ""anchor_offset"": 0, ""entrypoint"": ""HFES+solve_RANGE"", ""fuzzy_threshold"": 0.8, ""input"": ""frozen_base_parts"", ""kmeans_replicates"": 3, ""lambda"": 0.1}, ""method"": ""RANGE"", ""schema"": ""psfce-v4-matlab-adapter-v1""}",v1,0.35094339622641507,0.122799289135969,0.07221394657646016,0.3156901469915169
WebKB-Wisconsin,2,CONTENT_RELATION_8,,formal,,YACHT,"{""alpha"": 0.99, ""anchor_offset"": 2, ""kmeans_replicates"": 3, ""theta"": 0.4, ""walk_order"": 20}",ok,,265,5,20,11.578596899998956,matlab,https://github.com/scu-kdde/YACHT.git,44cb0fc35b80ec17befa199879ac947fee15f464,2026-09-14,NOASSERTION,e8743d50bf3cbe226a2e26a6683211462a039bb3f731c46bf52bf759dd121301,62deb2b66b54ab18491847bd2cca81e375344bea0ab840d0da429a98100a165b,False,results\cache\official_baselines\YACHT\WebKB-Wisconsin__pool2__ecc5643cde8231cf15fe6fee4dd68d8f2c92d0875e53f0c048063a79e40a7f7a.npz,"{""details"": {""alpha"": 0.99, ""anchor_offset"": 2, ""compatibility_patch"": ""paper walk order is parameterized; repository helper hard-codes 10"", ""entrypoint"": ""solve_YACHT"", ""input"": ""frozen_base_parts"", ""kmeans_replicates"": 3, ""theta"": 0.4, ""walk_order"": 20}, ""method"": ""YACHT"", ""schema"": ""psfce-v4-matlab-adapter-v1""}",v1,0.2981132075471698,0.06512784820504082,0.023464795922140926,0.2470739009686378
Wiki,0,TEXT_MV,,formal,,CEHM,{},ok,,2866,10,20,11.715552299996489,matlab,https://github.com/FeijiangLi/Code-k-HyperEdge-Medoids-for-Clustering-Ensemble-AAAI.git,29c22fb18e05eed67728eebcb29cd7e9133723f7,2026-09-14,NOASSERTION,c46da1d69e393bee6cdcda784aea32db63efbb577e16ba1296d8fe0d459bb0e5,44136fa355b3678a1146ad16f7e8649e94fb4fc21fe77e8310c060f61caaff8a,False,results\cache\official_baselines\CEHM\Wiki__pool0__cee09e31c8a4b5956844a914ab1069127e93062dd7221157a8ac0de9e203517f.npz,"{""details"": {""entrypoint"": ""CEHM"", ""input"": ""frozen_base_parts"", ""variant"": ""published""}, ""method"": ""CEHM"", ""schema"": ""psfce-v4-matlab-adapter-v1""}",v1,0.15736217725052337,0.0,0.0,0.027193246909858304
Wiki,0,TEXT_MV,,formal,,RANGE,"{""alpha"": 0.8, ""anchor_offset"": 0, ""fuzzy_threshold"": 0.8, ""kmeans_replicates"": 3, ""lambda"": 0.1}",ok,,2866,10,20,12.845804900003714,matlab,https://github.com/middle258/RANGE.git,85d93c54d72d500034d05b5ef131bd90630a3632,2026-09-14,NOASSERTION,c46da1d69e393bee6cdcda784aea32db63efbb577e16ba1296d8fe0d459bb0e5,768290a1f1c2f63f8babf657f4e5e2b4da610a7bbda77136d410d91af83ab12a,False,results\cache\official_baselines\RANGE\Wiki__pool0__4feccbb5b41b3af6ef37c8bc85567be4fb23c5e739dd69f6834641ea81daef17.npz,"{""details"": {""alpha"": 0.8, ""anchor_offset"": 0, ""entrypoint"": ""HFES+solve_RANGE"", ""fuzzy_threshold"": 0.8, ""input"": ""frozen_base_parts"", ""kmeans_replicates"": 3, ""lambda"": 0.1}, ""method"": ""RANGE"", ""schema"": ""psfce-v4-matlab-adapter-v1""}",v1,0.4881367759944173,0.4282478060130876,0.3368743745758438,0.463844481706199
Wiki,0,TEXT_MV,,formal,,YACHT,"{""alpha"": 0.99, ""anchor_offset"": 2, ""kmeans_replicates"": 3, ""theta"": 0.4, ""walk_order"": 20}",ok,,2866,10,20,12.711390500000562,matlab,https://github.com/scu-kdde/YACHT.git,44cb0fc35b80ec17befa199879ac947fee15f464,2026-09-14,NOASSERTION,c46da1d69e393bee6cdcda784aea32db63efbb577e16ba1296d8fe0d459bb0e5,62deb2b66b54ab18491847bd2cca81e375344bea0ab840d0da429a98100a165b,False,results\cache\official_baselines\YACHT\Wiki__pool0__cd495ecffad800358fba36d5a25c1781092725859fa362bc2a347229e3ec1d75.npz,"{""details"": {""alpha"": 0.99, ""anchor_offset"": 2, ""compatibility_patch"": ""paper walk order is parameterized; repository helper hard-codes 10"", ""entrypoint"": ""solve_YACHT"", ""input"": ""frozen_base_parts"", ""kmeans_replicates"": 3, ""theta"": 0.4, ""walk_order"": 20}, ""method"": ""YACHT"", ""schema"": ""psfce-v4-matlab-adapter-v1""}",v1,0.3339148639218423,0.22784165805711062,0.14868368086876688,0.33002936193227644
Wiki,1,TEXT_MV,,formal,,CEHM,{},ok,,2866,10,20,11.756599300002563,matlab,https://github.com/FeijiangLi/Code-k-HyperEdge-Medoids-for-Clustering-Ensemble-AAAI.git,29c22fb18e05eed67728eebcb29cd7e9133723f7,2026-09-14,NOASSERTION,f632f39641693fc47ff684e63b693f8a227a487fda5865b2bda8fbd0fe9a2171,44136fa355b3678a1146ad16f7e8649e94fb4fc21fe77e8310c060f61caaff8a,False,results\cache\official_baselines\CEHM\Wiki__pool1__5162b0c8a403944fec202e4fd3dae81c129f62d2ef28b89faf97aa2f4c1cd1db.npz,"{""details"": {""entrypoint"": ""CEHM"", ""input"": ""frozen_base_parts"", ""variant"": ""published""}, ""method"": ""CEHM"", ""schema"": ""psfce-v4-matlab-adapter-v1""}",v1,0.15736217725052337,0.0,0.0,0.027193246909858304
Wiki,1,TEXT_MV,,formal,,RANGE,"{""alpha"": 0.8, ""anchor_offset"": 0, ""fuzzy_threshold"": 0.8, ""kmeans_replicates"": 3, ""lambda"": 0.1}",ok,,2866,10,20,12.713338000001386,matlab,https://github.com/middle258/RANGE.git,85d93c54d72d500034d05b5ef131bd90630a3632,2026-09-14,NOASSERTION,f632f39641693fc47ff684e63b693f8a227a487fda5865b2bda8fbd0fe9a2171,768290a1f1c2f63f8babf657f4e5e2b4da610a7bbda77136d410d91af83ab12a,False,results\cache\official_baselines\RANGE\Wiki__pool1__c76b21c823dbd6b1727d37ab169800487593583a78afe95a7ea43e46529fb4a5.npz,"{""details"": {""alpha"": 0.8, ""anchor_offset"": 0, ""entrypoint"": ""HFES+solve_RANGE"", ""fuzzy_threshold"": 0.8, ""input"": ""frozen_base_parts"", ""kmeans_replicates"": 3, ""lambda"": 0.1}, ""method"": ""RANGE"", ""schema"": ""psfce-v4-matlab-adapter-v1""}",v1,0.4909281228192603,0.4036021690007103,0.3127792913921431,0.47845276490861366
Wiki,1,TEXT_MV,,formal,,YACHT,"{""alpha"": 0.99, ""anchor_offset"": 2, ""kmeans_replicates"": 3, ""theta"": 0.4, ""walk_order"": 20}",ok,,2866,10,20,12.889545999991242,matlab,https://github.com/scu-kdde/YACHT.git,44cb0fc35b80ec17befa199879ac947fee15f464,2026-09-14,NOASSERTION,f632f39641693fc47ff684e63b693f8a227a487fda5865b2bda8fbd0fe9a2171,62deb2b66b54ab18491847bd2cca81e375344bea0ab840d0da429a98100a165b,False,results\cache\official_baselines\YACHT\Wiki__pool1__c1ecd55bcc2ad3142f5e057b820b2d19147fe735116291e855707bfa3ebe3817.npz,"{""details"": {""alpha"": 0.99, ""anchor_offset"": 2, ""compatibility_patch"": ""paper walk order is parameterized; repository helper hard-codes 10"", ""entrypoint"": ""solve_YACHT"", ""input"": ""frozen_base_parts"", ""kmeans_replicates"": 3, ""theta"": 0.4, ""walk_order"": 20}, ""method"": ""YACHT"", ""schema"": ""psfce-v4-matlab-adapter-v1""}",v1,0.30949057920446615,0.1889303351518554,0.11879703457093332,0.317021106743217
Wiki,2,TEXT_MV,,formal,,CEHM,{},ok,,2866,10,20,11.715592199994717,matlab,https://github.com/FeijiangLi/Code-k-HyperEdge-Medoids-for-Clustering-Ensemble-AAAI.git,29c22fb18e05eed67728eebcb29cd7e9133723f7,2026-09-14,NOASSERTION,46c343601cf703b5b56eba5cdc7872c557e98a4a2942a583055775f0b3b63f88,44136fa355b3678a1146ad16f7e8649e94fb4fc21fe77e8310c060f61caaff8a,False,results\cache\official_baselines\CEHM\Wiki__pool2__112b2dc7b6bd8d4b942f83f576ecc1e2bb1a4248d62c62d71b3c3c6b26111042.npz,"{""details"": {""entrypoint"": ""CEHM"", ""input"": ""frozen_base_parts"", ""variant"": ""published""}, ""method"": ""CEHM"", ""schema"": ""psfce-v4-matlab-adapter-v1""}",v1,0.15736217725052337,0.0,0.0,0.027193246909858304
Wiki,2,TEXT_MV,,formal,,RANGE,"{""alpha"": 0.8, ""anchor_offset"": 0, ""fuzzy_threshold"": 0.8, ""kmeans_replicates"": 3, ""lambda"": 0.1}",ok,,2866,10,20,12.984473099990282,matlab,https://github.com/middle258/RANGE.git,85d93c54d72d500034d05b5ef131bd90630a3632,2026-09-14,NOASSERTION,46c343601cf703b5b56eba5cdc7872c557e98a4a2942a583055775f0b3b63f88,768290a1f1c2f63f8babf657f4e5e2b4da610a7bbda77136d410d91af83ab12a,False,results\cache\official_baselines\RANGE\Wiki__pool2__f0bba9363e681e540e5b9b636681bcf4cf97b489eb4aea618bca72d93665f1da.npz,"{""details"": {""alpha"": 0.8, ""anchor_offset"": 0, ""entrypoint"": ""HFES+solve_RANGE"", ""fuzzy_threshold"": 0.8, ""input"": ""frozen_base_parts"", ""kmeans_replicates"": 3, ""lambda"": 0.1}, ""method"": ""RANGE"", ""schema"": ""psfce-v4-matlab-adapter-v1""}",v1,0.5027913468248429,0.43410982046656743,0.33964673729141615,0.4843381586613888
Wiki,2,TEXT_MV,,formal,,YACHT,"{""alpha"": 0.99, ""anchor_offset"": 2, ""kmeans_replicates"": 3, ""theta"": 0.4, ""walk_order"": 20}",ok,,2866,10,20,13.015521199995419,matlab,https://github.com/scu-kdde/YACHT.git,44cb0fc35b80ec17befa199879ac947fee15f464,2026-09-14,NOASSERTION,46c343601cf703b5b56eba5cdc7872c557e98a4a2942a583055775f0b3b63f88,62deb2b66b54ab18491847bd2cca81e375344bea0ab840d0da429a98100a165b,False,results\cache\official_baselines\YACHT\Wiki__pool2__40fd98a43ce85cd6fbf73b1a765deea73cacc7a7ef61a9225a7ebda3e285de34.npz,"{""details"": {""alpha"": 0.99, ""anchor_offset"": 2, ""compatibility_patch"": ""paper walk order is parameterized; repository helper hard-codes 10"", ""entrypoint"": ""solve_YACHT"", ""input"": ""frozen_base_parts"", ""kmeans_replicates"": 3, ""theta"": 0.4, ""walk_order"": 20}, ""method"": ""YACHT"", ""schema"": ""psfce-v4-matlab-adapter-v1""}",v1,0.2909979064898814,0.21684915759992449,0.12393585937052735,0.30042256339218026
WikiCS,0,GRAPH_GEOMETRY_8,,formal,,CEHM,{},ok,,11701,10,20,13.283177000004798,matlab,https://github.com/FeijiangLi/Code-k-HyperEdge-Medoids-for-Clustering-Ensemble-AAAI.git,29c22fb18e05eed67728eebcb29cd7e9133723f7,2026-09-14,NOASSERTION,ad9850688867991766f1cc733726f55ebf0b0d473508decc193eb3ca0572c589,44136fa355b3678a1146ad16f7e8649e94fb4fc21fe77e8310c060f61caaff8a,False,results\cache\official_baselines\CEHM\WikiCS__pool0__80e5d0979dfc8949df666a1d794b10116ddce83fadb0638d849c32db2c25f588.npz,"{""details"": {""entrypoint"": ""CEHM"", ""input"": ""frozen_base_parts"", ""variant"": ""published""}, ""method"": ""CEHM"", ""schema"": ""psfce-v4-matlab-adapter-v1""}",v1,0.22895479018887274,0.0,0.0,0.03726008344923505
WikiCS,0,GRAPH_GEOMETRY_8,,formal,,RANGE,"{""alpha"": 0.8, ""anchor_offset"": 0, ""fuzzy_threshold"": 0.8, ""kmeans_replicates"": 3, ""lambda"": 0.1}",ok,,11701,10,20,14.038515199994436,matlab,https://github.com/middle258/RANGE.git,85d93c54d72d500034d05b5ef131bd90630a3632,2026-09-14,NOASSERTION,ad9850688867991766f1cc733726f55ebf0b0d473508decc193eb3ca0572c589,768290a1f1c2f63f8babf657f4e5e2b4da610a7bbda77136d410d91af83ab12a,False,results\cache\official_baselines\RANGE\WikiCS__pool0__a9c909c0be5c0ab2155fb75d5247336deeb847775fd54bc57b401e7dbb88811f.npz,"{""details"": {""alpha"": 0.8, ""anchor_offset"": 0, ""entrypoint"": ""HFES+solve_RANGE"", ""fuzzy_threshold"": 0.8, ""input"": ""frozen_base_parts"", ""kmeans_replicates"": 3, ""lambda"": 0.1}, ""method"": ""RANGE"", ""schema"": ""psfce-v4-matlab-adapter-v1""}",v1,0.4485941372532262,0.3751968094187289,0.2902078768439432,0.35634249382748373
WikiCS,0,GRAPH_GEOMETRY_8,,formal,,YACHT,"{""alpha"": 0.99, ""anchor_offset"": 2, ""kmeans_replicates"": 3, ""theta"": 0.4, ""walk_order"": 20}",ok,,11701,10,20,17.287271399996825,matlab,https://github.com/scu-kdde/YACHT.git,44cb0fc35b80ec17befa199879ac947fee15f464,2026-09-14,NOASSERTION,ad9850688867991766f1cc733726f55ebf0b0d473508decc193eb3ca0572c589,62deb2b66b54ab18491847bd2cca81e375344bea0ab840d0da429a98100a165b,False,results\cache\official_baselines\YACHT\WikiCS__pool0__3626698794c2d17803153624b9304c27a14ea62ed5a50e2e19381041be2e14d8.npz,"{""details"": {""alpha"": 0.99, ""anchor_offset"": 2, ""compatibility_patch"": ""paper walk order is parameterized; repository helper hard-codes 10"", ""entrypoint"": ""solve_YACHT"", ""input"": ""frozen_base_parts"", ""kmeans_replicates"": 3, ""theta"": 0.4, ""walk_order"": 20}, ""method"": ""YACHT"", ""schema"": ""psfce-v4-matlab-adapter-v1""}",v1,0.42218613793692844,0.3354691726268225,0.2623331622378032,0.3339531394265676
WikiCS,1,GRAPH_GEOMETRY_8,,formal,,CEHM,{},ok,,11701,10,20,12.83374719999847,matlab,https://github.com/FeijiangLi/Code-k-HyperEdge-Medoids-for-Clustering-Ensemble-AAAI.git,29c22fb18e05eed67728eebcb29cd7e9133723f7,2026-09-14,NOASSERTION,6df568b2d25e98c0794df1931d171ae72126c4a883350eb235e531241d0569e3,44136fa355b3678a1146ad16f7e8649e94fb4fc21fe77e8310c060f61caaff8a,False,results\cache\official_baselines\CEHM\WikiCS__pool1__33f60d93a3b1a776884974b14ff07e20f1d608fe57e93412d674e290c6dad9d9.npz,"{""details"": {""entrypoint"": ""CEHM"", ""input"": ""frozen_base_parts"", ""variant"": ""published""}, ""method"": ""CEHM"", ""schema"": ""psfce-v4-matlab-adapter-v1""}",v1,0.424151781898983,0.3339988618057203,0.22178555004801537,0.1987320326797368
WikiCS,1,GRAPH_GEOMETRY_8,,formal,,RANGE,"{""alpha"": 0.8, ""anchor_offset"": 0, ""fuzzy_threshold"": 0.8, ""kmeans_replicates"": 3, ""lambda"": 0.1}",ok,,11701,10,20,13.565058199994382,matlab,https://github.com/middle258/RANGE.git,85d93c54d72d500034d05b5ef131bd90630a3632,2026-09-14,NOASSERTION,6df568b2d25e98c0794df1931d171ae72126c4a883350eb235e531241d0569e3,768290a1f1c2f63f8babf657f4e5e2b4da610a7bbda77136d410d91af83ab12a,False,results\cache\official_baselines\RANGE\WikiCS__pool1__143a28821c4f3eeae3c43f871a75268a2f8fe32967789f08522dae695d71bfb3.npz,"{""details"": {""alpha"": 0.8, ""anchor_offset"": 0, ""entrypoint"": ""HFES+solve_RANGE"", ""fuzzy_threshold"": 0.8, ""input"": ""frozen_base_parts"", ""kmeans_replicates"": 3, ""lambda"": 0.1}, ""method"": ""RANGE"", ""schema"": ""psfce-v4-matlab-adapter-v1""}",v1,0.4610717032732245,0.36035642930521805,0.3164007729086389,0.36921889074704545
WikiCS,1,GRAPH_GEOMETRY_8,,formal,,YACHT,"{""alpha"": 0.99, ""anchor_offset"": 2, ""kmeans_replicates"": 3, ""theta"": 0.4, ""walk_order"": 20}",ok,,11701,10,20,16.8793985999946,matlab,https://github.com/scu-kdde/YACHT.git,44cb0fc35b80ec17befa199879ac947fee15f464,2026-09-14,NOASSERTION,6df568b2d25e98c0794df1931d171ae72126c4a883350eb235e531241d0569e3,62deb2b66b54ab18491847bd2cca81e375344bea0ab840d0da429a98100a165b,False,results\cache\official_baselines\YACHT\WikiCS__pool1__7af48b7f13bc873e7fcc0c2494136eb18c4cbb6164d8c0daef687d8b5f5f18a2.npz,"{""details"": {""alpha"": 0.99, ""anchor_offset"": 2, ""compatibility_patch"": ""paper walk order is parameterized; repository helper hard-codes 10"", ""entrypoint"": ""solve_YACHT"", ""input"": ""frozen_base_parts"", ""kmeans_replicates"": 3, ""theta"": 0.4, ""walk_order"": 20}, ""method"": ""YACHT"", ""schema"": ""psfce-v4-matlab-adapter-v1""}",v1,0.40526450730706776,0.35724113561165566,0.2396101342540682,0.3522433926468108
WikiCS,2,GRAPH_GEOMETRY_8,,formal,,CEHM,{},ok,,11701,10,20,13.821593600005144,matlab,https://github.com/FeijiangLi/Code-k-HyperEdge-Medoids-for-Clustering-Ensemble-AAAI.git,29c22fb18e05eed67728eebcb29cd7e9133723f7,2026-09-14,NOASSERTION,5b4704b80fa7af09aaa11d8c4cfd7c326f1af0a32c8069f4cf6b8433b903d57e,44136fa355b3678a1146ad16f7e8649e94fb4fc21fe77e8310c060f61caaff8a,False,results\cache\official_baselines\CEHM\WikiCS__pool2__804007982625ad733fe150c275eb96469a146fc35617d60dd6ae82c39eedc4b1.npz,"{""details"": {""entrypoint"": ""CEHM"", ""input"": ""frozen_base_parts"", ""variant"": ""published""}, ""method"": ""CEHM"", ""schema"": ""psfce-v4-matlab-adapter-v1""}",v1,0.22895479018887274,0.0,0.0,0.03726008344923505
WikiCS,2,GRAPH_GEOMETRY_8,,formal,,RANGE,"{""alpha"": 0.8, ""anchor_offset"": 0, ""fuzzy_threshold"": 0.8, ""kmeans_replicates"": 3, ""lambda"": 0.1}",ok,,11701,10,20,14.015535200000159,matlab,https://github.com/middle258/RANGE.git,85d93c54d72d500034d05b5ef131bd90630a3632,2026-09-14,NOASSERTION,5b4704b80fa7af09aaa11d8c4cfd7c326f1af0a32c8069f4cf6b8433b903d57e,768290a1f1c2f63f8babf657f4e5e2b4da610a7bbda77136d410d91af83ab12a,False,results\cache\official_baselines\RANGE\WikiCS__pool2__dede9e9d452c86b73e435cedf86ce9c8a4f6a28799223c278a3eeec2326ff23d.npz,"{""details"": {""alpha"": 0.8, ""anchor_offset"": 0, ""entrypoint"": ""HFES+solve_RANGE"", ""fuzzy_threshold"": 0.8, ""input"": ""frozen_base_parts"", ""kmeans_replicates"": 3, ""lambda"": 0.1}, ""method"": ""RANGE"", ""schema"": ""psfce-v4-matlab-adapter-v1""}",v1,0.47286556704555166,0.37251133607762166,0.31055327470854116,0.39234544520427805
WikiCS,2,GRAPH_GEOMETRY_8,,formal,,YACHT,"{""alpha"": 0.99, ""anchor_offset"": 2, ""kmeans_replicates"": 3, ""theta"": 0.4, ""walk_order"": 20}",ok,,11701,10,20,16.37685169999895,matlab,https://github.com/scu-kdde/YACHT.git,44cb0fc35b80ec17befa199879ac947fee15f464,2026-09-14,NOASSERTION,5b4704b80fa7af09aaa11d8c4cfd7c326f1af0a32c8069f4cf6b8433b903d57e,62deb2b66b54ab18491847bd2cca81e375344bea0ab840d0da429a98100a165b,False,results\cache\official_baselines\YACHT\WikiCS__pool2__eeef61f1cfd18f6037ae3d0d15006b8671e238eddea8304fceb04a8934f31c7b.npz,"{""details"": {""alpha"": 0.99, ""anchor_offset"": 2, ""compatibility_patch"": ""paper walk order is parameterized; repository helper hard-codes 10"", ""entrypoint"": ""solve_YACHT"", ""input"": ""frozen_base_parts"", ""kmeans_replicates"": 3, ""theta"": 0.4, ""walk_order"": 20}, ""method"": ""YACHT"", ""schema"": ""psfce-v4-matlab-adapter-v1""}",v1,0.4571404153491155,0.36333606174937144,0.30343402977976197,0.3485699046805384
Worm Neuron,0,BKCC_V2,,formal,,CEHM,{},ok,,4186,10,20,13.176090499997372,matlab,https://github.com/FeijiangLi/Code-k-HyperEdge-Medoids-for-Clustering-Ensemble-AAAI.git,29c22fb18e05eed67728eebcb29cd7e9133723f7,2026-09-14,NOASSERTION,f6e972ab1a651f72bbb72fef6bcff41bcbcdcc8c4b8727fc2e71a2a89bbedc76,44136fa355b3678a1146ad16f7e8649e94fb4fc21fe77e8310c060f61caaff8a,False,results\cache\official_baselines\CEHM\Worm_Neuron__pool0__9d38e284b4c31c4f2f7aa275820fd5a0dc7f69e7b7a9ba1f3a3ef2433a15ddab.npz,"{""details"": {""entrypoint"": ""CEHM"", ""input"": ""frozen_base_parts"", ""variant"": ""published""}, ""method"": ""CEHM"", ""schema"": ""psfce-v4-matlab-adapter-v1""}",v1,0.31390348781653127,0.1868468753684125,0.038965563967359715,0.19671195023611
Worm Neuron,0,BKCC_V2,,formal,,RANGE,"{""alpha"": 0.8, ""anchor_offset"": 0, ""fuzzy_threshold"": 0.8, ""kmeans_replicates"": 3, ""lambda"": 0.1}",ok,,4186,10,20,15.031843999997363,matlab,https://github.com/middle258/RANGE.git,85d93c54d72d500034d05b5ef131bd90630a3632,2026-09-14,NOASSERTION,f6e972ab1a651f72bbb72fef6bcff41bcbcdcc8c4b8727fc2e71a2a89bbedc76,768290a1f1c2f63f8babf657f4e5e2b4da610a7bbda77136d410d91af83ab12a,False,results\cache\official_baselines\RANGE\Worm_Neuron__pool0__d084efeba3e7db4bfbe87e02f783598db6b58863fe87f918d5b901194fec8801.npz,"{""details"": {""alpha"": 0.8, ""anchor_offset"": 0, ""entrypoint"": ""HFES+solve_RANGE"", ""fuzzy_threshold"": 0.8, ""input"": ""frozen_base_parts"", ""kmeans_replicates"": 3, ""lambda"": 0.1}, ""method"": ""RANGE"", ""schema"": ""psfce-v4-matlab-adapter-v1""}",v1,0.4350215002388915,0.37807728051804645,0.1323062327324537,0.4556665707889958
Worm Neuron,0,BKCC_V2,,formal,,YACHT,"{""alpha"": 0.99, ""anchor_offset"": 2, ""kmeans_replicates"": 3, ""theta"": 0.4, ""walk_order"": 20}",ok,,4186,10,20,15.790012500001467,matlab,https://github.com/scu-kdde/YACHT.git,44cb0fc35b80ec17befa199879ac947fee15f464,2026-09-14,NOASSERTION,f6e972ab1a651f72bbb72fef6bcff41bcbcdcc8c4b8727fc2e71a2a89bbedc76,62deb2b66b54ab18491847bd2cca81e375344bea0ab840d0da429a98100a165b,False,results\cache\official_baselines\YACHT\Worm_Neuron__pool0__e5c8c495ba272979f3a3aa805da819550bb73c372cac3d6d6f5b9024c0617015.npz,"{""details"": {""alpha"": 0.99, ""anchor_offset"": 2, ""compatibility_patch"": ""paper walk order is parameterized; repository helper hard-codes 10"", ""entrypoint"": ""solve_YACHT"", ""input"": ""frozen_base_parts"", ""kmeans_replicates"": 3, ""theta"": 0.4, ""walk_order"": 20}, ""method"": ""YACHT"", ""schema"": ""psfce-v4-matlab-adapter-v1""}",v1,0.43812709030100333,0.359961000807008,0.17164450185865726,0.4632438320613466
Worm Neuron,1,BKCC_V2,,formal,,CEHM,{},ok,,4186,10,20,12.497781799989752,matlab,https://github.com/FeijiangLi/Code-k-HyperEdge-Medoids-for-Clustering-Ensemble-AAAI.git,29c22fb18e05eed67728eebcb29cd7e9133723f7,2026-09-14,NOASSERTION,1d989e5c3bc774bea45758084398fe6d9fd2fc2fdafc3e912434a1e643539881,44136fa355b3678a1146ad16f7e8649e94fb4fc21fe77e8310c060f61caaff8a,False,results\cache\official_baselines\CEHM\Worm_Neuron__pool1__e567f8cc6bc6b0adeed07f1e2efda985656918c8632b659720ec11fbb01f6eb2.npz,"{""details"": {""entrypoint"": ""CEHM"", ""input"": ""frozen_base_parts"", ""variant"": ""published""}, ""method"": ""CEHM"", ""schema"": ""psfce-v4-matlab-adapter-v1""}",v1,0.34018155757286195,0.22290182445537166,0.0472347240530374,0.2580060619391438
Worm Neuron,1,BKCC_V2,,formal,,RANGE,"{""alpha"": 0.8, ""anchor_offset"": 0, ""fuzzy_threshold"": 0.8, ""kmeans_replicates"": 3, ""lambda"": 0.1}",ok,,4186,10,20,15.209110600000713,matlab,https://github.com/middle258/RANGE.git,85d93c54d72d500034d05b5ef131bd90630a3632,2026-09-14,NOASSERTION,1d989e5c3bc774bea45758084398fe6d9fd2fc2fdafc3e912434a1e643539881,768290a1f1c2f63f8babf657f4e5e2b4da610a7bbda77136d410d91af83ab12a,False,results\cache\official_baselines\RANGE\Worm_Neuron__pool1__db22641b77ba4cbc74c74a26f793f6ac66a80d0d33a8e94dc17d30e2271a8159.npz,"{""details"": {""alpha"": 0.8, ""anchor_offset"": 0, ""entrypoint"": ""HFES+solve_RANGE"", ""fuzzy_threshold"": 0.8, ""input"": ""frozen_base_parts"", ""kmeans_replicates"": 3, ""lambda"": 0.1}, ""method"": ""RANGE"", ""schema"": ""psfce-v4-matlab-adapter-v1""}",v1,0.38509316770186336,0.34357583240237816,0.13721036600978906,0.39725682275606966
Worm Neuron,1,BKCC_V2,,formal,,YACHT,"{""alpha"": 0.99, ""anchor_offset"": 2, ""kmeans_replicates"": 3, ""theta"": 0.4, ""walk_order"": 20}",ok,,4186,10,20,16.33208370000648,matlab,https://github.com/scu-kdde/YACHT.git,44cb0fc35b80ec17befa199879ac947fee15f464,2026-09-14,NOASSERTION,1d989e5c3bc774bea45758084398fe6d9fd2fc2fdafc3e912434a1e643539881,62deb2b66b54ab18491847bd2cca81e375344bea0ab840d0da429a98100a165b,False,results\cache\official_baselines\YACHT\Worm_Neuron__pool1__a44c37959f3d25f093824e918a333d45c140126d6a50db84de7862d1fd42001e.npz,"{""details"": {""alpha"": 0.99, ""anchor_offset"": 2, ""compatibility_patch"": ""paper walk order is parameterized; repository helper hard-codes 10"", ""entrypoint"": ""solve_YACHT"", ""input"": ""frozen_base_parts"", ""kmeans_replicates"": 3, ""theta"": 0.4, ""walk_order"": 20}, ""method"": ""YACHT"", ""schema"": ""psfce-v4-matlab-adapter-v1""}",v1,0.35785953177257523,0.2961579127926646,0.13319379334149753,0.3526279429898699
Worm Neuron,2,BKCC_V2,,formal,,CEHM,{},ok,,4186,10,20,14.05440950000775,matlab,https://github.com/FeijiangLi/Code-k-HyperEdge-Medoids-for-Clustering-Ensemble-AAAI.git,29c22fb18e05eed67728eebcb29cd7e9133723f7,2026-09-14,NOASSERTION,7898911dcd03685eab485d45a68ada7d2f16b35896d1d6f77d9c1024224e6525,44136fa355b3678a1146ad16f7e8649e94fb4fc21fe77e8310c060f61caaff8a,False,results\cache\official_baselines\CEHM\Worm_Neuron__pool2__54f0d860886dbe2a72142002bd797b544c4d06f55fa4931c4fcae57646e04d62.npz,"{""details"": {""entrypoint"": ""CEHM"", ""input"": ""frozen_base_parts"", ""variant"": ""published""}, ""method"": ""CEHM"", ""schema"": ""psfce-v4-matlab-adapter-v1""}",v1,0.2828475871954133,0.11193837266586427,0.01603856857402875,0.15542547887689767
Worm Neuron,2,BKCC_V2,,formal,,RANGE,"{""alpha"": 0.8, ""anchor_offset"": 0, ""fuzzy_threshold"": 0.8, ""kmeans_replicates"": 3, ""lambda"": 0.1}",ok,,4186,10,20,14.363158499996644,matlab,https://github.com/middle258/RANGE.git,85d93c54d72d500034d05b5ef131bd90630a3632,2026-09-14,NOASSERTION,7898911dcd03685eab485d45a68ada7d2f16b35896d1d6f77d9c1024224e6525,768290a1f1c2f63f8babf657f4e5e2b4da610a7bbda77136d410d91af83ab12a,False,results\cache\official_baselines\RANGE\Worm_Neuron__pool2__05bac5b98ebe6f805e1196a3bc6fe6dbae511cf39c791cda1ba6ed4e80404820.npz,"{""details"": {""alpha"": 0.8, ""anchor_offset"": 0, ""entrypoint"": ""HFES+solve_RANGE"", ""fuzzy_threshold"": 0.8, ""input"": ""frozen_base_parts"", ""kmeans_replicates"": 3, ""lambda"": 0.1}, ""method"": ""RANGE"", ""schema"": ""psfce-v4-matlab-adapter-v1""}",v1,0.4259436215957955,0.3760206816022842,0.15564086455087145,0.4294018471201306
Worm Neuron,2,BKCC_V2,,formal,,YACHT,"{""alpha"": 0.99, ""anchor_offset"": 2, ""kmeans_replicates"": 3, ""theta"": 0.4, ""walk_order"": 20}",ok,,4186,10,20,14.401807700007339,matlab,https://github.com/scu-kdde/YACHT.git,44cb0fc35b80ec17befa199879ac947fee15f464,2026-09-14,NOASSERTION,7898911dcd03685eab485d45a68ada7d2f16b35896d1d6f77d9c1024224e6525,62deb2b66b54ab18491847bd2cca81e375344bea0ab840d0da429a98100a165b,False,results\cache\official_baselines\YACHT\Worm_Neuron__pool2__05d2115a809c9b6287b83a66b134514ffc3183edfae447ce5f962ed58e2adca0.npz,"{""details"": {""alpha"": 0.99, ""anchor_offset"": 2, ""compatibility_patch"": ""paper walk order is parameterized; repository helper hard-codes 10"", ""entrypoint"": ""solve_YACHT"", ""input"": ""frozen_base_parts"", ""kmeans_replicates"": 3, ""theta"": 0.4, ""walk_order"": 20}, ""method"": ""YACHT"", ""schema"": ""psfce-v4-matlab-adapter-v1""}",v1,0.4180602006688963,0.3248672051960324,0.14787431958015007,0.4200691539802679
